service,route_id,trip_id,trip_date,stop_id,stop_name,sched_dep,pred_dep,sched_arr,pred_arr,collected_at,drive_min
marc,11705,Train421,2026-07-27,11980,PENN STATION MARC sb,2026-07-27T12:30:00Z,2026-07-27T12:30:00Z,NA,NA,2026-07-27T12:51:43Z,60.8
marc,11705,Train421,2026-07-27,11958,UNION STATION MARC Washington,NA,NA,2026-07-27T13:32:00Z,2026-07-27T13:32:34Z,2026-07-27T12:51:43Z,60.8
marc,11705,Train419,2026-07-27,11980,PENN STATION MARC sb,2026-07-27T11:50:00Z,2026-07-27T11:50:00Z,NA,NA,2026-07-27T12:51:43Z,60.8
marc,11705,Train419,2026-07-27,11958,UNION STATION MARC Washington,NA,NA,2026-07-27T12:53:00Z,2026-07-27T12:54:49Z,2026-07-27T12:51:43Z,60.8
marc,11705,Train525,2026-07-27,11980,PENN STATION MARC sb,2026-07-27T13:30:00Z,2026-07-27T13:33:06Z,2026-07-27T13:28:00Z,2026-07-27T13:31:06Z,2026-07-27T12:51:43Z,60.8
marc,11705,Train525,2026-07-27,11958,UNION STATION MARC Washington,NA,NA,2026-07-27T14:28:00Z,2026-07-27T14:31:06Z,2026-07-27T12:51:43Z,60.8
marc,11705,Train612,2026-07-27,11958,UNION STATION MARC Washington,2026-07-27T12:20:00Z,2026-07-27T12:21:44Z,NA,NA,2026-07-27T12:51:43Z,60.8
marc,11705,Train612,2026-07-27,12002,PENN STATION MARC nb,2026-07-27T13:20:00Z,2026-07-27T13:23:29Z,2026-07-27T13:17:00Z,2026-07-27T13:20:29Z,2026-07-27T12:51:43Z,60.8
marc,11705,Train610,2026-07-27,11958,UNION STATION MARC Washington,2026-07-27T11:50:00Z,2026-07-27T11:51:25Z,NA,NA,2026-07-27T12:51:43Z,60.8
marc,11705,Train610,2026-07-27,12002,PENN STATION MARC nb,2026-07-27T12:46:00Z,2026-07-27T12:42:03Z,2026-07-27T12:40:15Z,2026-07-27T12:40:42Z,2026-07-27T12:51:43Z,60.8
amtrak,NER,66,2026-07-27,BAL,Baltimore Penn Station,2026-07-27T02:51:00Z,2026-07-27T02:53:00Z,2026-07-27T02:49:00Z,2026-07-27T02:51:00Z,2026-07-27T12:51:43Z,60.8
amtrak,NER,66,2026-07-27,WAS,Washington Union Station,2026-07-27T02:00:00Z,2026-07-27T02:14:00Z,2026-07-27T01:28:00Z,2026-07-27T01:33:00Z,2026-07-27T12:51:43Z,60.8
amtrak,NER,67,2026-07-27,BAL,Baltimore Penn Station,2026-07-27T10:04:00Z,2026-07-27T10:05:00Z,2026-07-27T10:02:00Z,2026-07-27T09:59:00Z,2026-07-27T12:51:43Z,60.8
amtrak,NER,67,2026-07-27,WAS,Washington Union Station,2026-07-27T11:20:00Z,2026-07-27T11:21:00Z,2026-07-27T10:54:00Z,2026-07-27T10:51:00Z,2026-07-27T12:51:43Z,60.8
amtrak,NER,86,2026-07-27,BAL,Baltimore Penn Station,2026-07-27T13:32:00Z,2026-07-27T13:59:00Z,2026-07-27T13:30:00Z,2026-07-27T13:59:00Z,2026-07-27T12:51:43Z,60.8
amtrak,NER,86,2026-07-27,WAS,Washington Union Station,2026-07-27T12:50:00Z,2026-07-27T13:02:00Z,2026-07-27T12:18:00Z,2026-07-27T13:02:00Z,2026-07-27T12:51:43Z,60.8
amtrak,NER,93,2026-07-27,BAL,Baltimore Penn Station,2026-07-27T20:39:00Z,2026-07-27T20:39:00Z,2026-07-27T20:37:00Z,2026-07-27T20:37:00Z,2026-07-27T12:51:43Z,60.8
amtrak,NER,93,2026-07-27,WAS,Washington Union Station,2026-07-27T22:05:00Z,2026-07-27T22:05:00Z,2026-07-27T21:25:00Z,2026-07-27T21:25:00Z,2026-07-27T12:51:43Z,60.8
amtrak,NER,94,2026-07-27,BAL,Baltimore Penn Station,2026-07-27T18:43:00Z,2026-07-27T18:43:00Z,2026-07-27T18:41:00Z,2026-07-27T18:41:00Z,2026-07-27T12:51:43Z,60.8
amtrak,NER,94,2026-07-27,WAS,Washington Union Station,2026-07-27T18:00:00Z,2026-07-27T18:00:00Z,2026-07-27T17:23:00Z,2026-07-27T17:23:00Z,2026-07-27T12:51:43Z,60.8
amtrak,NER,95,2026-07-27,BAL,Baltimore Penn Station,2026-07-27T17:23:00Z,2026-07-27T17:14:00Z,2026-07-27T17:14:00Z,2026-07-27T17:14:00Z,2026-07-27T12:51:43Z,60.8
amtrak,NER,95,2026-07-27,WAS,Washington Union Station,2026-07-27T18:35:00Z,2026-07-27T18:05:00Z,2026-07-27T18:05:00Z,2026-07-27T18:05:00Z,2026-07-27T12:51:43Z,60.8
amtrak,NER,112,2026-07-27,BAL,Baltimore Penn Station,2026-07-27T12:22:00Z,2026-07-27T12:24:00Z,2026-07-27T12:20:00Z,2026-07-27T12:19:00Z,2026-07-27T12:51:43Z,60.8
amtrak,NER,112,2026-07-27,WAS,Washington Union Station,2026-07-27T11:40:00Z,2026-07-27T11:40:00Z,2026-07-27T11:40:00Z,2026-07-27T11:40:00Z,2026-07-27T12:51:43Z,60.8
amtrak,NER,113,2026-07-27,BAL,Baltimore Penn Station,2026-07-27T13:07:00Z,2026-07-27T13:08:00Z,2026-07-27T13:05:00Z,2026-07-27T13:08:00Z,2026-07-27T12:51:43Z,60.8
amtrak,NER,113,2026-07-27,WAS,Washington Union Station,2026-07-27T13:53:00Z,2026-07-27T13:46:00Z,2026-07-27T13:53:00Z,2026-07-27T13:46:00Z,2026-07-27T12:51:43Z,60.8
amtrak,NER,125,2026-07-27,BAL,Baltimore Penn Station,2026-07-27T18:28:00Z,2026-07-27T18:26:00Z,2026-07-27T18:25:00Z,2026-07-27T18:26:00Z,2026-07-27T12:51:43Z,60.8
amtrak,NER,125,2026-07-27,WAS,Washington Union Station,2026-07-27T19:50:00Z,2026-07-27T19:11:00Z,2026-07-27T19:11:00Z,2026-07-27T19:11:00Z,2026-07-27T12:51:43Z,60.8
amtrak,NER,130,2026-07-27,BAL,Baltimore Penn Station,2026-07-27T11:05:00Z,2026-07-27T11:05:00Z,2026-07-27T11:03:00Z,2026-07-27T10:56:00Z,2026-07-27T12:51:43Z,60.8
amtrak,NER,130,2026-07-27,WAS,Washington Union Station,2026-07-27T10:20:00Z,2026-07-27T10:20:00Z,2026-07-27T10:20:00Z,2026-07-27T10:20:00Z,2026-07-27T12:51:43Z,60.8
amtrak,NER,141,2026-07-27,BAL,Baltimore Penn Station,2026-07-27T15:00:00Z,2026-07-27T14:58:00Z,2026-07-27T14:58:00Z,2026-07-27T14:58:00Z,2026-07-27T12:51:43Z,60.8
amtrak,NER,141,2026-07-27,WAS,Washington Union Station,2026-07-27T15:41:00Z,2026-07-27T15:40:00Z,2026-07-27T15:41:00Z,2026-07-27T15:40:00Z,2026-07-27T12:51:43Z,60.8
amtrak,NER,151,2026-07-27,BAL,Baltimore Penn Station,2026-07-27T10:10:00Z,2026-07-27T10:11:00Z,2026-07-27T10:08:00Z,2026-07-27T10:09:00Z,2026-07-27T12:51:43Z,60.8
amtrak,NER,151,2026-07-27,WAS,Washington Union Station,2026-07-27T11:30:00Z,2026-07-27T11:32:00Z,2026-07-27T10:58:00Z,2026-07-27T10:57:00Z,2026-07-27T12:51:43Z,60.8
amtrak,NER,170,2026-07-27,BAL,Baltimore Penn Station,2026-07-27T09:44:00Z,2026-07-27T09:45:00Z,2026-07-27T09:42:00Z,2026-07-27T09:43:00Z,2026-07-27T12:51:43Z,60.8
amtrak,NER,170,2026-07-27,WAS,Washington Union Station,2026-07-27T09:05:00Z,2026-07-27T09:05:00Z,2026-07-27T09:05:00Z,2026-07-27T09:05:00Z,2026-07-27T12:51:43Z,60.8
amtrak,NER,171,2026-07-27,BAL,Baltimore Penn Station,2026-07-27T19:33:00Z,2026-07-27T19:30:00Z,2026-07-27T19:30:00Z,2026-07-27T19:30:00Z,2026-07-27T12:51:43Z,60.8
amtrak,NER,171,2026-07-27,WAS,Washington Union Station,2026-07-27T21:00:00Z,2026-07-27T20:25:00Z,2026-07-27T20:25:00Z,2026-07-27T20:25:00Z,2026-07-27T12:51:43Z,60.8
amtrak,NER,172,2026-07-27,BAL,Baltimore Penn Station,2026-07-27T11:50:00Z,2026-07-27T11:53:00Z,2026-07-27T11:48:00Z,2026-07-27T11:51:00Z,2026-07-27T12:51:43Z,60.8
amtrak,NER,172,2026-07-27,WAS,Washington Union Station,2026-07-27T11:06:00Z,2026-07-27T11:06:00Z,2026-07-27T11:06:00Z,2026-07-27T11:06:00Z,2026-07-27T12:51:43Z,60.8
amtrak,NER,178,2026-07-27,BAL,Baltimore Penn Station,2026-07-27T20:39:00Z,2026-07-27T20:39:00Z,2026-07-27T20:37:00Z,2026-07-27T20:37:00Z,2026-07-27T12:51:43Z,60.8
amtrak,NER,178,2026-07-27,WAS,Washington Union Station,2026-07-27T19:56:00Z,2026-07-27T19:56:00Z,2026-07-27T18:55:00Z,2026-07-27T18:55:00Z,2026-07-27T12:51:43Z,60.8
amtrak,NER,181,2026-07-27,BAL,Baltimore Penn Station,2026-07-27T12:22:00Z,2026-07-27T12:23:00Z,2026-07-27T12:19:00Z,2026-07-27T12:16:00Z,2026-07-27T12:51:43Z,60.8
amtrak,NER,181,2026-07-27,WAS,Washington Union Station,2026-07-27T13:02:00Z,2026-07-27T12:54:00Z,2026-07-27T13:02:00Z,2026-07-27T12:54:00Z,2026-07-27T12:51:43Z,60.8
amtrak,NER,182,2026-07-27,BAL,Baltimore Penn Station,2026-07-27T14:13:00Z,2026-07-27T14:13:00Z,2026-07-27T14:11:00Z,2026-07-27T14:11:00Z,2026-07-27T12:51:43Z,60.8
amtrak,NER,182,2026-07-27,WAS,Washington Union Station,2026-07-27T13:29:00Z,2026-07-27T13:29:00Z,2026-07-27T13:29:00Z,2026-07-27T13:29:00Z,2026-07-27T12:51:43Z,60.8
amtrak,NER,183,2026-07-27,BAL,Baltimore Penn Station,2026-07-27T14:20:00Z,2026-07-27T14:17:00Z,2026-07-27T14:17:00Z,2026-07-27T14:17:00Z,2026-07-27T12:51:43Z,60.8
amtrak,NER,183,2026-07-27,WAS,Washington Union Station,2026-07-27T15:04:00Z,2026-07-27T15:00:00Z,2026-07-27T15:04:00Z,2026-07-27T15:00:00Z,2026-07-27T12:51:43Z,60.8
amtrak,NER,185,2026-07-27,BAL,Baltimore Penn Station,2026-07-27T16:07:00Z,2026-07-27T16:07:00Z,2026-07-27T16:05:00Z,2026-07-27T16:05:00Z,2026-07-27T12:51:43Z,60.8
amtrak,NER,185,2026-07-27,WAS,Washington Union Station,2026-07-27T16:52:00Z,2026-07-27T16:52:00Z,2026-07-27T16:52:00Z,2026-07-27T16:47:00Z,2026-07-27T12:51:43Z,60.8
marc,11705,Train421,2026-07-27,11980,PENN STATION MARC sb,2026-07-27T12:30:00Z,2026-07-27T12:30:00Z,NA,NA,2026-07-27T12:54:44Z,60.9
marc,11705,Train421,2026-07-27,11958,UNION STATION MARC Washington,NA,NA,2026-07-27T13:32:00Z,2026-07-27T13:32:00Z,2026-07-27T12:54:44Z,60.9
marc,11705,Train419,2026-07-27,11980,PENN STATION MARC sb,2026-07-27T11:50:00Z,2026-07-27T11:50:00Z,NA,NA,2026-07-27T12:54:44Z,60.9
marc,11705,Train419,2026-07-27,11958,UNION STATION MARC Washington,NA,NA,2026-07-27T12:53:00Z,2026-07-27T12:54:49Z,2026-07-27T12:54:44Z,60.9
marc,11705,Train525,2026-07-27,11980,PENN STATION MARC sb,2026-07-27T13:30:00Z,2026-07-27T13:32:44Z,2026-07-27T13:28:00Z,2026-07-27T13:30:44Z,2026-07-27T12:54:44Z,60.9
marc,11705,Train525,2026-07-27,11958,UNION STATION MARC Washington,NA,NA,2026-07-27T14:28:00Z,2026-07-27T14:30:44Z,2026-07-27T12:54:44Z,60.9
marc,11705,Train612,2026-07-27,11958,UNION STATION MARC Washington,2026-07-27T12:20:00Z,2026-07-27T12:21:44Z,NA,NA,2026-07-27T12:54:44Z,60.9
marc,11705,Train612,2026-07-27,12002,PENN STATION MARC nb,2026-07-27T13:20:00Z,2026-07-27T13:24:29Z,2026-07-27T13:17:00Z,2026-07-27T13:21:29Z,2026-07-27T12:54:44Z,60.9
marc,11705,Train610,2026-07-27,11958,UNION STATION MARC Washington,2026-07-27T11:50:00Z,2026-07-27T11:51:25Z,NA,NA,2026-07-27T12:54:44Z,60.9
marc,11705,Train610,2026-07-27,12002,PENN STATION MARC nb,2026-07-27T12:46:00Z,2026-07-27T12:42:03Z,2026-07-27T12:40:15Z,2026-07-27T12:40:42Z,2026-07-27T12:54:44Z,60.9
amtrak,NER,66,2026-07-27,BAL,Baltimore Penn Station,2026-07-27T02:51:00Z,2026-07-27T02:53:00Z,2026-07-27T02:49:00Z,2026-07-27T02:51:00Z,2026-07-27T12:54:44Z,60.9
amtrak,NER,66,2026-07-27,WAS,Washington Union Station,2026-07-27T02:00:00Z,2026-07-27T02:14:00Z,2026-07-27T01:28:00Z,2026-07-27T01:33:00Z,2026-07-27T12:54:44Z,60.9
amtrak,NER,67,2026-07-27,BAL,Baltimore Penn Station,2026-07-27T10:04:00Z,2026-07-27T10:05:00Z,2026-07-27T10:02:00Z,2026-07-27T09:59:00Z,2026-07-27T12:54:44Z,60.9
amtrak,NER,67,2026-07-27,WAS,Washington Union Station,2026-07-27T11:20:00Z,2026-07-27T11:21:00Z,2026-07-27T10:54:00Z,2026-07-27T10:51:00Z,2026-07-27T12:54:44Z,60.9
amtrak,NER,86,2026-07-27,BAL,Baltimore Penn Station,2026-07-27T13:32:00Z,2026-07-27T14:02:00Z,2026-07-27T13:30:00Z,2026-07-27T14:02:00Z,2026-07-27T12:54:44Z,60.9
amtrak,NER,86,2026-07-27,WAS,Washington Union Station,2026-07-27T12:50:00Z,2026-07-27T13:05:00Z,2026-07-27T12:18:00Z,2026-07-27T13:05:00Z,2026-07-27T12:54:44Z,60.9
amtrak,NER,93,2026-07-27,BAL,Baltimore Penn Station,2026-07-27T20:39:00Z,2026-07-27T20:39:00Z,2026-07-27T20:37:00Z,2026-07-27T20:37:00Z,2026-07-27T12:54:44Z,60.9
amtrak,NER,93,2026-07-27,WAS,Washington Union Station,2026-07-27T22:05:00Z,2026-07-27T22:05:00Z,2026-07-27T21:25:00Z,2026-07-27T21:25:00Z,2026-07-27T12:54:44Z,60.9
amtrak,NER,94,2026-07-27,BAL,Baltimore Penn Station,2026-07-27T18:43:00Z,2026-07-27T18:43:00Z,2026-07-27T18:41:00Z,2026-07-27T18:41:00Z,2026-07-27T12:54:44Z,60.9
amtrak,NER,94,2026-07-27,WAS,Washington Union Station,2026-07-27T18:00:00Z,2026-07-27T18:00:00Z,2026-07-27T17:23:00Z,2026-07-27T17:23:00Z,2026-07-27T12:54:44Z,60.9
amtrak,NER,95,2026-07-27,BAL,Baltimore Penn Station,2026-07-27T17:23:00Z,2026-07-27T17:14:00Z,2026-07-27T17:14:00Z,2026-07-27T17:14:00Z,2026-07-27T12:54:44Z,60.9
amtrak,NER,95,2026-07-27,WAS,Washington Union Station,2026-07-27T18:35:00Z,2026-07-27T18:05:00Z,2026-07-27T18:05:00Z,2026-07-27T18:05:00Z,2026-07-27T12:54:44Z,60.9
amtrak,NER,112,2026-07-27,BAL,Baltimore Penn Station,2026-07-27T12:22:00Z,2026-07-27T12:24:00Z,2026-07-27T12:20:00Z,2026-07-27T12:19:00Z,2026-07-27T12:54:44Z,60.9
amtrak,NER,112,2026-07-27,WAS,Washington Union Station,2026-07-27T11:40:00Z,2026-07-27T11:40:00Z,2026-07-27T11:40:00Z,2026-07-27T11:40:00Z,2026-07-27T12:54:44Z,60.9
amtrak,NER,113,2026-07-27,BAL,Baltimore Penn Station,2026-07-27T13:07:00Z,2026-07-27T13:08:00Z,2026-07-27T13:05:00Z,2026-07-27T13:08:00Z,2026-07-27T12:54:44Z,60.9
amtrak,NER,113,2026-07-27,WAS,Washington Union Station,2026-07-27T13:53:00Z,2026-07-27T13:46:00Z,2026-07-27T13:53:00Z,2026-07-27T13:46:00Z,2026-07-27T12:54:44Z,60.9
amtrak,NER,125,2026-07-27,BAL,Baltimore Penn Station,2026-07-27T18:28:00Z,2026-07-27T18:26:00Z,2026-07-27T18:25:00Z,2026-07-27T18:26:00Z,2026-07-27T12:54:44Z,60.9
amtrak,NER,125,2026-07-27,WAS,Washington Union Station,2026-07-27T19:50:00Z,2026-07-27T19:11:00Z,2026-07-27T19:11:00Z,2026-07-27T19:11:00Z,2026-07-27T12:54:44Z,60.9
amtrak,NER,130,2026-07-27,BAL,Baltimore Penn Station,2026-07-27T11:05:00Z,2026-07-27T11:05:00Z,2026-07-27T11:03:00Z,2026-07-27T10:56:00Z,2026-07-27T12:54:44Z,60.9
amtrak,NER,130,2026-07-27,WAS,Washington Union Station,2026-07-27T10:20:00Z,2026-07-27T10:20:00Z,2026-07-27T10:20:00Z,2026-07-27T10:20:00Z,2026-07-27T12:54:44Z,60.9
amtrak,NER,141,2026-07-27,BAL,Baltimore Penn Station,2026-07-27T15:00:00Z,2026-07-27T14:58:00Z,2026-07-27T14:58:00Z,2026-07-27T14:58:00Z,2026-07-27T12:54:44Z,60.9
amtrak,NER,141,2026-07-27,WAS,Washington Union Station,2026-07-27T15:41:00Z,2026-07-27T15:40:00Z,2026-07-27T15:41:00Z,2026-07-27T15:40:00Z,2026-07-27T12:54:44Z,60.9
amtrak,NER,151,2026-07-27,BAL,Baltimore Penn Station,2026-07-27T10:10:00Z,2026-07-27T10:11:00Z,2026-07-27T10:08:00Z,2026-07-27T10:09:00Z,2026-07-27T12:54:44Z,60.9
amtrak,NER,151,2026-07-27,WAS,Washington Union Station,2026-07-27T11:30:00Z,2026-07-27T11:32:00Z,2026-07-27T10:58:00Z,2026-07-27T10:57:00Z,2026-07-27T12:54:44Z,60.9
amtrak,NER,170,2026-07-27,BAL,Baltimore Penn Station,2026-07-27T09:44:00Z,2026-07-27T09:45:00Z,2026-07-27T09:42:00Z,2026-07-27T09:43:00Z,2026-07-27T12:54:44Z,60.9
amtrak,NER,170,2026-07-27,WAS,Washington Union Station,2026-07-27T09:05:00Z,2026-07-27T09:05:00Z,2026-07-27T09:05:00Z,2026-07-27T09:05:00Z,2026-07-27T12:54:44Z,60.9
amtrak,NER,171,2026-07-27,BAL,Baltimore Penn Station,2026-07-27T19:33:00Z,2026-07-27T19:30:00Z,2026-07-27T19:30:00Z,2026-07-27T19:30:00Z,2026-07-27T12:54:44Z,60.9
amtrak,NER,171,2026-07-27,WAS,Washington Union Station,2026-07-27T21:00:00Z,2026-07-27T20:25:00Z,2026-07-27T20:25:00Z,2026-07-27T20:25:00Z,2026-07-27T12:54:44Z,60.9
amtrak,NER,172,2026-07-27,BAL,Baltimore Penn Station,2026-07-27T11:50:00Z,2026-07-27T11:53:00Z,2026-07-27T11:48:00Z,2026-07-27T11:51:00Z,2026-07-27T12:54:44Z,60.9
amtrak,NER,172,2026-07-27,WAS,Washington Union Station,2026-07-27T11:06:00Z,2026-07-27T11:06:00Z,2026-07-27T11:06:00Z,2026-07-27T11:06:00Z,2026-07-27T12:54:44Z,60.9
amtrak,NER,178,2026-07-27,BAL,Baltimore Penn Station,2026-07-27T20:39:00Z,2026-07-27T20:39:00Z,2026-07-27T20:37:00Z,2026-07-27T20:37:00Z,2026-07-27T12:54:44Z,60.9
amtrak,NER,178,2026-07-27,WAS,Washington Union Station,2026-07-27T19:56:00Z,2026-07-27T19:56:00Z,2026-07-27T18:55:00Z,2026-07-27T18:55:00Z,2026-07-27T12:54:44Z,60.9
amtrak,NER,181,2026-07-27,BAL,Baltimore Penn Station,2026-07-27T12:22:00Z,2026-07-27T12:23:00Z,2026-07-27T12:19:00Z,2026-07-27T12:16:00Z,2026-07-27T12:54:44Z,60.9
amtrak,NER,181,2026-07-27,WAS,Washington Union Station,2026-07-27T13:02:00Z,2026-07-27T12:54:00Z,2026-07-27T13:02:00Z,2026-07-27T12:54:00Z,2026-07-27T12:54:44Z,60.9
amtrak,NER,182,2026-07-27,BAL,Baltimore Penn Station,2026-07-27T14:13:00Z,2026-07-27T14:13:00Z,2026-07-27T14:11:00Z,2026-07-27T14:11:00Z,2026-07-27T12:54:44Z,60.9
amtrak,NER,182,2026-07-27,WAS,Washington Union Station,2026-07-27T13:29:00Z,2026-07-27T13:29:00Z,2026-07-27T13:29:00Z,2026-07-27T13:29:00Z,2026-07-27T12:54:44Z,60.9
amtrak,NER,183,2026-07-27,BAL,Baltimore Penn Station,2026-07-27T14:20:00Z,2026-07-27T14:17:00Z,2026-07-27T14:17:00Z,2026-07-27T14:17:00Z,2026-07-27T12:54:44Z,60.9
amtrak,NER,183,2026-07-27,WAS,Washington Union Station,2026-07-27T15:04:00Z,2026-07-27T15:00:00Z,2026-07-27T15:04:00Z,2026-07-27T15:00:00Z,2026-07-27T12:54:44Z,60.9
amtrak,NER,185,2026-07-27,BAL,Baltimore Penn Station,2026-07-27T16:07:00Z,2026-07-27T16:07:00Z,2026-07-27T16:05:00Z,2026-07-27T16:05:00Z,2026-07-27T12:54:44Z,60.9
amtrak,NER,185,2026-07-27,WAS,Washington Union Station,2026-07-27T16:52:00Z,2026-07-27T16:52:00Z,2026-07-27T16:52:00Z,2026-07-27T16:47:00Z,2026-07-27T12:54:44Z,60.9
marc,11705,Train421,2026-07-27,11980,PENN STATION MARC sb,2026-07-27T12:30:00Z,2026-07-27T12:30:00Z,NA,NA,2026-07-27T12:57:46Z,60.8
marc,11705,Train421,2026-07-27,11958,UNION STATION MARC Washington,NA,NA,2026-07-27T13:32:00Z,2026-07-27T13:32:00Z,2026-07-27T12:57:46Z,60.8
marc,11705,Train525,2026-07-27,11980,PENN STATION MARC sb,2026-07-27T13:30:00Z,2026-07-27T13:32:44Z,2026-07-27T13:28:00Z,2026-07-27T13:30:44Z,2026-07-27T12:57:46Z,60.8
marc,11705,Train525,2026-07-27,11958,UNION STATION MARC Washington,NA,NA,2026-07-27T14:28:00Z,2026-07-27T14:30:44Z,2026-07-27T12:57:46Z,60.8
marc,11705,Train612,2026-07-27,11958,UNION STATION MARC Washington,2026-07-27T12:20:00Z,2026-07-27T12:21:44Z,NA,NA,2026-07-27T12:57:46Z,60.8
marc,11705,Train612,2026-07-27,12002,PENN STATION MARC nb,2026-07-27T13:20:00Z,2026-07-27T13:25:04Z,2026-07-27T13:17:00Z,2026-07-27T13:22:04Z,2026-07-27T12:57:46Z,60.8
marc,11705,Train610,2026-07-27,11958,UNION STATION MARC Washington,2026-07-27T11:50:00Z,2026-07-27T11:51:25Z,NA,NA,2026-07-27T12:57:46Z,60.8
marc,11705,Train610,2026-07-27,12002,PENN STATION MARC nb,2026-07-27T12:46:00Z,2026-07-27T12:42:03Z,2026-07-27T12:40:15Z,2026-07-27T12:40:42Z,2026-07-27T12:57:46Z,60.8
amtrak,NER,66,2026-07-27,BAL,Baltimore Penn Station,2026-07-27T02:51:00Z,2026-07-27T02:53:00Z,2026-07-27T02:49:00Z,2026-07-27T02:51:00Z,2026-07-27T12:57:46Z,60.8
amtrak,NER,66,2026-07-27,WAS,Washington Union Station,2026-07-27T02:00:00Z,2026-07-27T02:14:00Z,2026-07-27T01:28:00Z,2026-07-27T01:33:00Z,2026-07-27T12:57:46Z,60.8
amtrak,NER,67,2026-07-27,BAL,Baltimore Penn Station,2026-07-27T10:04:00Z,2026-07-27T10:05:00Z,2026-07-27T10:02:00Z,2026-07-27T09:59:00Z,2026-07-27T12:57:46Z,60.8
amtrak,NER,67,2026-07-27,WAS,Washington Union Station,2026-07-27T11:20:00Z,2026-07-27T11:21:00Z,2026-07-27T10:54:00Z,2026-07-27T10:51:00Z,2026-07-27T12:57:46Z,60.8
amtrak,NER,86,2026-07-27,BAL,Baltimore Penn Station,2026-07-27T13:32:00Z,2026-07-27T13:58:00Z,2026-07-27T13:30:00Z,2026-07-27T13:58:00Z,2026-07-27T12:57:46Z,60.8
amtrak,NER,86,2026-07-27,WAS,Washington Union Station,2026-07-27T12:50:00Z,2026-07-27T13:01:00Z,2026-07-27T12:18:00Z,2026-07-27T13:01:00Z,2026-07-27T12:57:46Z,60.8
amtrak,NER,93,2026-07-27,BAL,Baltimore Penn Station,2026-07-27T20:39:00Z,2026-07-27T20:39:00Z,2026-07-27T20:37:00Z,2026-07-27T20:37:00Z,2026-07-27T12:57:46Z,60.8
amtrak,NER,93,2026-07-27,WAS,Washington Union Station,2026-07-27T22:05:00Z,2026-07-27T22:05:00Z,2026-07-27T21:25:00Z,2026-07-27T21:25:00Z,2026-07-27T12:57:46Z,60.8
amtrak,NER,94,2026-07-27,BAL,Baltimore Penn Station,2026-07-27T18:43:00Z,2026-07-27T18:41:00Z,2026-07-27T18:41:00Z,2026-07-27T18:41:00Z,2026-07-27T12:57:46Z,60.8
amtrak,NER,94,2026-07-27,WAS,Washington Union Station,2026-07-27T18:00:00Z,2026-07-27T17:23:00Z,2026-07-27T17:23:00Z,2026-07-27T17:23:00Z,2026-07-27T12:57:46Z,60.8
amtrak,NER,95,2026-07-27,BAL,Baltimore Penn Station,2026-07-27T17:23:00Z,2026-07-27T17:14:00Z,2026-07-27T17:14:00Z,2026-07-27T17:14:00Z,2026-07-27T12:57:46Z,60.8
amtrak,NER,95,2026-07-27,WAS,Washington Union Station,2026-07-27T18:35:00Z,2026-07-27T18:05:00Z,2026-07-27T18:05:00Z,2026-07-27T18:05:00Z,2026-07-27T12:57:46Z,60.8
amtrak,NER,112,2026-07-27,BAL,Baltimore Penn Station,2026-07-27T12:22:00Z,2026-07-27T12:24:00Z,2026-07-27T12:20:00Z,2026-07-27T12:19:00Z,2026-07-27T12:57:46Z,60.8
amtrak,NER,112,2026-07-27,WAS,Washington Union Station,2026-07-27T11:40:00Z,2026-07-27T11:40:00Z,2026-07-27T11:40:00Z,2026-07-27T11:40:00Z,2026-07-27T12:57:46Z,60.8
amtrak,NER,113,2026-07-27,BAL,Baltimore Penn Station,2026-07-27T13:07:00Z,2026-07-27T13:08:00Z,2026-07-27T13:05:00Z,2026-07-27T13:08:00Z,2026-07-27T12:57:46Z,60.8
amtrak,NER,113,2026-07-27,WAS,Washington Union Station,2026-07-27T13:53:00Z,2026-07-27T13:46:00Z,2026-07-27T13:53:00Z,2026-07-27T13:46:00Z,2026-07-27T12:57:46Z,60.8
amtrak,NER,125,2026-07-27,BAL,Baltimore Penn Station,2026-07-27T18:28:00Z,2026-07-27T18:26:00Z,2026-07-27T18:25:00Z,2026-07-27T18:26:00Z,2026-07-27T12:57:46Z,60.8
amtrak,NER,125,2026-07-27,WAS,Washington Union Station,2026-07-27T19:50:00Z,2026-07-27T19:11:00Z,2026-07-27T19:11:00Z,2026-07-27T19:11:00Z,2026-07-27T12:57:46Z,60.8
amtrak,NER,130,2026-07-27,BAL,Baltimore Penn Station,2026-07-27T11:05:00Z,2026-07-27T11:05:00Z,2026-07-27T11:03:00Z,2026-07-27T10:56:00Z,2026-07-27T12:57:46Z,60.8
amtrak,NER,130,2026-07-27,WAS,Washington Union Station,2026-07-27T10:20:00Z,2026-07-27T10:20:00Z,2026-07-27T10:20:00Z,2026-07-27T10:20:00Z,2026-07-27T12:57:46Z,60.8
amtrak,NER,141,2026-07-27,BAL,Baltimore Penn Station,2026-07-27T15:00:00Z,2026-07-27T14:58:00Z,2026-07-27T14:58:00Z,2026-07-27T14:58:00Z,2026-07-27T12:57:46Z,60.8
amtrak,NER,141,2026-07-27,WAS,Washington Union Station,2026-07-27T15:41:00Z,2026-07-27T15:40:00Z,2026-07-27T15:41:00Z,2026-07-27T15:40:00Z,2026-07-27T12:57:46Z,60.8
amtrak,NER,151,2026-07-27,BAL,Baltimore Penn Station,2026-07-27T10:10:00Z,2026-07-27T10:11:00Z,2026-07-27T10:08:00Z,2026-07-27T10:09:00Z,2026-07-27T12:57:46Z,60.8
amtrak,NER,151,2026-07-27,WAS,Washington Union Station,2026-07-27T11:30:00Z,2026-07-27T11:32:00Z,2026-07-27T10:58:00Z,2026-07-27T10:57:00Z,2026-07-27T12:57:46Z,60.8
amtrak,NER,170,2026-07-27,BAL,Baltimore Penn Station,2026-07-27T09:44:00Z,2026-07-27T09:45:00Z,2026-07-27T09:42:00Z,2026-07-27T09:43:00Z,2026-07-27T12:57:46Z,60.8
amtrak,NER,170,2026-07-27,WAS,Washington Union Station,2026-07-27T09:05:00Z,2026-07-27T09:05:00Z,2026-07-27T09:05:00Z,2026-07-27T09:05:00Z,2026-07-27T12:57:46Z,60.8
amtrak,NER,171,2026-07-27,BAL,Baltimore Penn Station,2026-07-27T19:33:00Z,2026-07-27T19:30:00Z,2026-07-27T19:30:00Z,2026-07-27T19:30:00Z,2026-07-27T12:57:46Z,60.8
amtrak,NER,171,2026-07-27,WAS,Washington Union Station,2026-07-27T21:00:00Z,2026-07-27T20:25:00Z,2026-07-27T20:25:00Z,2026-07-27T20:25:00Z,2026-07-27T12:57:46Z,60.8
amtrak,NER,172,2026-07-27,BAL,Baltimore Penn Station,2026-07-27T11:50:00Z,2026-07-27T11:53:00Z,2026-07-27T11:48:00Z,2026-07-27T11:51:00Z,2026-07-27T12:57:46Z,60.8
amtrak,NER,172,2026-07-27,WAS,Washington Union Station,2026-07-27T11:06:00Z,2026-07-27T11:06:00Z,2026-07-27T11:06:00Z,2026-07-27T11:06:00Z,2026-07-27T12:57:46Z,60.8
amtrak,NER,178,2026-07-27,BAL,Baltimore Penn Station,2026-07-27T20:39:00Z,2026-07-27T20:39:00Z,2026-07-27T20:37:00Z,2026-07-27T20:37:00Z,2026-07-27T12:57:46Z,60.8
amtrak,NER,178,2026-07-27,WAS,Washington Union Station,2026-07-27T19:56:00Z,2026-07-27T19:56:00Z,2026-07-27T18:55:00Z,2026-07-27T18:55:00Z,2026-07-27T12:57:46Z,60.8
amtrak,NER,181,2026-07-27,BAL,Baltimore Penn Station,2026-07-27T12:22:00Z,2026-07-27T12:23:00Z,2026-07-27T12:19:00Z,2026-07-27T12:16:00Z,2026-07-27T12:57:46Z,60.8
amtrak,NER,181,2026-07-27,WAS,Washington Union Station,2026-07-27T13:02:00Z,2026-07-27T12:54:00Z,2026-07-27T13:02:00Z,2026-07-27T12:54:00Z,2026-07-27T12:57:46Z,60.8
amtrak,NER,182,2026-07-27,BAL,Baltimore Penn Station,2026-07-27T14:13:00Z,2026-07-27T14:13:00Z,2026-07-27T14:11:00Z,2026-07-27T14:11:00Z,2026-07-27T12:57:46Z,60.8
amtrak,NER,182,2026-07-27,WAS,Washington Union Station,2026-07-27T13:29:00Z,2026-07-27T13:29:00Z,2026-07-27T13:29:00Z,2026-07-27T13:29:00Z,2026-07-27T12:57:46Z,60.8
amtrak,NER,183,2026-07-27,BAL,Baltimore Penn Station,2026-07-27T14:20:00Z,2026-07-27T14:17:00Z,2026-07-27T14:17:00Z,2026-07-27T14:17:00Z,2026-07-27T12:57:46Z,60.8
amtrak,NER,183,2026-07-27,WAS,Washington Union Station,2026-07-27T15:04:00Z,2026-07-27T15:00:00Z,2026-07-27T15:04:00Z,2026-07-27T15:00:00Z,2026-07-27T12:57:46Z,60.8
amtrak,NER,185,2026-07-27,BAL,Baltimore Penn Station,2026-07-27T16:07:00Z,2026-07-27T16:07:00Z,2026-07-27T16:05:00Z,2026-07-27T16:05:00Z,2026-07-27T12:57:46Z,60.8
amtrak,NER,185,2026-07-27,WAS,Washington Union Station,2026-07-27T16:52:00Z,2026-07-27T16:52:00Z,2026-07-27T16:52:00Z,2026-07-27T16:47:00Z,2026-07-27T12:57:46Z,60.8
marc,11705,Train428,2026-07-27,11958,UNION STATION MARC Washington,2026-07-27T19:40:00Z,2026-07-27T19:41:03Z,NA,NA,2026-07-27T20:20:02Z,91.9
marc,11705,Train428,2026-07-27,12002,PENN STATION MARC nb,NA,NA,2026-07-27T20:40:00Z,2026-07-27T20:40:00Z,2026-07-27T20:20:02Z,91.9
marc,11705,Train439,2026-07-27,11980,PENN STATION MARC sb,2026-07-27T19:45:00Z,2026-07-27T19:45:58Z,NA,NA,2026-07-27T20:20:02Z,91.9
marc,11705,Train439,2026-07-27,11958,UNION STATION MARC Washington,NA,NA,2026-07-27T20:45:00Z,2026-07-27T20:50:36Z,2026-07-27T20:20:02Z,91.9
marc,11705,Train532,2026-07-27,11958,UNION STATION MARC Washington,2026-07-27T20:10:00Z,2026-07-27T20:11:08Z,NA,NA,2026-07-27T20:20:02Z,91.9
marc,11705,Train532,2026-07-27,12002,PENN STATION MARC nb,2026-07-27T21:01:00Z,2026-07-27T21:01:11Z,2026-07-27T21:00:30Z,2026-07-27T21:00:41Z,2026-07-27T20:20:02Z,91.9
marc,11705,Train537,2026-07-27,11980,PENN STATION MARC sb,2026-07-27T19:28:00Z,2026-07-27T19:20:53Z,2026-07-27T19:18:30Z,2026-07-27T19:20:53Z,2026-07-27T20:20:02Z,91.9
marc,11705,Train537,2026-07-27,11958,UNION STATION MARC Washington,NA,NA,2026-07-27T20:17:00Z,2026-07-27T20:06:59Z,2026-07-27T20:20:02Z,91.9
marc,11705,Train641,2026-07-27,11980,PENN STATION MARC sb,2026-07-27T20:08:00Z,2026-07-27T20:12:05Z,2026-07-27T20:07:00Z,2026-07-27T20:06:14Z,2026-07-27T20:20:02Z,91.9
marc,11705,Train641,2026-07-27,11958,UNION STATION MARC Washington,NA,NA,2026-07-27T21:01:00Z,2026-07-27T21:09:22Z,2026-07-27T20:20:02Z,91.9
amtrak,NER,66,2026-07-27,BAL,Baltimore Penn Station,2026-07-28T02:51:00Z,2026-07-28T02:51:00Z,2026-07-28T02:49:00Z,2026-07-28T02:49:00Z,2026-07-27T20:20:02Z,91.9
amtrak,NER,66,2026-07-27,WAS,Washington Union Station,2026-07-28T02:00:00Z,2026-07-28T02:00:00Z,2026-07-28T01:28:00Z,2026-07-28T01:28:00Z,2026-07-27T20:20:02Z,91.9
amtrak,NER,85,2026-07-27,BAL,Baltimore Penn Station,2026-07-27T21:50:00Z,2026-07-27T21:47:00Z,2026-07-27T21:47:00Z,2026-07-27T21:47:00Z,2026-07-27T20:20:02Z,91.9
amtrak,NER,85,2026-07-27,WAS,Washington Union Station,2026-07-27T22:39:00Z,2026-07-27T22:28:00Z,2026-07-27T22:39:00Z,2026-07-27T22:28:00Z,2026-07-27T20:20:02Z,91.9
amtrak,NER,86,2026-07-27,BAL,Baltimore Penn Station,2026-07-27T13:32:00Z,2026-07-27T14:09:00Z,2026-07-27T13:30:00Z,2026-07-27T14:06:00Z,2026-07-27T20:20:02Z,91.9
amtrak,NER,86,2026-07-27,WAS,Washington Union Station,2026-07-27T12:50:00Z,2026-07-27T13:22:00Z,2026-07-27T12:18:00Z,2026-07-27T13:04:00Z,2026-07-27T20:20:02Z,91.9
amtrak,NER,93,2026-07-27,BAL,Baltimore Penn Station,2026-07-27T20:39:00Z,2026-07-27T20:43:00Z,2026-07-27T20:37:00Z,2026-07-27T20:43:00Z,2026-07-27T20:20:02Z,91.9
amtrak,NER,93,2026-07-27,WAS,Washington Union Station,2026-07-27T22:05:00Z,2026-07-27T21:25:00Z,2026-07-27T21:25:00Z,2026-07-27T21:25:00Z,2026-07-27T20:20:02Z,91.9
amtrak,NER,94,2026-07-27,BAL,Baltimore Penn Station,2026-07-27T18:43:00Z,2026-07-27T19:23:00Z,2026-07-27T18:41:00Z,2026-07-27T19:21:00Z,2026-07-27T20:20:02Z,91.9
amtrak,NER,94,2026-07-27,WAS,Washington Union Station,2026-07-27T18:00:00Z,2026-07-27T18:34:00Z,2026-07-27T17:23:00Z,2026-07-27T18:01:00Z,2026-07-27T20:20:02Z,91.9
amtrak,NER,95,2026-07-27,BAL,Baltimore Penn Station,2026-07-27T17:23:00Z,2026-07-27T17:24:00Z,2026-07-27T17:14:00Z,2026-07-27T17:13:00Z,2026-07-27T20:20:02Z,91.9
amtrak,NER,95,2026-07-27,WAS,Washington Union Station,2026-07-27T18:35:00Z,2026-07-27T18:35:00Z,2026-07-27T18:05:00Z,2026-07-27T18:07:00Z,2026-07-27T20:20:02Z,91.9
amtrak,NER,125,2026-07-27,BAL,Baltimore Penn Station,2026-07-27T18:28:00Z,2026-07-27T18:34:00Z,2026-07-27T18:25:00Z,2026-07-27T18:24:00Z,2026-07-27T20:20:02Z,91.9
amtrak,NER,125,2026-07-27,WAS,Washington Union Station,2026-07-27T19:50:00Z,2026-07-27T19:50:00Z,2026-07-27T19:11:00Z,2026-07-27T19:10:00Z,2026-07-27T20:20:02Z,91.9
amtrak,NER,129,2026-07-27,BAL,Baltimore Penn Station,2026-07-27T23:18:00Z,2026-07-27T23:18:00Z,2026-07-27T23:12:00Z,2026-07-27T23:12:00Z,2026-07-27T20:20:02Z,91.9
amtrak,NER,129,2026-07-27,WAS,Washington Union Station,2026-07-28T00:01:00Z,2026-07-28T00:01:00Z,2026-07-28T00:01:00Z,2026-07-27T23:55:00Z,2026-07-27T20:20:02Z,91.9
amtrak,NER,136,2026-07-27,BAL,Baltimore Penn Station,2026-07-27T21:43:00Z,2026-07-27T21:43:00Z,2026-07-27T21:41:00Z,2026-07-27T21:41:00Z,2026-07-27T20:20:02Z,91.9
amtrak,NER,136,2026-07-27,WAS,Washington Union Station,2026-07-27T21:00:00Z,2026-07-27T21:00:00Z,2026-07-27T21:00:00Z,2026-07-27T21:00:00Z,2026-07-27T20:20:02Z,91.9
amtrak,NER,137,2026-07-27,BAL,Baltimore Penn Station,2026-07-28T01:07:00Z,2026-07-28T01:05:00Z,2026-07-28T01:05:00Z,2026-07-28T01:05:00Z,2026-07-27T20:20:02Z,91.9
amtrak,NER,137,2026-07-27,WAS,Washington Union Station,2026-07-28T01:55:00Z,2026-07-28T01:44:00Z,2026-07-28T01:55:00Z,2026-07-28T01:44:00Z,2026-07-27T20:20:02Z,91.9
amtrak,NER,138,2026-07-27,BAL,Baltimore Penn Station,2026-07-27T23:18:00Z,2026-07-27T23:16:00Z,2026-07-27T23:16:00Z,2026-07-27T23:16:00Z,2026-07-27T20:20:02Z,91.9
amtrak,NER,138,2026-07-27,WAS,Washington Union Station,2026-07-27T22:35:00Z,2026-07-27T21:42:00Z,2026-07-27T21:42:00Z,2026-07-27T21:42:00Z,2026-07-27T20:20:02Z,91.9
amtrak,NER,148,2026-07-27,BAL,Baltimore Penn Station,2026-07-27T19:38:00Z,2026-07-27T19:43:00Z,2026-07-27T19:36:00Z,2026-07-27T19:41:00Z,2026-07-27T20:20:02Z,91.9
amtrak,NER,148,2026-07-27,WAS,Washington Union Station,2026-07-27T18:55:00Z,2026-07-27T18:55:00Z,2026-07-27T18:55:00Z,2026-07-27T18:55:00Z,2026-07-27T20:20:02Z,91.9
amtrak,NER,171,2026-07-27,BAL,Baltimore Penn Station,2026-07-27T19:33:00Z,2026-07-27T20:10:00Z,2026-07-27T19:30:00Z,2026-07-27T20:08:00Z,2026-07-27T20:20:02Z,91.9
amtrak,NER,171,2026-07-27,WAS,Washington Union Station,2026-07-27T21:00:00Z,2026-07-27T20:46:00Z,2026-07-27T20:25:00Z,2026-07-27T20:46:00Z,2026-07-27T20:20:02Z,91.9
amtrak,NER,173,2026-07-27,BAL,Baltimore Penn Station,2026-07-27T22:49:00Z,2026-07-27T22:46:00Z,2026-07-27T22:46:00Z,2026-07-27T22:46:00Z,2026-07-27T20:20:02Z,91.9
amtrak,NER,173,2026-07-27,WAS,Washington Union Station,2026-07-27T23:38:00Z,2026-07-27T23:25:00Z,2026-07-27T23:38:00Z,2026-07-27T23:25:00Z,2026-07-27T20:20:02Z,91.9
amtrak,NER,174,2026-07-27,BAL,Baltimore Penn Station,2026-07-27T15:18:00Z,2026-07-27T15:21:00Z,2026-07-27T15:16:00Z,2026-07-27T15:18:00Z,2026-07-27T20:20:02Z,91.9
amtrak,NER,174,2026-07-27,WAS,Washington Union Station,2026-07-27T14:35:00Z,2026-07-27T14:35:00Z,2026-07-27T14:35:00Z,2026-07-27T14:35:00Z,2026-07-27T20:20:02Z,91.9
amtrak,NER,175,2026-07-27,BAL,Baltimore Penn Station,2026-07-28T02:38:00Z,2026-07-28T02:35:00Z,2026-07-28T02:35:00Z,2026-07-28T02:35:00Z,2026-07-27T20:20:02Z,91.9
amtrak,NER,175,2026-07-27,WAS,Washington Union Station,2026-07-28T03:19:00Z,2026-07-28T03:15:00Z,2026-07-28T03:19:00Z,2026-07-28T03:15:00Z,2026-07-27T20:20:02Z,91.9
amtrak,NER,176,2026-07-27,BAL,Baltimore Penn Station,2026-07-27T20:08:00Z,2026-07-27T20:14:00Z,2026-07-27T20:06:00Z,2026-07-27T20:10:00Z,2026-07-27T20:20:02Z,91.9
amtrak,NER,176,2026-07-27,WAS,Washington Union Station,2026-07-27T19:30:00Z,2026-07-27T19:30:00Z,2026-07-27T19:30:00Z,2026-07-27T19:30:00Z,2026-07-27T20:20:02Z,91.9
amtrak,NER,178,2026-07-27,BAL,Baltimore Penn Station,2026-07-27T20:39:00Z,2026-07-27T20:37:00Z,2026-07-27T20:37:00Z,2026-07-27T20:37:00Z,2026-07-27T20:20:02Z,91.9
amtrak,NER,178,2026-07-27,WAS,Washington Union Station,2026-07-27T19:56:00Z,2026-07-27T19:56:00Z,2026-07-27T18:55:00Z,2026-07-27T19:15:00Z,2026-07-27T20:20:02Z,91.9
amtrak,NER,184,2026-07-27,BAL,Baltimore Penn Station,2026-07-27T17:54:00Z,2026-07-27T17:57:00Z,2026-07-27T17:52:00Z,2026-07-27T17:53:00Z,2026-07-27T20:20:02Z,91.9
amtrak,NER,184,2026-07-27,WAS,Washington Union Station,2026-07-27T17:20:00Z,2026-07-27T17:20:00Z,2026-07-27T17:20:00Z,2026-07-27T17:20:00Z,2026-07-27T20:20:02Z,91.9
amtrak,NER,186,2026-07-27,BAL,Baltimore Penn Station,2026-07-28T01:14:00Z,2026-07-28T01:12:00Z,2026-07-28T01:12:00Z,2026-07-28T01:12:00Z,2026-07-27T20:20:02Z,91.9
amtrak,NER,186,2026-07-27,WAS,Washington Union Station,2026-07-28T00:30:00Z,2026-07-27T23:55:00Z,2026-07-27T23:55:00Z,2026-07-27T23:55:00Z,2026-07-27T20:20:02Z,91.9
marc,11705,Train428,2026-07-27,11958,UNION STATION MARC Washington,2026-07-27T19:40:00Z,2026-07-27T19:41:03Z,NA,NA,2026-07-27T20:23:03Z,91
marc,11705,Train428,2026-07-27,12002,PENN STATION MARC nb,NA,NA,2026-07-27T20:40:00Z,2026-07-27T20:40:17Z,2026-07-27T20:23:03Z,91
marc,11705,Train439,2026-07-27,11980,PENN STATION MARC sb,2026-07-27T19:45:00Z,2026-07-27T19:45:58Z,NA,NA,2026-07-27T20:23:03Z,91
marc,11705,Train439,2026-07-27,11958,UNION STATION MARC Washington,NA,NA,2026-07-27T20:45:00Z,2026-07-27T20:52:38Z,2026-07-27T20:23:03Z,91
marc,11705,Train532,2026-07-27,11958,UNION STATION MARC Washington,2026-07-27T20:10:00Z,2026-07-27T20:11:08Z,NA,NA,2026-07-27T20:23:03Z,91
marc,11705,Train532,2026-07-27,12002,PENN STATION MARC nb,2026-07-27T21:01:00Z,2026-07-27T21:01:21Z,2026-07-27T21:00:30Z,2026-07-27T21:00:51Z,2026-07-27T20:23:03Z,91
marc,11705,Train537,2026-07-27,11980,PENN STATION MARC sb,2026-07-27T19:28:00Z,2026-07-27T19:20:53Z,2026-07-27T19:18:30Z,2026-07-27T19:20:53Z,2026-07-27T20:23:03Z,91
marc,11705,Train537,2026-07-27,11958,UNION STATION MARC Washington,NA,NA,2026-07-27T20:17:00Z,2026-07-27T20:06:59Z,2026-07-27T20:23:03Z,91
marc,11705,Train641,2026-07-27,11980,PENN STATION MARC sb,2026-07-27T20:08:00Z,2026-07-27T20:12:05Z,2026-07-27T20:07:00Z,2026-07-27T20:06:14Z,2026-07-27T20:23:03Z,91
marc,11705,Train641,2026-07-27,11958,UNION STATION MARC Washington,NA,NA,2026-07-27T21:01:00Z,2026-07-27T21:11:03Z,2026-07-27T20:23:03Z,91
amtrak,NER,66,2026-07-27,BAL,Baltimore Penn Station,2026-07-28T02:51:00Z,2026-07-28T02:51:00Z,2026-07-28T02:49:00Z,2026-07-28T02:49:00Z,2026-07-27T20:23:03Z,91
amtrak,NER,66,2026-07-27,WAS,Washington Union Station,2026-07-28T02:00:00Z,2026-07-28T02:00:00Z,2026-07-28T01:28:00Z,2026-07-28T01:28:00Z,2026-07-27T20:23:03Z,91
amtrak,NER,85,2026-07-27,BAL,Baltimore Penn Station,2026-07-27T21:50:00Z,2026-07-27T21:47:00Z,2026-07-27T21:47:00Z,2026-07-27T21:47:00Z,2026-07-27T20:23:03Z,91
amtrak,NER,85,2026-07-27,WAS,Washington Union Station,2026-07-27T22:39:00Z,2026-07-27T22:28:00Z,2026-07-27T22:39:00Z,2026-07-27T22:28:00Z,2026-07-27T20:23:03Z,91
amtrak,NER,86,2026-07-27,BAL,Baltimore Penn Station,2026-07-27T13:32:00Z,2026-07-27T14:09:00Z,2026-07-27T13:30:00Z,2026-07-27T14:06:00Z,2026-07-27T20:23:03Z,91
amtrak,NER,86,2026-07-27,WAS,Washington Union Station,2026-07-27T12:50:00Z,2026-07-27T13:22:00Z,2026-07-27T12:18:00Z,2026-07-27T13:04:00Z,2026-07-27T20:23:03Z,91
amtrak,NER,93,2026-07-27,BAL,Baltimore Penn Station,2026-07-27T20:39:00Z,2026-07-27T20:43:00Z,2026-07-27T20:37:00Z,2026-07-27T20:43:00Z,2026-07-27T20:23:03Z,91
amtrak,NER,93,2026-07-27,WAS,Washington Union Station,2026-07-27T22:05:00Z,2026-07-27T21:25:00Z,2026-07-27T21:25:00Z,2026-07-27T21:25:00Z,2026-07-27T20:23:03Z,91
amtrak,NER,94,2026-07-27,BAL,Baltimore Penn Station,2026-07-27T18:43:00Z,2026-07-27T19:23:00Z,2026-07-27T18:41:00Z,2026-07-27T19:21:00Z,2026-07-27T20:23:03Z,91
amtrak,NER,94,2026-07-27,WAS,Washington Union Station,2026-07-27T18:00:00Z,2026-07-27T18:34:00Z,2026-07-27T17:23:00Z,2026-07-27T18:01:00Z,2026-07-27T20:23:03Z,91
amtrak,NER,95,2026-07-27,BAL,Baltimore Penn Station,2026-07-27T17:23:00Z,2026-07-27T17:24:00Z,2026-07-27T17:14:00Z,2026-07-27T17:13:00Z,2026-07-27T20:23:03Z,91
amtrak,NER,95,2026-07-27,WAS,Washington Union Station,2026-07-27T18:35:00Z,2026-07-27T18:35:00Z,2026-07-27T18:05:00Z,2026-07-27T18:07:00Z,2026-07-27T20:23:03Z,91
amtrak,NER,125,2026-07-27,BAL,Baltimore Penn Station,2026-07-27T18:28:00Z,2026-07-27T18:34:00Z,2026-07-27T18:25:00Z,2026-07-27T18:24:00Z,2026-07-27T20:23:03Z,91
amtrak,NER,125,2026-07-27,WAS,Washington Union Station,2026-07-27T19:50:00Z,2026-07-27T19:50:00Z,2026-07-27T19:11:00Z,2026-07-27T19:10:00Z,2026-07-27T20:23:03Z,91
amtrak,NER,129,2026-07-27,BAL,Baltimore Penn Station,2026-07-27T23:18:00Z,2026-07-27T23:18:00Z,2026-07-27T23:12:00Z,2026-07-27T23:12:00Z,2026-07-27T20:23:03Z,91
amtrak,NER,129,2026-07-27,WAS,Washington Union Station,2026-07-28T00:01:00Z,2026-07-28T00:01:00Z,2026-07-28T00:01:00Z,2026-07-27T23:55:00Z,2026-07-27T20:23:03Z,91
amtrak,NER,136,2026-07-27,BAL,Baltimore Penn Station,2026-07-27T21:43:00Z,2026-07-27T21:43:00Z,2026-07-27T21:41:00Z,2026-07-27T21:41:00Z,2026-07-27T20:23:03Z,91
amtrak,NER,136,2026-07-27,WAS,Washington Union Station,2026-07-27T21:00:00Z,2026-07-27T21:00:00Z,2026-07-27T21:00:00Z,2026-07-27T21:00:00Z,2026-07-27T20:23:03Z,91
amtrak,NER,137,2026-07-27,BAL,Baltimore Penn Station,2026-07-28T01:07:00Z,2026-07-28T01:05:00Z,2026-07-28T01:05:00Z,2026-07-28T01:05:00Z,2026-07-27T20:23:03Z,91
amtrak,NER,137,2026-07-27,WAS,Washington Union Station,2026-07-28T01:55:00Z,2026-07-28T01:44:00Z,2026-07-28T01:55:00Z,2026-07-28T01:44:00Z,2026-07-27T20:23:03Z,91
amtrak,NER,138,2026-07-27,BAL,Baltimore Penn Station,2026-07-27T23:18:00Z,2026-07-27T23:16:00Z,2026-07-27T23:16:00Z,2026-07-27T23:16:00Z,2026-07-27T20:23:03Z,91
amtrak,NER,138,2026-07-27,WAS,Washington Union Station,2026-07-27T22:35:00Z,2026-07-27T21:42:00Z,2026-07-27T21:42:00Z,2026-07-27T21:42:00Z,2026-07-27T20:23:03Z,91
amtrak,NER,148,2026-07-27,BAL,Baltimore Penn Station,2026-07-27T19:38:00Z,2026-07-27T19:43:00Z,2026-07-27T19:36:00Z,2026-07-27T19:41:00Z,2026-07-27T20:23:03Z,91
amtrak,NER,148,2026-07-27,WAS,Washington Union Station,2026-07-27T18:55:00Z,2026-07-27T18:55:00Z,2026-07-27T18:55:00Z,2026-07-27T18:55:00Z,2026-07-27T20:23:03Z,91
amtrak,NER,171,2026-07-27,BAL,Baltimore Penn Station,2026-07-27T19:33:00Z,2026-07-27T20:10:00Z,2026-07-27T19:30:00Z,2026-07-27T20:08:00Z,2026-07-27T20:23:03Z,91
amtrak,NER,171,2026-07-27,WAS,Washington Union Station,2026-07-27T21:00:00Z,2026-07-27T20:46:00Z,2026-07-27T20:25:00Z,2026-07-27T20:46:00Z,2026-07-27T20:23:03Z,91
amtrak,NER,173,2026-07-27,BAL,Baltimore Penn Station,2026-07-27T22:49:00Z,2026-07-27T22:46:00Z,2026-07-27T22:46:00Z,2026-07-27T22:46:00Z,2026-07-27T20:23:03Z,91
amtrak,NER,173,2026-07-27,WAS,Washington Union Station,2026-07-27T23:38:00Z,2026-07-27T23:25:00Z,2026-07-27T23:38:00Z,2026-07-27T23:25:00Z,2026-07-27T20:23:03Z,91
amtrak,NER,174,2026-07-27,BAL,Baltimore Penn Station,2026-07-27T15:18:00Z,2026-07-27T15:21:00Z,2026-07-27T15:16:00Z,2026-07-27T15:18:00Z,2026-07-27T20:23:03Z,91
amtrak,NER,174,2026-07-27,WAS,Washington Union Station,2026-07-27T14:35:00Z,2026-07-27T14:35:00Z,2026-07-27T14:35:00Z,2026-07-27T14:35:00Z,2026-07-27T20:23:03Z,91
amtrak,NER,175,2026-07-27,BAL,Baltimore Penn Station,2026-07-28T02:38:00Z,2026-07-28T02:35:00Z,2026-07-28T02:35:00Z,2026-07-28T02:35:00Z,2026-07-27T20:23:03Z,91
amtrak,NER,175,2026-07-27,WAS,Washington Union Station,2026-07-28T03:19:00Z,2026-07-28T03:15:00Z,2026-07-28T03:19:00Z,2026-07-28T03:15:00Z,2026-07-27T20:23:03Z,91
amtrak,NER,176,2026-07-27,BAL,Baltimore Penn Station,2026-07-27T20:08:00Z,2026-07-27T20:14:00Z,2026-07-27T20:06:00Z,2026-07-27T20:10:00Z,2026-07-27T20:23:03Z,91
amtrak,NER,176,2026-07-27,WAS,Washington Union Station,2026-07-27T19:30:00Z,2026-07-27T19:30:00Z,2026-07-27T19:30:00Z,2026-07-27T19:30:00Z,2026-07-27T20:23:03Z,91
amtrak,NER,178,2026-07-27,BAL,Baltimore Penn Station,2026-07-27T20:39:00Z,2026-07-27T20:37:00Z,2026-07-27T20:37:00Z,2026-07-27T20:37:00Z,2026-07-27T20:23:03Z,91
amtrak,NER,178,2026-07-27,WAS,Washington Union Station,2026-07-27T19:56:00Z,2026-07-27T19:56:00Z,2026-07-27T18:55:00Z,2026-07-27T19:15:00Z,2026-07-27T20:23:03Z,91
amtrak,NER,184,2026-07-27,BAL,Baltimore Penn Station,2026-07-27T17:54:00Z,2026-07-27T17:57:00Z,2026-07-27T17:52:00Z,2026-07-27T17:53:00Z,2026-07-27T20:23:03Z,91
amtrak,NER,184,2026-07-27,WAS,Washington Union Station,2026-07-27T17:20:00Z,2026-07-27T17:20:00Z,2026-07-27T17:20:00Z,2026-07-27T17:20:00Z,2026-07-27T20:23:03Z,91
amtrak,NER,186,2026-07-27,BAL,Baltimore Penn Station,2026-07-28T01:14:00Z,2026-07-28T01:12:00Z,2026-07-28T01:12:00Z,2026-07-28T01:12:00Z,2026-07-27T20:23:03Z,91
amtrak,NER,186,2026-07-27,WAS,Washington Union Station,2026-07-28T00:30:00Z,2026-07-27T23:55:00Z,2026-07-27T23:55:00Z,2026-07-27T23:55:00Z,2026-07-27T20:23:03Z,91
marc,11705,Train428,2026-07-27,11958,UNION STATION MARC Washington,2026-07-27T19:40:00Z,2026-07-27T19:41:03Z,NA,NA,2026-07-27T20:26:05Z,90.9
marc,11705,Train428,2026-07-27,12002,PENN STATION MARC nb,NA,NA,2026-07-27T20:40:00Z,2026-07-27T20:39:37Z,2026-07-27T20:26:05Z,90.9
marc,11705,Train439,2026-07-27,11980,PENN STATION MARC sb,2026-07-27T19:45:00Z,2026-07-27T19:45:58Z,NA,NA,2026-07-27T20:26:05Z,90.9
marc,11705,Train439,2026-07-27,11958,UNION STATION MARC Washington,NA,NA,2026-07-27T20:45:00Z,2026-07-27T20:52:46Z,2026-07-27T20:26:05Z,90.9
marc,11705,Train532,2026-07-27,11958,UNION STATION MARC Washington,2026-07-27T20:10:00Z,2026-07-27T20:11:08Z,NA,NA,2026-07-27T20:26:05Z,90.9
marc,11705,Train532,2026-07-27,12002,PENN STATION MARC nb,2026-07-27T21:01:00Z,2026-07-27T21:02:43Z,2026-07-27T21:00:30Z,2026-07-27T21:02:13Z,2026-07-27T20:26:05Z,90.9
marc,11705,Train537,2026-07-27,11980,PENN STATION MARC sb,2026-07-27T19:28:00Z,2026-07-27T19:20:53Z,2026-07-27T19:18:30Z,2026-07-27T19:20:53Z,2026-07-27T20:26:05Z,90.9
marc,11705,Train537,2026-07-27,11958,UNION STATION MARC Washington,NA,NA,2026-07-27T20:17:00Z,2026-07-27T20:06:59Z,2026-07-27T20:26:05Z,90.9
marc,11705,Train641,2026-07-27,11980,PENN STATION MARC sb,2026-07-27T20:08:00Z,2026-07-27T20:12:05Z,2026-07-27T20:07:00Z,2026-07-27T20:06:14Z,2026-07-27T20:26:05Z,90.9
marc,11705,Train641,2026-07-27,11958,UNION STATION MARC Washington,NA,NA,2026-07-27T21:01:00Z,2026-07-27T21:11:29Z,2026-07-27T20:26:05Z,90.9
amtrak,NER,66,2026-07-27,BAL,Baltimore Penn Station,2026-07-28T02:51:00Z,2026-07-28T02:49:00Z,2026-07-28T02:49:00Z,2026-07-28T02:49:00Z,2026-07-27T20:26:05Z,90.9
amtrak,NER,66,2026-07-27,WAS,Washington Union Station,2026-07-28T02:00:00Z,2026-07-28T01:28:00Z,2026-07-28T01:28:00Z,2026-07-28T01:28:00Z,2026-07-27T20:26:05Z,90.9
amtrak,NER,85,2026-07-27,BAL,Baltimore Penn Station,2026-07-27T21:50:00Z,2026-07-27T21:47:00Z,2026-07-27T21:47:00Z,2026-07-27T21:47:00Z,2026-07-27T20:26:05Z,90.9
amtrak,NER,85,2026-07-27,WAS,Washington Union Station,2026-07-27T22:39:00Z,2026-07-27T22:28:00Z,2026-07-27T22:39:00Z,2026-07-27T22:28:00Z,2026-07-27T20:26:05Z,90.9
amtrak,NER,86,2026-07-27,BAL,Baltimore Penn Station,2026-07-27T13:32:00Z,2026-07-27T14:09:00Z,2026-07-27T13:30:00Z,2026-07-27T14:06:00Z,2026-07-27T20:26:05Z,90.9
amtrak,NER,86,2026-07-27,WAS,Washington Union Station,2026-07-27T12:50:00Z,2026-07-27T13:22:00Z,2026-07-27T12:18:00Z,2026-07-27T13:04:00Z,2026-07-27T20:26:05Z,90.9
amtrak,NER,93,2026-07-27,BAL,Baltimore Penn Station,2026-07-27T20:39:00Z,2026-07-27T20:43:00Z,2026-07-27T20:37:00Z,2026-07-27T20:43:00Z,2026-07-27T20:26:05Z,90.9
amtrak,NER,93,2026-07-27,WAS,Washington Union Station,2026-07-27T22:05:00Z,2026-07-27T21:25:00Z,2026-07-27T21:25:00Z,2026-07-27T21:25:00Z,2026-07-27T20:26:05Z,90.9
amtrak,NER,94,2026-07-27,BAL,Baltimore Penn Station,2026-07-27T18:43:00Z,2026-07-27T19:23:00Z,2026-07-27T18:41:00Z,2026-07-27T19:21:00Z,2026-07-27T20:26:05Z,90.9
amtrak,NER,94,2026-07-27,WAS,Washington Union Station,2026-07-27T18:00:00Z,2026-07-27T18:34:00Z,2026-07-27T17:23:00Z,2026-07-27T18:01:00Z,2026-07-27T20:26:05Z,90.9
amtrak,NER,95,2026-07-27,BAL,Baltimore Penn Station,2026-07-27T17:23:00Z,2026-07-27T17:24:00Z,2026-07-27T17:14:00Z,2026-07-27T17:13:00Z,2026-07-27T20:26:05Z,90.9
amtrak,NER,95,2026-07-27,WAS,Washington Union Station,2026-07-27T18:35:00Z,2026-07-27T18:35:00Z,2026-07-27T18:05:00Z,2026-07-27T18:07:00Z,2026-07-27T20:26:05Z,90.9
amtrak,NER,125,2026-07-27,BAL,Baltimore Penn Station,2026-07-27T18:28:00Z,2026-07-27T18:34:00Z,2026-07-27T18:25:00Z,2026-07-27T18:24:00Z,2026-07-27T20:26:05Z,90.9
amtrak,NER,125,2026-07-27,WAS,Washington Union Station,2026-07-27T19:50:00Z,2026-07-27T19:50:00Z,2026-07-27T19:11:00Z,2026-07-27T19:10:00Z,2026-07-27T20:26:05Z,90.9
amtrak,NER,129,2026-07-27,BAL,Baltimore Penn Station,2026-07-27T23:18:00Z,2026-07-27T23:18:00Z,2026-07-27T23:12:00Z,2026-07-27T23:12:00Z,2026-07-27T20:26:05Z,90.9
amtrak,NER,129,2026-07-27,WAS,Washington Union Station,2026-07-28T00:01:00Z,2026-07-28T00:01:00Z,2026-07-28T00:01:00Z,2026-07-27T23:55:00Z,2026-07-27T20:26:05Z,90.9
amtrak,NER,136,2026-07-27,BAL,Baltimore Penn Station,2026-07-27T21:43:00Z,2026-07-27T21:43:00Z,2026-07-27T21:41:00Z,2026-07-27T21:41:00Z,2026-07-27T20:26:05Z,90.9
amtrak,NER,136,2026-07-27,WAS,Washington Union Station,2026-07-27T21:00:00Z,2026-07-27T21:00:00Z,2026-07-27T21:00:00Z,2026-07-27T21:00:00Z,2026-07-27T20:26:05Z,90.9
amtrak,NER,137,2026-07-27,BAL,Baltimore Penn Station,2026-07-28T01:07:00Z,2026-07-28T01:05:00Z,2026-07-28T01:05:00Z,2026-07-28T01:05:00Z,2026-07-27T20:26:05Z,90.9
amtrak,NER,137,2026-07-27,WAS,Washington Union Station,2026-07-28T01:55:00Z,2026-07-28T01:44:00Z,2026-07-28T01:55:00Z,2026-07-28T01:44:00Z,2026-07-27T20:26:05Z,90.9
amtrak,NER,138,2026-07-27,BAL,Baltimore Penn Station,2026-07-27T23:18:00Z,2026-07-27T23:16:00Z,2026-07-27T23:16:00Z,2026-07-27T23:16:00Z,2026-07-27T20:26:05Z,90.9
amtrak,NER,138,2026-07-27,WAS,Washington Union Station,2026-07-27T22:35:00Z,2026-07-27T21:42:00Z,2026-07-27T21:42:00Z,2026-07-27T21:42:00Z,2026-07-27T20:26:05Z,90.9
amtrak,NER,148,2026-07-27,BAL,Baltimore Penn Station,2026-07-27T19:38:00Z,2026-07-27T19:43:00Z,2026-07-27T19:36:00Z,2026-07-27T19:41:00Z,2026-07-27T20:26:05Z,90.9
amtrak,NER,148,2026-07-27,WAS,Washington Union Station,2026-07-27T18:55:00Z,2026-07-27T18:55:00Z,2026-07-27T18:55:00Z,2026-07-27T18:55:00Z,2026-07-27T20:26:05Z,90.9
amtrak,NER,171,2026-07-27,BAL,Baltimore Penn Station,2026-07-27T19:33:00Z,2026-07-27T20:10:00Z,2026-07-27T19:30:00Z,2026-07-27T20:08:00Z,2026-07-27T20:26:05Z,90.9
amtrak,NER,171,2026-07-27,WAS,Washington Union Station,2026-07-27T21:00:00Z,2026-07-27T20:46:00Z,2026-07-27T20:25:00Z,2026-07-27T20:46:00Z,2026-07-27T20:26:05Z,90.9
amtrak,NER,173,2026-07-27,BAL,Baltimore Penn Station,2026-07-27T22:49:00Z,2026-07-27T22:46:00Z,2026-07-27T22:46:00Z,2026-07-27T22:46:00Z,2026-07-27T20:26:05Z,90.9
amtrak,NER,173,2026-07-27,WAS,Washington Union Station,2026-07-27T23:38:00Z,2026-07-27T23:25:00Z,2026-07-27T23:38:00Z,2026-07-27T23:25:00Z,2026-07-27T20:26:05Z,90.9
amtrak,NER,174,2026-07-27,BAL,Baltimore Penn Station,2026-07-27T15:18:00Z,2026-07-27T15:21:00Z,2026-07-27T15:16:00Z,2026-07-27T15:18:00Z,2026-07-27T20:26:05Z,90.9
amtrak,NER,174,2026-07-27,WAS,Washington Union Station,2026-07-27T14:35:00Z,2026-07-27T14:35:00Z,2026-07-27T14:35:00Z,2026-07-27T14:35:00Z,2026-07-27T20:26:05Z,90.9
amtrak,NER,175,2026-07-27,BAL,Baltimore Penn Station,2026-07-28T02:38:00Z,2026-07-28T02:35:00Z,2026-07-28T02:35:00Z,2026-07-28T02:35:00Z,2026-07-27T20:26:05Z,90.9
amtrak,NER,175,2026-07-27,WAS,Washington Union Station,2026-07-28T03:19:00Z,2026-07-28T03:15:00Z,2026-07-28T03:19:00Z,2026-07-28T03:15:00Z,2026-07-27T20:26:05Z,90.9
amtrak,NER,176,2026-07-27,BAL,Baltimore Penn Station,2026-07-27T20:08:00Z,2026-07-27T20:14:00Z,2026-07-27T20:06:00Z,2026-07-27T20:10:00Z,2026-07-27T20:26:05Z,90.9
amtrak,NER,176,2026-07-27,WAS,Washington Union Station,2026-07-27T19:30:00Z,2026-07-27T19:30:00Z,2026-07-27T19:30:00Z,2026-07-27T19:30:00Z,2026-07-27T20:26:05Z,90.9
amtrak,NER,178,2026-07-27,BAL,Baltimore Penn Station,2026-07-27T20:39:00Z,2026-07-27T20:37:00Z,2026-07-27T20:37:00Z,2026-07-27T20:37:00Z,2026-07-27T20:26:05Z,90.9
amtrak,NER,178,2026-07-27,WAS,Washington Union Station,2026-07-27T19:56:00Z,2026-07-27T19:56:00Z,2026-07-27T18:55:00Z,2026-07-27T19:15:00Z,2026-07-27T20:26:05Z,90.9
amtrak,NER,184,2026-07-27,BAL,Baltimore Penn Station,2026-07-27T17:54:00Z,2026-07-27T17:57:00Z,2026-07-27T17:52:00Z,2026-07-27T17:53:00Z,2026-07-27T20:26:05Z,90.9
amtrak,NER,184,2026-07-27,WAS,Washington Union Station,2026-07-27T17:20:00Z,2026-07-27T17:20:00Z,2026-07-27T17:20:00Z,2026-07-27T17:20:00Z,2026-07-27T20:26:05Z,90.9
amtrak,NER,186,2026-07-27,BAL,Baltimore Penn Station,2026-07-28T01:14:00Z,2026-07-28T01:12:00Z,2026-07-28T01:12:00Z,2026-07-28T01:12:00Z,2026-07-27T20:26:05Z,90.9
amtrak,NER,186,2026-07-27,WAS,Washington Union Station,2026-07-28T00:30:00Z,2026-07-27T23:55:00Z,2026-07-27T23:55:00Z,2026-07-27T23:55:00Z,2026-07-27T20:26:05Z,90.9
marc,11705,Train438,2026-07-27,11958,UNION STATION MARC Washington,2026-07-27T21:27:00Z,2026-07-27T21:27:46Z,NA,NA,2026-07-27T21:33:20Z,78.2
marc,11705,Train438,2026-07-27,12002,PENN STATION MARC nb,NA,NA,2026-07-27T22:25:00Z,2026-07-27T22:26:21Z,2026-07-27T21:33:20Z,78.2
marc,11705,Train445,2026-07-27,11958,UNION STATION MARC Washington,NA,NA,2026-07-27T22:35:00Z,2026-07-27T22:35:00Z,2026-07-27T21:33:20Z,78.2
marc,11705,Train430,2026-07-27,11958,UNION STATION MARC Washington,2026-07-27T20:30:00Z,2026-07-27T20:31:29Z,NA,NA,2026-07-27T21:33:20Z,78.2
marc,11705,Train430,2026-07-27,12002,PENN STATION MARC nb,NA,NA,2026-07-27T21:29:00Z,2026-07-27T21:34:44Z,2026-07-27T21:33:20Z,78.2
marc,11705,Train443,2026-07-27,11980,PENN STATION MARC sb,2026-07-27T20:52:00Z,2026-07-27T20:52:00Z,NA,NA,2026-07-27T21:33:20Z,78.2
marc,11705,Train443,2026-07-27,11958,UNION STATION MARC Washington,NA,NA,2026-07-27T21:51:00Z,2026-07-27T21:59:09Z,2026-07-27T21:33:20Z,78.2
marc,11705,Train532,2026-07-27,11958,UNION STATION MARC Washington,2026-07-27T20:10:00Z,2026-07-27T20:11:08Z,NA,NA,2026-07-27T21:33:20Z,78.2
marc,11705,Train532,2026-07-27,12002,PENN STATION MARC nb,2026-07-27T21:01:00Z,2026-07-27T20:59:32Z,2026-07-27T21:00:30Z,2026-07-27T20:58:17Z,2026-07-27T21:33:20Z,78.2
marc,11705,Train536,2026-07-27,11958,UNION STATION MARC Washington,2026-07-27T21:18:00Z,2026-07-27T21:19:16Z,NA,NA,2026-07-27T21:33:20Z,78.2
marc,11705,Train536,2026-07-27,12002,PENN STATION MARC nb,2026-07-27T22:05:00Z,2026-07-27T22:09:42Z,2026-07-27T22:04:00Z,2026-07-27T22:08:42Z,2026-07-27T21:33:20Z,78.2
marc,11705,Train634,2026-07-27,11958,UNION STATION MARC Washington,2026-07-27T20:45:00Z,2026-07-27T20:46:30Z,NA,NA,2026-07-27T21:33:20Z,78.2
marc,11705,Train634,2026-07-27,12002,PENN STATION MARC nb,2026-07-27T21:36:00Z,2026-07-27T21:45:06Z,2026-07-27T21:34:50Z,2026-07-27T21:43:56Z,2026-07-27T21:33:20Z,78.2
amtrak,NER,66,2026-07-27,BAL,Baltimore Penn Station,2026-07-28T02:51:00Z,2026-07-28T02:49:00Z,2026-07-28T02:49:00Z,2026-07-28T02:49:00Z,2026-07-27T21:33:20Z,78.2
amtrak,NER,66,2026-07-27,WAS,Washington Union Station,2026-07-28T02:00:00Z,2026-07-28T01:28:00Z,2026-07-28T01:28:00Z,2026-07-28T01:28:00Z,2026-07-27T21:33:20Z,78.2
amtrak,NER,85,2026-07-27,BAL,Baltimore Penn Station,2026-07-27T21:50:00Z,2026-07-27T21:53:00Z,2026-07-27T21:47:00Z,2026-07-27T21:53:00Z,2026-07-27T21:33:20Z,78.2
amtrak,NER,85,2026-07-27,WAS,Washington Union Station,2026-07-27T22:39:00Z,2026-07-27T22:35:00Z,2026-07-27T22:39:00Z,2026-07-27T22:35:00Z,2026-07-27T21:33:20Z,78.2
amtrak,NER,93,2026-07-27,BAL,Baltimore Penn Station,2026-07-27T20:39:00Z,2026-07-27T20:46:00Z,2026-07-27T20:37:00Z,2026-07-27T20:43:00Z,2026-07-27T21:33:20Z,78.2
amtrak,NER,93,2026-07-27,WAS,Washington Union Station,2026-07-27T22:05:00Z,2026-07-27T22:05:00Z,2026-07-27T21:25:00Z,2026-07-27T21:25:00Z,2026-07-27T21:33:20Z,78.2
amtrak,NER,94,2026-07-27,BAL,Baltimore Penn Station,2026-07-27T18:43:00Z,2026-07-27T19:23:00Z,2026-07-27T18:41:00Z,2026-07-27T19:21:00Z,2026-07-27T21:33:20Z,78.2
amtrak,NER,94,2026-07-27,WAS,Washington Union Station,2026-07-27T18:00:00Z,2026-07-27T18:34:00Z,2026-07-27T17:23:00Z,2026-07-27T18:01:00Z,2026-07-27T21:33:20Z,78.2
amtrak,NER,95,2026-07-27,BAL,Baltimore Penn Station,2026-07-27T17:23:00Z,2026-07-27T17:24:00Z,2026-07-27T17:14:00Z,2026-07-27T17:13:00Z,2026-07-27T21:33:20Z,78.2
amtrak,NER,95,2026-07-27,WAS,Washington Union Station,2026-07-27T18:35:00Z,2026-07-27T18:35:00Z,2026-07-27T18:05:00Z,2026-07-27T18:07:00Z,2026-07-27T21:33:20Z,78.2
amtrak,NER,125,2026-07-27,BAL,Baltimore Penn Station,2026-07-27T18:28:00Z,2026-07-27T18:34:00Z,2026-07-27T18:25:00Z,2026-07-27T18:24:00Z,2026-07-27T21:33:20Z,78.2
amtrak,NER,125,2026-07-27,WAS,Washington Union Station,2026-07-27T19:50:00Z,2026-07-27T19:50:00Z,2026-07-27T19:11:00Z,2026-07-27T19:10:00Z,2026-07-27T21:33:20Z,78.2
amtrak,NER,129,2026-07-27,BAL,Baltimore Penn Station,2026-07-27T23:18:00Z,2026-07-27T23:12:00Z,2026-07-27T23:12:00Z,2026-07-27T23:12:00Z,2026-07-27T21:33:20Z,78.2
amtrak,NER,129,2026-07-27,WAS,Washington Union Station,2026-07-28T00:01:00Z,2026-07-27T23:55:00Z,2026-07-28T00:01:00Z,2026-07-27T23:55:00Z,2026-07-27T21:33:20Z,78.2
amtrak,NER,136,2026-07-27,BAL,Baltimore Penn Station,2026-07-27T21:43:00Z,2026-07-27T21:41:00Z,2026-07-27T21:41:00Z,2026-07-27T21:41:00Z,2026-07-27T21:33:20Z,78.2
amtrak,NER,136,2026-07-27,WAS,Washington Union Station,2026-07-27T21:00:00Z,2026-07-27T21:00:00Z,2026-07-27T21:00:00Z,2026-07-27T21:00:00Z,2026-07-27T21:33:20Z,78.2
amtrak,NER,137,2026-07-27,BAL,Baltimore Penn Station,2026-07-28T01:07:00Z,2026-07-28T01:05:00Z,2026-07-28T01:05:00Z,2026-07-28T01:05:00Z,2026-07-27T21:33:20Z,78.2
amtrak,NER,137,2026-07-27,WAS,Washington Union Station,2026-07-28T01:55:00Z,2026-07-28T01:44:00Z,2026-07-28T01:55:00Z,2026-07-28T01:44:00Z,2026-07-27T21:33:20Z,78.2
amtrak,NER,138,2026-07-27,BAL,Baltimore Penn Station,2026-07-27T23:18:00Z,2026-07-27T23:16:00Z,2026-07-27T23:16:00Z,2026-07-27T23:16:00Z,2026-07-27T21:33:20Z,78.2
amtrak,NER,138,2026-07-27,WAS,Washington Union Station,2026-07-27T22:35:00Z,2026-07-27T21:38:00Z,2026-07-27T21:42:00Z,2026-07-27T21:38:00Z,2026-07-27T21:33:20Z,78.2
amtrak,NER,148,2026-07-27,BAL,Baltimore Penn Station,2026-07-27T19:38:00Z,2026-07-27T19:43:00Z,2026-07-27T19:36:00Z,2026-07-27T19:41:00Z,2026-07-27T21:33:20Z,78.2
amtrak,NER,148,2026-07-27,WAS,Washington Union Station,2026-07-27T18:55:00Z,2026-07-27T18:55:00Z,2026-07-27T18:55:00Z,2026-07-27T18:55:00Z,2026-07-27T21:33:20Z,78.2
amtrak,NER,171,2026-07-27,BAL,Baltimore Penn Station,2026-07-27T19:33:00Z,2026-07-27T20:10:00Z,2026-07-27T19:30:00Z,2026-07-27T20:08:00Z,2026-07-27T21:33:20Z,78.2
amtrak,NER,171,2026-07-27,WAS,Washington Union Station,2026-07-27T21:00:00Z,2026-07-27T21:21:00Z,2026-07-27T20:25:00Z,2026-07-27T20:56:00Z,2026-07-27T21:33:20Z,78.2
amtrak,NER,173,2026-07-27,BAL,Baltimore Penn Station,2026-07-27T22:49:00Z,2026-07-27T22:42:00Z,2026-07-27T22:46:00Z,2026-07-27T22:42:00Z,2026-07-27T21:33:20Z,78.2
amtrak,NER,173,2026-07-27,WAS,Washington Union Station,2026-07-27T23:38:00Z,2026-07-27T23:25:00Z,2026-07-27T23:38:00Z,2026-07-27T23:25:00Z,2026-07-27T21:33:20Z,78.2
amtrak,NER,174,2026-07-27,BAL,Baltimore Penn Station,2026-07-27T15:18:00Z,2026-07-27T15:21:00Z,2026-07-27T15:16:00Z,2026-07-27T15:18:00Z,2026-07-27T21:33:20Z,78.2
amtrak,NER,174,2026-07-27,WAS,Washington Union Station,2026-07-27T14:35:00Z,2026-07-27T14:35:00Z,2026-07-27T14:35:00Z,2026-07-27T14:35:00Z,2026-07-27T21:33:20Z,78.2
amtrak,NER,175,2026-07-27,BAL,Baltimore Penn Station,2026-07-28T02:38:00Z,2026-07-28T02:35:00Z,2026-07-28T02:35:00Z,2026-07-28T02:35:00Z,2026-07-27T21:33:20Z,78.2
amtrak,NER,175,2026-07-27,WAS,Washington Union Station,2026-07-28T03:19:00Z,2026-07-28T03:15:00Z,2026-07-28T03:19:00Z,2026-07-28T03:15:00Z,2026-07-27T21:33:20Z,78.2
amtrak,NER,176,2026-07-27,BAL,Baltimore Penn Station,2026-07-27T20:08:00Z,2026-07-27T20:14:00Z,2026-07-27T20:06:00Z,2026-07-27T20:10:00Z,2026-07-27T21:33:20Z,78.2
amtrak,NER,176,2026-07-27,WAS,Washington Union Station,2026-07-27T19:30:00Z,2026-07-27T19:30:00Z,2026-07-27T19:30:00Z,2026-07-27T19:30:00Z,2026-07-27T21:33:20Z,78.2
amtrak,NER,178,2026-07-27,BAL,Baltimore Penn Station,2026-07-27T20:39:00Z,2026-07-27T20:42:00Z,2026-07-27T20:37:00Z,2026-07-27T20:40:00Z,2026-07-27T21:33:20Z,78.2
amtrak,NER,178,2026-07-27,WAS,Washington Union Station,2026-07-27T19:56:00Z,2026-07-27T19:56:00Z,2026-07-27T18:55:00Z,2026-07-27T19:15:00Z,2026-07-27T21:33:20Z,78.2
amtrak,NER,184,2026-07-27,BAL,Baltimore Penn Station,2026-07-27T17:54:00Z,2026-07-27T17:57:00Z,2026-07-27T17:52:00Z,2026-07-27T17:53:00Z,2026-07-27T21:33:20Z,78.2
amtrak,NER,184,2026-07-27,WAS,Washington Union Station,2026-07-27T17:20:00Z,2026-07-27T17:20:00Z,2026-07-27T17:20:00Z,2026-07-27T17:20:00Z,2026-07-27T21:33:20Z,78.2
amtrak,NER,186,2026-07-27,BAL,Baltimore Penn Station,2026-07-28T01:14:00Z,2026-07-28T01:12:00Z,2026-07-28T01:12:00Z,2026-07-28T01:12:00Z,2026-07-27T21:33:20Z,78.2
amtrak,NER,186,2026-07-27,WAS,Washington Union Station,2026-07-28T00:30:00Z,2026-07-27T23:55:00Z,2026-07-27T23:55:00Z,2026-07-27T23:55:00Z,2026-07-27T21:33:20Z,78.2
amtrak,NER,196,2026-07-27,BAL,Baltimore Penn Station,2026-07-27T22:49:00Z,2026-07-27T22:49:00Z,2026-07-27T22:46:00Z,2026-07-27T22:46:00Z,2026-07-27T21:33:20Z,78.2
amtrak,NER,196,2026-07-27,WAS,Washington Union Station,2026-07-27T22:08:00Z,2026-07-27T22:08:00Z,2026-07-27T22:08:00Z,2026-07-27T22:08:00Z,2026-07-27T21:33:20Z,78.2
amtrak,NER,197,2026-07-27,BAL,Baltimore Penn Station,2026-07-28T00:49:00Z,2026-07-28T00:49:00Z,2026-07-28T00:48:00Z,2026-07-28T00:48:00Z,2026-07-27T21:33:20Z,78.2
amtrak,NER,197,2026-07-27,WAS,Washington Union Station,2026-07-28T01:32:00Z,2026-07-28T01:32:00Z,2026-07-28T01:32:00Z,2026-07-28T01:22:00Z,2026-07-27T21:33:20Z,78.2
marc,11705,Train438,2026-07-27,11958,UNION STATION MARC Washington,2026-07-27T21:27:00Z,2026-07-27T21:27:46Z,NA,NA,2026-07-27T21:36:22Z,75.5
marc,11705,Train438,2026-07-27,12002,PENN STATION MARC nb,NA,NA,2026-07-27T22:25:00Z,2026-07-27T22:26:19Z,2026-07-27T21:36:22Z,75.5
marc,11705,Train440,2026-07-27,12002,PENN STATION MARC nb,NA,NA,2026-07-27T22:42:00Z,2026-07-27T22:42:00Z,2026-07-27T21:36:22Z,75.5
marc,11705,Train445,2026-07-27,11980,PENN STATION MARC sb,2026-07-27T21:30:00Z,2026-07-27T21:30:00Z,NA,NA,2026-07-27T21:36:22Z,75.5
marc,11705,Train445,2026-07-27,11958,UNION STATION MARC Washington,NA,NA,2026-07-27T22:35:00Z,2026-07-27T22:36:46Z,2026-07-27T21:36:22Z,75.5
marc,11705,Train430,2026-07-27,11958,UNION STATION MARC Washington,2026-07-27T20:30:00Z,2026-07-27T20:31:29Z,NA,NA,2026-07-27T21:36:22Z,75.5
marc,11705,Train430,2026-07-27,12002,PENN STATION MARC nb,NA,NA,2026-07-27T21:29:00Z,2026-07-27T21:34:44Z,2026-07-27T21:36:22Z,75.5
marc,11705,Train443,2026-07-27,11980,PENN STATION MARC sb,2026-07-27T20:52:00Z,2026-07-27T20:52:00Z,NA,NA,2026-07-27T21:36:22Z,75.5
marc,11705,Train443,2026-07-27,11958,UNION STATION MARC Washington,NA,NA,2026-07-27T21:51:00Z,2026-07-27T21:59:59Z,2026-07-27T21:36:22Z,75.5
marc,11705,Train532,2026-07-27,11958,UNION STATION MARC Washington,2026-07-27T20:10:00Z,2026-07-27T20:11:08Z,NA,NA,2026-07-27T21:36:22Z,75.5
marc,11705,Train532,2026-07-27,12002,PENN STATION MARC nb,2026-07-27T21:01:00Z,2026-07-27T20:59:32Z,2026-07-27T21:00:30Z,2026-07-27T20:58:17Z,2026-07-27T21:36:22Z,75.5
marc,11705,Train536,2026-07-27,11958,UNION STATION MARC Washington,2026-07-27T21:18:00Z,2026-07-27T21:19:16Z,NA,NA,2026-07-27T21:36:22Z,75.5
marc,11705,Train536,2026-07-27,12002,PENN STATION MARC nb,2026-07-27T22:05:00Z,2026-07-27T22:09:47Z,2026-07-27T22:04:00Z,2026-07-27T22:08:47Z,2026-07-27T21:36:22Z,75.5
marc,11705,Train634,2026-07-27,11958,UNION STATION MARC Washington,2026-07-27T20:45:00Z,2026-07-27T20:46:30Z,NA,NA,2026-07-27T21:36:22Z,75.5
marc,11705,Train634,2026-07-27,12002,PENN STATION MARC nb,2026-07-27T21:36:00Z,2026-07-27T21:45:06Z,2026-07-27T21:34:50Z,2026-07-27T21:43:56Z,2026-07-27T21:36:22Z,75.5
amtrak,NER,66,2026-07-27,BAL,Baltimore Penn Station,2026-07-28T02:51:00Z,2026-07-28T02:49:00Z,2026-07-28T02:49:00Z,2026-07-28T02:49:00Z,2026-07-27T21:36:22Z,75.5
amtrak,NER,66,2026-07-27,WAS,Washington Union Station,2026-07-28T02:00:00Z,2026-07-28T01:28:00Z,2026-07-28T01:28:00Z,2026-07-28T01:28:00Z,2026-07-27T21:36:22Z,75.5
amtrak,NER,85,2026-07-27,BAL,Baltimore Penn Station,2026-07-27T21:50:00Z,2026-07-27T21:53:00Z,2026-07-27T21:47:00Z,2026-07-27T21:53:00Z,2026-07-27T21:36:22Z,75.5
amtrak,NER,85,2026-07-27,WAS,Washington Union Station,2026-07-27T22:39:00Z,2026-07-27T22:35:00Z,2026-07-27T22:39:00Z,2026-07-27T22:35:00Z,2026-07-27T21:36:22Z,75.5
amtrak,NER,93,2026-07-27,BAL,Baltimore Penn Station,2026-07-27T20:39:00Z,2026-07-27T20:46:00Z,2026-07-27T20:37:00Z,2026-07-27T20:43:00Z,2026-07-27T21:36:22Z,75.5
amtrak,NER,93,2026-07-27,WAS,Washington Union Station,2026-07-27T22:05:00Z,2026-07-27T22:05:00Z,2026-07-27T21:25:00Z,2026-07-27T21:25:00Z,2026-07-27T21:36:22Z,75.5
amtrak,NER,94,2026-07-27,BAL,Baltimore Penn Station,2026-07-27T18:43:00Z,2026-07-27T19:23:00Z,2026-07-27T18:41:00Z,2026-07-27T19:21:00Z,2026-07-27T21:36:22Z,75.5
amtrak,NER,94,2026-07-27,WAS,Washington Union Station,2026-07-27T18:00:00Z,2026-07-27T18:34:00Z,2026-07-27T17:23:00Z,2026-07-27T18:01:00Z,2026-07-27T21:36:22Z,75.5
amtrak,NER,95,2026-07-27,BAL,Baltimore Penn Station,2026-07-27T17:23:00Z,2026-07-27T17:24:00Z,2026-07-27T17:14:00Z,2026-07-27T17:13:00Z,2026-07-27T21:36:22Z,75.5
amtrak,NER,95,2026-07-27,WAS,Washington Union Station,2026-07-27T18:35:00Z,2026-07-27T18:35:00Z,2026-07-27T18:05:00Z,2026-07-27T18:07:00Z,2026-07-27T21:36:22Z,75.5
amtrak,NER,125,2026-07-27,BAL,Baltimore Penn Station,2026-07-27T18:28:00Z,2026-07-27T18:34:00Z,2026-07-27T18:25:00Z,2026-07-27T18:24:00Z,2026-07-27T21:36:22Z,75.5
amtrak,NER,125,2026-07-27,WAS,Washington Union Station,2026-07-27T19:50:00Z,2026-07-27T19:50:00Z,2026-07-27T19:11:00Z,2026-07-27T19:10:00Z,2026-07-27T21:36:22Z,75.5
amtrak,NER,129,2026-07-27,BAL,Baltimore Penn Station,2026-07-27T23:18:00Z,2026-07-27T23:12:00Z,2026-07-27T23:12:00Z,2026-07-27T23:12:00Z,2026-07-27T21:36:22Z,75.5
amtrak,NER,129,2026-07-27,WAS,Washington Union Station,2026-07-28T00:01:00Z,2026-07-27T23:55:00Z,2026-07-28T00:01:00Z,2026-07-27T23:55:00Z,2026-07-27T21:36:22Z,75.5
amtrak,NER,136,2026-07-27,BAL,Baltimore Penn Station,2026-07-27T21:43:00Z,2026-07-27T21:41:00Z,2026-07-27T21:41:00Z,2026-07-27T21:41:00Z,2026-07-27T21:36:22Z,75.5
amtrak,NER,136,2026-07-27,WAS,Washington Union Station,2026-07-27T21:00:00Z,2026-07-27T21:00:00Z,2026-07-27T21:00:00Z,2026-07-27T21:00:00Z,2026-07-27T21:36:22Z,75.5
amtrak,NER,137,2026-07-27,BAL,Baltimore Penn Station,2026-07-28T01:07:00Z,2026-07-28T01:05:00Z,2026-07-28T01:05:00Z,2026-07-28T01:05:00Z,2026-07-27T21:36:22Z,75.5
amtrak,NER,137,2026-07-27,WAS,Washington Union Station,2026-07-28T01:55:00Z,2026-07-28T01:44:00Z,2026-07-28T01:55:00Z,2026-07-28T01:44:00Z,2026-07-27T21:36:22Z,75.5
amtrak,NER,138,2026-07-27,BAL,Baltimore Penn Station,2026-07-27T23:18:00Z,2026-07-27T23:16:00Z,2026-07-27T23:16:00Z,2026-07-27T23:16:00Z,2026-07-27T21:36:22Z,75.5
amtrak,NER,138,2026-07-27,WAS,Washington Union Station,2026-07-27T22:35:00Z,2026-07-27T21:42:00Z,2026-07-27T21:42:00Z,2026-07-27T21:42:00Z,2026-07-27T21:36:22Z,75.5
amtrak,NER,148,2026-07-27,BAL,Baltimore Penn Station,2026-07-27T19:38:00Z,2026-07-27T19:43:00Z,2026-07-27T19:36:00Z,2026-07-27T19:41:00Z,2026-07-27T21:36:22Z,75.5
amtrak,NER,148,2026-07-27,WAS,Washington Union Station,2026-07-27T18:55:00Z,2026-07-27T18:55:00Z,2026-07-27T18:55:00Z,2026-07-27T18:55:00Z,2026-07-27T21:36:22Z,75.5
amtrak,NER,171,2026-07-27,BAL,Baltimore Penn Station,2026-07-27T19:33:00Z,2026-07-27T20:10:00Z,2026-07-27T19:30:00Z,2026-07-27T20:08:00Z,2026-07-27T21:36:22Z,75.5
amtrak,NER,171,2026-07-27,WAS,Washington Union Station,2026-07-27T21:00:00Z,2026-07-27T21:21:00Z,2026-07-27T20:25:00Z,2026-07-27T20:56:00Z,2026-07-27T21:36:22Z,75.5
amtrak,NER,173,2026-07-27,BAL,Baltimore Penn Station,2026-07-27T22:49:00Z,2026-07-27T22:42:00Z,2026-07-27T22:46:00Z,2026-07-27T22:42:00Z,2026-07-27T21:36:22Z,75.5
amtrak,NER,173,2026-07-27,WAS,Washington Union Station,2026-07-27T23:38:00Z,2026-07-27T23:25:00Z,2026-07-27T23:38:00Z,2026-07-27T23:25:00Z,2026-07-27T21:36:22Z,75.5
amtrak,NER,174,2026-07-27,BAL,Baltimore Penn Station,2026-07-27T15:18:00Z,2026-07-27T15:21:00Z,2026-07-27T15:16:00Z,2026-07-27T15:18:00Z,2026-07-27T21:36:22Z,75.5
amtrak,NER,174,2026-07-27,WAS,Washington Union Station,2026-07-27T14:35:00Z,2026-07-27T14:35:00Z,2026-07-27T14:35:00Z,2026-07-27T14:35:00Z,2026-07-27T21:36:22Z,75.5
amtrak,NER,175,2026-07-27,BAL,Baltimore Penn Station,2026-07-28T02:38:00Z,2026-07-28T02:35:00Z,2026-07-28T02:35:00Z,2026-07-28T02:35:00Z,2026-07-27T21:36:22Z,75.5
amtrak,NER,175,2026-07-27,WAS,Washington Union Station,2026-07-28T03:19:00Z,2026-07-28T03:15:00Z,2026-07-28T03:19:00Z,2026-07-28T03:15:00Z,2026-07-27T21:36:22Z,75.5
amtrak,NER,176,2026-07-27,BAL,Baltimore Penn Station,2026-07-27T20:08:00Z,2026-07-27T20:14:00Z,2026-07-27T20:06:00Z,2026-07-27T20:10:00Z,2026-07-27T21:36:22Z,75.5
amtrak,NER,176,2026-07-27,WAS,Washington Union Station,2026-07-27T19:30:00Z,2026-07-27T19:30:00Z,2026-07-27T19:30:00Z,2026-07-27T19:30:00Z,2026-07-27T21:36:22Z,75.5
amtrak,NER,178,2026-07-27,BAL,Baltimore Penn Station,2026-07-27T20:39:00Z,2026-07-27T20:42:00Z,2026-07-27T20:37:00Z,2026-07-27T20:40:00Z,2026-07-27T21:36:22Z,75.5
amtrak,NER,178,2026-07-27,WAS,Washington Union Station,2026-07-27T19:56:00Z,2026-07-27T19:56:00Z,2026-07-27T18:55:00Z,2026-07-27T19:15:00Z,2026-07-27T21:36:22Z,75.5
amtrak,NER,184,2026-07-27,BAL,Baltimore Penn Station,2026-07-27T17:54:00Z,2026-07-27T17:57:00Z,2026-07-27T17:52:00Z,2026-07-27T17:53:00Z,2026-07-27T21:36:22Z,75.5
amtrak,NER,184,2026-07-27,WAS,Washington Union Station,2026-07-27T17:20:00Z,2026-07-27T17:20:00Z,2026-07-27T17:20:00Z,2026-07-27T17:20:00Z,2026-07-27T21:36:22Z,75.5
amtrak,NER,186,2026-07-27,BAL,Baltimore Penn Station,2026-07-28T01:14:00Z,2026-07-28T01:12:00Z,2026-07-28T01:12:00Z,2026-07-28T01:12:00Z,2026-07-27T21:36:22Z,75.5
amtrak,NER,186,2026-07-27,WAS,Washington Union Station,2026-07-28T00:30:00Z,2026-07-27T23:57:00Z,2026-07-27T23:55:00Z,2026-07-27T23:57:00Z,2026-07-27T21:36:22Z,75.5
amtrak,NER,196,2026-07-27,BAL,Baltimore Penn Station,2026-07-27T22:49:00Z,2026-07-27T22:49:00Z,2026-07-27T22:46:00Z,2026-07-27T22:46:00Z,2026-07-27T21:36:22Z,75.5
amtrak,NER,196,2026-07-27,WAS,Washington Union Station,2026-07-27T22:08:00Z,2026-07-27T22:08:00Z,2026-07-27T22:08:00Z,2026-07-27T22:08:00Z,2026-07-27T21:36:22Z,75.5
amtrak,NER,197,2026-07-27,BAL,Baltimore Penn Station,2026-07-28T00:49:00Z,2026-07-28T00:49:00Z,2026-07-28T00:48:00Z,2026-07-28T00:48:00Z,2026-07-27T21:36:22Z,75.5
amtrak,NER,197,2026-07-27,WAS,Washington Union Station,2026-07-28T01:32:00Z,2026-07-28T01:32:00Z,2026-07-28T01:32:00Z,2026-07-28T01:22:00Z,2026-07-27T21:36:22Z,75.5
marc,11705,Train438,2026-07-27,11958,UNION STATION MARC Washington,2026-07-27T21:27:00Z,2026-07-27T21:27:46Z,NA,NA,2026-07-27T21:39:23Z,74.3
marc,11705,Train438,2026-07-27,12002,PENN STATION MARC nb,NA,NA,2026-07-27T22:25:00Z,2026-07-27T22:26:11Z,2026-07-27T21:39:23Z,74.3
marc,11705,Train440,2026-07-27,11958,UNION STATION MARC Washington,2026-07-27T21:35:00Z,2026-07-27T21:37:10Z,NA,NA,2026-07-27T21:39:23Z,74.3
marc,11705,Train440,2026-07-27,12002,PENN STATION MARC nb,NA,NA,2026-07-27T22:42:00Z,2026-07-27T22:44:16Z,2026-07-27T21:39:23Z,74.3
marc,11705,Train445,2026-07-27,11980,PENN STATION MARC sb,2026-07-27T21:30:00Z,2026-07-27T21:30:00Z,NA,NA,2026-07-27T21:39:23Z,74.3
marc,11705,Train445,2026-07-27,11958,UNION STATION MARC Washington,NA,NA,2026-07-27T22:35:00Z,2026-07-27T22:36:46Z,2026-07-27T21:39:23Z,74.3
marc,11705,Train430,2026-07-27,11958,UNION STATION MARC Washington,2026-07-27T20:30:00Z,2026-07-27T20:31:29Z,NA,NA,2026-07-27T21:39:23Z,74.3
marc,11705,Train430,2026-07-27,12002,PENN STATION MARC nb,NA,NA,2026-07-27T21:29:00Z,2026-07-27T21:34:44Z,2026-07-27T21:39:23Z,74.3
marc,11705,Train443,2026-07-27,11980,PENN STATION MARC sb,2026-07-27T20:52:00Z,2026-07-27T20:52:00Z,NA,NA,2026-07-27T21:39:23Z,74.3
marc,11705,Train443,2026-07-27,11958,UNION STATION MARC Washington,NA,NA,2026-07-27T21:51:00Z,2026-07-27T22:00:00Z,2026-07-27T21:39:23Z,74.3
marc,11705,Train532,2026-07-27,11958,UNION STATION MARC Washington,2026-07-27T20:10:00Z,2026-07-27T20:11:08Z,NA,NA,2026-07-27T21:39:23Z,74.3
marc,11705,Train532,2026-07-27,12002,PENN STATION MARC nb,2026-07-27T21:01:00Z,2026-07-27T20:59:32Z,2026-07-27T21:00:30Z,2026-07-27T20:58:17Z,2026-07-27T21:39:23Z,74.3
marc,11705,Train536,2026-07-27,11958,UNION STATION MARC Washington,2026-07-27T21:18:00Z,2026-07-27T21:19:16Z,NA,NA,2026-07-27T21:39:23Z,74.3
marc,11705,Train536,2026-07-27,12002,PENN STATION MARC nb,2026-07-27T22:05:00Z,2026-07-27T22:09:05Z,2026-07-27T22:04:00Z,2026-07-27T22:08:05Z,2026-07-27T21:39:23Z,74.3
marc,11705,Train634,2026-07-27,11958,UNION STATION MARC Washington,2026-07-27T20:45:00Z,2026-07-27T20:46:30Z,NA,NA,2026-07-27T21:39:23Z,74.3
marc,11705,Train634,2026-07-27,12002,PENN STATION MARC nb,2026-07-27T21:36:00Z,2026-07-27T21:48:52Z,2026-07-27T21:34:50Z,2026-07-27T21:47:42Z,2026-07-27T21:39:23Z,74.3
amtrak,NER,66,2026-07-27,BAL,Baltimore Penn Station,2026-07-28T02:51:00Z,2026-07-28T02:49:00Z,2026-07-28T02:49:00Z,2026-07-28T02:49:00Z,2026-07-27T21:39:23Z,74.3
amtrak,NER,66,2026-07-27,WAS,Washington Union Station,2026-07-28T02:00:00Z,2026-07-28T01:28:00Z,2026-07-28T01:28:00Z,2026-07-28T01:28:00Z,2026-07-27T21:39:23Z,74.3
amtrak,NER,85,2026-07-27,BAL,Baltimore Penn Station,2026-07-27T21:50:00Z,2026-07-27T21:53:00Z,2026-07-27T21:47:00Z,2026-07-27T21:53:00Z,2026-07-27T21:39:23Z,74.3
amtrak,NER,85,2026-07-27,WAS,Washington Union Station,2026-07-27T22:39:00Z,2026-07-27T22:35:00Z,2026-07-27T22:39:00Z,2026-07-27T22:35:00Z,2026-07-27T21:39:23Z,74.3
amtrak,NER,93,2026-07-27,BAL,Baltimore Penn Station,2026-07-27T20:39:00Z,2026-07-27T20:46:00Z,2026-07-27T20:37:00Z,2026-07-27T20:43:00Z,2026-07-27T21:39:23Z,74.3
amtrak,NER,93,2026-07-27,WAS,Washington Union Station,2026-07-27T22:05:00Z,2026-07-27T22:05:00Z,2026-07-27T21:25:00Z,2026-07-27T21:25:00Z,2026-07-27T21:39:23Z,74.3
amtrak,NER,94,2026-07-27,BAL,Baltimore Penn Station,2026-07-27T18:43:00Z,2026-07-27T19:23:00Z,2026-07-27T18:41:00Z,2026-07-27T19:21:00Z,2026-07-27T21:39:23Z,74.3
amtrak,NER,94,2026-07-27,WAS,Washington Union Station,2026-07-27T18:00:00Z,2026-07-27T18:34:00Z,2026-07-27T17:23:00Z,2026-07-27T18:01:00Z,2026-07-27T21:39:23Z,74.3
amtrak,NER,95,2026-07-27,BAL,Baltimore Penn Station,2026-07-27T17:23:00Z,2026-07-27T17:24:00Z,2026-07-27T17:14:00Z,2026-07-27T17:13:00Z,2026-07-27T21:39:23Z,74.3
amtrak,NER,95,2026-07-27,WAS,Washington Union Station,2026-07-27T18:35:00Z,2026-07-27T18:35:00Z,2026-07-27T18:05:00Z,2026-07-27T18:07:00Z,2026-07-27T21:39:23Z,74.3
amtrak,NER,125,2026-07-27,BAL,Baltimore Penn Station,2026-07-27T18:28:00Z,2026-07-27T18:34:00Z,2026-07-27T18:25:00Z,2026-07-27T18:24:00Z,2026-07-27T21:39:23Z,74.3
amtrak,NER,125,2026-07-27,WAS,Washington Union Station,2026-07-27T19:50:00Z,2026-07-27T19:50:00Z,2026-07-27T19:11:00Z,2026-07-27T19:10:00Z,2026-07-27T21:39:23Z,74.3
amtrak,NER,129,2026-07-27,BAL,Baltimore Penn Station,2026-07-27T23:18:00Z,2026-07-27T23:12:00Z,2026-07-27T23:12:00Z,2026-07-27T23:12:00Z,2026-07-27T21:39:23Z,74.3
amtrak,NER,129,2026-07-27,WAS,Washington Union Station,2026-07-28T00:01:00Z,2026-07-27T23:55:00Z,2026-07-28T00:01:00Z,2026-07-27T23:55:00Z,2026-07-27T21:39:23Z,74.3
amtrak,NER,136,2026-07-27,BAL,Baltimore Penn Station,2026-07-27T21:43:00Z,2026-07-27T21:41:00Z,2026-07-27T21:41:00Z,2026-07-27T21:41:00Z,2026-07-27T21:39:23Z,74.3
amtrak,NER,136,2026-07-27,WAS,Washington Union Station,2026-07-27T21:00:00Z,2026-07-27T21:00:00Z,2026-07-27T21:00:00Z,2026-07-27T21:00:00Z,2026-07-27T21:39:23Z,74.3
amtrak,NER,137,2026-07-27,BAL,Baltimore Penn Station,2026-07-28T01:07:00Z,2026-07-28T01:05:00Z,2026-07-28T01:05:00Z,2026-07-28T01:05:00Z,2026-07-27T21:39:23Z,74.3
amtrak,NER,137,2026-07-27,WAS,Washington Union Station,2026-07-28T01:55:00Z,2026-07-28T01:44:00Z,2026-07-28T01:55:00Z,2026-07-28T01:44:00Z,2026-07-27T21:39:23Z,74.3
amtrak,NER,138,2026-07-27,BAL,Baltimore Penn Station,2026-07-27T23:18:00Z,2026-07-27T23:16:00Z,2026-07-27T23:16:00Z,2026-07-27T23:16:00Z,2026-07-27T21:39:23Z,74.3
amtrak,NER,138,2026-07-27,WAS,Washington Union Station,2026-07-27T22:35:00Z,2026-07-27T21:42:00Z,2026-07-27T21:42:00Z,2026-07-27T21:42:00Z,2026-07-27T21:39:23Z,74.3
amtrak,NER,148,2026-07-27,BAL,Baltimore Penn Station,2026-07-27T19:38:00Z,2026-07-27T19:43:00Z,2026-07-27T19:36:00Z,2026-07-27T19:41:00Z,2026-07-27T21:39:23Z,74.3
amtrak,NER,148,2026-07-27,WAS,Washington Union Station,2026-07-27T18:55:00Z,2026-07-27T18:55:00Z,2026-07-27T18:55:00Z,2026-07-27T18:55:00Z,2026-07-27T21:39:23Z,74.3
amtrak,NER,171,2026-07-27,BAL,Baltimore Penn Station,2026-07-27T19:33:00Z,2026-07-27T20:10:00Z,2026-07-27T19:30:00Z,2026-07-27T20:08:00Z,2026-07-27T21:39:23Z,74.3
amtrak,NER,171,2026-07-27,WAS,Washington Union Station,2026-07-27T21:00:00Z,2026-07-27T21:21:00Z,2026-07-27T20:25:00Z,2026-07-27T20:56:00Z,2026-07-27T21:39:23Z,74.3
amtrak,NER,173,2026-07-27,BAL,Baltimore Penn Station,2026-07-27T22:49:00Z,2026-07-27T22:46:00Z,2026-07-27T22:46:00Z,2026-07-27T22:46:00Z,2026-07-27T21:39:23Z,74.3
amtrak,NER,173,2026-07-27,WAS,Washington Union Station,2026-07-27T23:38:00Z,2026-07-27T23:25:00Z,2026-07-27T23:38:00Z,2026-07-27T23:25:00Z,2026-07-27T21:39:23Z,74.3
amtrak,NER,174,2026-07-27,BAL,Baltimore Penn Station,2026-07-27T15:18:00Z,2026-07-27T15:21:00Z,2026-07-27T15:16:00Z,2026-07-27T15:18:00Z,2026-07-27T21:39:23Z,74.3
amtrak,NER,174,2026-07-27,WAS,Washington Union Station,2026-07-27T14:35:00Z,2026-07-27T14:35:00Z,2026-07-27T14:35:00Z,2026-07-27T14:35:00Z,2026-07-27T21:39:23Z,74.3
amtrak,NER,175,2026-07-27,BAL,Baltimore Penn Station,2026-07-28T02:38:00Z,2026-07-28T02:35:00Z,2026-07-28T02:35:00Z,2026-07-28T02:35:00Z,2026-07-27T21:39:23Z,74.3
amtrak,NER,175,2026-07-27,WAS,Washington Union Station,2026-07-28T03:19:00Z,2026-07-28T03:15:00Z,2026-07-28T03:19:00Z,2026-07-28T03:15:00Z,2026-07-27T21:39:23Z,74.3
amtrak,NER,176,2026-07-27,BAL,Baltimore Penn Station,2026-07-27T20:08:00Z,2026-07-27T20:14:00Z,2026-07-27T20:06:00Z,2026-07-27T20:10:00Z,2026-07-27T21:39:23Z,74.3
amtrak,NER,176,2026-07-27,WAS,Washington Union Station,2026-07-27T19:30:00Z,2026-07-27T19:30:00Z,2026-07-27T19:30:00Z,2026-07-27T19:30:00Z,2026-07-27T21:39:23Z,74.3
amtrak,NER,178,2026-07-27,BAL,Baltimore Penn Station,2026-07-27T20:39:00Z,2026-07-27T20:42:00Z,2026-07-27T20:37:00Z,2026-07-27T20:40:00Z,2026-07-27T21:39:23Z,74.3
amtrak,NER,178,2026-07-27,WAS,Washington Union Station,2026-07-27T19:56:00Z,2026-07-27T19:56:00Z,2026-07-27T18:55:00Z,2026-07-27T19:15:00Z,2026-07-27T21:39:23Z,74.3
amtrak,NER,184,2026-07-27,BAL,Baltimore Penn Station,2026-07-27T17:54:00Z,2026-07-27T17:57:00Z,2026-07-27T17:52:00Z,2026-07-27T17:53:00Z,2026-07-27T21:39:23Z,74.3
amtrak,NER,184,2026-07-27,WAS,Washington Union Station,2026-07-27T17:20:00Z,2026-07-27T17:20:00Z,2026-07-27T17:20:00Z,2026-07-27T17:20:00Z,2026-07-27T21:39:23Z,74.3
amtrak,NER,186,2026-07-27,BAL,Baltimore Penn Station,2026-07-28T01:14:00Z,2026-07-28T01:12:00Z,2026-07-28T01:12:00Z,2026-07-28T01:12:00Z,2026-07-27T21:39:23Z,74.3
amtrak,NER,186,2026-07-27,WAS,Washington Union Station,2026-07-28T00:30:00Z,2026-07-28T00:00:00Z,2026-07-27T23:55:00Z,2026-07-28T00:00:00Z,2026-07-27T21:39:23Z,74.3
amtrak,NER,196,2026-07-27,BAL,Baltimore Penn Station,2026-07-27T22:49:00Z,2026-07-27T22:49:00Z,2026-07-27T22:46:00Z,2026-07-27T22:46:00Z,2026-07-27T21:39:23Z,74.3
amtrak,NER,196,2026-07-27,WAS,Washington Union Station,2026-07-27T22:08:00Z,2026-07-27T22:08:00Z,2026-07-27T22:08:00Z,2026-07-27T22:08:00Z,2026-07-27T21:39:23Z,74.3
amtrak,NER,197,2026-07-27,BAL,Baltimore Penn Station,2026-07-28T00:49:00Z,2026-07-28T00:49:00Z,2026-07-28T00:48:00Z,2026-07-28T00:48:00Z,2026-07-27T21:39:23Z,74.3
amtrak,NER,197,2026-07-27,WAS,Washington Union Station,2026-07-28T01:32:00Z,2026-07-28T01:32:00Z,2026-07-28T01:32:00Z,2026-07-28T01:22:00Z,2026-07-27T21:39:23Z,74.3
marc,11705,Train440,2026-07-27,11958,UNION STATION MARC Washington,2026-07-27T21:35:00Z,2026-07-27T21:37:10Z,NA,NA,2026-07-27T22:39:13Z,64.8
marc,11705,Train440,2026-07-27,12002,PENN STATION MARC nb,NA,NA,2026-07-27T22:42:00Z,2026-07-27T22:52:40Z,2026-07-27T22:39:13Z,64.8
marc,11705,Train447,2026-07-27,11980,PENN STATION MARC sb,2026-07-27T22:00:00Z,2026-07-27T22:03:34Z,NA,NA,2026-07-27T22:39:13Z,64.8
marc,11705,Train447,2026-07-27,11958,UNION STATION MARC Washington,NA,NA,2026-07-27T22:50:00Z,2026-07-27T23:04:58Z,2026-07-27T22:39:13Z,64.8
marc,11705,Train536,2026-07-27,11958,UNION STATION MARC Washington,2026-07-27T21:18:00Z,2026-07-27T21:19:16Z,NA,NA,2026-07-27T22:39:13Z,64.8
marc,11705,Train536,2026-07-27,12002,PENN STATION MARC nb,2026-07-27T22:05:00Z,2026-07-27T22:06:12Z,2026-07-27T22:04:00Z,2026-07-27T22:04:33Z,2026-07-27T22:39:13Z,64.8
marc,11705,Train544,2026-07-27,11958,UNION STATION MARC Washington,2026-07-27T22:27:00Z,2026-07-27T22:27:20Z,NA,NA,2026-07-27T22:39:13Z,64.8
marc,11705,Train544,2026-07-27,12002,PENN STATION MARC nb,2026-07-27T23:29:00Z,2026-07-27T23:29:05Z,2026-07-27T23:27:30Z,2026-07-27T23:27:35Z,2026-07-27T22:39:13Z,64.8
marc,11705,Train642,2026-07-27,11958,UNION STATION MARC Washington,2026-07-27T22:00:00Z,2026-07-27T22:00:36Z,NA,NA,2026-07-27T22:39:13Z,64.8
marc,11705,Train642,2026-07-27,12002,PENN STATION MARC nb,2026-07-27T23:09:00Z,2026-07-27T23:09:00Z,2026-07-27T23:04:00Z,2026-07-27T23:04:00Z,2026-07-27T22:39:13Z,64.8
amtrak,NER,66,2026-07-27,BAL,Baltimore Penn Station,2026-07-28T02:51:00Z,2026-07-28T02:49:00Z,2026-07-28T02:49:00Z,2026-07-28T02:49:00Z,2026-07-27T22:39:13Z,64.8
amtrak,NER,66,2026-07-27,WAS,Washington Union Station,2026-07-28T02:00:00Z,2026-07-28T01:28:00Z,2026-07-28T01:28:00Z,2026-07-28T01:28:00Z,2026-07-27T22:39:13Z,64.8
amtrak,NER,67,2026-07-27,BAL,Baltimore Penn Station,2026-07-28T10:04:00Z,2026-07-28T10:04:00Z,2026-07-28T10:02:00Z,2026-07-28T10:02:00Z,2026-07-27T22:39:13Z,64.8
amtrak,NER,67,2026-07-27,WAS,Washington Union Station,2026-07-28T11:20:00Z,2026-07-28T11:20:00Z,2026-07-28T10:54:00Z,2026-07-28T10:54:00Z,2026-07-27T22:39:13Z,64.8
amtrak,NER,85,2026-07-27,BAL,Baltimore Penn Station,2026-07-27T21:50:00Z,2026-07-27T21:56:00Z,2026-07-27T21:47:00Z,2026-07-27T21:53:00Z,2026-07-27T22:39:13Z,64.8
amtrak,NER,85,2026-07-27,WAS,Washington Union Station,2026-07-27T22:39:00Z,2026-07-27T22:39:00Z,2026-07-27T22:39:00Z,2026-07-27T22:39:00Z,2026-07-27T22:39:13Z,64.8
amtrak,NER,93,2026-07-27,BAL,Baltimore Penn Station,2026-07-27T20:39:00Z,2026-07-27T20:46:00Z,2026-07-27T20:37:00Z,2026-07-27T20:43:00Z,2026-07-27T22:39:13Z,64.8
amtrak,NER,93,2026-07-27,WAS,Washington Union Station,2026-07-27T22:05:00Z,2026-07-27T22:05:00Z,2026-07-27T21:25:00Z,2026-07-27T21:25:00Z,2026-07-27T22:39:13Z,64.8
amtrak,NER,94,2026-07-27,BAL,Baltimore Penn Station,2026-07-27T18:43:00Z,2026-07-27T19:23:00Z,2026-07-27T18:41:00Z,2026-07-27T19:21:00Z,2026-07-27T22:39:13Z,64.8
amtrak,NER,94,2026-07-27,WAS,Washington Union Station,2026-07-27T18:00:00Z,2026-07-27T18:34:00Z,2026-07-27T17:23:00Z,2026-07-27T18:01:00Z,2026-07-27T22:39:13Z,64.8
amtrak,NER,95,2026-07-27,BAL,Baltimore Penn Station,2026-07-27T17:23:00Z,2026-07-27T17:24:00Z,2026-07-27T17:14:00Z,2026-07-27T17:13:00Z,2026-07-27T22:39:13Z,64.8
amtrak,NER,95,2026-07-27,WAS,Washington Union Station,2026-07-27T18:35:00Z,2026-07-27T18:35:00Z,2026-07-27T18:05:00Z,2026-07-27T18:07:00Z,2026-07-27T22:39:13Z,64.8
amtrak,NER,125,2026-07-27,BAL,Baltimore Penn Station,2026-07-27T18:28:00Z,2026-07-27T18:34:00Z,2026-07-27T18:25:00Z,2026-07-27T18:24:00Z,2026-07-27T22:39:13Z,64.8
amtrak,NER,125,2026-07-27,WAS,Washington Union Station,2026-07-27T19:50:00Z,2026-07-27T19:50:00Z,2026-07-27T19:11:00Z,2026-07-27T19:10:00Z,2026-07-27T22:39:13Z,64.8
amtrak,NER,129,2026-07-27,BAL,Baltimore Penn Station,2026-07-27T23:18:00Z,2026-07-27T23:12:00Z,2026-07-27T23:12:00Z,2026-07-27T23:12:00Z,2026-07-27T22:39:13Z,64.8
amtrak,NER,129,2026-07-27,WAS,Washington Union Station,2026-07-28T00:01:00Z,2026-07-28T00:01:00Z,2026-07-28T00:01:00Z,2026-07-28T00:01:00Z,2026-07-27T22:39:13Z,64.8
amtrak,NER,136,2026-07-27,BAL,Baltimore Penn Station,2026-07-27T21:43:00Z,2026-07-27T21:51:00Z,2026-07-27T21:41:00Z,2026-07-27T21:48:00Z,2026-07-27T22:39:13Z,64.8
amtrak,NER,136,2026-07-27,WAS,Washington Union Station,2026-07-27T21:00:00Z,2026-07-27T21:00:00Z,2026-07-27T21:00:00Z,2026-07-27T21:00:00Z,2026-07-27T22:39:13Z,64.8
amtrak,NER,137,2026-07-27,BAL,Baltimore Penn Station,2026-07-28T01:07:00Z,2026-07-28T01:05:00Z,2026-07-28T01:05:00Z,2026-07-28T01:05:00Z,2026-07-27T22:39:13Z,64.8
amtrak,NER,137,2026-07-27,WAS,Washington Union Station,2026-07-28T01:55:00Z,2026-07-28T01:44:00Z,2026-07-28T01:55:00Z,2026-07-28T01:44:00Z,2026-07-27T22:39:13Z,64.8
amtrak,NER,138,2026-07-27,BAL,Baltimore Penn Station,2026-07-27T23:18:00Z,2026-07-27T23:16:00Z,2026-07-27T23:16:00Z,2026-07-27T23:16:00Z,2026-07-27T22:39:13Z,64.8
amtrak,NER,138,2026-07-27,WAS,Washington Union Station,2026-07-27T22:35:00Z,2026-07-27T22:35:00Z,2026-07-27T21:42:00Z,2026-07-27T21:43:00Z,2026-07-27T22:39:13Z,64.8
amtrak,NER,148,2026-07-27,BAL,Baltimore Penn Station,2026-07-27T19:38:00Z,2026-07-27T19:43:00Z,2026-07-27T19:36:00Z,2026-07-27T19:41:00Z,2026-07-27T22:39:13Z,64.8
amtrak,NER,148,2026-07-27,WAS,Washington Union Station,2026-07-27T18:55:00Z,2026-07-27T18:55:00Z,2026-07-27T18:55:00Z,2026-07-27T18:55:00Z,2026-07-27T22:39:13Z,64.8
amtrak,NER,171,2026-07-27,BAL,Baltimore Penn Station,2026-07-27T19:33:00Z,2026-07-27T20:10:00Z,2026-07-27T19:30:00Z,2026-07-27T20:08:00Z,2026-07-27T22:39:13Z,64.8
amtrak,NER,171,2026-07-27,WAS,Washington Union Station,2026-07-27T21:00:00Z,2026-07-27T21:21:00Z,2026-07-27T20:25:00Z,2026-07-27T20:56:00Z,2026-07-27T22:39:13Z,64.8
amtrak,NER,173,2026-07-27,BAL,Baltimore Penn Station,2026-07-27T22:49:00Z,2026-07-27T22:52:00Z,2026-07-27T22:46:00Z,2026-07-27T22:52:00Z,2026-07-27T22:39:13Z,64.8
amtrak,NER,173,2026-07-27,WAS,Washington Union Station,2026-07-27T23:38:00Z,2026-07-27T23:32:00Z,2026-07-27T23:38:00Z,2026-07-27T23:32:00Z,2026-07-27T22:39:13Z,64.8
amtrak,NER,174,2026-07-27,BAL,Baltimore Penn Station,2026-07-27T15:18:00Z,2026-07-27T15:21:00Z,2026-07-27T15:16:00Z,2026-07-27T15:18:00Z,2026-07-27T22:39:13Z,64.8
amtrak,NER,174,2026-07-27,WAS,Washington Union Station,2026-07-27T14:35:00Z,2026-07-27T14:35:00Z,2026-07-27T14:35:00Z,2026-07-27T14:35:00Z,2026-07-27T22:39:13Z,64.8
amtrak,NER,175,2026-07-27,BAL,Baltimore Penn Station,2026-07-28T02:38:00Z,2026-07-28T02:35:00Z,2026-07-28T02:35:00Z,2026-07-28T02:35:00Z,2026-07-27T22:39:13Z,64.8
amtrak,NER,175,2026-07-27,WAS,Washington Union Station,2026-07-28T03:19:00Z,2026-07-28T03:15:00Z,2026-07-28T03:19:00Z,2026-07-28T03:15:00Z,2026-07-27T22:39:13Z,64.8
amtrak,NER,176,2026-07-27,BAL,Baltimore Penn Station,2026-07-27T20:08:00Z,2026-07-27T20:14:00Z,2026-07-27T20:06:00Z,2026-07-27T20:10:00Z,2026-07-27T22:39:13Z,64.8
amtrak,NER,176,2026-07-27,WAS,Washington Union Station,2026-07-27T19:30:00Z,2026-07-27T19:30:00Z,2026-07-27T19:30:00Z,2026-07-27T19:30:00Z,2026-07-27T22:39:13Z,64.8
amtrak,NER,178,2026-07-27,BAL,Baltimore Penn Station,2026-07-27T20:39:00Z,2026-07-27T20:42:00Z,2026-07-27T20:37:00Z,2026-07-27T20:40:00Z,2026-07-27T22:39:13Z,64.8
amtrak,NER,178,2026-07-27,WAS,Washington Union Station,2026-07-27T19:56:00Z,2026-07-27T19:56:00Z,2026-07-27T18:55:00Z,2026-07-27T19:15:00Z,2026-07-27T22:39:13Z,64.8
amtrak,NER,184,2026-07-27,BAL,Baltimore Penn Station,2026-07-27T17:54:00Z,2026-07-27T17:57:00Z,2026-07-27T17:52:00Z,2026-07-27T17:53:00Z,2026-07-27T22:39:13Z,64.8
amtrak,NER,184,2026-07-27,WAS,Washington Union Station,2026-07-27T17:20:00Z,2026-07-27T17:20:00Z,2026-07-27T17:20:00Z,2026-07-27T17:20:00Z,2026-07-27T22:39:13Z,64.8
amtrak,NER,186,2026-07-27,BAL,Baltimore Penn Station,2026-07-28T01:14:00Z,2026-07-28T01:21:00Z,2026-07-28T01:12:00Z,2026-07-28T01:21:00Z,2026-07-27T22:39:13Z,64.8
amtrak,NER,186,2026-07-27,WAS,Washington Union Station,2026-07-28T00:30:00Z,2026-07-28T00:01:00Z,2026-07-27T23:55:00Z,2026-07-28T00:01:00Z,2026-07-27T22:39:13Z,64.8
amtrak,NER,192,2026-07-27,BAL,Baltimore Penn Station,2026-07-27T23:54:00Z,2026-07-27T23:54:00Z,2026-07-27T23:52:00Z,2026-07-27T23:52:00Z,2026-07-27T22:39:13Z,64.8
amtrak,NER,192,2026-07-27,WAS,Washington Union Station,2026-07-27T23:12:00Z,2026-07-27T23:12:00Z,2026-07-27T23:12:00Z,2026-07-27T23:12:00Z,2026-07-27T22:39:13Z,64.8
amtrak,NER,196,2026-07-27,BAL,Baltimore Penn Station,2026-07-27T22:49:00Z,2026-07-27T22:46:00Z,2026-07-27T22:46:00Z,2026-07-27T22:46:00Z,2026-07-27T22:39:13Z,64.8
amtrak,NER,196,2026-07-27,WAS,Washington Union Station,2026-07-27T22:08:00Z,2026-07-27T22:08:00Z,2026-07-27T22:08:00Z,2026-07-27T22:08:00Z,2026-07-27T22:39:13Z,64.8
amtrak,NER,197,2026-07-27,BAL,Baltimore Penn Station,2026-07-28T00:49:00Z,2026-07-28T00:48:00Z,2026-07-28T00:48:00Z,2026-07-28T00:48:00Z,2026-07-27T22:39:13Z,64.8
amtrak,NER,197,2026-07-27,WAS,Washington Union Station,2026-07-28T01:32:00Z,2026-07-28T01:22:00Z,2026-07-28T01:32:00Z,2026-07-28T01:22:00Z,2026-07-27T22:39:13Z,64.8
marc,11705,Train440,2026-07-27,11958,UNION STATION MARC Washington,2026-07-27T21:35:00Z,2026-07-27T21:37:10Z,NA,NA,2026-07-27T22:42:14Z,64.5
marc,11705,Train440,2026-07-27,12002,PENN STATION MARC nb,NA,NA,2026-07-27T22:42:00Z,2026-07-27T22:42:03Z,2026-07-27T22:42:14Z,64.5
marc,11705,Train447,2026-07-27,11980,PENN STATION MARC sb,2026-07-27T22:00:00Z,2026-07-27T22:03:34Z,NA,NA,2026-07-27T22:42:14Z,64.5
marc,11705,Train447,2026-07-27,11958,UNION STATION MARC Washington,NA,NA,2026-07-27T22:50:00Z,2026-07-27T23:05:16Z,2026-07-27T22:42:14Z,64.5
marc,11705,Train449,2026-07-27,11958,UNION STATION MARC Washington,NA,NA,2026-07-27T23:33:00Z,2026-07-27T23:33:00Z,2026-07-27T22:42:14Z,64.5
marc,11705,Train536,2026-07-27,11958,UNION STATION MARC Washington,2026-07-27T21:18:00Z,2026-07-27T21:19:16Z,NA,NA,2026-07-27T22:42:14Z,64.5
marc,11705,Train536,2026-07-27,12002,PENN STATION MARC nb,2026-07-27T22:05:00Z,2026-07-27T22:06:12Z,2026-07-27T22:04:00Z,2026-07-27T22:04:33Z,2026-07-27T22:42:14Z,64.5
marc,11705,Train544,2026-07-27,11958,UNION STATION MARC Washington,2026-07-27T22:27:00Z,2026-07-27T22:27:20Z,NA,NA,2026-07-27T22:42:14Z,64.5
marc,11705,Train544,2026-07-27,12002,PENN STATION MARC nb,2026-07-27T23:29:00Z,2026-07-27T23:30:43Z,2026-07-27T23:27:30Z,2026-07-27T23:29:13Z,2026-07-27T22:42:14Z,64.5
marc,11705,Train642,2026-07-27,11958,UNION STATION MARC Washington,2026-07-27T22:00:00Z,2026-07-27T22:00:36Z,NA,NA,2026-07-27T22:42:14Z,64.5
marc,11705,Train642,2026-07-27,12002,PENN STATION MARC nb,2026-07-27T23:09:00Z,2026-07-27T23:09:30Z,2026-07-27T23:04:00Z,2026-07-27T23:04:30Z,2026-07-27T22:42:14Z,64.5
amtrak,NER,66,2026-07-27,BAL,Baltimore Penn Station,2026-07-28T02:51:00Z,2026-07-28T02:49:00Z,2026-07-28T02:49:00Z,2026-07-28T02:49:00Z,2026-07-27T22:42:14Z,64.5
amtrak,NER,66,2026-07-27,WAS,Washington Union Station,2026-07-28T02:00:00Z,2026-07-28T01:28:00Z,2026-07-28T01:28:00Z,2026-07-28T01:28:00Z,2026-07-27T22:42:14Z,64.5
amtrak,NER,67,2026-07-27,BAL,Baltimore Penn Station,2026-07-28T10:04:00Z,2026-07-28T10:04:00Z,2026-07-28T10:02:00Z,2026-07-28T10:02:00Z,2026-07-27T22:42:14Z,64.5
amtrak,NER,67,2026-07-27,WAS,Washington Union Station,2026-07-28T11:20:00Z,2026-07-28T11:20:00Z,2026-07-28T10:54:00Z,2026-07-28T10:54:00Z,2026-07-27T22:42:14Z,64.5
amtrak,NER,85,2026-07-27,BAL,Baltimore Penn Station,2026-07-27T21:50:00Z,2026-07-27T21:56:00Z,2026-07-27T21:47:00Z,2026-07-27T21:53:00Z,2026-07-27T22:42:14Z,64.5
amtrak,NER,85,2026-07-27,WAS,Washington Union Station,2026-07-27T22:39:00Z,2026-07-27T22:39:00Z,2026-07-27T22:39:00Z,2026-07-27T22:39:00Z,2026-07-27T22:42:14Z,64.5
amtrak,NER,93,2026-07-27,BAL,Baltimore Penn Station,2026-07-27T20:39:00Z,2026-07-27T20:46:00Z,2026-07-27T20:37:00Z,2026-07-27T20:43:00Z,2026-07-27T22:42:14Z,64.5
amtrak,NER,93,2026-07-27,WAS,Washington Union Station,2026-07-27T22:05:00Z,2026-07-27T22:05:00Z,2026-07-27T21:25:00Z,2026-07-27T21:25:00Z,2026-07-27T22:42:14Z,64.5
amtrak,NER,94,2026-07-27,BAL,Baltimore Penn Station,2026-07-27T18:43:00Z,2026-07-27T19:23:00Z,2026-07-27T18:41:00Z,2026-07-27T19:21:00Z,2026-07-27T22:42:14Z,64.5
amtrak,NER,94,2026-07-27,WAS,Washington Union Station,2026-07-27T18:00:00Z,2026-07-27T18:34:00Z,2026-07-27T17:23:00Z,2026-07-27T18:01:00Z,2026-07-27T22:42:14Z,64.5
amtrak,NER,95,2026-07-27,BAL,Baltimore Penn Station,2026-07-27T17:23:00Z,2026-07-27T17:24:00Z,2026-07-27T17:14:00Z,2026-07-27T17:13:00Z,2026-07-27T22:42:14Z,64.5
amtrak,NER,95,2026-07-27,WAS,Washington Union Station,2026-07-27T18:35:00Z,2026-07-27T18:35:00Z,2026-07-27T18:05:00Z,2026-07-27T18:07:00Z,2026-07-27T22:42:14Z,64.5
amtrak,NER,125,2026-07-27,BAL,Baltimore Penn Station,2026-07-27T18:28:00Z,2026-07-27T18:34:00Z,2026-07-27T18:25:00Z,2026-07-27T18:24:00Z,2026-07-27T22:42:14Z,64.5
amtrak,NER,125,2026-07-27,WAS,Washington Union Station,2026-07-27T19:50:00Z,2026-07-27T19:50:00Z,2026-07-27T19:11:00Z,2026-07-27T19:10:00Z,2026-07-27T22:42:14Z,64.5
amtrak,NER,129,2026-07-27,BAL,Baltimore Penn Station,2026-07-27T23:18:00Z,2026-07-27T23:12:00Z,2026-07-27T23:12:00Z,2026-07-27T23:12:00Z,2026-07-27T22:42:14Z,64.5
amtrak,NER,129,2026-07-27,WAS,Washington Union Station,2026-07-28T00:01:00Z,2026-07-28T00:01:00Z,2026-07-28T00:01:00Z,2026-07-28T00:01:00Z,2026-07-27T22:42:14Z,64.5
amtrak,NER,136,2026-07-27,BAL,Baltimore Penn Station,2026-07-27T21:43:00Z,2026-07-27T21:51:00Z,2026-07-27T21:41:00Z,2026-07-27T21:48:00Z,2026-07-27T22:42:14Z,64.5
amtrak,NER,136,2026-07-27,WAS,Washington Union Station,2026-07-27T21:00:00Z,2026-07-27T21:00:00Z,2026-07-27T21:00:00Z,2026-07-27T21:00:00Z,2026-07-27T22:42:14Z,64.5
amtrak,NER,137,2026-07-27,BAL,Baltimore Penn Station,2026-07-28T01:07:00Z,2026-07-28T01:05:00Z,2026-07-28T01:05:00Z,2026-07-28T01:05:00Z,2026-07-27T22:42:14Z,64.5
amtrak,NER,137,2026-07-27,WAS,Washington Union Station,2026-07-28T01:55:00Z,2026-07-28T01:44:00Z,2026-07-28T01:55:00Z,2026-07-28T01:44:00Z,2026-07-27T22:42:14Z,64.5
amtrak,NER,138,2026-07-27,BAL,Baltimore Penn Station,2026-07-27T23:18:00Z,2026-07-27T23:16:00Z,2026-07-27T23:16:00Z,2026-07-27T23:16:00Z,2026-07-27T22:42:14Z,64.5
amtrak,NER,138,2026-07-27,WAS,Washington Union Station,2026-07-27T22:35:00Z,2026-07-27T21:43:00Z,2026-07-27T21:42:00Z,2026-07-27T21:43:00Z,2026-07-27T22:42:14Z,64.5
amtrak,NER,148,2026-07-27,BAL,Baltimore Penn Station,2026-07-27T19:38:00Z,2026-07-27T19:43:00Z,2026-07-27T19:36:00Z,2026-07-27T19:41:00Z,2026-07-27T22:42:14Z,64.5
amtrak,NER,148,2026-07-27,WAS,Washington Union Station,2026-07-27T18:55:00Z,2026-07-27T18:55:00Z,2026-07-27T18:55:00Z,2026-07-27T18:55:00Z,2026-07-27T22:42:14Z,64.5
amtrak,NER,171,2026-07-27,BAL,Baltimore Penn Station,2026-07-27T19:33:00Z,2026-07-27T20:10:00Z,2026-07-27T19:30:00Z,2026-07-27T20:08:00Z,2026-07-27T22:42:14Z,64.5
amtrak,NER,171,2026-07-27,WAS,Washington Union Station,2026-07-27T21:00:00Z,2026-07-27T21:21:00Z,2026-07-27T20:25:00Z,2026-07-27T20:56:00Z,2026-07-27T22:42:14Z,64.5
amtrak,NER,173,2026-07-27,BAL,Baltimore Penn Station,2026-07-27T22:49:00Z,2026-07-27T22:52:00Z,2026-07-27T22:46:00Z,2026-07-27T22:52:00Z,2026-07-27T22:42:14Z,64.5
amtrak,NER,173,2026-07-27,WAS,Washington Union Station,2026-07-27T23:38:00Z,2026-07-27T23:32:00Z,2026-07-27T23:38:00Z,2026-07-27T23:32:00Z,2026-07-27T22:42:14Z,64.5
amtrak,NER,174,2026-07-27,BAL,Baltimore Penn Station,2026-07-27T15:18:00Z,2026-07-27T15:21:00Z,2026-07-27T15:16:00Z,2026-07-27T15:18:00Z,2026-07-27T22:42:14Z,64.5
amtrak,NER,174,2026-07-27,WAS,Washington Union Station,2026-07-27T14:35:00Z,2026-07-27T14:35:00Z,2026-07-27T14:35:00Z,2026-07-27T14:35:00Z,2026-07-27T22:42:14Z,64.5
amtrak,NER,175,2026-07-27,BAL,Baltimore Penn Station,2026-07-28T02:38:00Z,2026-07-28T02:35:00Z,2026-07-28T02:35:00Z,2026-07-28T02:35:00Z,2026-07-27T22:42:14Z,64.5
amtrak,NER,175,2026-07-27,WAS,Washington Union Station,2026-07-28T03:19:00Z,2026-07-28T03:15:00Z,2026-07-28T03:19:00Z,2026-07-28T03:15:00Z,2026-07-27T22:42:14Z,64.5
amtrak,NER,176,2026-07-27,BAL,Baltimore Penn Station,2026-07-27T20:08:00Z,2026-07-27T20:14:00Z,2026-07-27T20:06:00Z,2026-07-27T20:10:00Z,2026-07-27T22:42:14Z,64.5
amtrak,NER,176,2026-07-27,WAS,Washington Union Station,2026-07-27T19:30:00Z,2026-07-27T19:30:00Z,2026-07-27T19:30:00Z,2026-07-27T19:30:00Z,2026-07-27T22:42:14Z,64.5
amtrak,NER,178,2026-07-27,BAL,Baltimore Penn Station,2026-07-27T20:39:00Z,2026-07-27T20:42:00Z,2026-07-27T20:37:00Z,2026-07-27T20:40:00Z,2026-07-27T22:42:14Z,64.5
amtrak,NER,178,2026-07-27,WAS,Washington Union Station,2026-07-27T19:56:00Z,2026-07-27T19:56:00Z,2026-07-27T18:55:00Z,2026-07-27T19:15:00Z,2026-07-27T22:42:14Z,64.5
amtrak,NER,184,2026-07-27,BAL,Baltimore Penn Station,2026-07-27T17:54:00Z,2026-07-27T17:57:00Z,2026-07-27T17:52:00Z,2026-07-27T17:53:00Z,2026-07-27T22:42:14Z,64.5
amtrak,NER,184,2026-07-27,WAS,Washington Union Station,2026-07-27T17:20:00Z,2026-07-27T17:20:00Z,2026-07-27T17:20:00Z,2026-07-27T17:20:00Z,2026-07-27T22:42:14Z,64.5
amtrak,NER,186,2026-07-27,BAL,Baltimore Penn Station,2026-07-28T01:14:00Z,2026-07-28T01:21:00Z,2026-07-28T01:12:00Z,2026-07-28T01:21:00Z,2026-07-27T22:42:14Z,64.5
amtrak,NER,186,2026-07-27,WAS,Washington Union Station,2026-07-28T00:30:00Z,2026-07-28T00:01:00Z,2026-07-27T23:55:00Z,2026-07-28T00:01:00Z,2026-07-27T22:42:14Z,64.5
amtrak,NER,192,2026-07-27,BAL,Baltimore Penn Station,2026-07-27T23:54:00Z,2026-07-27T23:54:00Z,2026-07-27T23:52:00Z,2026-07-27T23:52:00Z,2026-07-27T22:42:14Z,64.5
amtrak,NER,192,2026-07-27,WAS,Washington Union Station,2026-07-27T23:12:00Z,2026-07-27T23:12:00Z,2026-07-27T23:12:00Z,2026-07-27T23:12:00Z,2026-07-27T22:42:14Z,64.5
amtrak,NER,196,2026-07-27,BAL,Baltimore Penn Station,2026-07-27T22:49:00Z,2026-07-27T22:46:00Z,2026-07-27T22:46:00Z,2026-07-27T22:46:00Z,2026-07-27T22:42:14Z,64.5
amtrak,NER,196,2026-07-27,WAS,Washington Union Station,2026-07-27T22:08:00Z,2026-07-27T22:08:00Z,2026-07-27T22:08:00Z,2026-07-27T22:08:00Z,2026-07-27T22:42:14Z,64.5
amtrak,NER,197,2026-07-27,BAL,Baltimore Penn Station,2026-07-28T00:49:00Z,2026-07-28T00:48:00Z,2026-07-28T00:48:00Z,2026-07-28T00:48:00Z,2026-07-27T22:42:14Z,64.5
amtrak,NER,197,2026-07-27,WAS,Washington Union Station,2026-07-28T01:32:00Z,2026-07-28T01:22:00Z,2026-07-28T01:32:00Z,2026-07-28T01:22:00Z,2026-07-27T22:42:14Z,64.5
marc,11705,Train440,2026-07-27,11958,UNION STATION MARC Washington,2026-07-27T21:35:00Z,2026-07-27T21:37:10Z,NA,NA,2026-07-27T22:45:16Z,64.8
marc,11705,Train440,2026-07-27,12002,PENN STATION MARC nb,NA,NA,2026-07-27T22:42:00Z,2026-07-27T22:42:03Z,2026-07-27T22:45:16Z,64.8
marc,11705,Train447,2026-07-27,11980,PENN STATION MARC sb,2026-07-27T22:00:00Z,2026-07-27T22:03:34Z,NA,NA,2026-07-27T22:45:16Z,64.8
marc,11705,Train447,2026-07-27,11958,UNION STATION MARC Washington,NA,NA,2026-07-27T22:50:00Z,2026-07-27T23:05:11Z,2026-07-27T22:45:16Z,64.8
marc,11705,Train449,2026-07-27,11958,UNION STATION MARC Washington,NA,NA,2026-07-27T23:33:00Z,2026-07-27T23:37:43Z,2026-07-27T22:45:16Z,64.8
marc,11705,Train536,2026-07-27,11958,UNION STATION MARC Washington,2026-07-27T21:18:00Z,2026-07-27T21:19:16Z,NA,NA,2026-07-27T22:45:16Z,64.8
marc,11705,Train536,2026-07-27,12002,PENN STATION MARC nb,2026-07-27T22:05:00Z,2026-07-27T22:06:12Z,2026-07-27T22:04:00Z,2026-07-27T22:04:33Z,2026-07-27T22:45:16Z,64.8
marc,11705,Train544,2026-07-27,11958,UNION STATION MARC Washington,2026-07-27T22:27:00Z,2026-07-27T22:27:20Z,NA,NA,2026-07-27T22:45:16Z,64.8
marc,11705,Train544,2026-07-27,12002,PENN STATION MARC nb,2026-07-27T23:29:00Z,2026-07-27T23:30:40Z,2026-07-27T23:27:30Z,2026-07-27T23:29:10Z,2026-07-27T22:45:16Z,64.8
marc,11705,Train642,2026-07-27,11958,UNION STATION MARC Washington,2026-07-27T22:00:00Z,2026-07-27T22:00:36Z,NA,NA,2026-07-27T22:45:16Z,64.8
marc,11705,Train642,2026-07-27,12002,PENN STATION MARC nb,2026-07-27T23:09:00Z,2026-07-27T23:09:30Z,2026-07-27T23:04:00Z,2026-07-27T23:04:30Z,2026-07-27T22:45:16Z,64.8
amtrak,NER,66,2026-07-27,BAL,Baltimore Penn Station,2026-07-28T02:51:00Z,2026-07-28T02:49:00Z,2026-07-28T02:49:00Z,2026-07-28T02:49:00Z,2026-07-27T22:45:16Z,64.8
amtrak,NER,66,2026-07-27,WAS,Washington Union Station,2026-07-28T02:00:00Z,2026-07-28T01:28:00Z,2026-07-28T01:28:00Z,2026-07-28T01:28:00Z,2026-07-27T22:45:16Z,64.8
amtrak,NER,67,2026-07-27,BAL,Baltimore Penn Station,2026-07-28T10:04:00Z,2026-07-28T10:04:00Z,2026-07-28T10:02:00Z,2026-07-28T10:02:00Z,2026-07-27T22:45:16Z,64.8
amtrak,NER,67,2026-07-27,WAS,Washington Union Station,2026-07-28T11:20:00Z,2026-07-28T11:20:00Z,2026-07-28T10:54:00Z,2026-07-28T10:54:00Z,2026-07-27T22:45:16Z,64.8
amtrak,NER,85,2026-07-27,BAL,Baltimore Penn Station,2026-07-27T21:50:00Z,2026-07-27T21:56:00Z,2026-07-27T21:47:00Z,2026-07-27T21:53:00Z,2026-07-27T22:45:16Z,64.8
amtrak,NER,85,2026-07-27,WAS,Washington Union Station,2026-07-27T22:39:00Z,2026-07-27T22:39:00Z,2026-07-27T22:39:00Z,2026-07-27T22:39:00Z,2026-07-27T22:45:16Z,64.8
amtrak,NER,93,2026-07-27,BAL,Baltimore Penn Station,2026-07-27T20:39:00Z,2026-07-27T20:46:00Z,2026-07-27T20:37:00Z,2026-07-27T20:43:00Z,2026-07-27T22:45:16Z,64.8
amtrak,NER,93,2026-07-27,WAS,Washington Union Station,2026-07-27T22:05:00Z,2026-07-27T22:05:00Z,2026-07-27T21:25:00Z,2026-07-27T21:25:00Z,2026-07-27T22:45:16Z,64.8
amtrak,NER,94,2026-07-27,BAL,Baltimore Penn Station,2026-07-27T18:43:00Z,2026-07-27T19:23:00Z,2026-07-27T18:41:00Z,2026-07-27T19:21:00Z,2026-07-27T22:45:16Z,64.8
amtrak,NER,94,2026-07-27,WAS,Washington Union Station,2026-07-27T18:00:00Z,2026-07-27T18:34:00Z,2026-07-27T17:23:00Z,2026-07-27T18:01:00Z,2026-07-27T22:45:16Z,64.8
amtrak,NER,95,2026-07-27,BAL,Baltimore Penn Station,2026-07-27T17:23:00Z,2026-07-27T17:24:00Z,2026-07-27T17:14:00Z,2026-07-27T17:13:00Z,2026-07-27T22:45:16Z,64.8
amtrak,NER,95,2026-07-27,WAS,Washington Union Station,2026-07-27T18:35:00Z,2026-07-27T18:35:00Z,2026-07-27T18:05:00Z,2026-07-27T18:07:00Z,2026-07-27T22:45:16Z,64.8
amtrak,NER,125,2026-07-27,BAL,Baltimore Penn Station,2026-07-27T18:28:00Z,2026-07-27T18:34:00Z,2026-07-27T18:25:00Z,2026-07-27T18:24:00Z,2026-07-27T22:45:16Z,64.8
amtrak,NER,125,2026-07-27,WAS,Washington Union Station,2026-07-27T19:50:00Z,2026-07-27T19:50:00Z,2026-07-27T19:11:00Z,2026-07-27T19:10:00Z,2026-07-27T22:45:16Z,64.8
amtrak,NER,129,2026-07-27,BAL,Baltimore Penn Station,2026-07-27T23:18:00Z,2026-07-27T23:12:00Z,2026-07-27T23:12:00Z,2026-07-27T23:12:00Z,2026-07-27T22:45:16Z,64.8
amtrak,NER,129,2026-07-27,WAS,Washington Union Station,2026-07-28T00:01:00Z,2026-07-28T00:01:00Z,2026-07-28T00:01:00Z,2026-07-28T00:01:00Z,2026-07-27T22:45:16Z,64.8
amtrak,NER,136,2026-07-27,BAL,Baltimore Penn Station,2026-07-27T21:43:00Z,2026-07-27T21:51:00Z,2026-07-27T21:41:00Z,2026-07-27T21:48:00Z,2026-07-27T22:45:16Z,64.8
amtrak,NER,136,2026-07-27,WAS,Washington Union Station,2026-07-27T21:00:00Z,2026-07-27T21:00:00Z,2026-07-27T21:00:00Z,2026-07-27T21:00:00Z,2026-07-27T22:45:16Z,64.8
amtrak,NER,137,2026-07-27,BAL,Baltimore Penn Station,2026-07-28T01:07:00Z,2026-07-28T01:05:00Z,2026-07-28T01:05:00Z,2026-07-28T01:05:00Z,2026-07-27T22:45:16Z,64.8
amtrak,NER,137,2026-07-27,WAS,Washington Union Station,2026-07-28T01:55:00Z,2026-07-28T01:44:00Z,2026-07-28T01:55:00Z,2026-07-28T01:44:00Z,2026-07-27T22:45:16Z,64.8
amtrak,NER,138,2026-07-27,BAL,Baltimore Penn Station,2026-07-27T23:18:00Z,2026-07-27T23:16:00Z,2026-07-27T23:16:00Z,2026-07-27T23:16:00Z,2026-07-27T22:45:16Z,64.8
amtrak,NER,138,2026-07-27,WAS,Washington Union Station,2026-07-27T22:35:00Z,2026-07-27T21:43:00Z,2026-07-27T21:42:00Z,2026-07-27T21:43:00Z,2026-07-27T22:45:16Z,64.8
amtrak,NER,148,2026-07-27,BAL,Baltimore Penn Station,2026-07-27T19:38:00Z,2026-07-27T19:43:00Z,2026-07-27T19:36:00Z,2026-07-27T19:41:00Z,2026-07-27T22:45:16Z,64.8
amtrak,NER,148,2026-07-27,WAS,Washington Union Station,2026-07-27T18:55:00Z,2026-07-27T18:55:00Z,2026-07-27T18:55:00Z,2026-07-27T18:55:00Z,2026-07-27T22:45:16Z,64.8
amtrak,NER,171,2026-07-27,BAL,Baltimore Penn Station,2026-07-27T19:33:00Z,2026-07-27T20:10:00Z,2026-07-27T19:30:00Z,2026-07-27T20:08:00Z,2026-07-27T22:45:16Z,64.8
amtrak,NER,171,2026-07-27,WAS,Washington Union Station,2026-07-27T21:00:00Z,2026-07-27T21:21:00Z,2026-07-27T20:25:00Z,2026-07-27T20:56:00Z,2026-07-27T22:45:16Z,64.8
amtrak,NER,173,2026-07-27,BAL,Baltimore Penn Station,2026-07-27T22:49:00Z,2026-07-27T22:52:00Z,2026-07-27T22:46:00Z,2026-07-27T22:52:00Z,2026-07-27T22:45:16Z,64.8
amtrak,NER,173,2026-07-27,WAS,Washington Union Station,2026-07-27T23:38:00Z,2026-07-27T23:32:00Z,2026-07-27T23:38:00Z,2026-07-27T23:32:00Z,2026-07-27T22:45:16Z,64.8
amtrak,NER,174,2026-07-27,BAL,Baltimore Penn Station,2026-07-27T15:18:00Z,2026-07-27T15:21:00Z,2026-07-27T15:16:00Z,2026-07-27T15:18:00Z,2026-07-27T22:45:16Z,64.8
amtrak,NER,174,2026-07-27,WAS,Washington Union Station,2026-07-27T14:35:00Z,2026-07-27T14:35:00Z,2026-07-27T14:35:00Z,2026-07-27T14:35:00Z,2026-07-27T22:45:16Z,64.8
amtrak,NER,175,2026-07-27,BAL,Baltimore Penn Station,2026-07-28T02:38:00Z,2026-07-28T02:35:00Z,2026-07-28T02:35:00Z,2026-07-28T02:35:00Z,2026-07-27T22:45:16Z,64.8
amtrak,NER,175,2026-07-27,WAS,Washington Union Station,2026-07-28T03:19:00Z,2026-07-28T03:15:00Z,2026-07-28T03:19:00Z,2026-07-28T03:15:00Z,2026-07-27T22:45:16Z,64.8
amtrak,NER,176,2026-07-27,BAL,Baltimore Penn Station,2026-07-27T20:08:00Z,2026-07-27T20:14:00Z,2026-07-27T20:06:00Z,2026-07-27T20:10:00Z,2026-07-27T22:45:16Z,64.8
amtrak,NER,176,2026-07-27,WAS,Washington Union Station,2026-07-27T19:30:00Z,2026-07-27T19:30:00Z,2026-07-27T19:30:00Z,2026-07-27T19:30:00Z,2026-07-27T22:45:16Z,64.8
amtrak,NER,178,2026-07-27,BAL,Baltimore Penn Station,2026-07-27T20:39:00Z,2026-07-27T20:42:00Z,2026-07-27T20:37:00Z,2026-07-27T20:40:00Z,2026-07-27T22:45:16Z,64.8
amtrak,NER,178,2026-07-27,WAS,Washington Union Station,2026-07-27T19:56:00Z,2026-07-27T19:56:00Z,2026-07-27T18:55:00Z,2026-07-27T19:15:00Z,2026-07-27T22:45:16Z,64.8
amtrak,NER,184,2026-07-27,BAL,Baltimore Penn Station,2026-07-27T17:54:00Z,2026-07-27T17:57:00Z,2026-07-27T17:52:00Z,2026-07-27T17:53:00Z,2026-07-27T22:45:16Z,64.8
amtrak,NER,184,2026-07-27,WAS,Washington Union Station,2026-07-27T17:20:00Z,2026-07-27T17:20:00Z,2026-07-27T17:20:00Z,2026-07-27T17:20:00Z,2026-07-27T22:45:16Z,64.8
amtrak,NER,186,2026-07-27,BAL,Baltimore Penn Station,2026-07-28T01:14:00Z,2026-07-28T01:21:00Z,2026-07-28T01:12:00Z,2026-07-28T01:21:00Z,2026-07-27T22:45:16Z,64.8
amtrak,NER,186,2026-07-27,WAS,Washington Union Station,2026-07-28T00:30:00Z,2026-07-28T00:01:00Z,2026-07-27T23:55:00Z,2026-07-28T00:01:00Z,2026-07-27T22:45:16Z,64.8
amtrak,NER,192,2026-07-27,BAL,Baltimore Penn Station,2026-07-27T23:54:00Z,2026-07-27T23:54:00Z,2026-07-27T23:52:00Z,2026-07-27T23:52:00Z,2026-07-27T22:45:16Z,64.8
amtrak,NER,192,2026-07-27,WAS,Washington Union Station,2026-07-27T23:12:00Z,2026-07-27T23:12:00Z,2026-07-27T23:12:00Z,2026-07-27T23:12:00Z,2026-07-27T22:45:16Z,64.8
amtrak,NER,196,2026-07-27,BAL,Baltimore Penn Station,2026-07-27T22:49:00Z,2026-07-27T22:49:00Z,2026-07-27T22:46:00Z,2026-07-27T22:49:00Z,2026-07-27T22:45:16Z,64.8
amtrak,NER,196,2026-07-27,WAS,Washington Union Station,2026-07-27T22:08:00Z,2026-07-27T22:08:00Z,2026-07-27T22:08:00Z,2026-07-27T22:08:00Z,2026-07-27T22:45:16Z,64.8
amtrak,NER,197,2026-07-27,BAL,Baltimore Penn Station,2026-07-28T00:49:00Z,2026-07-28T00:48:00Z,2026-07-28T00:48:00Z,2026-07-28T00:48:00Z,2026-07-27T22:45:16Z,64.8
amtrak,NER,197,2026-07-27,WAS,Washington Union Station,2026-07-28T01:32:00Z,2026-07-28T01:22:00Z,2026-07-28T01:32:00Z,2026-07-28T01:22:00Z,2026-07-27T22:45:16Z,64.8
