service,route_id,trip_id,trip_date,stop_id,stop_name,sched_dep,pred_dep,sched_arr,pred_arr,collected_at,drive_min
marc,11705,Train415,2026-08-04,11980,PENN STATION MARC sb,2026-08-04T11:00:00Z,2026-08-04T11:00:00Z,NA,NA,2026-08-04T11:56:36Z,83.9
marc,11705,Train415,2026-08-04,11958,UNION STATION MARC Washington,NA,NA,2026-08-04T12:02:00Z,2026-08-04T12:10:54Z,2026-08-04T11:56:36Z,83.9
marc,11705,Train419,2026-08-04,11958,UNION STATION MARC Washington,NA,NA,2026-08-04T12:53:00Z,2026-08-04T12:58:18Z,2026-08-04T11:56:36Z,83.9
marc,11705,Train410,2026-08-04,11958,UNION STATION MARC Washington,2026-08-04T11:15:00Z,2026-08-04T11:17:03Z,NA,NA,2026-08-04T11:56:36Z,83.9
marc,11705,Train410,2026-08-04,12002,PENN STATION MARC nb,NA,NA,2026-08-04T12:17:00Z,2026-08-04T12:19:20Z,2026-08-04T11:56:36Z,83.9
marc,11705,Train517,2026-08-04,11980,PENN STATION MARC sb,2026-08-04T11:20:00Z,2026-08-04T11:16:46Z,2026-08-04T11:16:05Z,2026-08-04T11:15:37Z,2026-08-04T11:56:36Z,83.9
marc,11705,Train517,2026-08-04,11958,UNION STATION MARC Washington,NA,NA,2026-08-04T12:19:00Z,2026-08-04T12:21:48Z,2026-08-04T11:56:36Z,83.9
marc,11705,Train502,2026-08-04,12002,PENN STATION MARC nb,2026-08-04T11:26:00Z,2026-08-04T11:13:00Z,2026-08-04T11:24:00Z,2026-08-04T11:10:48Z,2026-08-04T11:56:36Z,83.9
marc,11705,Train610,2026-08-04,11958,UNION STATION MARC Washington,2026-08-04T11:50:00Z,2026-08-04T11:51:18Z,NA,NA,2026-08-04T11:56:36Z,83.9
marc,11705,Train610,2026-08-04,12002,PENN STATION MARC nb,2026-08-04T12:46:00Z,2026-08-04T12:47:43Z,2026-08-04T12:40:15Z,2026-08-04T12:41:58Z,2026-08-04T11:56:36Z,83.9
amtrak,NER,66,2026-08-04,BAL,Baltimore Penn Station,2026-08-04T02:51:00Z,2026-08-04T02:51:00Z,2026-08-04T02:49:00Z,2026-08-04T02:48:00Z,2026-08-04T11:56:36Z,83.9
amtrak,NER,66,2026-08-04,WAS,Washington Union Station,2026-08-04T02:00:00Z,2026-08-04T02:07:00Z,2026-08-04T01:28:00Z,2026-08-04T01:39:00Z,2026-08-04T11:56:36Z,83.9
amtrak,NER,67,2026-08-04,BAL,Baltimore Penn Station,2026-08-04T10:04:00Z,2026-08-04T10:04:00Z,2026-08-04T10:02:00Z,2026-08-04T10:02:00Z,2026-08-04T11:56:36Z,83.9
amtrak,NER,67,2026-08-04,WAS,Washington Union Station,2026-08-04T11:20:00Z,2026-08-04T11:21:00Z,2026-08-04T10:54:00Z,2026-08-04T10:51:00Z,2026-08-04T11:56:36Z,83.9
amtrak,NER,86,2026-08-04,BAL,Baltimore Penn Station,2026-08-04T13:32:00Z,2026-08-04T13:30:00Z,2026-08-04T13:30:00Z,2026-08-04T13:30:00Z,2026-08-04T11:56:36Z,83.9
amtrak,NER,86,2026-08-04,WAS,Washington Union Station,2026-08-04T12:50:00Z,2026-08-04T12:18:00Z,2026-08-04T12:18:00Z,2026-08-04T12:18:00Z,2026-08-04T11:56:36Z,83.9
amtrak,NER,94,2026-08-04,BAL,Baltimore Penn Station,2026-08-04T18:43:00Z,2026-08-04T18:43:00Z,2026-08-04T18:41:00Z,2026-08-04T18:41:00Z,2026-08-04T11:56:36Z,83.9
amtrak,NER,94,2026-08-04,WAS,Washington Union Station,2026-08-04T18:00:00Z,2026-08-04T18:00:00Z,2026-08-04T17:23:00Z,2026-08-04T17:23:00Z,2026-08-04T11:56:36Z,83.9
amtrak,NER,95,2026-08-04,BAL,Baltimore Penn Station,2026-08-04T17:23:00Z,2026-08-04T17:14:00Z,2026-08-04T17:14:00Z,2026-08-04T17:14:00Z,2026-08-04T11:56:36Z,83.9
amtrak,NER,95,2026-08-04,WAS,Washington Union Station,2026-08-04T18:35:00Z,2026-08-04T18:05:00Z,2026-08-04T18:05:00Z,2026-08-04T18:05:00Z,2026-08-04T11:56:36Z,83.9
amtrak,NER,111,2026-08-04,BAL,Baltimore Penn Station,2026-08-04T11:36:00Z,2026-08-04T11:36:00Z,2026-08-04T11:34:00Z,2026-08-04T11:27:00Z,2026-08-04T11:56:36Z,83.9
amtrak,NER,111,2026-08-04,WAS,Washington Union Station,2026-08-04T12:22:00Z,2026-08-04T12:22:00Z,2026-08-04T12:22:00Z,2026-08-04T12:22:00Z,2026-08-04T11:56:36Z,83.9
amtrak,NER,112,2026-08-04,BAL,Baltimore Penn Station,2026-08-04T12:22:00Z,2026-08-04T12:20:00Z,2026-08-04T12:20:00Z,2026-08-04T12:20:00Z,2026-08-04T11:56:36Z,83.9
amtrak,NER,112,2026-08-04,WAS,Washington Union Station,2026-08-04T11:40:00Z,2026-08-04T11:43:00Z,2026-08-04T11:40:00Z,2026-08-04T11:43:00Z,2026-08-04T11:56:36Z,83.9
amtrak,NER,113,2026-08-04,BAL,Baltimore Penn Station,2026-08-04T13:07:00Z,2026-08-04T13:11:00Z,2026-08-04T13:05:00Z,2026-08-04T13:11:00Z,2026-08-04T11:56:36Z,83.9
amtrak,NER,113,2026-08-04,WAS,Washington Union Station,2026-08-04T13:53:00Z,NA,2026-08-04T13:53:00Z,NA,2026-08-04T11:56:36Z,83.9
amtrak,NER,125,2026-08-04,BAL,Baltimore Penn Station,2026-08-04T18:28:00Z,2026-08-04T18:26:00Z,2026-08-04T18:25:00Z,2026-08-04T18:26:00Z,2026-08-04T11:56:36Z,83.9
amtrak,NER,125,2026-08-04,WAS,Washington Union Station,2026-08-04T19:50:00Z,2026-08-04T19:11:00Z,2026-08-04T19:11:00Z,2026-08-04T19:11:00Z,2026-08-04T11:56:36Z,83.9
amtrak,NER,130,2026-08-04,BAL,Baltimore Penn Station,2026-08-04T11:05:00Z,2026-08-04T11:05:00Z,2026-08-04T11:03:00Z,2026-08-04T10:55:00Z,2026-08-04T11:56:36Z,83.9
amtrak,NER,130,2026-08-04,WAS,Washington Union Station,2026-08-04T10:20:00Z,2026-08-04T10:20:00Z,2026-08-04T10:20:00Z,2026-08-04T10:20:00Z,2026-08-04T11:56:36Z,83.9
amtrak,NER,141,2026-08-04,BAL,Baltimore Penn Station,2026-08-04T15:00:00Z,2026-08-04T15:01:00Z,2026-08-04T14:58:00Z,2026-08-04T15:01:00Z,2026-08-04T11:56:36Z,83.9
amtrak,NER,141,2026-08-04,WAS,Washington Union Station,2026-08-04T15:41:00Z,2026-08-04T15:40:00Z,2026-08-04T15:41:00Z,2026-08-04T15:40:00Z,2026-08-04T11:56:36Z,83.9
amtrak,NER,151,2026-08-04,BAL,Baltimore Penn Station,2026-08-04T10:10:00Z,2026-08-04T10:16:00Z,2026-08-04T10:08:00Z,2026-08-04T10:14:00Z,2026-08-04T11:56:36Z,83.9
amtrak,NER,151,2026-08-04,WAS,Washington Union Station,2026-08-04T11:30:00Z,2026-08-04T11:31:00Z,2026-08-04T10:58:00Z,2026-08-04T10:57:00Z,2026-08-04T11:56:36Z,83.9
amtrak,NER,170,2026-08-04,BAL,Baltimore Penn Station,2026-08-04T09:44:00Z,2026-08-04T09:44:00Z,2026-08-04T09:42:00Z,2026-08-04T09:42:00Z,2026-08-04T11:56:36Z,83.9
amtrak,NER,170,2026-08-04,WAS,Washington Union Station,2026-08-04T09:05:00Z,2026-08-04T09:05:00Z,2026-08-04T09:05:00Z,2026-08-04T09:05:00Z,2026-08-04T11:56:36Z,83.9
amtrak,NER,171,2026-08-04,BAL,Baltimore Penn Station,2026-08-04T19:33:00Z,2026-08-04T19:33:00Z,2026-08-04T19:30:00Z,2026-08-04T19:30:00Z,2026-08-04T11:56:36Z,83.9
amtrak,NER,171,2026-08-04,WAS,Washington Union Station,2026-08-04T21:00:00Z,2026-08-04T21:00:00Z,2026-08-04T20:25:00Z,2026-08-04T20:25:00Z,2026-08-04T11:56:36Z,83.9
amtrak,NER,172,2026-08-04,BAL,Baltimore Penn Station,2026-08-04T11:50:00Z,2026-08-04T11:56:00Z,2026-08-04T11:48:00Z,2026-08-04T11:51:00Z,2026-08-04T11:56:36Z,83.9
amtrak,NER,172,2026-08-04,WAS,Washington Union Station,2026-08-04T11:06:00Z,2026-08-04T11:06:00Z,2026-08-04T11:06:00Z,2026-08-04T11:06:00Z,2026-08-04T11:56:36Z,83.9
amtrak,NER,181,2026-08-04,BAL,Baltimore Penn Station,2026-08-04T12:22:00Z,2026-08-04T12:15:00Z,2026-08-04T12:19:00Z,2026-08-04T12:15:00Z,2026-08-04T11:56:36Z,83.9
amtrak,NER,181,2026-08-04,WAS,Washington Union Station,2026-08-04T13:02:00Z,2026-08-04T13:02:00Z,2026-08-04T13:02:00Z,2026-08-04T13:02:00Z,2026-08-04T11:56:36Z,83.9
amtrak,NER,183,2026-08-04,BAL,Baltimore Penn Station,2026-08-04T14:20:00Z,2026-08-04T14:17:00Z,2026-08-04T14:17:00Z,2026-08-04T14:17:00Z,2026-08-04T11:56:36Z,83.9
amtrak,NER,183,2026-08-04,WAS,Washington Union Station,2026-08-04T15:04:00Z,2026-08-04T15:00:00Z,2026-08-04T15:04:00Z,2026-08-04T15:00:00Z,2026-08-04T11:56:36Z,83.9
marc,11705,Train415,2026-08-04,11980,PENN STATION MARC sb,2026-08-04T11:00:00Z,2026-08-04T11:00:00Z,NA,NA,2026-08-04T11:59:37Z,84
marc,11705,Train415,2026-08-04,11958,UNION STATION MARC Washington,NA,NA,2026-08-04T12:02:00Z,2026-08-04T12:10:35Z,2026-08-04T11:59:37Z,84
marc,11705,Train419,2026-08-04,11980,PENN STATION MARC sb,2026-08-04T11:50:00Z,2026-08-04T11:51:33Z,NA,NA,2026-08-04T11:59:37Z,84
marc,11705,Train419,2026-08-04,11958,UNION STATION MARC Washington,NA,NA,2026-08-04T12:53:00Z,2026-08-04T12:55:31Z,2026-08-04T11:59:37Z,84
marc,11705,Train410,2026-08-04,11958,UNION STATION MARC Washington,2026-08-04T11:15:00Z,2026-08-04T11:17:03Z,NA,NA,2026-08-04T11:59:37Z,84
marc,11705,Train410,2026-08-04,12002,PENN STATION MARC nb,NA,NA,2026-08-04T12:17:00Z,2026-08-04T12:18:35Z,2026-08-04T11:59:37Z,84
marc,11705,Train517,2026-08-04,11980,PENN STATION MARC sb,2026-08-04T11:20:00Z,2026-08-04T11:16:46Z,2026-08-04T11:16:05Z,2026-08-04T11:15:37Z,2026-08-04T11:59:37Z,84
marc,11705,Train517,2026-08-04,11958,UNION STATION MARC Washington,NA,NA,2026-08-04T12:19:00Z,2026-08-04T12:21:48Z,2026-08-04T11:59:37Z,84
marc,11705,Train502,2026-08-04,12002,PENN STATION MARC nb,2026-08-04T11:26:00Z,2026-08-04T11:13:00Z,2026-08-04T11:24:00Z,2026-08-04T11:10:48Z,2026-08-04T11:59:37Z,84
marc,11705,Train610,2026-08-04,11958,UNION STATION MARC Washington,2026-08-04T11:50:00Z,2026-08-04T11:51:18Z,NA,NA,2026-08-04T11:59:37Z,84
marc,11705,Train610,2026-08-04,12002,PENN STATION MARC nb,2026-08-04T12:46:00Z,2026-08-04T12:48:04Z,2026-08-04T12:40:15Z,2026-08-04T12:42:19Z,2026-08-04T11:59:37Z,84
amtrak,NER,66,2026-08-04,BAL,Baltimore Penn Station,2026-08-04T02:51:00Z,2026-08-04T02:51:00Z,2026-08-04T02:49:00Z,2026-08-04T02:48:00Z,2026-08-04T11:59:37Z,84
amtrak,NER,66,2026-08-04,WAS,Washington Union Station,2026-08-04T02:00:00Z,2026-08-04T02:07:00Z,2026-08-04T01:28:00Z,2026-08-04T01:39:00Z,2026-08-04T11:59:37Z,84
amtrak,NER,67,2026-08-04,BAL,Baltimore Penn Station,2026-08-04T10:04:00Z,2026-08-04T10:04:00Z,2026-08-04T10:02:00Z,2026-08-04T10:02:00Z,2026-08-04T11:59:37Z,84
amtrak,NER,67,2026-08-04,WAS,Washington Union Station,2026-08-04T11:20:00Z,2026-08-04T11:21:00Z,2026-08-04T10:54:00Z,2026-08-04T10:51:00Z,2026-08-04T11:59:37Z,84
amtrak,NER,86,2026-08-04,BAL,Baltimore Penn Station,2026-08-04T13:32:00Z,2026-08-04T13:30:00Z,2026-08-04T13:30:00Z,2026-08-04T13:30:00Z,2026-08-04T11:59:37Z,84
amtrak,NER,86,2026-08-04,WAS,Washington Union Station,2026-08-04T12:50:00Z,2026-08-04T12:18:00Z,2026-08-04T12:18:00Z,2026-08-04T12:18:00Z,2026-08-04T11:59:37Z,84
amtrak,NER,94,2026-08-04,BAL,Baltimore Penn Station,2026-08-04T18:43:00Z,2026-08-04T18:43:00Z,2026-08-04T18:41:00Z,2026-08-04T18:41:00Z,2026-08-04T11:59:37Z,84
amtrak,NER,94,2026-08-04,WAS,Washington Union Station,2026-08-04T18:00:00Z,2026-08-04T18:00:00Z,2026-08-04T17:23:00Z,2026-08-04T17:23:00Z,2026-08-04T11:59:37Z,84
amtrak,NER,95,2026-08-04,BAL,Baltimore Penn Station,2026-08-04T17:23:00Z,2026-08-04T17:14:00Z,2026-08-04T17:14:00Z,2026-08-04T17:14:00Z,2026-08-04T11:59:37Z,84
amtrak,NER,95,2026-08-04,WAS,Washington Union Station,2026-08-04T18:35:00Z,2026-08-04T18:05:00Z,2026-08-04T18:05:00Z,2026-08-04T18:05:00Z,2026-08-04T11:59:37Z,84
amtrak,NER,111,2026-08-04,BAL,Baltimore Penn Station,2026-08-04T11:36:00Z,2026-08-04T11:36:00Z,2026-08-04T11:34:00Z,2026-08-04T11:27:00Z,2026-08-04T11:59:37Z,84
amtrak,NER,111,2026-08-04,WAS,Washington Union Station,2026-08-04T12:22:00Z,2026-08-04T12:22:00Z,2026-08-04T12:22:00Z,2026-08-04T12:22:00Z,2026-08-04T11:59:37Z,84
amtrak,NER,112,2026-08-04,BAL,Baltimore Penn Station,2026-08-04T12:22:00Z,2026-08-04T12:20:00Z,2026-08-04T12:20:00Z,2026-08-04T12:20:00Z,2026-08-04T11:59:37Z,84
amtrak,NER,112,2026-08-04,WAS,Washington Union Station,2026-08-04T11:40:00Z,2026-08-04T11:43:00Z,2026-08-04T11:40:00Z,2026-08-04T11:43:00Z,2026-08-04T11:59:37Z,84
amtrak,NER,113,2026-08-04,BAL,Baltimore Penn Station,2026-08-04T13:07:00Z,2026-08-04T13:14:00Z,2026-08-04T13:05:00Z,2026-08-04T13:14:00Z,2026-08-04T11:59:37Z,84
amtrak,NER,113,2026-08-04,WAS,Washington Union Station,2026-08-04T13:53:00Z,NA,2026-08-04T13:53:00Z,NA,2026-08-04T11:59:37Z,84
amtrak,NER,125,2026-08-04,BAL,Baltimore Penn Station,2026-08-04T18:28:00Z,2026-08-04T18:26:00Z,2026-08-04T18:25:00Z,2026-08-04T18:26:00Z,2026-08-04T11:59:37Z,84
amtrak,NER,125,2026-08-04,WAS,Washington Union Station,2026-08-04T19:50:00Z,2026-08-04T19:11:00Z,2026-08-04T19:11:00Z,2026-08-04T19:11:00Z,2026-08-04T11:59:37Z,84
amtrak,NER,130,2026-08-04,BAL,Baltimore Penn Station,2026-08-04T11:05:00Z,2026-08-04T11:05:00Z,2026-08-04T11:03:00Z,2026-08-04T10:55:00Z,2026-08-04T11:59:37Z,84
amtrak,NER,130,2026-08-04,WAS,Washington Union Station,2026-08-04T10:20:00Z,2026-08-04T10:20:00Z,2026-08-04T10:20:00Z,2026-08-04T10:20:00Z,2026-08-04T11:59:37Z,84
amtrak,NER,141,2026-08-04,BAL,Baltimore Penn Station,2026-08-04T15:00:00Z,2026-08-04T15:01:00Z,2026-08-04T14:58:00Z,2026-08-04T15:01:00Z,2026-08-04T11:59:37Z,84
amtrak,NER,141,2026-08-04,WAS,Washington Union Station,2026-08-04T15:41:00Z,2026-08-04T15:40:00Z,2026-08-04T15:41:00Z,2026-08-04T15:40:00Z,2026-08-04T11:59:37Z,84
amtrak,NER,151,2026-08-04,BAL,Baltimore Penn Station,2026-08-04T10:10:00Z,2026-08-04T10:16:00Z,2026-08-04T10:08:00Z,2026-08-04T10:14:00Z,2026-08-04T11:59:37Z,84
amtrak,NER,151,2026-08-04,WAS,Washington Union Station,2026-08-04T11:30:00Z,2026-08-04T11:31:00Z,2026-08-04T10:58:00Z,2026-08-04T10:57:00Z,2026-08-04T11:59:37Z,84
amtrak,NER,170,2026-08-04,BAL,Baltimore Penn Station,2026-08-04T09:44:00Z,2026-08-04T09:44:00Z,2026-08-04T09:42:00Z,2026-08-04T09:42:00Z,2026-08-04T11:59:37Z,84
amtrak,NER,170,2026-08-04,WAS,Washington Union Station,2026-08-04T09:05:00Z,2026-08-04T09:05:00Z,2026-08-04T09:05:00Z,2026-08-04T09:05:00Z,2026-08-04T11:59:37Z,84
amtrak,NER,171,2026-08-04,BAL,Baltimore Penn Station,2026-08-04T19:33:00Z,2026-08-04T19:33:00Z,2026-08-04T19:30:00Z,2026-08-04T19:30:00Z,2026-08-04T11:59:37Z,84
amtrak,NER,171,2026-08-04,WAS,Washington Union Station,2026-08-04T21:00:00Z,2026-08-04T21:00:00Z,2026-08-04T20:25:00Z,2026-08-04T20:25:00Z,2026-08-04T11:59:37Z,84
amtrak,NER,172,2026-08-04,BAL,Baltimore Penn Station,2026-08-04T11:50:00Z,2026-08-04T11:55:00Z,2026-08-04T11:48:00Z,2026-08-04T11:51:00Z,2026-08-04T11:59:37Z,84
amtrak,NER,172,2026-08-04,WAS,Washington Union Station,2026-08-04T11:06:00Z,2026-08-04T11:06:00Z,2026-08-04T11:06:00Z,2026-08-04T11:06:00Z,2026-08-04T11:59:37Z,84
amtrak,NER,181,2026-08-04,BAL,Baltimore Penn Station,2026-08-04T12:22:00Z,2026-08-04T12:15:00Z,2026-08-04T12:19:00Z,2026-08-04T12:15:00Z,2026-08-04T11:59:37Z,84
amtrak,NER,181,2026-08-04,WAS,Washington Union Station,2026-08-04T13:02:00Z,2026-08-04T13:02:00Z,2026-08-04T13:02:00Z,2026-08-04T13:02:00Z,2026-08-04T11:59:37Z,84
amtrak,NER,183,2026-08-04,BAL,Baltimore Penn Station,2026-08-04T14:20:00Z,2026-08-04T14:17:00Z,2026-08-04T14:17:00Z,2026-08-04T14:17:00Z,2026-08-04T11:59:37Z,84
amtrak,NER,183,2026-08-04,WAS,Washington Union Station,2026-08-04T15:04:00Z,2026-08-04T15:00:00Z,2026-08-04T15:04:00Z,2026-08-04T15:00:00Z,2026-08-04T11:59:37Z,84
marc,11705,Train415,2026-08-04,11980,PENN STATION MARC sb,2026-08-04T11:00:00Z,2026-08-04T11:00:00Z,NA,NA,2026-08-04T12:02:39Z,80.1
marc,11705,Train415,2026-08-04,11958,UNION STATION MARC Washington,NA,NA,2026-08-04T12:02:00Z,2026-08-04T12:11:04Z,2026-08-04T12:02:39Z,80.1
marc,11705,Train419,2026-08-04,11980,PENN STATION MARC sb,2026-08-04T11:50:00Z,2026-08-04T11:51:33Z,NA,NA,2026-08-04T12:02:39Z,80.1
marc,11705,Train419,2026-08-04,11958,UNION STATION MARC Washington,NA,NA,2026-08-04T12:53:00Z,2026-08-04T12:55:31Z,2026-08-04T12:02:39Z,80.1
marc,11705,Train410,2026-08-04,11958,UNION STATION MARC Washington,2026-08-04T11:15:00Z,2026-08-04T11:17:03Z,NA,NA,2026-08-04T12:02:39Z,80.1
marc,11705,Train410,2026-08-04,12002,PENN STATION MARC nb,NA,NA,2026-08-04T12:17:00Z,2026-08-04T12:18:43Z,2026-08-04T12:02:39Z,80.1
marc,11705,Train517,2026-08-04,11980,PENN STATION MARC sb,2026-08-04T11:20:00Z,2026-08-04T11:16:46Z,2026-08-04T11:16:05Z,2026-08-04T11:15:37Z,2026-08-04T12:02:39Z,80.1
marc,11705,Train517,2026-08-04,11958,UNION STATION MARC Washington,NA,NA,2026-08-04T12:19:00Z,2026-08-04T12:21:44Z,2026-08-04T12:02:39Z,80.1
marc,11705,Train502,2026-08-04,12002,PENN STATION MARC nb,2026-08-04T11:26:00Z,2026-08-04T11:13:00Z,2026-08-04T11:24:00Z,2026-08-04T11:10:48Z,2026-08-04T12:02:39Z,80.1
marc,11705,Train610,2026-08-04,11958,UNION STATION MARC Washington,2026-08-04T11:50:00Z,2026-08-04T11:51:18Z,NA,NA,2026-08-04T12:02:39Z,80.1
marc,11705,Train610,2026-08-04,12002,PENN STATION MARC nb,2026-08-04T12:46:00Z,2026-08-04T12:48:51Z,2026-08-04T12:40:15Z,2026-08-04T12:43:06Z,2026-08-04T12:02:39Z,80.1
amtrak,NER,66,2026-08-04,BAL,Baltimore Penn Station,2026-08-04T02:51:00Z,2026-08-04T02:51:00Z,2026-08-04T02:49:00Z,2026-08-04T02:48:00Z,2026-08-04T12:02:39Z,80.1
amtrak,NER,66,2026-08-04,WAS,Washington Union Station,2026-08-04T02:00:00Z,2026-08-04T02:07:00Z,2026-08-04T01:28:00Z,2026-08-04T01:39:00Z,2026-08-04T12:02:39Z,80.1
amtrak,NER,67,2026-08-04,BAL,Baltimore Penn Station,2026-08-04T10:04:00Z,2026-08-04T10:04:00Z,2026-08-04T10:02:00Z,2026-08-04T10:02:00Z,2026-08-04T12:02:39Z,80.1
amtrak,NER,67,2026-08-04,WAS,Washington Union Station,2026-08-04T11:20:00Z,2026-08-04T11:21:00Z,2026-08-04T10:54:00Z,2026-08-04T10:51:00Z,2026-08-04T12:02:39Z,80.1
amtrak,NER,86,2026-08-04,BAL,Baltimore Penn Station,2026-08-04T13:32:00Z,2026-08-04T13:30:00Z,2026-08-04T13:30:00Z,2026-08-04T13:30:00Z,2026-08-04T12:02:39Z,80.1
amtrak,NER,86,2026-08-04,WAS,Washington Union Station,2026-08-04T12:50:00Z,2026-08-04T12:18:00Z,2026-08-04T12:18:00Z,2026-08-04T12:18:00Z,2026-08-04T12:02:39Z,80.1
amtrak,NER,94,2026-08-04,BAL,Baltimore Penn Station,2026-08-04T18:43:00Z,2026-08-04T18:43:00Z,2026-08-04T18:41:00Z,2026-08-04T18:41:00Z,2026-08-04T12:02:39Z,80.1
amtrak,NER,94,2026-08-04,WAS,Washington Union Station,2026-08-04T18:00:00Z,2026-08-04T18:00:00Z,2026-08-04T17:23:00Z,2026-08-04T17:23:00Z,2026-08-04T12:02:39Z,80.1
amtrak,NER,95,2026-08-04,BAL,Baltimore Penn Station,2026-08-04T17:23:00Z,2026-08-04T17:14:00Z,2026-08-04T17:14:00Z,2026-08-04T17:14:00Z,2026-08-04T12:02:39Z,80.1
amtrak,NER,95,2026-08-04,WAS,Washington Union Station,2026-08-04T18:35:00Z,2026-08-04T18:05:00Z,2026-08-04T18:05:00Z,2026-08-04T18:05:00Z,2026-08-04T12:02:39Z,80.1
amtrak,NER,111,2026-08-04,BAL,Baltimore Penn Station,2026-08-04T11:36:00Z,2026-08-04T11:36:00Z,2026-08-04T11:34:00Z,2026-08-04T11:27:00Z,2026-08-04T12:02:39Z,80.1
amtrak,NER,111,2026-08-04,WAS,Washington Union Station,2026-08-04T12:22:00Z,2026-08-04T12:22:00Z,2026-08-04T12:22:00Z,2026-08-04T12:22:00Z,2026-08-04T12:02:39Z,80.1
amtrak,NER,112,2026-08-04,BAL,Baltimore Penn Station,2026-08-04T12:22:00Z,2026-08-04T12:20:00Z,2026-08-04T12:20:00Z,2026-08-04T12:20:00Z,2026-08-04T12:02:39Z,80.1
amtrak,NER,112,2026-08-04,WAS,Washington Union Station,2026-08-04T11:40:00Z,2026-08-04T11:43:00Z,2026-08-04T11:40:00Z,2026-08-04T11:43:00Z,2026-08-04T12:02:39Z,80.1
amtrak,NER,113,2026-08-04,BAL,Baltimore Penn Station,2026-08-04T13:07:00Z,2026-08-04T13:14:00Z,2026-08-04T13:05:00Z,2026-08-04T13:14:00Z,2026-08-04T12:02:39Z,80.1
amtrak,NER,113,2026-08-04,WAS,Washington Union Station,2026-08-04T13:53:00Z,NA,2026-08-04T13:53:00Z,NA,2026-08-04T12:02:39Z,80.1
amtrak,NER,125,2026-08-04,BAL,Baltimore Penn Station,2026-08-04T18:28:00Z,2026-08-04T18:26:00Z,2026-08-04T18:25:00Z,2026-08-04T18:26:00Z,2026-08-04T12:02:39Z,80.1
amtrak,NER,125,2026-08-04,WAS,Washington Union Station,2026-08-04T19:50:00Z,2026-08-04T19:11:00Z,2026-08-04T19:11:00Z,2026-08-04T19:11:00Z,2026-08-04T12:02:39Z,80.1
amtrak,NER,130,2026-08-04,BAL,Baltimore Penn Station,2026-08-04T11:05:00Z,2026-08-04T11:05:00Z,2026-08-04T11:03:00Z,2026-08-04T10:55:00Z,2026-08-04T12:02:39Z,80.1
amtrak,NER,130,2026-08-04,WAS,Washington Union Station,2026-08-04T10:20:00Z,2026-08-04T10:20:00Z,2026-08-04T10:20:00Z,2026-08-04T10:20:00Z,2026-08-04T12:02:39Z,80.1
amtrak,NER,141,2026-08-04,BAL,Baltimore Penn Station,2026-08-04T15:00:00Z,2026-08-04T15:01:00Z,2026-08-04T14:58:00Z,2026-08-04T15:01:00Z,2026-08-04T12:02:39Z,80.1
amtrak,NER,141,2026-08-04,WAS,Washington Union Station,2026-08-04T15:41:00Z,2026-08-04T15:40:00Z,2026-08-04T15:41:00Z,2026-08-04T15:40:00Z,2026-08-04T12:02:39Z,80.1
amtrak,NER,151,2026-08-04,BAL,Baltimore Penn Station,2026-08-04T10:10:00Z,2026-08-04T10:16:00Z,2026-08-04T10:08:00Z,2026-08-04T10:14:00Z,2026-08-04T12:02:39Z,80.1
amtrak,NER,151,2026-08-04,WAS,Washington Union Station,2026-08-04T11:30:00Z,2026-08-04T11:31:00Z,2026-08-04T10:58:00Z,2026-08-04T10:57:00Z,2026-08-04T12:02:39Z,80.1
amtrak,NER,170,2026-08-04,BAL,Baltimore Penn Station,2026-08-04T09:44:00Z,2026-08-04T09:44:00Z,2026-08-04T09:42:00Z,2026-08-04T09:42:00Z,2026-08-04T12:02:39Z,80.1
amtrak,NER,170,2026-08-04,WAS,Washington Union Station,2026-08-04T09:05:00Z,2026-08-04T09:05:00Z,2026-08-04T09:05:00Z,2026-08-04T09:05:00Z,2026-08-04T12:02:39Z,80.1
amtrak,NER,171,2026-08-04,BAL,Baltimore Penn Station,2026-08-04T19:33:00Z,2026-08-04T19:33:00Z,2026-08-04T19:30:00Z,2026-08-04T19:30:00Z,2026-08-04T12:02:39Z,80.1
amtrak,NER,171,2026-08-04,WAS,Washington Union Station,2026-08-04T21:00:00Z,2026-08-04T21:00:00Z,2026-08-04T20:25:00Z,2026-08-04T20:25:00Z,2026-08-04T12:02:39Z,80.1
amtrak,NER,172,2026-08-04,BAL,Baltimore Penn Station,2026-08-04T11:50:00Z,2026-08-04T11:55:00Z,2026-08-04T11:48:00Z,2026-08-04T11:51:00Z,2026-08-04T12:02:39Z,80.1
amtrak,NER,172,2026-08-04,WAS,Washington Union Station,2026-08-04T11:06:00Z,2026-08-04T11:06:00Z,2026-08-04T11:06:00Z,2026-08-04T11:06:00Z,2026-08-04T12:02:39Z,80.1
amtrak,NER,181,2026-08-04,BAL,Baltimore Penn Station,2026-08-04T12:22:00Z,2026-08-04T12:15:00Z,2026-08-04T12:19:00Z,2026-08-04T12:15:00Z,2026-08-04T12:02:39Z,80.1
amtrak,NER,181,2026-08-04,WAS,Washington Union Station,2026-08-04T13:02:00Z,2026-08-04T13:02:00Z,2026-08-04T13:02:00Z,2026-08-04T13:02:00Z,2026-08-04T12:02:39Z,80.1
amtrak,NER,183,2026-08-04,BAL,Baltimore Penn Station,2026-08-04T14:20:00Z,2026-08-04T14:17:00Z,2026-08-04T14:17:00Z,2026-08-04T14:17:00Z,2026-08-04T12:02:39Z,80.1
amtrak,NER,183,2026-08-04,WAS,Washington Union Station,2026-08-04T15:04:00Z,2026-08-04T15:00:00Z,2026-08-04T15:04:00Z,2026-08-04T15:00:00Z,2026-08-04T12:02:39Z,80.1
marc,11705,Train412,2026-08-04,11958,UNION STATION MARC Washington,2026-08-04T13:00:00Z,2026-08-04T13:02:09Z,NA,NA,2026-08-04T13:46:58Z,62.4
marc,11705,Train412,2026-08-04,12002,PENN STATION MARC nb,NA,NA,2026-08-04T13:56:00Z,2026-08-04T14:02:05Z,2026-08-04T13:46:58Z,62.4
marc,11705,Train414,2026-08-04,12002,PENN STATION MARC nb,NA,NA,2026-08-04T14:42:00Z,2026-08-04T14:42:00Z,2026-08-04T13:46:58Z,62.4
marc,11705,Train423,2026-08-04,11980,PENN STATION MARC sb,2026-08-04T13:00:00Z,2026-08-04T13:01:26Z,NA,NA,2026-08-04T13:46:58Z,62.4
marc,11705,Train423,2026-08-04,11958,UNION STATION MARC Washington,NA,NA,2026-08-04T14:03:00Z,2026-08-04T14:06:04Z,2026-08-04T13:46:58Z,62.4
marc,11705,Train525,2026-08-04,11980,PENN STATION MARC sb,2026-08-04T13:30:00Z,2026-08-04T13:40:13Z,2026-08-04T13:28:00Z,2026-08-04T13:36:04Z,2026-08-04T13:46:58Z,62.4
marc,11705,Train525,2026-08-04,11958,UNION STATION MARC Washington,NA,NA,2026-08-04T14:28:00Z,2026-08-04T14:38:29Z,2026-08-04T13:46:58Z,62.4
marc,11705,Train612,2026-08-04,11958,UNION STATION MARC Washington,2026-08-04T12:20:00Z,2026-08-04T12:22:23Z,NA,NA,2026-08-04T13:46:58Z,62.4
marc,11705,Train612,2026-08-04,12002,PENN STATION MARC nb,2026-08-04T13:20:00Z,2026-08-04T13:21:55Z,2026-08-04T13:17:00Z,2026-08-04T13:20:37Z,2026-08-04T13:46:58Z,62.4
amtrak,NER,66,2026-08-04,BAL,Baltimore Penn Station,2026-08-04T02:51:00Z,2026-08-04T02:51:00Z,2026-08-04T02:49:00Z,2026-08-04T02:48:00Z,2026-08-04T13:46:58Z,62.4
amtrak,NER,66,2026-08-04,WAS,Washington Union Station,2026-08-04T02:00:00Z,2026-08-04T02:07:00Z,2026-08-04T01:28:00Z,2026-08-04T01:39:00Z,2026-08-04T13:46:58Z,62.4
amtrak,NER,67,2026-08-04,BAL,Baltimore Penn Station,2026-08-04T10:04:00Z,2026-08-04T10:04:00Z,2026-08-04T10:02:00Z,2026-08-04T10:02:00Z,2026-08-04T13:46:58Z,62.4
amtrak,NER,67,2026-08-04,WAS,Washington Union Station,2026-08-04T11:20:00Z,2026-08-04T11:20:00Z,2026-08-04T10:54:00Z,2026-08-04T10:51:00Z,2026-08-04T13:46:58Z,62.4
amtrak,NER,85,2026-08-04,BAL,Baltimore Penn Station,2026-08-04T21:50:00Z,2026-08-04T21:50:00Z,2026-08-04T21:47:00Z,2026-08-04T21:47:00Z,2026-08-04T13:46:58Z,62.4
amtrak,NER,85,2026-08-04,WAS,Washington Union Station,2026-08-04T22:39:00Z,2026-08-04T22:39:00Z,2026-08-04T22:39:00Z,2026-08-04T22:28:00Z,2026-08-04T13:46:58Z,62.4
amtrak,NER,86,2026-08-04,BAL,Baltimore Penn Station,2026-08-04T13:32:00Z,2026-08-04T13:39:00Z,2026-08-04T13:30:00Z,2026-08-04T13:36:00Z,2026-08-04T13:46:58Z,62.4
amtrak,NER,86,2026-08-04,WAS,Washington Union Station,2026-08-04T12:50:00Z,2026-08-04T12:51:00Z,2026-08-04T12:18:00Z,2026-08-04T12:24:00Z,2026-08-04T13:46:58Z,62.4
amtrak,NER,93,2026-08-04,BAL,Baltimore Penn Station,2026-08-04T20:39:00Z,2026-08-04T20:37:00Z,2026-08-04T20:37:00Z,2026-08-04T20:37:00Z,2026-08-04T13:46:58Z,62.4
amtrak,NER,93,2026-08-04,WAS,Washington Union Station,2026-08-04T22:05:00Z,2026-08-04T21:25:00Z,2026-08-04T21:25:00Z,2026-08-04T21:25:00Z,2026-08-04T13:46:58Z,62.4
amtrak,NER,94,2026-08-04,BAL,Baltimore Penn Station,2026-08-04T18:43:00Z,2026-08-04T18:41:00Z,2026-08-04T18:41:00Z,2026-08-04T18:41:00Z,2026-08-04T13:46:58Z,62.4
amtrak,NER,94,2026-08-04,WAS,Washington Union Station,2026-08-04T18:00:00Z,2026-08-04T17:23:00Z,2026-08-04T17:23:00Z,2026-08-04T17:23:00Z,2026-08-04T13:46:58Z,62.4
amtrak,NER,95,2026-08-04,BAL,Baltimore Penn Station,2026-08-04T17:23:00Z,2026-08-04T17:14:00Z,2026-08-04T17:14:00Z,2026-08-04T17:14:00Z,2026-08-04T13:46:58Z,62.4
amtrak,NER,95,2026-08-04,WAS,Washington Union Station,2026-08-04T18:35:00Z,2026-08-04T18:05:00Z,2026-08-04T18:05:00Z,2026-08-04T18:05:00Z,2026-08-04T13:46:58Z,62.4
amtrak,NER,112,2026-08-04,BAL,Baltimore Penn Station,2026-08-04T12:22:00Z,2026-08-04T12:22:00Z,2026-08-04T12:20:00Z,2026-08-04T12:19:00Z,2026-08-04T13:46:58Z,62.4
amtrak,NER,112,2026-08-04,WAS,Washington Union Station,2026-08-04T11:40:00Z,2026-08-04T11:40:00Z,2026-08-04T11:40:00Z,2026-08-04T11:40:00Z,2026-08-04T13:46:58Z,62.4
amtrak,NER,113,2026-08-04,BAL,Baltimore Penn Station,2026-08-04T13:07:00Z,2026-08-04T13:30:00Z,2026-08-04T13:05:00Z,2026-08-04T13:27:00Z,2026-08-04T13:46:58Z,62.4
amtrak,NER,113,2026-08-04,WAS,Washington Union Station,2026-08-04T13:53:00Z,2026-08-04T14:04:00Z,2026-08-04T13:53:00Z,2026-08-04T14:04:00Z,2026-08-04T13:46:58Z,62.4
amtrak,NER,125,2026-08-04,BAL,Baltimore Penn Station,2026-08-04T18:28:00Z,2026-08-04T18:26:00Z,2026-08-04T18:25:00Z,2026-08-04T18:26:00Z,2026-08-04T13:46:58Z,62.4
amtrak,NER,125,2026-08-04,WAS,Washington Union Station,2026-08-04T19:50:00Z,2026-08-04T19:11:00Z,2026-08-04T19:11:00Z,2026-08-04T19:11:00Z,2026-08-04T13:46:58Z,62.4
amtrak,NER,130,2026-08-04,BAL,Baltimore Penn Station,2026-08-04T11:05:00Z,2026-08-04T11:05:00Z,2026-08-04T11:03:00Z,2026-08-04T10:55:00Z,2026-08-04T13:46:58Z,62.4
amtrak,NER,130,2026-08-04,WAS,Washington Union Station,2026-08-04T10:20:00Z,2026-08-04T10:20:00Z,2026-08-04T10:20:00Z,2026-08-04T10:20:00Z,2026-08-04T13:46:58Z,62.4
amtrak,NER,141,2026-08-04,BAL,Baltimore Penn Station,2026-08-04T15:00:00Z,2026-08-04T15:33:00Z,2026-08-04T14:58:00Z,2026-08-04T15:33:00Z,2026-08-04T13:46:58Z,62.4
amtrak,NER,141,2026-08-04,WAS,Washington Union Station,2026-08-04T15:41:00Z,2026-08-04T16:15:00Z,2026-08-04T15:41:00Z,2026-08-04T16:15:00Z,2026-08-04T13:46:58Z,62.4
amtrak,NER,151,2026-08-04,BAL,Baltimore Penn Station,2026-08-04T10:10:00Z,2026-08-04T10:16:00Z,2026-08-04T10:08:00Z,2026-08-04T10:14:00Z,2026-08-04T13:46:58Z,62.4
amtrak,NER,151,2026-08-04,WAS,Washington Union Station,2026-08-04T11:30:00Z,2026-08-04T11:30:00Z,2026-08-04T10:58:00Z,2026-08-04T10:57:00Z,2026-08-04T13:46:58Z,62.4
amtrak,NER,170,2026-08-04,BAL,Baltimore Penn Station,2026-08-04T09:44:00Z,2026-08-04T09:44:00Z,2026-08-04T09:42:00Z,2026-08-04T09:42:00Z,2026-08-04T13:46:58Z,62.4
amtrak,NER,170,2026-08-04,WAS,Washington Union Station,2026-08-04T09:05:00Z,2026-08-04T09:05:00Z,2026-08-04T09:05:00Z,2026-08-04T09:05:00Z,2026-08-04T13:46:58Z,62.4
amtrak,NER,171,2026-08-04,BAL,Baltimore Penn Station,2026-08-04T19:33:00Z,2026-08-04T19:30:00Z,2026-08-04T19:30:00Z,2026-08-04T19:30:00Z,2026-08-04T13:46:58Z,62.4
amtrak,NER,171,2026-08-04,WAS,Washington Union Station,2026-08-04T21:00:00Z,2026-08-04T20:25:00Z,2026-08-04T20:25:00Z,2026-08-04T20:25:00Z,2026-08-04T13:46:58Z,62.4
amtrak,NER,172,2026-08-04,BAL,Baltimore Penn Station,2026-08-04T11:50:00Z,2026-08-04T11:55:00Z,2026-08-04T11:48:00Z,2026-08-04T11:51:00Z,2026-08-04T13:46:58Z,62.4
amtrak,NER,172,2026-08-04,WAS,Washington Union Station,2026-08-04T11:06:00Z,2026-08-04T11:06:00Z,2026-08-04T11:06:00Z,2026-08-04T11:06:00Z,2026-08-04T13:46:58Z,62.4
amtrak,NER,174,2026-08-04,BAL,Baltimore Penn Station,2026-08-04T15:18:00Z,2026-08-04T15:18:00Z,2026-08-04T15:16:00Z,2026-08-04T15:16:00Z,2026-08-04T13:46:58Z,62.4
amtrak,NER,174,2026-08-04,WAS,Washington Union Station,2026-08-04T14:35:00Z,2026-08-04T14:35:00Z,2026-08-04T14:35:00Z,2026-08-04T14:16:00Z,2026-08-04T13:46:58Z,62.4
amtrak,NER,178,2026-08-04,BAL,Baltimore Penn Station,2026-08-04T20:39:00Z,2026-08-04T20:37:00Z,2026-08-04T20:37:00Z,2026-08-04T20:37:00Z,2026-08-04T13:46:58Z,62.4
amtrak,NER,178,2026-08-04,WAS,Washington Union Station,2026-08-04T19:56:00Z,2026-08-04T18:55:00Z,2026-08-04T18:55:00Z,2026-08-04T18:55:00Z,2026-08-04T13:46:58Z,62.4
amtrak,NER,182,2026-08-04,BAL,Baltimore Penn Station,2026-08-04T14:13:00Z,2026-08-04T14:11:00Z,2026-08-04T14:11:00Z,2026-08-04T14:11:00Z,2026-08-04T13:46:58Z,62.4
amtrak,NER,182,2026-08-04,WAS,Washington Union Station,2026-08-04T13:29:00Z,2026-08-04T13:29:00Z,2026-08-04T13:29:00Z,2026-08-04T13:29:00Z,2026-08-04T13:46:58Z,62.4
amtrak,NER,183,2026-08-04,BAL,Baltimore Penn Station,2026-08-04T14:20:00Z,2026-08-04T14:17:00Z,2026-08-04T14:17:00Z,2026-08-04T14:17:00Z,2026-08-04T13:46:58Z,62.4
amtrak,NER,183,2026-08-04,WAS,Washington Union Station,2026-08-04T15:04:00Z,2026-08-04T15:04:00Z,2026-08-04T15:04:00Z,2026-08-04T15:04:00Z,2026-08-04T13:46:58Z,62.4
amtrak,NER,185,2026-08-04,BAL,Baltimore Penn Station,2026-08-04T16:07:00Z,2026-08-04T16:05:00Z,2026-08-04T16:05:00Z,2026-08-04T16:05:00Z,2026-08-04T13:46:58Z,62.4
amtrak,NER,185,2026-08-04,WAS,Washington Union Station,2026-08-04T16:52:00Z,2026-08-04T16:47:00Z,2026-08-04T16:52:00Z,2026-08-04T16:47:00Z,2026-08-04T13:46:58Z,62.4
marc,11705,Train412,2026-08-04,11958,UNION STATION MARC Washington,2026-08-04T13:00:00Z,2026-08-04T13:02:09Z,NA,NA,2026-08-04T13:50:00Z,62
marc,11705,Train412,2026-08-04,12002,PENN STATION MARC nb,NA,NA,2026-08-04T13:56:00Z,2026-08-04T14:01:37Z,2026-08-04T13:50:00Z,62
marc,11705,Train414,2026-08-04,11958,UNION STATION MARC Washington,2026-08-04T13:45:00Z,2026-08-04T13:46:27Z,NA,NA,2026-08-04T13:50:00Z,62
marc,11705,Train414,2026-08-04,12002,PENN STATION MARC nb,NA,NA,2026-08-04T14:42:00Z,2026-08-04T14:43:37Z,2026-08-04T13:50:00Z,62
marc,11705,Train423,2026-08-04,11980,PENN STATION MARC sb,2026-08-04T13:00:00Z,2026-08-04T13:01:26Z,NA,NA,2026-08-04T13:50:00Z,62
marc,11705,Train423,2026-08-04,11958,UNION STATION MARC Washington,NA,NA,2026-08-04T14:03:00Z,2026-08-04T14:07:46Z,2026-08-04T13:50:00Z,62
marc,11705,Train525,2026-08-04,11980,PENN STATION MARC sb,2026-08-04T13:30:00Z,2026-08-04T13:40:13Z,2026-08-04T13:28:00Z,2026-08-04T13:36:04Z,2026-08-04T13:50:00Z,62
marc,11705,Train525,2026-08-04,11958,UNION STATION MARC Washington,NA,NA,2026-08-04T14:28:00Z,2026-08-04T14:38:29Z,2026-08-04T13:50:00Z,62
marc,11705,Train612,2026-08-04,11958,UNION STATION MARC Washington,2026-08-04T12:20:00Z,2026-08-04T12:22:23Z,NA,NA,2026-08-04T13:50:00Z,62
marc,11705,Train612,2026-08-04,12002,PENN STATION MARC nb,2026-08-04T13:20:00Z,2026-08-04T13:21:55Z,2026-08-04T13:17:00Z,2026-08-04T13:20:37Z,2026-08-04T13:50:00Z,62
amtrak,NER,66,2026-08-04,BAL,Baltimore Penn Station,2026-08-04T02:51:00Z,2026-08-04T02:51:00Z,2026-08-04T02:49:00Z,2026-08-04T02:48:00Z,2026-08-04T13:50:00Z,62
amtrak,NER,66,2026-08-04,WAS,Washington Union Station,2026-08-04T02:00:00Z,2026-08-04T02:07:00Z,2026-08-04T01:28:00Z,2026-08-04T01:39:00Z,2026-08-04T13:50:00Z,62
amtrak,NER,67,2026-08-04,BAL,Baltimore Penn Station,2026-08-04T10:04:00Z,2026-08-04T10:04:00Z,2026-08-04T10:02:00Z,2026-08-04T10:02:00Z,2026-08-04T13:50:00Z,62
amtrak,NER,67,2026-08-04,WAS,Washington Union Station,2026-08-04T11:20:00Z,2026-08-04T11:20:00Z,2026-08-04T10:54:00Z,2026-08-04T10:51:00Z,2026-08-04T13:50:00Z,62
amtrak,NER,85,2026-08-04,BAL,Baltimore Penn Station,2026-08-04T21:50:00Z,2026-08-04T21:50:00Z,2026-08-04T21:47:00Z,2026-08-04T21:47:00Z,2026-08-04T13:50:00Z,62
amtrak,NER,85,2026-08-04,WAS,Washington Union Station,2026-08-04T22:39:00Z,2026-08-04T22:39:00Z,2026-08-04T22:39:00Z,2026-08-04T22:28:00Z,2026-08-04T13:50:00Z,62
amtrak,NER,86,2026-08-04,BAL,Baltimore Penn Station,2026-08-04T13:32:00Z,2026-08-04T13:39:00Z,2026-08-04T13:30:00Z,2026-08-04T13:36:00Z,2026-08-04T13:50:00Z,62
amtrak,NER,86,2026-08-04,WAS,Washington Union Station,2026-08-04T12:50:00Z,2026-08-04T12:51:00Z,2026-08-04T12:18:00Z,2026-08-04T12:24:00Z,2026-08-04T13:50:00Z,62
amtrak,NER,93,2026-08-04,BAL,Baltimore Penn Station,2026-08-04T20:39:00Z,2026-08-04T20:37:00Z,2026-08-04T20:37:00Z,2026-08-04T20:37:00Z,2026-08-04T13:50:00Z,62
amtrak,NER,93,2026-08-04,WAS,Washington Union Station,2026-08-04T22:05:00Z,2026-08-04T21:25:00Z,2026-08-04T21:25:00Z,2026-08-04T21:25:00Z,2026-08-04T13:50:00Z,62
amtrak,NER,94,2026-08-04,BAL,Baltimore Penn Station,2026-08-04T18:43:00Z,2026-08-04T18:41:00Z,2026-08-04T18:41:00Z,2026-08-04T18:41:00Z,2026-08-04T13:50:00Z,62
amtrak,NER,94,2026-08-04,WAS,Washington Union Station,2026-08-04T18:00:00Z,2026-08-04T17:23:00Z,2026-08-04T17:23:00Z,2026-08-04T17:23:00Z,2026-08-04T13:50:00Z,62
amtrak,NER,95,2026-08-04,BAL,Baltimore Penn Station,2026-08-04T17:23:00Z,2026-08-04T17:14:00Z,2026-08-04T17:14:00Z,2026-08-04T17:14:00Z,2026-08-04T13:50:00Z,62
amtrak,NER,95,2026-08-04,WAS,Washington Union Station,2026-08-04T18:35:00Z,2026-08-04T18:05:00Z,2026-08-04T18:05:00Z,2026-08-04T18:05:00Z,2026-08-04T13:50:00Z,62
amtrak,NER,112,2026-08-04,BAL,Baltimore Penn Station,2026-08-04T12:22:00Z,2026-08-04T12:22:00Z,2026-08-04T12:20:00Z,2026-08-04T12:19:00Z,2026-08-04T13:50:00Z,62
amtrak,NER,112,2026-08-04,WAS,Washington Union Station,2026-08-04T11:40:00Z,2026-08-04T11:40:00Z,2026-08-04T11:40:00Z,2026-08-04T11:40:00Z,2026-08-04T13:50:00Z,62
amtrak,NER,113,2026-08-04,BAL,Baltimore Penn Station,2026-08-04T13:07:00Z,2026-08-04T13:30:00Z,2026-08-04T13:05:00Z,2026-08-04T13:27:00Z,2026-08-04T13:50:00Z,62
amtrak,NER,113,2026-08-04,WAS,Washington Union Station,2026-08-04T13:53:00Z,2026-08-04T14:04:00Z,2026-08-04T13:53:00Z,2026-08-04T14:04:00Z,2026-08-04T13:50:00Z,62
amtrak,NER,125,2026-08-04,BAL,Baltimore Penn Station,2026-08-04T18:28:00Z,2026-08-04T18:26:00Z,2026-08-04T18:25:00Z,2026-08-04T18:26:00Z,2026-08-04T13:50:00Z,62
amtrak,NER,125,2026-08-04,WAS,Washington Union Station,2026-08-04T19:50:00Z,2026-08-04T19:11:00Z,2026-08-04T19:11:00Z,2026-08-04T19:11:00Z,2026-08-04T13:50:00Z,62
amtrak,NER,130,2026-08-04,BAL,Baltimore Penn Station,2026-08-04T11:05:00Z,2026-08-04T11:05:00Z,2026-08-04T11:03:00Z,2026-08-04T10:55:00Z,2026-08-04T13:50:00Z,62
amtrak,NER,130,2026-08-04,WAS,Washington Union Station,2026-08-04T10:20:00Z,2026-08-04T10:20:00Z,2026-08-04T10:20:00Z,2026-08-04T10:20:00Z,2026-08-04T13:50:00Z,62
amtrak,NER,141,2026-08-04,BAL,Baltimore Penn Station,2026-08-04T15:00:00Z,2026-08-04T15:33:00Z,2026-08-04T14:58:00Z,2026-08-04T15:33:00Z,2026-08-04T13:50:00Z,62
amtrak,NER,141,2026-08-04,WAS,Washington Union Station,2026-08-04T15:41:00Z,2026-08-04T16:15:00Z,2026-08-04T15:41:00Z,2026-08-04T16:15:00Z,2026-08-04T13:50:00Z,62
amtrak,NER,151,2026-08-04,BAL,Baltimore Penn Station,2026-08-04T10:10:00Z,2026-08-04T10:16:00Z,2026-08-04T10:08:00Z,2026-08-04T10:14:00Z,2026-08-04T13:50:00Z,62
amtrak,NER,151,2026-08-04,WAS,Washington Union Station,2026-08-04T11:30:00Z,2026-08-04T11:30:00Z,2026-08-04T10:58:00Z,2026-08-04T10:57:00Z,2026-08-04T13:50:00Z,62
amtrak,NER,170,2026-08-04,BAL,Baltimore Penn Station,2026-08-04T09:44:00Z,2026-08-04T09:44:00Z,2026-08-04T09:42:00Z,2026-08-04T09:42:00Z,2026-08-04T13:50:00Z,62
amtrak,NER,170,2026-08-04,WAS,Washington Union Station,2026-08-04T09:05:00Z,2026-08-04T09:05:00Z,2026-08-04T09:05:00Z,2026-08-04T09:05:00Z,2026-08-04T13:50:00Z,62
amtrak,NER,171,2026-08-04,BAL,Baltimore Penn Station,2026-08-04T19:33:00Z,2026-08-04T19:30:00Z,2026-08-04T19:30:00Z,2026-08-04T19:30:00Z,2026-08-04T13:50:00Z,62
amtrak,NER,171,2026-08-04,WAS,Washington Union Station,2026-08-04T21:00:00Z,2026-08-04T20:25:00Z,2026-08-04T20:25:00Z,2026-08-04T20:25:00Z,2026-08-04T13:50:00Z,62
amtrak,NER,172,2026-08-04,BAL,Baltimore Penn Station,2026-08-04T11:50:00Z,2026-08-04T11:55:00Z,2026-08-04T11:48:00Z,2026-08-04T11:51:00Z,2026-08-04T13:50:00Z,62
amtrak,NER,172,2026-08-04,WAS,Washington Union Station,2026-08-04T11:06:00Z,2026-08-04T11:06:00Z,2026-08-04T11:06:00Z,2026-08-04T11:06:00Z,2026-08-04T13:50:00Z,62
amtrak,NER,174,2026-08-04,BAL,Baltimore Penn Station,2026-08-04T15:18:00Z,2026-08-04T15:18:00Z,2026-08-04T15:16:00Z,2026-08-04T15:16:00Z,2026-08-04T13:50:00Z,62
amtrak,NER,174,2026-08-04,WAS,Washington Union Station,2026-08-04T14:35:00Z,2026-08-04T14:35:00Z,2026-08-04T14:35:00Z,2026-08-04T14:16:00Z,2026-08-04T13:50:00Z,62
amtrak,NER,178,2026-08-04,BAL,Baltimore Penn Station,2026-08-04T20:39:00Z,2026-08-04T20:37:00Z,2026-08-04T20:37:00Z,2026-08-04T20:37:00Z,2026-08-04T13:50:00Z,62
amtrak,NER,178,2026-08-04,WAS,Washington Union Station,2026-08-04T19:56:00Z,2026-08-04T18:55:00Z,2026-08-04T18:55:00Z,2026-08-04T18:55:00Z,2026-08-04T13:50:00Z,62
amtrak,NER,182,2026-08-04,BAL,Baltimore Penn Station,2026-08-04T14:13:00Z,2026-08-04T14:11:00Z,2026-08-04T14:11:00Z,2026-08-04T14:11:00Z,2026-08-04T13:50:00Z,62
amtrak,NER,182,2026-08-04,WAS,Washington Union Station,2026-08-04T13:29:00Z,2026-08-04T13:29:00Z,2026-08-04T13:29:00Z,2026-08-04T13:29:00Z,2026-08-04T13:50:00Z,62
amtrak,NER,183,2026-08-04,BAL,Baltimore Penn Station,2026-08-04T14:20:00Z,2026-08-04T14:22:00Z,2026-08-04T14:17:00Z,2026-08-04T14:22:00Z,2026-08-04T13:50:00Z,62
amtrak,NER,183,2026-08-04,WAS,Washington Union Station,2026-08-04T15:04:00Z,2026-08-04T15:04:00Z,2026-08-04T15:04:00Z,2026-08-04T15:04:00Z,2026-08-04T13:50:00Z,62
amtrak,NER,185,2026-08-04,BAL,Baltimore Penn Station,2026-08-04T16:07:00Z,2026-08-04T16:05:00Z,2026-08-04T16:05:00Z,2026-08-04T16:05:00Z,2026-08-04T13:50:00Z,62
amtrak,NER,185,2026-08-04,WAS,Washington Union Station,2026-08-04T16:52:00Z,2026-08-04T16:47:00Z,2026-08-04T16:52:00Z,2026-08-04T16:47:00Z,2026-08-04T13:50:00Z,62
marc,11705,Train412,2026-08-04,11958,UNION STATION MARC Washington,2026-08-04T13:00:00Z,2026-08-04T13:02:09Z,NA,NA,2026-08-04T13:53:01Z,61.7
marc,11705,Train412,2026-08-04,12002,PENN STATION MARC nb,NA,NA,2026-08-04T13:56:00Z,2026-08-04T14:00:21Z,2026-08-04T13:53:01Z,61.7
marc,11705,Train414,2026-08-04,11958,UNION STATION MARC Washington,2026-08-04T13:45:00Z,2026-08-04T13:46:27Z,NA,NA,2026-08-04T13:53:01Z,61.7
marc,11705,Train414,2026-08-04,12002,PENN STATION MARC nb,NA,NA,2026-08-04T14:42:00Z,2026-08-04T14:43:32Z,2026-08-04T13:53:01Z,61.7
marc,11705,Train423,2026-08-04,11980,PENN STATION MARC sb,2026-08-04T13:00:00Z,2026-08-04T13:01:26Z,NA,NA,2026-08-04T13:53:01Z,61.7
marc,11705,Train423,2026-08-04,11958,UNION STATION MARC Washington,NA,NA,2026-08-04T14:03:00Z,2026-08-04T14:08:06Z,2026-08-04T13:53:01Z,61.7
marc,11705,Train525,2026-08-04,11980,PENN STATION MARC sb,2026-08-04T13:30:00Z,2026-08-04T13:40:13Z,2026-08-04T13:28:00Z,2026-08-04T13:36:04Z,2026-08-04T13:53:01Z,61.7
marc,11705,Train525,2026-08-04,11958,UNION STATION MARC Washington,NA,NA,2026-08-04T14:28:00Z,2026-08-04T14:39:56Z,2026-08-04T13:53:01Z,61.7
amtrak,NER,66,2026-08-04,BAL,Baltimore Penn Station,2026-08-04T02:51:00Z,2026-08-04T02:51:00Z,2026-08-04T02:49:00Z,2026-08-04T02:48:00Z,2026-08-04T13:53:01Z,61.7
amtrak,NER,66,2026-08-04,WAS,Washington Union Station,2026-08-04T02:00:00Z,2026-08-04T02:07:00Z,2026-08-04T01:28:00Z,2026-08-04T01:39:00Z,2026-08-04T13:53:01Z,61.7
amtrak,NER,67,2026-08-04,BAL,Baltimore Penn Station,2026-08-04T10:04:00Z,2026-08-04T10:04:00Z,2026-08-04T10:02:00Z,2026-08-04T10:02:00Z,2026-08-04T13:53:01Z,61.7
amtrak,NER,67,2026-08-04,WAS,Washington Union Station,2026-08-04T11:20:00Z,2026-08-04T11:20:00Z,2026-08-04T10:54:00Z,2026-08-04T10:51:00Z,2026-08-04T13:53:01Z,61.7
amtrak,NER,85,2026-08-04,BAL,Baltimore Penn Station,2026-08-04T21:50:00Z,2026-08-04T21:50:00Z,2026-08-04T21:47:00Z,2026-08-04T21:47:00Z,2026-08-04T13:53:01Z,61.7
amtrak,NER,85,2026-08-04,WAS,Washington Union Station,2026-08-04T22:39:00Z,2026-08-04T22:39:00Z,2026-08-04T22:39:00Z,2026-08-04T22:28:00Z,2026-08-04T13:53:01Z,61.7
amtrak,NER,86,2026-08-04,BAL,Baltimore Penn Station,2026-08-04T13:32:00Z,2026-08-04T13:39:00Z,2026-08-04T13:30:00Z,2026-08-04T13:36:00Z,2026-08-04T13:53:01Z,61.7
amtrak,NER,86,2026-08-04,WAS,Washington Union Station,2026-08-04T12:50:00Z,2026-08-04T12:51:00Z,2026-08-04T12:18:00Z,2026-08-04T12:24:00Z,2026-08-04T13:53:01Z,61.7
amtrak,NER,93,2026-08-04,BAL,Baltimore Penn Station,2026-08-04T20:39:00Z,2026-08-04T20:37:00Z,2026-08-04T20:37:00Z,2026-08-04T20:37:00Z,2026-08-04T13:53:01Z,61.7
amtrak,NER,93,2026-08-04,WAS,Washington Union Station,2026-08-04T22:05:00Z,2026-08-04T21:25:00Z,2026-08-04T21:25:00Z,2026-08-04T21:25:00Z,2026-08-04T13:53:01Z,61.7
amtrak,NER,94,2026-08-04,BAL,Baltimore Penn Station,2026-08-04T18:43:00Z,2026-08-04T18:41:00Z,2026-08-04T18:41:00Z,2026-08-04T18:41:00Z,2026-08-04T13:53:01Z,61.7
amtrak,NER,94,2026-08-04,WAS,Washington Union Station,2026-08-04T18:00:00Z,2026-08-04T17:23:00Z,2026-08-04T17:23:00Z,2026-08-04T17:23:00Z,2026-08-04T13:53:01Z,61.7
amtrak,NER,95,2026-08-04,BAL,Baltimore Penn Station,2026-08-04T17:23:00Z,2026-08-04T17:14:00Z,2026-08-04T17:14:00Z,2026-08-04T17:14:00Z,2026-08-04T13:53:01Z,61.7
amtrak,NER,95,2026-08-04,WAS,Washington Union Station,2026-08-04T18:35:00Z,2026-08-04T18:05:00Z,2026-08-04T18:05:00Z,2026-08-04T18:05:00Z,2026-08-04T13:53:01Z,61.7
amtrak,NER,112,2026-08-04,BAL,Baltimore Penn Station,2026-08-04T12:22:00Z,2026-08-04T12:22:00Z,2026-08-04T12:20:00Z,2026-08-04T12:19:00Z,2026-08-04T13:53:01Z,61.7
amtrak,NER,112,2026-08-04,WAS,Washington Union Station,2026-08-04T11:40:00Z,2026-08-04T11:40:00Z,2026-08-04T11:40:00Z,2026-08-04T11:40:00Z,2026-08-04T13:53:01Z,61.7
amtrak,NER,113,2026-08-04,BAL,Baltimore Penn Station,2026-08-04T13:07:00Z,2026-08-04T13:30:00Z,2026-08-04T13:05:00Z,2026-08-04T13:27:00Z,2026-08-04T13:53:01Z,61.7
amtrak,NER,113,2026-08-04,WAS,Washington Union Station,2026-08-04T13:53:00Z,2026-08-04T14:04:00Z,2026-08-04T13:53:00Z,2026-08-04T14:04:00Z,2026-08-04T13:53:01Z,61.7
amtrak,NER,125,2026-08-04,BAL,Baltimore Penn Station,2026-08-04T18:28:00Z,2026-08-04T18:26:00Z,2026-08-04T18:25:00Z,2026-08-04T18:26:00Z,2026-08-04T13:53:01Z,61.7
amtrak,NER,125,2026-08-04,WAS,Washington Union Station,2026-08-04T19:50:00Z,2026-08-04T19:11:00Z,2026-08-04T19:11:00Z,2026-08-04T19:11:00Z,2026-08-04T13:53:01Z,61.7
amtrak,NER,130,2026-08-04,BAL,Baltimore Penn Station,2026-08-04T11:05:00Z,2026-08-04T11:05:00Z,2026-08-04T11:03:00Z,2026-08-04T10:55:00Z,2026-08-04T13:53:01Z,61.7
amtrak,NER,130,2026-08-04,WAS,Washington Union Station,2026-08-04T10:20:00Z,2026-08-04T10:20:00Z,2026-08-04T10:20:00Z,2026-08-04T10:20:00Z,2026-08-04T13:53:01Z,61.7
amtrak,NER,141,2026-08-04,BAL,Baltimore Penn Station,2026-08-04T15:00:00Z,2026-08-04T15:33:00Z,2026-08-04T14:58:00Z,2026-08-04T15:33:00Z,2026-08-04T13:53:01Z,61.7
amtrak,NER,141,2026-08-04,WAS,Washington Union Station,2026-08-04T15:41:00Z,2026-08-04T16:15:00Z,2026-08-04T15:41:00Z,2026-08-04T16:15:00Z,2026-08-04T13:53:01Z,61.7
amtrak,NER,151,2026-08-04,BAL,Baltimore Penn Station,2026-08-04T10:10:00Z,2026-08-04T10:16:00Z,2026-08-04T10:08:00Z,2026-08-04T10:14:00Z,2026-08-04T13:53:01Z,61.7
amtrak,NER,151,2026-08-04,WAS,Washington Union Station,2026-08-04T11:30:00Z,2026-08-04T11:30:00Z,2026-08-04T10:58:00Z,2026-08-04T10:57:00Z,2026-08-04T13:53:01Z,61.7
amtrak,NER,170,2026-08-04,BAL,Baltimore Penn Station,2026-08-04T09:44:00Z,2026-08-04T09:44:00Z,2026-08-04T09:42:00Z,2026-08-04T09:42:00Z,2026-08-04T13:53:01Z,61.7
amtrak,NER,170,2026-08-04,WAS,Washington Union Station,2026-08-04T09:05:00Z,2026-08-04T09:05:00Z,2026-08-04T09:05:00Z,2026-08-04T09:05:00Z,2026-08-04T13:53:01Z,61.7
amtrak,NER,171,2026-08-04,BAL,Baltimore Penn Station,2026-08-04T19:33:00Z,2026-08-04T19:30:00Z,2026-08-04T19:30:00Z,2026-08-04T19:30:00Z,2026-08-04T13:53:01Z,61.7
amtrak,NER,171,2026-08-04,WAS,Washington Union Station,2026-08-04T21:00:00Z,2026-08-04T20:25:00Z,2026-08-04T20:25:00Z,2026-08-04T20:25:00Z,2026-08-04T13:53:01Z,61.7
amtrak,NER,172,2026-08-04,BAL,Baltimore Penn Station,2026-08-04T11:50:00Z,2026-08-04T11:55:00Z,2026-08-04T11:48:00Z,2026-08-04T11:51:00Z,2026-08-04T13:53:01Z,61.7
amtrak,NER,172,2026-08-04,WAS,Washington Union Station,2026-08-04T11:06:00Z,2026-08-04T11:06:00Z,2026-08-04T11:06:00Z,2026-08-04T11:06:00Z,2026-08-04T13:53:01Z,61.7
amtrak,NER,174,2026-08-04,BAL,Baltimore Penn Station,2026-08-04T15:18:00Z,2026-08-04T15:18:00Z,2026-08-04T15:16:00Z,2026-08-04T15:16:00Z,2026-08-04T13:53:01Z,61.7
amtrak,NER,174,2026-08-04,WAS,Washington Union Station,2026-08-04T14:35:00Z,2026-08-04T14:35:00Z,2026-08-04T14:35:00Z,2026-08-04T14:16:00Z,2026-08-04T13:53:01Z,61.7
amtrak,NER,178,2026-08-04,BAL,Baltimore Penn Station,2026-08-04T20:39:00Z,2026-08-04T20:37:00Z,2026-08-04T20:37:00Z,2026-08-04T20:37:00Z,2026-08-04T13:53:01Z,61.7
amtrak,NER,178,2026-08-04,WAS,Washington Union Station,2026-08-04T19:56:00Z,2026-08-04T18:55:00Z,2026-08-04T18:55:00Z,2026-08-04T18:55:00Z,2026-08-04T13:53:01Z,61.7
amtrak,NER,182,2026-08-04,BAL,Baltimore Penn Station,2026-08-04T14:13:00Z,2026-08-04T14:11:00Z,2026-08-04T14:11:00Z,2026-08-04T14:11:00Z,2026-08-04T13:53:01Z,61.7
amtrak,NER,182,2026-08-04,WAS,Washington Union Station,2026-08-04T13:29:00Z,2026-08-04T13:29:00Z,2026-08-04T13:29:00Z,2026-08-04T13:29:00Z,2026-08-04T13:53:01Z,61.7
amtrak,NER,183,2026-08-04,BAL,Baltimore Penn Station,2026-08-04T14:20:00Z,2026-08-04T14:22:00Z,2026-08-04T14:17:00Z,2026-08-04T14:22:00Z,2026-08-04T13:53:01Z,61.7
amtrak,NER,183,2026-08-04,WAS,Washington Union Station,2026-08-04T15:04:00Z,2026-08-04T15:04:00Z,2026-08-04T15:04:00Z,2026-08-04T15:04:00Z,2026-08-04T13:53:01Z,61.7
amtrak,NER,185,2026-08-04,BAL,Baltimore Penn Station,2026-08-04T16:07:00Z,2026-08-04T16:05:00Z,2026-08-04T16:05:00Z,2026-08-04T16:05:00Z,2026-08-04T13:53:01Z,61.7
amtrak,NER,185,2026-08-04,WAS,Washington Union Station,2026-08-04T16:52:00Z,2026-08-04T16:47:00Z,2026-08-04T16:52:00Z,2026-08-04T16:47:00Z,2026-08-04T13:53:01Z,61.7
marc,11705,Train428,2026-08-04,11958,UNION STATION MARC Washington,2026-08-04T19:40:00Z,2026-08-04T19:41:47Z,NA,NA,2026-08-04T20:22:20Z,102.9
marc,11705,Train428,2026-08-04,12002,PENN STATION MARC nb,NA,NA,2026-08-04T20:40:00Z,2026-08-04T20:42:23Z,2026-08-04T20:22:20Z,102.9
marc,11705,Train439,2026-08-04,11980,PENN STATION MARC sb,2026-08-04T19:45:00Z,2026-08-04T19:45:00Z,NA,NA,2026-08-04T20:22:20Z,102.9
marc,11705,Train439,2026-08-04,11958,UNION STATION MARC Washington,NA,NA,2026-08-04T20:45:00Z,2026-08-04T20:45:00Z,2026-08-04T20:22:20Z,102.9
marc,11705,Train532,2026-08-04,11958,UNION STATION MARC Washington,2026-08-04T20:10:00Z,2026-08-04T20:11:41Z,NA,NA,2026-08-04T20:22:20Z,102.9
marc,11705,Train532,2026-08-04,12002,PENN STATION MARC nb,2026-08-04T21:01:00Z,2026-08-04T21:02:06Z,2026-08-04T21:00:30Z,2026-08-04T21:01:36Z,2026-08-04T20:22:20Z,102.9
marc,11705,Train641,2026-08-04,11980,PENN STATION MARC sb,2026-08-04T20:08:00Z,2026-08-04T20:08:31Z,2026-08-04T20:07:00Z,2026-08-04T20:05:10Z,2026-08-04T20:22:20Z,102.9
marc,11705,Train641,2026-08-04,11958,UNION STATION MARC Washington,NA,NA,2026-08-04T21:01:00Z,2026-08-04T21:04:42Z,2026-08-04T20:22:20Z,102.9
amtrak,NER,66,2026-08-04,BAL,Baltimore Penn Station,2026-08-05T02:51:00Z,2026-08-05T02:51:00Z,2026-08-05T02:49:00Z,2026-08-05T02:49:00Z,2026-08-04T20:22:20Z,102.9
amtrak,NER,66,2026-08-04,WAS,Washington Union Station,2026-08-05T02:00:00Z,2026-08-05T02:00:00Z,2026-08-05T01:28:00Z,2026-08-05T01:28:00Z,2026-08-04T20:22:20Z,102.9
amtrak,NER,85,2026-08-04,BAL,Baltimore Penn Station,2026-08-04T21:50:00Z,2026-08-04T21:47:00Z,2026-08-04T21:47:00Z,2026-08-04T21:47:00Z,2026-08-04T20:22:20Z,102.9
amtrak,NER,85,2026-08-04,WAS,Washington Union Station,2026-08-04T22:39:00Z,2026-08-04T22:28:00Z,2026-08-04T22:39:00Z,2026-08-04T22:28:00Z,2026-08-04T20:22:20Z,102.9
amtrak,NER,86,2026-08-04,BAL,Baltimore Penn Station,2026-08-04T13:32:00Z,2026-08-04T13:39:00Z,2026-08-04T13:30:00Z,2026-08-04T13:36:00Z,2026-08-04T20:22:20Z,102.9
amtrak,NER,86,2026-08-04,WAS,Washington Union Station,2026-08-04T12:50:00Z,2026-08-04T12:51:00Z,2026-08-04T12:18:00Z,2026-08-04T12:24:00Z,2026-08-04T20:22:20Z,102.9
amtrak,NER,93,2026-08-04,BAL,Baltimore Penn Station,2026-08-04T20:39:00Z,2026-08-04T20:47:00Z,2026-08-04T20:37:00Z,2026-08-04T20:47:00Z,2026-08-04T20:22:20Z,102.9
amtrak,NER,93,2026-08-04,WAS,Washington Union Station,2026-08-04T22:05:00Z,2026-08-04T21:29:00Z,2026-08-04T21:25:00Z,2026-08-04T21:29:00Z,2026-08-04T20:22:20Z,102.9
amtrak,NER,94,2026-08-04,BAL,Baltimore Penn Station,2026-08-04T18:43:00Z,2026-08-04T18:48:00Z,2026-08-04T18:41:00Z,2026-08-04T18:45:00Z,2026-08-04T20:22:20Z,102.9
amtrak,NER,94,2026-08-04,WAS,Washington Union Station,2026-08-04T18:00:00Z,2026-08-04T18:00:00Z,2026-08-04T17:23:00Z,2026-08-04T17:31:00Z,2026-08-04T20:22:20Z,102.9
amtrak,NER,95,2026-08-04,BAL,Baltimore Penn Station,2026-08-04T17:23:00Z,2026-08-04T17:23:00Z,2026-08-04T17:14:00Z,2026-08-04T17:16:00Z,2026-08-04T20:22:20Z,102.9
amtrak,NER,95,2026-08-04,WAS,Washington Union Station,2026-08-04T18:35:00Z,2026-08-04T18:38:00Z,2026-08-04T18:05:00Z,2026-08-04T18:08:00Z,2026-08-04T20:22:20Z,102.9
amtrak,NER,125,2026-08-04,BAL,Baltimore Penn Station,2026-08-04T18:28:00Z,2026-08-04T18:37:00Z,2026-08-04T18:25:00Z,2026-08-04T18:35:00Z,2026-08-04T20:22:20Z,102.9
amtrak,NER,125,2026-08-04,WAS,Washington Union Station,2026-08-04T19:50:00Z,2026-08-04T19:51:00Z,2026-08-04T19:11:00Z,2026-08-04T19:14:00Z,2026-08-04T20:22:20Z,102.9
amtrak,NER,129,2026-08-04,BAL,Baltimore Penn Station,2026-08-04T23:18:00Z,2026-08-04T23:18:00Z,2026-08-04T23:12:00Z,2026-08-04T23:12:00Z,2026-08-04T20:22:20Z,102.9
amtrak,NER,129,2026-08-04,WAS,Washington Union Station,2026-08-05T00:01:00Z,2026-08-05T00:01:00Z,2026-08-05T00:01:00Z,2026-08-04T23:55:00Z,2026-08-04T20:22:20Z,102.9
amtrak,NER,136,2026-08-04,BAL,Baltimore Penn Station,2026-08-04T21:43:00Z,2026-08-04T21:43:00Z,2026-08-04T21:41:00Z,2026-08-04T21:41:00Z,2026-08-04T20:22:20Z,102.9
amtrak,NER,136,2026-08-04,WAS,Washington Union Station,2026-08-04T21:00:00Z,2026-08-04T21:00:00Z,2026-08-04T21:00:00Z,2026-08-04T21:00:00Z,2026-08-04T20:22:20Z,102.9
amtrak,NER,137,2026-08-04,BAL,Baltimore Penn Station,2026-08-05T01:07:00Z,2026-08-05T01:05:00Z,2026-08-05T01:05:00Z,2026-08-05T01:05:00Z,2026-08-04T20:22:20Z,102.9
amtrak,NER,137,2026-08-04,WAS,Washington Union Station,2026-08-05T01:55:00Z,2026-08-05T01:44:00Z,2026-08-05T01:55:00Z,2026-08-05T01:44:00Z,2026-08-04T20:22:20Z,102.9
amtrak,NER,138,2026-08-04,BAL,Baltimore Penn Station,2026-08-04T23:18:00Z,2026-08-04T23:16:00Z,2026-08-04T23:16:00Z,2026-08-04T23:16:00Z,2026-08-04T20:22:20Z,102.9
amtrak,NER,138,2026-08-04,WAS,Washington Union Station,2026-08-04T22:35:00Z,2026-08-04T21:42:00Z,2026-08-04T21:42:00Z,2026-08-04T21:42:00Z,2026-08-04T20:22:20Z,102.9
amtrak,NER,148,2026-08-04,BAL,Baltimore Penn Station,2026-08-04T19:38:00Z,2026-08-04T19:38:00Z,2026-08-04T19:36:00Z,2026-08-04T19:35:00Z,2026-08-04T20:22:20Z,102.9
amtrak,NER,148,2026-08-04,WAS,Washington Union Station,2026-08-04T18:55:00Z,2026-08-04T18:55:00Z,2026-08-04T18:55:00Z,2026-08-04T18:55:00Z,2026-08-04T20:22:20Z,102.9
amtrak,NER,171,2026-08-04,BAL,Baltimore Penn Station,2026-08-04T19:33:00Z,2026-08-04T19:57:00Z,2026-08-04T19:30:00Z,2026-08-04T19:53:00Z,2026-08-04T20:22:20Z,102.9
amtrak,NER,171,2026-08-04,WAS,Washington Union Station,2026-08-04T21:00:00Z,2026-08-04T20:40:00Z,2026-08-04T20:25:00Z,2026-08-04T20:40:00Z,2026-08-04T20:22:20Z,102.9
amtrak,NER,173,2026-08-04,BAL,Baltimore Penn Station,2026-08-04T22:49:00Z,2026-08-04T22:46:00Z,2026-08-04T22:46:00Z,2026-08-04T22:46:00Z,2026-08-04T20:22:20Z,102.9
amtrak,NER,173,2026-08-04,WAS,Washington Union Station,2026-08-04T23:38:00Z,2026-08-04T23:25:00Z,2026-08-04T23:38:00Z,2026-08-04T23:25:00Z,2026-08-04T20:22:20Z,102.9
amtrak,NER,174,2026-08-04,BAL,Baltimore Penn Station,2026-08-04T15:18:00Z,2026-08-04T15:20:00Z,2026-08-04T15:16:00Z,2026-08-04T15:18:00Z,2026-08-04T20:22:20Z,102.9
amtrak,NER,174,2026-08-04,WAS,Washington Union Station,2026-08-04T14:35:00Z,2026-08-04T14:35:00Z,2026-08-04T14:35:00Z,2026-08-04T14:35:00Z,2026-08-04T20:22:20Z,102.9
amtrak,NER,175,2026-08-04,BAL,Baltimore Penn Station,2026-08-05T02:38:00Z,2026-08-05T02:35:00Z,2026-08-05T02:35:00Z,2026-08-05T02:35:00Z,2026-08-04T20:22:20Z,102.9
amtrak,NER,175,2026-08-04,WAS,Washington Union Station,2026-08-05T03:19:00Z,2026-08-05T03:15:00Z,2026-08-05T03:19:00Z,2026-08-05T03:15:00Z,2026-08-04T20:22:20Z,102.9
amtrak,NER,176,2026-08-04,BAL,Baltimore Penn Station,2026-08-04T20:08:00Z,2026-08-04T20:19:00Z,2026-08-04T20:06:00Z,2026-08-04T20:16:00Z,2026-08-04T20:22:20Z,102.9
amtrak,NER,176,2026-08-04,WAS,Washington Union Station,2026-08-04T19:30:00Z,2026-08-04T19:30:00Z,2026-08-04T19:30:00Z,2026-08-04T19:30:00Z,2026-08-04T20:22:20Z,102.9
amtrak,NER,178,2026-08-04,BAL,Baltimore Penn Station,2026-08-04T20:39:00Z,2026-08-04T20:37:00Z,2026-08-04T20:37:00Z,2026-08-04T20:37:00Z,2026-08-04T20:22:20Z,102.9
amtrak,NER,178,2026-08-04,WAS,Washington Union Station,2026-08-04T19:56:00Z,2026-08-04T19:56:00Z,2026-08-04T18:55:00Z,2026-08-04T19:09:00Z,2026-08-04T20:22:20Z,102.9
amtrak,NER,184,2026-08-04,BAL,Baltimore Penn Station,2026-08-04T17:54:00Z,2026-08-04T17:55:00Z,2026-08-04T17:52:00Z,2026-08-04T17:51:00Z,2026-08-04T20:22:20Z,102.9
amtrak,NER,184,2026-08-04,WAS,Washington Union Station,2026-08-04T17:20:00Z,2026-08-04T17:20:00Z,2026-08-04T17:20:00Z,2026-08-04T17:20:00Z,2026-08-04T20:22:20Z,102.9
amtrak,NER,186,2026-08-04,BAL,Baltimore Penn Station,2026-08-05T01:14:00Z,2026-08-05T01:12:00Z,2026-08-05T01:12:00Z,2026-08-05T01:12:00Z,2026-08-04T20:22:20Z,102.9
amtrak,NER,186,2026-08-04,WAS,Washington Union Station,2026-08-05T00:30:00Z,2026-08-04T23:55:00Z,2026-08-04T23:55:00Z,2026-08-04T23:55:00Z,2026-08-04T20:22:20Z,102.9
marc,11705,Train428,2026-08-04,11958,UNION STATION MARC Washington,2026-08-04T19:40:00Z,2026-08-04T19:41:47Z,NA,NA,2026-08-04T20:25:21Z,99.7
marc,11705,Train428,2026-08-04,12002,PENN STATION MARC nb,NA,NA,2026-08-04T20:40:00Z,2026-08-04T20:42:23Z,2026-08-04T20:25:21Z,99.7
marc,11705,Train439,2026-08-04,11980,PENN STATION MARC sb,2026-08-04T19:45:00Z,2026-08-04T19:45:00Z,NA,NA,2026-08-04T20:25:21Z,99.7
marc,11705,Train439,2026-08-04,11958,UNION STATION MARC Washington,NA,NA,2026-08-04T20:45:00Z,2026-08-04T20:45:00Z,2026-08-04T20:25:21Z,99.7
marc,11705,Train532,2026-08-04,11958,UNION STATION MARC Washington,2026-08-04T20:10:00Z,2026-08-04T20:11:41Z,NA,NA,2026-08-04T20:25:21Z,99.7
marc,11705,Train532,2026-08-04,12002,PENN STATION MARC nb,2026-08-04T21:01:00Z,2026-08-04T21:02:06Z,2026-08-04T21:00:30Z,2026-08-04T21:01:36Z,2026-08-04T20:25:21Z,99.7
marc,11705,Train641,2026-08-04,11980,PENN STATION MARC sb,2026-08-04T20:08:00Z,2026-08-04T20:08:31Z,2026-08-04T20:07:00Z,2026-08-04T20:05:10Z,2026-08-04T20:25:21Z,99.7
marc,11705,Train641,2026-08-04,11958,UNION STATION MARC Washington,NA,NA,2026-08-04T21:01:00Z,2026-08-04T21:06:06Z,2026-08-04T20:25:21Z,99.7
amtrak,NER,66,2026-08-04,BAL,Baltimore Penn Station,2026-08-05T02:51:00Z,2026-08-05T02:49:00Z,2026-08-05T02:49:00Z,2026-08-05T02:49:00Z,2026-08-04T20:25:21Z,99.7
amtrak,NER,66,2026-08-04,WAS,Washington Union Station,2026-08-05T02:00:00Z,2026-08-05T01:28:00Z,2026-08-05T01:28:00Z,2026-08-05T01:28:00Z,2026-08-04T20:25:21Z,99.7
amtrak,NER,85,2026-08-04,BAL,Baltimore Penn Station,2026-08-04T21:50:00Z,2026-08-04T21:47:00Z,2026-08-04T21:47:00Z,2026-08-04T21:47:00Z,2026-08-04T20:25:21Z,99.7
amtrak,NER,85,2026-08-04,WAS,Washington Union Station,2026-08-04T22:39:00Z,2026-08-04T22:28:00Z,2026-08-04T22:39:00Z,2026-08-04T22:28:00Z,2026-08-04T20:25:21Z,99.7
amtrak,NER,86,2026-08-04,BAL,Baltimore Penn Station,2026-08-04T13:32:00Z,2026-08-04T13:39:00Z,2026-08-04T13:30:00Z,2026-08-04T13:36:00Z,2026-08-04T20:25:21Z,99.7
amtrak,NER,86,2026-08-04,WAS,Washington Union Station,2026-08-04T12:50:00Z,2026-08-04T12:51:00Z,2026-08-04T12:18:00Z,2026-08-04T12:24:00Z,2026-08-04T20:25:21Z,99.7
amtrak,NER,93,2026-08-04,BAL,Baltimore Penn Station,2026-08-04T20:39:00Z,2026-08-04T20:47:00Z,2026-08-04T20:37:00Z,2026-08-04T20:47:00Z,2026-08-04T20:25:21Z,99.7
amtrak,NER,93,2026-08-04,WAS,Washington Union Station,2026-08-04T22:05:00Z,2026-08-04T21:29:00Z,2026-08-04T21:25:00Z,2026-08-04T21:29:00Z,2026-08-04T20:25:21Z,99.7
amtrak,NER,94,2026-08-04,BAL,Baltimore Penn Station,2026-08-04T18:43:00Z,2026-08-04T18:48:00Z,2026-08-04T18:41:00Z,2026-08-04T18:45:00Z,2026-08-04T20:25:21Z,99.7
amtrak,NER,94,2026-08-04,WAS,Washington Union Station,2026-08-04T18:00:00Z,2026-08-04T18:00:00Z,2026-08-04T17:23:00Z,2026-08-04T17:31:00Z,2026-08-04T20:25:21Z,99.7
amtrak,NER,95,2026-08-04,BAL,Baltimore Penn Station,2026-08-04T17:23:00Z,2026-08-04T17:23:00Z,2026-08-04T17:14:00Z,2026-08-04T17:16:00Z,2026-08-04T20:25:21Z,99.7
amtrak,NER,95,2026-08-04,WAS,Washington Union Station,2026-08-04T18:35:00Z,2026-08-04T18:38:00Z,2026-08-04T18:05:00Z,2026-08-04T18:08:00Z,2026-08-04T20:25:21Z,99.7
amtrak,NER,125,2026-08-04,BAL,Baltimore Penn Station,2026-08-04T18:28:00Z,2026-08-04T18:37:00Z,2026-08-04T18:25:00Z,2026-08-04T18:35:00Z,2026-08-04T20:25:21Z,99.7
amtrak,NER,125,2026-08-04,WAS,Washington Union Station,2026-08-04T19:50:00Z,2026-08-04T19:51:00Z,2026-08-04T19:11:00Z,2026-08-04T19:14:00Z,2026-08-04T20:25:21Z,99.7
amtrak,NER,129,2026-08-04,BAL,Baltimore Penn Station,2026-08-04T23:18:00Z,2026-08-04T23:18:00Z,2026-08-04T23:12:00Z,2026-08-04T23:12:00Z,2026-08-04T20:25:21Z,99.7
amtrak,NER,129,2026-08-04,WAS,Washington Union Station,2026-08-05T00:01:00Z,2026-08-05T00:01:00Z,2026-08-05T00:01:00Z,2026-08-04T23:55:00Z,2026-08-04T20:25:21Z,99.7
amtrak,NER,136,2026-08-04,BAL,Baltimore Penn Station,2026-08-04T21:43:00Z,2026-08-04T21:43:00Z,2026-08-04T21:41:00Z,2026-08-04T21:41:00Z,2026-08-04T20:25:21Z,99.7
amtrak,NER,136,2026-08-04,WAS,Washington Union Station,2026-08-04T21:00:00Z,2026-08-04T21:00:00Z,2026-08-04T21:00:00Z,2026-08-04T21:00:00Z,2026-08-04T20:25:21Z,99.7
amtrak,NER,137,2026-08-04,BAL,Baltimore Penn Station,2026-08-05T01:07:00Z,2026-08-05T01:05:00Z,2026-08-05T01:05:00Z,2026-08-05T01:05:00Z,2026-08-04T20:25:21Z,99.7
amtrak,NER,137,2026-08-04,WAS,Washington Union Station,2026-08-05T01:55:00Z,2026-08-05T01:44:00Z,2026-08-05T01:55:00Z,2026-08-05T01:44:00Z,2026-08-04T20:25:21Z,99.7
amtrak,NER,138,2026-08-04,BAL,Baltimore Penn Station,2026-08-04T23:18:00Z,2026-08-04T23:16:00Z,2026-08-04T23:16:00Z,2026-08-04T23:16:00Z,2026-08-04T20:25:21Z,99.7
amtrak,NER,138,2026-08-04,WAS,Washington Union Station,2026-08-04T22:35:00Z,2026-08-04T21:42:00Z,2026-08-04T21:42:00Z,2026-08-04T21:42:00Z,2026-08-04T20:25:21Z,99.7
amtrak,NER,148,2026-08-04,BAL,Baltimore Penn Station,2026-08-04T19:38:00Z,2026-08-04T19:38:00Z,2026-08-04T19:36:00Z,2026-08-04T19:35:00Z,2026-08-04T20:25:21Z,99.7
amtrak,NER,148,2026-08-04,WAS,Washington Union Station,2026-08-04T18:55:00Z,2026-08-04T18:55:00Z,2026-08-04T18:55:00Z,2026-08-04T18:55:00Z,2026-08-04T20:25:21Z,99.7
amtrak,NER,171,2026-08-04,BAL,Baltimore Penn Station,2026-08-04T19:33:00Z,2026-08-04T19:57:00Z,2026-08-04T19:30:00Z,2026-08-04T19:53:00Z,2026-08-04T20:25:21Z,99.7
amtrak,NER,171,2026-08-04,WAS,Washington Union Station,2026-08-04T21:00:00Z,2026-08-04T20:43:00Z,2026-08-04T20:25:00Z,2026-08-04T20:43:00Z,2026-08-04T20:25:21Z,99.7
amtrak,NER,173,2026-08-04,BAL,Baltimore Penn Station,2026-08-04T22:49:00Z,2026-08-04T22:46:00Z,2026-08-04T22:46:00Z,2026-08-04T22:46:00Z,2026-08-04T20:25:21Z,99.7
amtrak,NER,173,2026-08-04,WAS,Washington Union Station,2026-08-04T23:38:00Z,2026-08-04T23:25:00Z,2026-08-04T23:38:00Z,2026-08-04T23:25:00Z,2026-08-04T20:25:21Z,99.7
amtrak,NER,174,2026-08-04,BAL,Baltimore Penn Station,2026-08-04T15:18:00Z,2026-08-04T15:20:00Z,2026-08-04T15:16:00Z,2026-08-04T15:18:00Z,2026-08-04T20:25:21Z,99.7
amtrak,NER,174,2026-08-04,WAS,Washington Union Station,2026-08-04T14:35:00Z,2026-08-04T14:35:00Z,2026-08-04T14:35:00Z,2026-08-04T14:35:00Z,2026-08-04T20:25:21Z,99.7
amtrak,NER,175,2026-08-04,BAL,Baltimore Penn Station,2026-08-05T02:38:00Z,2026-08-05T02:35:00Z,2026-08-05T02:35:00Z,2026-08-05T02:35:00Z,2026-08-04T20:25:21Z,99.7
amtrak,NER,175,2026-08-04,WAS,Washington Union Station,2026-08-05T03:19:00Z,2026-08-05T03:15:00Z,2026-08-05T03:19:00Z,2026-08-05T03:15:00Z,2026-08-04T20:25:21Z,99.7
amtrak,NER,176,2026-08-04,BAL,Baltimore Penn Station,2026-08-04T20:08:00Z,2026-08-04T20:19:00Z,2026-08-04T20:06:00Z,2026-08-04T20:16:00Z,2026-08-04T20:25:21Z,99.7
amtrak,NER,176,2026-08-04,WAS,Washington Union Station,2026-08-04T19:30:00Z,2026-08-04T19:30:00Z,2026-08-04T19:30:00Z,2026-08-04T19:30:00Z,2026-08-04T20:25:21Z,99.7
amtrak,NER,178,2026-08-04,BAL,Baltimore Penn Station,2026-08-04T20:39:00Z,2026-08-04T20:37:00Z,2026-08-04T20:37:00Z,2026-08-04T20:37:00Z,2026-08-04T20:25:21Z,99.7
amtrak,NER,178,2026-08-04,WAS,Washington Union Station,2026-08-04T19:56:00Z,2026-08-04T19:56:00Z,2026-08-04T18:55:00Z,2026-08-04T19:09:00Z,2026-08-04T20:25:21Z,99.7
amtrak,NER,184,2026-08-04,BAL,Baltimore Penn Station,2026-08-04T17:54:00Z,2026-08-04T17:55:00Z,2026-08-04T17:52:00Z,2026-08-04T17:51:00Z,2026-08-04T20:25:21Z,99.7
amtrak,NER,184,2026-08-04,WAS,Washington Union Station,2026-08-04T17:20:00Z,2026-08-04T17:20:00Z,2026-08-04T17:20:00Z,2026-08-04T17:20:00Z,2026-08-04T20:25:21Z,99.7
amtrak,NER,186,2026-08-04,BAL,Baltimore Penn Station,2026-08-05T01:14:00Z,2026-08-05T01:12:00Z,2026-08-05T01:12:00Z,2026-08-05T01:12:00Z,2026-08-04T20:25:21Z,99.7
amtrak,NER,186,2026-08-04,WAS,Washington Union Station,2026-08-05T00:30:00Z,2026-08-05T00:00:00Z,2026-08-04T23:55:00Z,2026-08-05T00:00:00Z,2026-08-04T20:25:21Z,99.7
marc,11705,Train428,2026-08-04,11958,UNION STATION MARC Washington,2026-08-04T19:40:00Z,2026-08-04T19:41:47Z,NA,NA,2026-08-04T20:28:23Z,101.4
marc,11705,Train428,2026-08-04,12002,PENN STATION MARC nb,NA,NA,2026-08-04T20:40:00Z,2026-08-04T20:43:06Z,2026-08-04T20:28:23Z,101.4
marc,11705,Train439,2026-08-04,11980,PENN STATION MARC sb,2026-08-04T19:45:00Z,2026-08-04T19:45:00Z,NA,NA,2026-08-04T20:28:23Z,101.4
marc,11705,Train439,2026-08-04,11958,UNION STATION MARC Washington,NA,NA,2026-08-04T20:45:00Z,2026-08-04T20:45:00Z,2026-08-04T20:28:23Z,101.4
marc,11705,Train532,2026-08-04,11958,UNION STATION MARC Washington,2026-08-04T20:10:00Z,2026-08-04T20:11:41Z,NA,NA,2026-08-04T20:28:23Z,101.4
marc,11705,Train532,2026-08-04,12002,PENN STATION MARC nb,2026-08-04T21:01:00Z,2026-08-04T21:03:19Z,2026-08-04T21:00:30Z,2026-08-04T21:02:49Z,2026-08-04T20:28:23Z,101.4
marc,11705,Train641,2026-08-04,11980,PENN STATION MARC sb,2026-08-04T20:08:00Z,2026-08-04T20:08:31Z,2026-08-04T20:07:00Z,2026-08-04T20:05:10Z,2026-08-04T20:28:23Z,101.4
marc,11705,Train641,2026-08-04,11958,UNION STATION MARC Washington,NA,NA,2026-08-04T21:01:00Z,2026-08-04T21:06:08Z,2026-08-04T20:28:23Z,101.4
amtrak,NER,66,2026-08-04,BAL,Baltimore Penn Station,2026-08-05T02:51:00Z,2026-08-05T02:49:00Z,2026-08-05T02:49:00Z,2026-08-05T02:49:00Z,2026-08-04T20:28:23Z,101.4
amtrak,NER,66,2026-08-04,WAS,Washington Union Station,2026-08-05T02:00:00Z,2026-08-05T01:28:00Z,2026-08-05T01:28:00Z,2026-08-05T01:28:00Z,2026-08-04T20:28:23Z,101.4
amtrak,NER,85,2026-08-04,BAL,Baltimore Penn Station,2026-08-04T21:50:00Z,2026-08-04T21:47:00Z,2026-08-04T21:47:00Z,2026-08-04T21:47:00Z,2026-08-04T20:28:23Z,101.4
amtrak,NER,85,2026-08-04,WAS,Washington Union Station,2026-08-04T22:39:00Z,2026-08-04T22:28:00Z,2026-08-04T22:39:00Z,2026-08-04T22:28:00Z,2026-08-04T20:28:23Z,101.4
amtrak,NER,86,2026-08-04,BAL,Baltimore Penn Station,2026-08-04T13:32:00Z,2026-08-04T13:39:00Z,2026-08-04T13:30:00Z,2026-08-04T13:36:00Z,2026-08-04T20:28:23Z,101.4
amtrak,NER,86,2026-08-04,WAS,Washington Union Station,2026-08-04T12:50:00Z,2026-08-04T12:51:00Z,2026-08-04T12:18:00Z,2026-08-04T12:24:00Z,2026-08-04T20:28:23Z,101.4
amtrak,NER,93,2026-08-04,BAL,Baltimore Penn Station,2026-08-04T20:39:00Z,2026-08-04T20:47:00Z,2026-08-04T20:37:00Z,2026-08-04T20:47:00Z,2026-08-04T20:28:23Z,101.4
amtrak,NER,93,2026-08-04,WAS,Washington Union Station,2026-08-04T22:05:00Z,2026-08-04T21:29:00Z,2026-08-04T21:25:00Z,2026-08-04T21:29:00Z,2026-08-04T20:28:23Z,101.4
amtrak,NER,94,2026-08-04,BAL,Baltimore Penn Station,2026-08-04T18:43:00Z,2026-08-04T18:48:00Z,2026-08-04T18:41:00Z,2026-08-04T18:45:00Z,2026-08-04T20:28:23Z,101.4
amtrak,NER,94,2026-08-04,WAS,Washington Union Station,2026-08-04T18:00:00Z,2026-08-04T18:00:00Z,2026-08-04T17:23:00Z,2026-08-04T17:31:00Z,2026-08-04T20:28:23Z,101.4
amtrak,NER,95,2026-08-04,BAL,Baltimore Penn Station,2026-08-04T17:23:00Z,2026-08-04T17:23:00Z,2026-08-04T17:14:00Z,2026-08-04T17:16:00Z,2026-08-04T20:28:23Z,101.4
amtrak,NER,95,2026-08-04,WAS,Washington Union Station,2026-08-04T18:35:00Z,2026-08-04T18:38:00Z,2026-08-04T18:05:00Z,2026-08-04T18:08:00Z,2026-08-04T20:28:23Z,101.4
amtrak,NER,125,2026-08-04,BAL,Baltimore Penn Station,2026-08-04T18:28:00Z,2026-08-04T18:37:00Z,2026-08-04T18:25:00Z,2026-08-04T18:35:00Z,2026-08-04T20:28:23Z,101.4
amtrak,NER,125,2026-08-04,WAS,Washington Union Station,2026-08-04T19:50:00Z,2026-08-04T19:51:00Z,2026-08-04T19:11:00Z,2026-08-04T19:14:00Z,2026-08-04T20:28:23Z,101.4
amtrak,NER,129,2026-08-04,BAL,Baltimore Penn Station,2026-08-04T23:18:00Z,2026-08-04T23:18:00Z,2026-08-04T23:12:00Z,2026-08-04T23:12:00Z,2026-08-04T20:28:23Z,101.4
amtrak,NER,129,2026-08-04,WAS,Washington Union Station,2026-08-05T00:01:00Z,2026-08-05T00:01:00Z,2026-08-05T00:01:00Z,2026-08-04T23:55:00Z,2026-08-04T20:28:23Z,101.4
amtrak,NER,136,2026-08-04,BAL,Baltimore Penn Station,2026-08-04T21:43:00Z,2026-08-04T21:43:00Z,2026-08-04T21:41:00Z,2026-08-04T21:41:00Z,2026-08-04T20:28:23Z,101.4
amtrak,NER,136,2026-08-04,WAS,Washington Union Station,2026-08-04T21:00:00Z,2026-08-04T21:00:00Z,2026-08-04T21:00:00Z,2026-08-04T21:00:00Z,2026-08-04T20:28:23Z,101.4
amtrak,NER,137,2026-08-04,BAL,Baltimore Penn Station,2026-08-05T01:07:00Z,2026-08-05T01:05:00Z,2026-08-05T01:05:00Z,2026-08-05T01:05:00Z,2026-08-04T20:28:23Z,101.4
amtrak,NER,137,2026-08-04,WAS,Washington Union Station,2026-08-05T01:55:00Z,2026-08-05T01:44:00Z,2026-08-05T01:55:00Z,2026-08-05T01:44:00Z,2026-08-04T20:28:23Z,101.4
amtrak,NER,138,2026-08-04,BAL,Baltimore Penn Station,2026-08-04T23:18:00Z,2026-08-04T23:16:00Z,2026-08-04T23:16:00Z,2026-08-04T23:16:00Z,2026-08-04T20:28:23Z,101.4
amtrak,NER,138,2026-08-04,WAS,Washington Union Station,2026-08-04T22:35:00Z,2026-08-04T21:42:00Z,2026-08-04T21:42:00Z,2026-08-04T21:42:00Z,2026-08-04T20:28:23Z,101.4
amtrak,NER,148,2026-08-04,BAL,Baltimore Penn Station,2026-08-04T19:38:00Z,2026-08-04T19:38:00Z,2026-08-04T19:36:00Z,2026-08-04T19:35:00Z,2026-08-04T20:28:23Z,101.4
amtrak,NER,148,2026-08-04,WAS,Washington Union Station,2026-08-04T18:55:00Z,2026-08-04T18:55:00Z,2026-08-04T18:55:00Z,2026-08-04T18:55:00Z,2026-08-04T20:28:23Z,101.4
amtrak,NER,171,2026-08-04,BAL,Baltimore Penn Station,2026-08-04T19:33:00Z,2026-08-04T19:57:00Z,2026-08-04T19:30:00Z,2026-08-04T19:53:00Z,2026-08-04T20:28:23Z,101.4
amtrak,NER,171,2026-08-04,WAS,Washington Union Station,2026-08-04T21:00:00Z,2026-08-04T20:43:00Z,2026-08-04T20:25:00Z,2026-08-04T20:43:00Z,2026-08-04T20:28:23Z,101.4
amtrak,NER,173,2026-08-04,BAL,Baltimore Penn Station,2026-08-04T22:49:00Z,2026-08-04T22:46:00Z,2026-08-04T22:46:00Z,2026-08-04T22:46:00Z,2026-08-04T20:28:23Z,101.4
amtrak,NER,173,2026-08-04,WAS,Washington Union Station,2026-08-04T23:38:00Z,2026-08-04T23:25:00Z,2026-08-04T23:38:00Z,2026-08-04T23:25:00Z,2026-08-04T20:28:23Z,101.4
amtrak,NER,174,2026-08-04,BAL,Baltimore Penn Station,2026-08-04T15:18:00Z,2026-08-04T15:20:00Z,2026-08-04T15:16:00Z,2026-08-04T15:18:00Z,2026-08-04T20:28:23Z,101.4
amtrak,NER,174,2026-08-04,WAS,Washington Union Station,2026-08-04T14:35:00Z,2026-08-04T14:35:00Z,2026-08-04T14:35:00Z,2026-08-04T14:35:00Z,2026-08-04T20:28:23Z,101.4
amtrak,NER,175,2026-08-04,BAL,Baltimore Penn Station,2026-08-05T02:38:00Z,2026-08-05T02:35:00Z,2026-08-05T02:35:00Z,2026-08-05T02:35:00Z,2026-08-04T20:28:23Z,101.4
amtrak,NER,175,2026-08-04,WAS,Washington Union Station,2026-08-05T03:19:00Z,2026-08-05T03:15:00Z,2026-08-05T03:19:00Z,2026-08-05T03:15:00Z,2026-08-04T20:28:23Z,101.4
amtrak,NER,176,2026-08-04,BAL,Baltimore Penn Station,2026-08-04T20:08:00Z,2026-08-04T20:19:00Z,2026-08-04T20:06:00Z,2026-08-04T20:16:00Z,2026-08-04T20:28:23Z,101.4
amtrak,NER,176,2026-08-04,WAS,Washington Union Station,2026-08-04T19:30:00Z,2026-08-04T19:30:00Z,2026-08-04T19:30:00Z,2026-08-04T19:30:00Z,2026-08-04T20:28:23Z,101.4
amtrak,NER,178,2026-08-04,BAL,Baltimore Penn Station,2026-08-04T20:39:00Z,2026-08-04T20:37:00Z,2026-08-04T20:37:00Z,2026-08-04T20:37:00Z,2026-08-04T20:28:23Z,101.4
amtrak,NER,178,2026-08-04,WAS,Washington Union Station,2026-08-04T19:56:00Z,2026-08-04T19:56:00Z,2026-08-04T18:55:00Z,2026-08-04T19:09:00Z,2026-08-04T20:28:23Z,101.4
amtrak,NER,184,2026-08-04,BAL,Baltimore Penn Station,2026-08-04T17:54:00Z,2026-08-04T17:55:00Z,2026-08-04T17:52:00Z,2026-08-04T17:51:00Z,2026-08-04T20:28:23Z,101.4
amtrak,NER,184,2026-08-04,WAS,Washington Union Station,2026-08-04T17:20:00Z,2026-08-04T17:20:00Z,2026-08-04T17:20:00Z,2026-08-04T17:20:00Z,2026-08-04T20:28:23Z,101.4
amtrak,NER,186,2026-08-04,BAL,Baltimore Penn Station,2026-08-05T01:14:00Z,2026-08-05T01:12:00Z,2026-08-05T01:12:00Z,2026-08-05T01:12:00Z,2026-08-04T20:28:23Z,101.4
amtrak,NER,186,2026-08-04,WAS,Washington Union Station,2026-08-05T00:30:00Z,2026-08-05T00:00:00Z,2026-08-04T23:55:00Z,2026-08-05T00:00:00Z,2026-08-04T20:28:23Z,101.4
marc,11705,Train443,2026-08-04,11980,PENN STATION MARC sb,2026-08-04T20:52:00Z,2026-08-04T20:52:00Z,NA,NA,2026-08-04T21:48:21Z,83.3
marc,11705,Train443,2026-08-04,11958,UNION STATION MARC Washington,NA,NA,2026-08-04T21:51:00Z,2026-08-04T22:00:52Z,2026-08-04T21:48:21Z,83.3
marc,11705,Train440,2026-08-04,11958,UNION STATION MARC Washington,2026-08-04T21:35:00Z,2026-08-04T21:37:17Z,NA,NA,2026-08-04T21:48:21Z,83.3
marc,11705,Train440,2026-08-04,12002,PENN STATION MARC nb,NA,NA,2026-08-04T22:42:00Z,2026-08-04T22:44:19Z,2026-08-04T21:48:21Z,83.3
marc,11705,Train445,2026-08-04,11980,PENN STATION MARC sb,2026-08-04T21:30:00Z,2026-08-04T21:32:26Z,NA,NA,2026-08-04T21:48:21Z,83.3
marc,11705,Train445,2026-08-04,11958,UNION STATION MARC Washington,NA,NA,2026-08-04T22:35:00Z,2026-08-04T22:42:14Z,2026-08-04T21:48:21Z,83.3
marc,11705,Train438,2026-08-04,11958,UNION STATION MARC Washington,2026-08-04T21:27:00Z,2026-08-04T21:28:22Z,NA,NA,2026-08-04T21:48:21Z,83.3
marc,11705,Train438,2026-08-04,12002,PENN STATION MARC nb,NA,NA,2026-08-04T22:25:00Z,2026-08-04T22:30:47Z,2026-08-04T21:48:21Z,83.3
marc,11705,Train532,2026-08-04,11958,UNION STATION MARC Washington,2026-08-04T20:10:00Z,2026-08-04T20:11:41Z,NA,NA,2026-08-04T21:48:21Z,83.3
marc,11705,Train532,2026-08-04,12002,PENN STATION MARC nb,2026-08-04T21:01:00Z,2026-08-04T21:05:04Z,2026-08-04T21:00:30Z,2026-08-04T21:04:04Z,2026-08-04T21:48:21Z,83.3
marc,11705,Train536,2026-08-04,11958,UNION STATION MARC Washington,2026-08-04T21:18:00Z,2026-08-04T21:19:46Z,NA,NA,2026-08-04T21:48:21Z,83.3
marc,11705,Train536,2026-08-04,12002,PENN STATION MARC nb,2026-08-04T22:05:00Z,2026-08-04T22:09:07Z,2026-08-04T22:04:00Z,2026-08-04T22:08:07Z,2026-08-04T21:48:21Z,83.3
marc,11705,Train634,2026-08-04,11958,UNION STATION MARC Washington,2026-08-04T20:45:00Z,2026-08-04T20:47:04Z,NA,NA,2026-08-04T21:48:21Z,83.3
marc,11705,Train634,2026-08-04,12002,PENN STATION MARC nb,2026-08-04T21:36:00Z,2026-08-04T21:46:10Z,2026-08-04T21:34:50Z,2026-08-04T21:44:40Z,2026-08-04T21:48:21Z,83.3
amtrak,NER,66,2026-08-04,BAL,Baltimore Penn Station,2026-08-05T02:51:00Z,2026-08-05T02:49:00Z,2026-08-05T02:49:00Z,2026-08-05T02:49:00Z,2026-08-04T21:48:21Z,83.3
amtrak,NER,66,2026-08-04,WAS,Washington Union Station,2026-08-05T02:00:00Z,2026-08-05T01:28:00Z,2026-08-05T01:28:00Z,2026-08-05T01:28:00Z,2026-08-04T21:48:21Z,83.3
amtrak,NER,67,2026-08-04,BAL,Baltimore Penn Station,2026-08-05T10:04:00Z,2026-08-05T10:04:00Z,2026-08-05T10:02:00Z,2026-08-05T10:02:00Z,2026-08-04T21:48:21Z,83.3
amtrak,NER,67,2026-08-04,WAS,Washington Union Station,2026-08-05T11:20:00Z,2026-08-05T11:20:00Z,2026-08-05T10:54:00Z,2026-08-05T10:54:00Z,2026-08-04T21:48:21Z,83.3
amtrak,NER,85,2026-08-04,BAL,Baltimore Penn Station,2026-08-04T21:50:00Z,2026-08-04T22:02:00Z,2026-08-04T21:47:00Z,2026-08-04T22:02:00Z,2026-08-04T21:48:21Z,83.3
amtrak,NER,85,2026-08-04,WAS,Washington Union Station,2026-08-04T22:39:00Z,2026-08-04T22:44:00Z,2026-08-04T22:39:00Z,2026-08-04T22:44:00Z,2026-08-04T21:48:21Z,83.3
amtrak,NER,93,2026-08-04,BAL,Baltimore Penn Station,2026-08-04T20:39:00Z,2026-08-04T20:47:00Z,2026-08-04T20:37:00Z,2026-08-04T20:45:00Z,2026-08-04T21:48:21Z,83.3
amtrak,NER,93,2026-08-04,WAS,Washington Union Station,2026-08-04T22:05:00Z,2026-08-04T22:05:00Z,2026-08-04T21:25:00Z,2026-08-04T21:33:00Z,2026-08-04T21:48:21Z,83.3
amtrak,NER,94,2026-08-04,BAL,Baltimore Penn Station,2026-08-04T18:43:00Z,2026-08-04T18:48:00Z,2026-08-04T18:41:00Z,2026-08-04T18:45:00Z,2026-08-04T21:48:21Z,83.3
amtrak,NER,94,2026-08-04,WAS,Washington Union Station,2026-08-04T18:00:00Z,2026-08-04T18:00:00Z,2026-08-04T17:23:00Z,2026-08-04T17:31:00Z,2026-08-04T21:48:21Z,83.3
amtrak,NER,95,2026-08-04,BAL,Baltimore Penn Station,2026-08-04T17:23:00Z,2026-08-04T17:23:00Z,2026-08-04T17:14:00Z,2026-08-04T17:16:00Z,2026-08-04T21:48:21Z,83.3
amtrak,NER,95,2026-08-04,WAS,Washington Union Station,2026-08-04T18:35:00Z,2026-08-04T18:38:00Z,2026-08-04T18:05:00Z,2026-08-04T18:08:00Z,2026-08-04T21:48:21Z,83.3
amtrak,NER,125,2026-08-04,BAL,Baltimore Penn Station,2026-08-04T18:28:00Z,2026-08-04T18:37:00Z,2026-08-04T18:25:00Z,2026-08-04T18:35:00Z,2026-08-04T21:48:21Z,83.3
amtrak,NER,125,2026-08-04,WAS,Washington Union Station,2026-08-04T19:50:00Z,2026-08-04T19:51:00Z,2026-08-04T19:11:00Z,2026-08-04T19:14:00Z,2026-08-04T21:48:21Z,83.3
amtrak,NER,129,2026-08-04,BAL,Baltimore Penn Station,2026-08-04T23:18:00Z,2026-08-04T23:18:00Z,2026-08-04T23:12:00Z,2026-08-04T23:18:00Z,2026-08-04T21:48:21Z,83.3
amtrak,NER,129,2026-08-04,WAS,Washington Union Station,2026-08-05T00:01:00Z,2026-08-04T23:57:00Z,2026-08-05T00:01:00Z,2026-08-04T23:57:00Z,2026-08-04T21:48:21Z,83.3
amtrak,NER,136,2026-08-04,BAL,Baltimore Penn Station,2026-08-04T21:43:00Z,2026-08-04T21:47:00Z,2026-08-04T21:41:00Z,2026-08-04T21:47:00Z,2026-08-04T21:48:21Z,83.3
amtrak,NER,136,2026-08-04,WAS,Washington Union Station,2026-08-04T21:00:00Z,2026-08-04T21:00:00Z,2026-08-04T21:00:00Z,2026-08-04T21:00:00Z,2026-08-04T21:48:21Z,83.3
amtrak,NER,137,2026-08-04,BAL,Baltimore Penn Station,2026-08-05T01:07:00Z,2026-08-05T01:05:00Z,2026-08-05T01:05:00Z,2026-08-05T01:05:00Z,2026-08-04T21:48:21Z,83.3
amtrak,NER,137,2026-08-04,WAS,Washington Union Station,2026-08-05T01:55:00Z,2026-08-05T01:44:00Z,2026-08-05T01:55:00Z,2026-08-05T01:44:00Z,2026-08-04T21:48:21Z,83.3
amtrak,NER,138,2026-08-04,BAL,Baltimore Penn Station,2026-08-04T23:18:00Z,2026-08-04T23:16:00Z,2026-08-04T23:16:00Z,2026-08-04T23:16:00Z,2026-08-04T21:48:21Z,83.3
amtrak,NER,138,2026-08-04,WAS,Washington Union Station,2026-08-04T22:35:00Z,2026-08-04T21:49:00Z,2026-08-04T21:42:00Z,2026-08-04T21:49:00Z,2026-08-04T21:48:21Z,83.3
amtrak,NER,148,2026-08-04,BAL,Baltimore Penn Station,2026-08-04T19:38:00Z,2026-08-04T19:38:00Z,2026-08-04T19:36:00Z,2026-08-04T19:35:00Z,2026-08-04T21:48:21Z,83.3
amtrak,NER,148,2026-08-04,WAS,Washington Union Station,2026-08-04T18:55:00Z,2026-08-04T18:55:00Z,2026-08-04T18:55:00Z,2026-08-04T18:55:00Z,2026-08-04T21:48:21Z,83.3
amtrak,NER,171,2026-08-04,BAL,Baltimore Penn Station,2026-08-04T19:33:00Z,2026-08-04T19:57:00Z,2026-08-04T19:30:00Z,2026-08-04T19:53:00Z,2026-08-04T21:48:21Z,83.3
amtrak,NER,171,2026-08-04,WAS,Washington Union Station,2026-08-04T21:00:00Z,2026-08-04T21:28:00Z,2026-08-04T20:25:00Z,2026-08-04T21:02:00Z,2026-08-04T21:48:21Z,83.3
amtrak,NER,173,2026-08-04,BAL,Baltimore Penn Station,2026-08-04T22:49:00Z,2026-08-04T22:51:00Z,2026-08-04T22:46:00Z,2026-08-04T22:51:00Z,2026-08-04T21:48:21Z,83.3
amtrak,NER,173,2026-08-04,WAS,Washington Union Station,2026-08-04T23:38:00Z,2026-08-04T23:31:00Z,2026-08-04T23:38:00Z,2026-08-04T23:31:00Z,2026-08-04T21:48:21Z,83.3
amtrak,NER,174,2026-08-04,BAL,Baltimore Penn Station,2026-08-04T15:18:00Z,2026-08-04T15:20:00Z,2026-08-04T15:16:00Z,2026-08-04T15:18:00Z,2026-08-04T21:48:21Z,83.3
amtrak,NER,174,2026-08-04,WAS,Washington Union Station,2026-08-04T14:35:00Z,2026-08-04T14:35:00Z,2026-08-04T14:35:00Z,2026-08-04T14:35:00Z,2026-08-04T21:48:21Z,83.3
amtrak,NER,175,2026-08-04,BAL,Baltimore Penn Station,2026-08-05T02:38:00Z,2026-08-05T02:35:00Z,2026-08-05T02:35:00Z,2026-08-05T02:35:00Z,2026-08-04T21:48:21Z,83.3
amtrak,NER,175,2026-08-04,WAS,Washington Union Station,2026-08-05T03:19:00Z,2026-08-05T03:15:00Z,2026-08-05T03:19:00Z,2026-08-05T03:15:00Z,2026-08-04T21:48:21Z,83.3
amtrak,NER,176,2026-08-04,BAL,Baltimore Penn Station,2026-08-04T20:08:00Z,2026-08-04T20:19:00Z,2026-08-04T20:06:00Z,2026-08-04T20:16:00Z,2026-08-04T21:48:21Z,83.3
amtrak,NER,176,2026-08-04,WAS,Washington Union Station,2026-08-04T19:30:00Z,2026-08-04T19:30:00Z,2026-08-04T19:30:00Z,2026-08-04T19:30:00Z,2026-08-04T21:48:21Z,83.3
amtrak,NER,178,2026-08-04,BAL,Baltimore Penn Station,2026-08-04T20:39:00Z,2026-08-04T20:44:00Z,2026-08-04T20:37:00Z,2026-08-04T20:42:00Z,2026-08-04T21:48:21Z,83.3
amtrak,NER,178,2026-08-04,WAS,Washington Union Station,2026-08-04T19:56:00Z,2026-08-04T19:56:00Z,2026-08-04T18:55:00Z,2026-08-04T19:09:00Z,2026-08-04T21:48:21Z,83.3
amtrak,NER,184,2026-08-04,BAL,Baltimore Penn Station,2026-08-04T17:54:00Z,2026-08-04T17:55:00Z,2026-08-04T17:52:00Z,2026-08-04T17:51:00Z,2026-08-04T21:48:21Z,83.3
amtrak,NER,184,2026-08-04,WAS,Washington Union Station,2026-08-04T17:20:00Z,2026-08-04T17:20:00Z,2026-08-04T17:20:00Z,2026-08-04T17:20:00Z,2026-08-04T21:48:21Z,83.3
amtrak,NER,186,2026-08-04,BAL,Baltimore Penn Station,2026-08-05T01:14:00Z,2026-08-05T01:13:00Z,2026-08-05T01:12:00Z,2026-08-05T01:13:00Z,2026-08-04T21:48:21Z,83.3
amtrak,NER,186,2026-08-04,WAS,Washington Union Station,2026-08-05T00:30:00Z,2026-08-05T00:12:00Z,2026-08-04T23:55:00Z,2026-08-05T00:12:00Z,2026-08-04T21:48:21Z,83.3
amtrak,NER,196,2026-08-04,BAL,Baltimore Penn Station,2026-08-04T22:49:00Z,2026-08-04T22:49:00Z,2026-08-04T22:46:00Z,2026-08-04T22:46:00Z,2026-08-04T21:48:21Z,83.3
amtrak,NER,196,2026-08-04,WAS,Washington Union Station,2026-08-04T22:08:00Z,2026-08-04T22:08:00Z,2026-08-04T22:08:00Z,2026-08-04T22:08:00Z,2026-08-04T21:48:21Z,83.3
amtrak,NER,197,2026-08-04,BAL,Baltimore Penn Station,2026-08-05T00:49:00Z,2026-08-05T00:49:00Z,2026-08-05T00:48:00Z,2026-08-05T00:48:00Z,2026-08-04T21:48:21Z,83.3
amtrak,NER,197,2026-08-04,WAS,Washington Union Station,2026-08-05T01:32:00Z,2026-08-05T01:32:00Z,2026-08-05T01:32:00Z,2026-08-05T01:22:00Z,2026-08-04T21:48:21Z,83.3
marc,11705,Train443,2026-08-04,11980,PENN STATION MARC sb,2026-08-04T20:52:00Z,2026-08-04T20:52:00Z,NA,NA,2026-08-04T21:51:24Z,82.4
marc,11705,Train443,2026-08-04,11958,UNION STATION MARC Washington,NA,NA,2026-08-04T21:51:00Z,2026-08-04T22:00:37Z,2026-08-04T21:51:24Z,82.4
marc,11705,Train440,2026-08-04,11958,UNION STATION MARC Washington,2026-08-04T21:35:00Z,2026-08-04T21:37:17Z,NA,NA,2026-08-04T21:51:24Z,82.4
marc,11705,Train440,2026-08-04,12002,PENN STATION MARC nb,NA,NA,2026-08-04T22:42:00Z,2026-08-04T22:44:19Z,2026-08-04T21:51:24Z,82.4
marc,11705,Train445,2026-08-04,11980,PENN STATION MARC sb,2026-08-04T21:30:00Z,2026-08-04T21:32:26Z,NA,NA,2026-08-04T21:51:24Z,82.4
marc,11705,Train445,2026-08-04,11958,UNION STATION MARC Washington,NA,NA,2026-08-04T22:35:00Z,2026-08-04T22:42:40Z,2026-08-04T21:51:24Z,82.4
marc,11705,Train438,2026-08-04,11958,UNION STATION MARC Washington,2026-08-04T21:27:00Z,2026-08-04T21:28:22Z,NA,NA,2026-08-04T21:51:24Z,82.4
marc,11705,Train438,2026-08-04,12002,PENN STATION MARC nb,NA,NA,2026-08-04T22:25:00Z,2026-08-04T22:30:07Z,2026-08-04T21:51:24Z,82.4
marc,11705,Train532,2026-08-04,11958,UNION STATION MARC Washington,2026-08-04T20:10:00Z,2026-08-04T20:11:41Z,NA,NA,2026-08-04T21:51:24Z,82.4
marc,11705,Train532,2026-08-04,12002,PENN STATION MARC nb,2026-08-04T21:01:00Z,2026-08-04T21:05:04Z,2026-08-04T21:00:30Z,2026-08-04T21:04:04Z,2026-08-04T21:51:24Z,82.4
marc,11705,Train536,2026-08-04,11958,UNION STATION MARC Washington,2026-08-04T21:18:00Z,2026-08-04T21:19:46Z,NA,NA,2026-08-04T21:51:24Z,82.4
marc,11705,Train536,2026-08-04,12002,PENN STATION MARC nb,2026-08-04T22:05:00Z,2026-08-04T22:08:48Z,2026-08-04T22:04:00Z,2026-08-04T22:07:48Z,2026-08-04T21:51:24Z,82.4
marc,11705,Train634,2026-08-04,11958,UNION STATION MARC Washington,2026-08-04T20:45:00Z,2026-08-04T20:47:04Z,NA,NA,2026-08-04T21:51:24Z,82.4
marc,11705,Train634,2026-08-04,12002,PENN STATION MARC nb,2026-08-04T21:36:00Z,2026-08-04T21:45:46Z,2026-08-04T21:34:50Z,2026-08-04T21:44:40Z,2026-08-04T21:51:24Z,82.4
amtrak,NER,66,2026-08-04,BAL,Baltimore Penn Station,2026-08-05T02:51:00Z,2026-08-05T02:49:00Z,2026-08-05T02:49:00Z,2026-08-05T02:49:00Z,2026-08-04T21:51:24Z,82.4
amtrak,NER,66,2026-08-04,WAS,Washington Union Station,2026-08-05T02:00:00Z,2026-08-05T01:28:00Z,2026-08-05T01:28:00Z,2026-08-05T01:28:00Z,2026-08-04T21:51:24Z,82.4
amtrak,NER,67,2026-08-04,BAL,Baltimore Penn Station,2026-08-05T10:04:00Z,2026-08-05T10:04:00Z,2026-08-05T10:02:00Z,2026-08-05T10:02:00Z,2026-08-04T21:51:24Z,82.4
amtrak,NER,67,2026-08-04,WAS,Washington Union Station,2026-08-05T11:20:00Z,2026-08-05T11:20:00Z,2026-08-05T10:54:00Z,2026-08-05T10:54:00Z,2026-08-04T21:51:24Z,82.4
amtrak,NER,85,2026-08-04,BAL,Baltimore Penn Station,2026-08-04T21:50:00Z,2026-08-04T22:02:00Z,2026-08-04T21:47:00Z,2026-08-04T22:02:00Z,2026-08-04T21:51:24Z,82.4
amtrak,NER,85,2026-08-04,WAS,Washington Union Station,2026-08-04T22:39:00Z,2026-08-04T22:44:00Z,2026-08-04T22:39:00Z,2026-08-04T22:44:00Z,2026-08-04T21:51:24Z,82.4
amtrak,NER,93,2026-08-04,BAL,Baltimore Penn Station,2026-08-04T20:39:00Z,2026-08-04T20:47:00Z,2026-08-04T20:37:00Z,2026-08-04T20:45:00Z,2026-08-04T21:51:24Z,82.4
amtrak,NER,93,2026-08-04,WAS,Washington Union Station,2026-08-04T22:05:00Z,2026-08-04T22:05:00Z,2026-08-04T21:25:00Z,2026-08-04T21:33:00Z,2026-08-04T21:51:24Z,82.4
amtrak,NER,94,2026-08-04,BAL,Baltimore Penn Station,2026-08-04T18:43:00Z,2026-08-04T18:48:00Z,2026-08-04T18:41:00Z,2026-08-04T18:45:00Z,2026-08-04T21:51:24Z,82.4
amtrak,NER,94,2026-08-04,WAS,Washington Union Station,2026-08-04T18:00:00Z,2026-08-04T18:00:00Z,2026-08-04T17:23:00Z,2026-08-04T17:31:00Z,2026-08-04T21:51:24Z,82.4
amtrak,NER,95,2026-08-04,BAL,Baltimore Penn Station,2026-08-04T17:23:00Z,2026-08-04T17:23:00Z,2026-08-04T17:14:00Z,2026-08-04T17:16:00Z,2026-08-04T21:51:24Z,82.4
amtrak,NER,95,2026-08-04,WAS,Washington Union Station,2026-08-04T18:35:00Z,2026-08-04T18:38:00Z,2026-08-04T18:05:00Z,2026-08-04T18:08:00Z,2026-08-04T21:51:24Z,82.4
amtrak,NER,125,2026-08-04,BAL,Baltimore Penn Station,2026-08-04T18:28:00Z,2026-08-04T18:37:00Z,2026-08-04T18:25:00Z,2026-08-04T18:35:00Z,2026-08-04T21:51:24Z,82.4
amtrak,NER,125,2026-08-04,WAS,Washington Union Station,2026-08-04T19:50:00Z,2026-08-04T19:51:00Z,2026-08-04T19:11:00Z,2026-08-04T19:14:00Z,2026-08-04T21:51:24Z,82.4
amtrak,NER,129,2026-08-04,BAL,Baltimore Penn Station,2026-08-04T23:18:00Z,2026-08-04T23:21:00Z,2026-08-04T23:12:00Z,2026-08-04T23:21:00Z,2026-08-04T21:51:24Z,82.4
amtrak,NER,129,2026-08-04,WAS,Washington Union Station,2026-08-05T00:01:00Z,2026-08-05T00:00:00Z,2026-08-05T00:01:00Z,2026-08-05T00:00:00Z,2026-08-04T21:51:24Z,82.4
amtrak,NER,136,2026-08-04,BAL,Baltimore Penn Station,2026-08-04T21:43:00Z,2026-08-04T21:47:00Z,2026-08-04T21:41:00Z,2026-08-04T21:47:00Z,2026-08-04T21:51:24Z,82.4
amtrak,NER,136,2026-08-04,WAS,Washington Union Station,2026-08-04T21:00:00Z,2026-08-04T21:00:00Z,2026-08-04T21:00:00Z,2026-08-04T21:00:00Z,2026-08-04T21:51:24Z,82.4
amtrak,NER,137,2026-08-04,BAL,Baltimore Penn Station,2026-08-05T01:07:00Z,2026-08-05T01:05:00Z,2026-08-05T01:05:00Z,2026-08-05T01:05:00Z,2026-08-04T21:51:24Z,82.4
amtrak,NER,137,2026-08-04,WAS,Washington Union Station,2026-08-05T01:55:00Z,2026-08-05T01:44:00Z,2026-08-05T01:55:00Z,2026-08-05T01:44:00Z,2026-08-04T21:51:24Z,82.4
amtrak,NER,138,2026-08-04,BAL,Baltimore Penn Station,2026-08-04T23:18:00Z,2026-08-04T23:16:00Z,2026-08-04T23:16:00Z,2026-08-04T23:16:00Z,2026-08-04T21:51:24Z,82.4
amtrak,NER,138,2026-08-04,WAS,Washington Union Station,2026-08-04T22:35:00Z,2026-08-04T21:49:00Z,2026-08-04T21:42:00Z,2026-08-04T21:49:00Z,2026-08-04T21:51:24Z,82.4
amtrak,NER,148,2026-08-04,BAL,Baltimore Penn Station,2026-08-04T19:38:00Z,2026-08-04T19:38:00Z,2026-08-04T19:36:00Z,2026-08-04T19:35:00Z,2026-08-04T21:51:24Z,82.4
amtrak,NER,148,2026-08-04,WAS,Washington Union Station,2026-08-04T18:55:00Z,2026-08-04T18:55:00Z,2026-08-04T18:55:00Z,2026-08-04T18:55:00Z,2026-08-04T21:51:24Z,82.4
amtrak,NER,171,2026-08-04,BAL,Baltimore Penn Station,2026-08-04T19:33:00Z,2026-08-04T19:57:00Z,2026-08-04T19:30:00Z,2026-08-04T19:53:00Z,2026-08-04T21:51:24Z,82.4
amtrak,NER,171,2026-08-04,WAS,Washington Union Station,2026-08-04T21:00:00Z,2026-08-04T21:28:00Z,2026-08-04T20:25:00Z,2026-08-04T21:02:00Z,2026-08-04T21:51:24Z,82.4
amtrak,NER,173,2026-08-04,BAL,Baltimore Penn Station,2026-08-04T22:49:00Z,2026-08-04T22:51:00Z,2026-08-04T22:46:00Z,2026-08-04T22:51:00Z,2026-08-04T21:51:24Z,82.4
amtrak,NER,173,2026-08-04,WAS,Washington Union Station,2026-08-04T23:38:00Z,2026-08-04T23:31:00Z,2026-08-04T23:38:00Z,2026-08-04T23:31:00Z,2026-08-04T21:51:24Z,82.4
amtrak,NER,174,2026-08-04,BAL,Baltimore Penn Station,2026-08-04T15:18:00Z,2026-08-04T15:20:00Z,2026-08-04T15:16:00Z,2026-08-04T15:18:00Z,2026-08-04T21:51:24Z,82.4
amtrak,NER,174,2026-08-04,WAS,Washington Union Station,2026-08-04T14:35:00Z,2026-08-04T14:35:00Z,2026-08-04T14:35:00Z,2026-08-04T14:35:00Z,2026-08-04T21:51:24Z,82.4
amtrak,NER,175,2026-08-04,BAL,Baltimore Penn Station,2026-08-05T02:38:00Z,2026-08-05T02:35:00Z,2026-08-05T02:35:00Z,2026-08-05T02:35:00Z,2026-08-04T21:51:24Z,82.4
amtrak,NER,175,2026-08-04,WAS,Washington Union Station,2026-08-05T03:19:00Z,2026-08-05T03:15:00Z,2026-08-05T03:19:00Z,2026-08-05T03:15:00Z,2026-08-04T21:51:24Z,82.4
amtrak,NER,176,2026-08-04,BAL,Baltimore Penn Station,2026-08-04T20:08:00Z,2026-08-04T20:19:00Z,2026-08-04T20:06:00Z,2026-08-04T20:16:00Z,2026-08-04T21:51:24Z,82.4
amtrak,NER,176,2026-08-04,WAS,Washington Union Station,2026-08-04T19:30:00Z,2026-08-04T19:30:00Z,2026-08-04T19:30:00Z,2026-08-04T19:30:00Z,2026-08-04T21:51:24Z,82.4
amtrak,NER,178,2026-08-04,BAL,Baltimore Penn Station,2026-08-04T20:39:00Z,2026-08-04T20:44:00Z,2026-08-04T20:37:00Z,2026-08-04T20:42:00Z,2026-08-04T21:51:24Z,82.4
amtrak,NER,178,2026-08-04,WAS,Washington Union Station,2026-08-04T19:56:00Z,2026-08-04T19:56:00Z,2026-08-04T18:55:00Z,2026-08-04T19:09:00Z,2026-08-04T21:51:24Z,82.4
amtrak,NER,184,2026-08-04,BAL,Baltimore Penn Station,2026-08-04T17:54:00Z,2026-08-04T17:55:00Z,2026-08-04T17:52:00Z,2026-08-04T17:51:00Z,2026-08-04T21:51:24Z,82.4
amtrak,NER,184,2026-08-04,WAS,Washington Union Station,2026-08-04T17:20:00Z,2026-08-04T17:20:00Z,2026-08-04T17:20:00Z,2026-08-04T17:20:00Z,2026-08-04T21:51:24Z,82.4
amtrak,NER,186,2026-08-04,BAL,Baltimore Penn Station,2026-08-05T01:14:00Z,2026-08-05T01:12:00Z,2026-08-05T01:12:00Z,2026-08-05T01:12:00Z,2026-08-04T21:51:24Z,82.4
amtrak,NER,186,2026-08-04,WAS,Washington Union Station,2026-08-05T00:30:00Z,2026-08-05T00:09:00Z,2026-08-04T23:55:00Z,2026-08-05T00:09:00Z,2026-08-04T21:51:24Z,82.4
amtrak,NER,196,2026-08-04,BAL,Baltimore Penn Station,2026-08-04T22:49:00Z,2026-08-04T22:49:00Z,2026-08-04T22:46:00Z,2026-08-04T22:46:00Z,2026-08-04T21:51:24Z,82.4
amtrak,NER,196,2026-08-04,WAS,Washington Union Station,2026-08-04T22:08:00Z,2026-08-04T22:08:00Z,2026-08-04T22:08:00Z,2026-08-04T22:08:00Z,2026-08-04T21:51:24Z,82.4
amtrak,NER,197,2026-08-04,BAL,Baltimore Penn Station,2026-08-05T00:49:00Z,2026-08-05T00:49:00Z,2026-08-05T00:48:00Z,2026-08-05T00:48:00Z,2026-08-04T21:51:24Z,82.4
amtrak,NER,197,2026-08-04,WAS,Washington Union Station,2026-08-05T01:32:00Z,2026-08-05T01:32:00Z,2026-08-05T01:32:00Z,2026-08-05T01:22:00Z,2026-08-04T21:51:24Z,82.4
marc,11705,Train443,2026-08-04,11980,PENN STATION MARC sb,2026-08-04T20:52:00Z,2026-08-04T20:52:00Z,NA,NA,2026-08-04T21:54:25Z,80.6
marc,11705,Train443,2026-08-04,11958,UNION STATION MARC Washington,NA,NA,2026-08-04T21:51:00Z,2026-08-04T22:00:37Z,2026-08-04T21:54:25Z,80.6
marc,11705,Train440,2026-08-04,11958,UNION STATION MARC Washington,2026-08-04T21:35:00Z,2026-08-04T21:37:17Z,NA,NA,2026-08-04T21:54:25Z,80.6
marc,11705,Train440,2026-08-04,12002,PENN STATION MARC nb,NA,NA,2026-08-04T22:42:00Z,2026-08-04T22:45:05Z,2026-08-04T21:54:25Z,80.6
marc,11705,Train445,2026-08-04,11980,PENN STATION MARC sb,2026-08-04T21:30:00Z,2026-08-04T21:32:26Z,NA,NA,2026-08-04T21:54:25Z,80.6
marc,11705,Train445,2026-08-04,11958,UNION STATION MARC Washington,NA,NA,2026-08-04T22:35:00Z,2026-08-04T22:42:00Z,2026-08-04T21:54:25Z,80.6
marc,11705,Train438,2026-08-04,11958,UNION STATION MARC Washington,2026-08-04T21:27:00Z,2026-08-04T21:28:22Z,NA,NA,2026-08-04T21:54:25Z,80.6
marc,11705,Train438,2026-08-04,12002,PENN STATION MARC nb,NA,NA,2026-08-04T22:25:00Z,2026-08-04T22:30:21Z,2026-08-04T21:54:25Z,80.6
marc,11705,Train532,2026-08-04,11958,UNION STATION MARC Washington,2026-08-04T20:10:00Z,2026-08-04T20:11:41Z,NA,NA,2026-08-04T21:54:25Z,80.6
marc,11705,Train532,2026-08-04,12002,PENN STATION MARC nb,2026-08-04T21:01:00Z,2026-08-04T21:05:04Z,2026-08-04T21:00:30Z,2026-08-04T21:04:04Z,2026-08-04T21:54:25Z,80.6
marc,11705,Train536,2026-08-04,11958,UNION STATION MARC Washington,2026-08-04T21:18:00Z,2026-08-04T21:19:46Z,NA,NA,2026-08-04T21:54:25Z,80.6
marc,11705,Train536,2026-08-04,12002,PENN STATION MARC nb,2026-08-04T22:05:00Z,2026-08-04T22:08:57Z,2026-08-04T22:04:00Z,2026-08-04T22:07:57Z,2026-08-04T21:54:25Z,80.6
marc,11705,Train634,2026-08-04,11958,UNION STATION MARC Washington,2026-08-04T20:45:00Z,2026-08-04T20:47:04Z,NA,NA,2026-08-04T21:54:25Z,80.6
marc,11705,Train634,2026-08-04,12002,PENN STATION MARC nb,2026-08-04T21:36:00Z,2026-08-04T21:45:46Z,2026-08-04T21:34:50Z,2026-08-04T21:44:40Z,2026-08-04T21:54:25Z,80.6
amtrak,NER,66,2026-08-04,BAL,Baltimore Penn Station,2026-08-05T02:51:00Z,2026-08-05T02:49:00Z,2026-08-05T02:49:00Z,2026-08-05T02:49:00Z,2026-08-04T21:54:25Z,80.6
amtrak,NER,66,2026-08-04,WAS,Washington Union Station,2026-08-05T02:00:00Z,2026-08-05T01:28:00Z,2026-08-05T01:28:00Z,2026-08-05T01:28:00Z,2026-08-04T21:54:25Z,80.6
amtrak,NER,67,2026-08-04,BAL,Baltimore Penn Station,2026-08-05T10:04:00Z,2026-08-05T10:04:00Z,2026-08-05T10:02:00Z,2026-08-05T10:02:00Z,2026-08-04T21:54:25Z,80.6
amtrak,NER,67,2026-08-04,WAS,Washington Union Station,2026-08-05T11:20:00Z,2026-08-05T11:20:00Z,2026-08-05T10:54:00Z,2026-08-05T10:54:00Z,2026-08-04T21:54:25Z,80.6
amtrak,NER,85,2026-08-04,BAL,Baltimore Penn Station,2026-08-04T21:50:00Z,2026-08-04T22:05:00Z,2026-08-04T21:47:00Z,2026-08-04T22:05:00Z,2026-08-04T21:54:25Z,80.6
amtrak,NER,85,2026-08-04,WAS,Washington Union Station,2026-08-04T22:39:00Z,2026-08-04T22:47:00Z,2026-08-04T22:39:00Z,2026-08-04T22:47:00Z,2026-08-04T21:54:25Z,80.6
amtrak,NER,93,2026-08-04,BAL,Baltimore Penn Station,2026-08-04T20:39:00Z,2026-08-04T20:47:00Z,2026-08-04T20:37:00Z,2026-08-04T20:45:00Z,2026-08-04T21:54:25Z,80.6
amtrak,NER,93,2026-08-04,WAS,Washington Union Station,2026-08-04T22:05:00Z,2026-08-04T22:05:00Z,2026-08-04T21:25:00Z,2026-08-04T21:33:00Z,2026-08-04T21:54:25Z,80.6
amtrak,NER,94,2026-08-04,BAL,Baltimore Penn Station,2026-08-04T18:43:00Z,2026-08-04T18:48:00Z,2026-08-04T18:41:00Z,2026-08-04T18:45:00Z,2026-08-04T21:54:25Z,80.6
amtrak,NER,94,2026-08-04,WAS,Washington Union Station,2026-08-04T18:00:00Z,2026-08-04T18:00:00Z,2026-08-04T17:23:00Z,2026-08-04T17:31:00Z,2026-08-04T21:54:25Z,80.6
amtrak,NER,95,2026-08-04,BAL,Baltimore Penn Station,2026-08-04T17:23:00Z,2026-08-04T17:23:00Z,2026-08-04T17:14:00Z,2026-08-04T17:16:00Z,2026-08-04T21:54:25Z,80.6
amtrak,NER,95,2026-08-04,WAS,Washington Union Station,2026-08-04T18:35:00Z,2026-08-04T18:38:00Z,2026-08-04T18:05:00Z,2026-08-04T18:08:00Z,2026-08-04T21:54:25Z,80.6
amtrak,NER,125,2026-08-04,BAL,Baltimore Penn Station,2026-08-04T18:28:00Z,2026-08-04T18:37:00Z,2026-08-04T18:25:00Z,2026-08-04T18:35:00Z,2026-08-04T21:54:25Z,80.6
amtrak,NER,125,2026-08-04,WAS,Washington Union Station,2026-08-04T19:50:00Z,2026-08-04T19:51:00Z,2026-08-04T19:11:00Z,2026-08-04T19:14:00Z,2026-08-04T21:54:25Z,80.6
amtrak,NER,129,2026-08-04,BAL,Baltimore Penn Station,2026-08-04T23:18:00Z,2026-08-04T23:21:00Z,2026-08-04T23:12:00Z,2026-08-04T23:21:00Z,2026-08-04T21:54:25Z,80.6
amtrak,NER,129,2026-08-04,WAS,Washington Union Station,2026-08-05T00:01:00Z,2026-08-05T00:00:00Z,2026-08-05T00:01:00Z,2026-08-05T00:00:00Z,2026-08-04T21:54:25Z,80.6
amtrak,NER,136,2026-08-04,BAL,Baltimore Penn Station,2026-08-04T21:43:00Z,2026-08-04T21:50:00Z,2026-08-04T21:41:00Z,2026-08-04T21:49:00Z,2026-08-04T21:54:25Z,80.6
amtrak,NER,136,2026-08-04,WAS,Washington Union Station,2026-08-04T21:00:00Z,2026-08-04T21:00:00Z,2026-08-04T21:00:00Z,2026-08-04T21:00:00Z,2026-08-04T21:54:25Z,80.6
amtrak,NER,137,2026-08-04,BAL,Baltimore Penn Station,2026-08-05T01:07:00Z,2026-08-05T01:05:00Z,2026-08-05T01:05:00Z,2026-08-05T01:05:00Z,2026-08-04T21:54:25Z,80.6
amtrak,NER,137,2026-08-04,WAS,Washington Union Station,2026-08-05T01:55:00Z,2026-08-05T01:44:00Z,2026-08-05T01:55:00Z,2026-08-05T01:44:00Z,2026-08-04T21:54:25Z,80.6
amtrak,NER,138,2026-08-04,BAL,Baltimore Penn Station,2026-08-04T23:18:00Z,2026-08-04T23:16:00Z,2026-08-04T23:16:00Z,2026-08-04T23:16:00Z,2026-08-04T21:54:25Z,80.6
amtrak,NER,138,2026-08-04,WAS,Washington Union Station,2026-08-04T22:35:00Z,2026-08-04T22:35:00Z,2026-08-04T21:42:00Z,2026-08-04T21:50:00Z,2026-08-04T21:54:25Z,80.6
amtrak,NER,148,2026-08-04,BAL,Baltimore Penn Station,2026-08-04T19:38:00Z,2026-08-04T19:38:00Z,2026-08-04T19:36:00Z,2026-08-04T19:35:00Z,2026-08-04T21:54:25Z,80.6
amtrak,NER,148,2026-08-04,WAS,Washington Union Station,2026-08-04T18:55:00Z,2026-08-04T18:55:00Z,2026-08-04T18:55:00Z,2026-08-04T18:55:00Z,2026-08-04T21:54:25Z,80.6
amtrak,NER,171,2026-08-04,BAL,Baltimore Penn Station,2026-08-04T19:33:00Z,2026-08-04T19:57:00Z,2026-08-04T19:30:00Z,2026-08-04T19:53:00Z,2026-08-04T21:54:25Z,80.6
amtrak,NER,171,2026-08-04,WAS,Washington Union Station,2026-08-04T21:00:00Z,2026-08-04T21:28:00Z,2026-08-04T20:25:00Z,2026-08-04T21:02:00Z,2026-08-04T21:54:25Z,80.6
amtrak,NER,173,2026-08-04,BAL,Baltimore Penn Station,2026-08-04T22:49:00Z,2026-08-04T22:51:00Z,2026-08-04T22:46:00Z,2026-08-04T22:51:00Z,2026-08-04T21:54:25Z,80.6
amtrak,NER,173,2026-08-04,WAS,Washington Union Station,2026-08-04T23:38:00Z,2026-08-04T23:31:00Z,2026-08-04T23:38:00Z,2026-08-04T23:31:00Z,2026-08-04T21:54:25Z,80.6
amtrak,NER,174,2026-08-04,BAL,Baltimore Penn Station,2026-08-04T15:18:00Z,2026-08-04T15:20:00Z,2026-08-04T15:16:00Z,2026-08-04T15:18:00Z,2026-08-04T21:54:25Z,80.6
amtrak,NER,174,2026-08-04,WAS,Washington Union Station,2026-08-04T14:35:00Z,2026-08-04T14:35:00Z,2026-08-04T14:35:00Z,2026-08-04T14:35:00Z,2026-08-04T21:54:25Z,80.6
amtrak,NER,175,2026-08-04,BAL,Baltimore Penn Station,2026-08-05T02:38:00Z,2026-08-05T02:35:00Z,2026-08-05T02:35:00Z,2026-08-05T02:35:00Z,2026-08-04T21:54:25Z,80.6
amtrak,NER,175,2026-08-04,WAS,Washington Union Station,2026-08-05T03:19:00Z,2026-08-05T03:15:00Z,2026-08-05T03:19:00Z,2026-08-05T03:15:00Z,2026-08-04T21:54:25Z,80.6
amtrak,NER,176,2026-08-04,BAL,Baltimore Penn Station,2026-08-04T20:08:00Z,2026-08-04T20:19:00Z,2026-08-04T20:06:00Z,2026-08-04T20:16:00Z,2026-08-04T21:54:25Z,80.6
amtrak,NER,176,2026-08-04,WAS,Washington Union Station,2026-08-04T19:30:00Z,2026-08-04T19:30:00Z,2026-08-04T19:30:00Z,2026-08-04T19:30:00Z,2026-08-04T21:54:25Z,80.6
amtrak,NER,178,2026-08-04,BAL,Baltimore Penn Station,2026-08-04T20:39:00Z,2026-08-04T20:44:00Z,2026-08-04T20:37:00Z,2026-08-04T20:42:00Z,2026-08-04T21:54:25Z,80.6
amtrak,NER,178,2026-08-04,WAS,Washington Union Station,2026-08-04T19:56:00Z,2026-08-04T19:56:00Z,2026-08-04T18:55:00Z,2026-08-04T19:09:00Z,2026-08-04T21:54:25Z,80.6
amtrak,NER,184,2026-08-04,BAL,Baltimore Penn Station,2026-08-04T17:54:00Z,2026-08-04T17:55:00Z,2026-08-04T17:52:00Z,2026-08-04T17:51:00Z,2026-08-04T21:54:25Z,80.6
amtrak,NER,184,2026-08-04,WAS,Washington Union Station,2026-08-04T17:20:00Z,2026-08-04T17:20:00Z,2026-08-04T17:20:00Z,2026-08-04T17:20:00Z,2026-08-04T21:54:25Z,80.6
amtrak,NER,186,2026-08-04,BAL,Baltimore Penn Station,2026-08-05T01:14:00Z,2026-08-05T01:12:00Z,2026-08-05T01:12:00Z,2026-08-05T01:12:00Z,2026-08-04T21:54:25Z,80.6
amtrak,NER,186,2026-08-04,WAS,Washington Union Station,2026-08-05T00:30:00Z,2026-08-05T00:09:00Z,2026-08-04T23:55:00Z,2026-08-05T00:09:00Z,2026-08-04T21:54:25Z,80.6
amtrak,NER,196,2026-08-04,BAL,Baltimore Penn Station,2026-08-04T22:49:00Z,2026-08-04T22:49:00Z,2026-08-04T22:46:00Z,2026-08-04T22:46:00Z,2026-08-04T21:54:25Z,80.6
amtrak,NER,196,2026-08-04,WAS,Washington Union Station,2026-08-04T22:08:00Z,2026-08-04T22:08:00Z,2026-08-04T22:08:00Z,2026-08-04T22:08:00Z,2026-08-04T21:54:25Z,80.6
amtrak,NER,197,2026-08-04,BAL,Baltimore Penn Station,2026-08-05T00:49:00Z,2026-08-05T00:49:00Z,2026-08-05T00:48:00Z,2026-08-05T00:48:00Z,2026-08-04T21:54:25Z,80.6
amtrak,NER,197,2026-08-04,WAS,Washington Union Station,2026-08-05T01:32:00Z,2026-08-05T01:32:00Z,2026-08-05T01:32:00Z,2026-08-05T01:22:00Z,2026-08-04T21:54:25Z,80.6
marc,11705,Train447,2026-08-04,11980,PENN STATION MARC sb,2026-08-04T22:00:00Z,2026-08-04T22:00:00Z,NA,NA,2026-08-04T22:47:35Z,66
marc,11705,Train447,2026-08-04,11958,UNION STATION MARC Washington,NA,NA,2026-08-04T22:50:00Z,2026-08-04T22:53:07Z,2026-08-04T22:47:35Z,66
marc,11705,Train449,2026-08-04,11980,PENN STATION MARC sb,2026-08-04T22:40:00Z,2026-08-04T22:40:03Z,NA,NA,2026-08-04T22:47:35Z,66
marc,11705,Train449,2026-08-04,11958,UNION STATION MARC Washington,NA,NA,2026-08-04T23:33:00Z,2026-08-04T23:37:49Z,2026-08-04T22:47:35Z,66
marc,11705,Train536,2026-08-04,11958,UNION STATION MARC Washington,2026-08-04T21:18:00Z,2026-08-04T21:19:46Z,NA,NA,2026-08-04T22:47:35Z,66
marc,11705,Train536,2026-08-04,12002,PENN STATION MARC nb,2026-08-04T22:05:00Z,2026-08-04T22:11:37Z,2026-08-04T22:04:00Z,2026-08-04T22:07:35Z,2026-08-04T22:47:35Z,66
marc,11705,Train544,2026-08-04,11958,UNION STATION MARC Washington,2026-08-04T22:27:00Z,2026-08-04T22:27:52Z,NA,NA,2026-08-04T22:47:35Z,66
marc,11705,Train544,2026-08-04,12002,PENN STATION MARC nb,2026-08-04T23:29:00Z,2026-08-04T23:31:48Z,2026-08-04T23:27:30Z,2026-08-04T23:30:18Z,2026-08-04T22:47:35Z,66
marc,11705,Train642,2026-08-04,11958,UNION STATION MARC Washington,2026-08-04T22:00:00Z,2026-08-04T22:01:26Z,NA,NA,2026-08-04T22:47:35Z,66
marc,11705,Train642,2026-08-04,12002,PENN STATION MARC nb,2026-08-04T23:09:00Z,2026-08-04T23:09:30Z,2026-08-04T23:04:00Z,2026-08-04T23:04:30Z,2026-08-04T22:47:35Z,66
amtrak,NER,66,2026-08-04,BAL,Baltimore Penn Station,2026-08-05T02:51:00Z,2026-08-05T02:49:00Z,2026-08-05T02:49:00Z,2026-08-05T02:49:00Z,2026-08-04T22:47:35Z,66
amtrak,NER,66,2026-08-04,WAS,Washington Union Station,2026-08-05T02:00:00Z,2026-08-05T01:28:00Z,2026-08-05T01:28:00Z,2026-08-05T01:28:00Z,2026-08-04T22:47:35Z,66
amtrak,NER,67,2026-08-04,BAL,Baltimore Penn Station,2026-08-05T10:04:00Z,2026-08-05T10:04:00Z,2026-08-05T10:02:00Z,2026-08-05T10:02:00Z,2026-08-04T22:47:35Z,66
amtrak,NER,67,2026-08-04,WAS,Washington Union Station,2026-08-05T11:20:00Z,2026-08-05T11:20:00Z,2026-08-05T10:54:00Z,2026-08-05T10:54:00Z,2026-08-04T22:47:35Z,66
amtrak,NER,85,2026-08-04,BAL,Baltimore Penn Station,2026-08-04T21:50:00Z,2026-08-04T22:07:00Z,2026-08-04T21:47:00Z,2026-08-04T22:04:00Z,2026-08-04T22:47:35Z,66
amtrak,NER,85,2026-08-04,WAS,Washington Union Station,2026-08-04T22:39:00Z,2026-08-04T22:51:00Z,2026-08-04T22:39:00Z,2026-08-04T22:51:00Z,2026-08-04T22:47:35Z,66
amtrak,NER,93,2026-08-04,BAL,Baltimore Penn Station,2026-08-04T20:39:00Z,2026-08-04T20:47:00Z,2026-08-04T20:37:00Z,2026-08-04T20:45:00Z,2026-08-04T22:47:35Z,66
amtrak,NER,93,2026-08-04,WAS,Washington Union Station,2026-08-04T22:05:00Z,2026-08-04T22:29:00Z,2026-08-04T21:25:00Z,2026-08-04T21:33:00Z,2026-08-04T22:47:35Z,66
amtrak,NER,94,2026-08-04,BAL,Baltimore Penn Station,2026-08-04T18:43:00Z,2026-08-04T18:48:00Z,2026-08-04T18:41:00Z,2026-08-04T18:45:00Z,2026-08-04T22:47:35Z,66
amtrak,NER,94,2026-08-04,WAS,Washington Union Station,2026-08-04T18:00:00Z,2026-08-04T18:00:00Z,2026-08-04T17:23:00Z,2026-08-04T17:31:00Z,2026-08-04T22:47:35Z,66
amtrak,NER,95,2026-08-04,BAL,Baltimore Penn Station,2026-08-04T17:23:00Z,2026-08-04T17:23:00Z,2026-08-04T17:14:00Z,2026-08-04T17:16:00Z,2026-08-04T22:47:35Z,66
amtrak,NER,95,2026-08-04,WAS,Washington Union Station,2026-08-04T18:35:00Z,2026-08-04T18:38:00Z,2026-08-04T18:05:00Z,2026-08-04T18:08:00Z,2026-08-04T22:47:35Z,66
amtrak,NER,125,2026-08-04,BAL,Baltimore Penn Station,2026-08-04T18:28:00Z,2026-08-04T18:37:00Z,2026-08-04T18:25:00Z,2026-08-04T18:35:00Z,2026-08-04T22:47:35Z,66
amtrak,NER,125,2026-08-04,WAS,Washington Union Station,2026-08-04T19:50:00Z,2026-08-04T19:51:00Z,2026-08-04T19:11:00Z,2026-08-04T19:14:00Z,2026-08-04T22:47:35Z,66
amtrak,NER,129,2026-08-04,BAL,Baltimore Penn Station,2026-08-04T23:18:00Z,2026-08-04T23:30:00Z,2026-08-04T23:12:00Z,2026-08-04T23:30:00Z,2026-08-04T22:47:35Z,66
amtrak,NER,129,2026-08-04,WAS,Washington Union Station,2026-08-05T00:01:00Z,2026-08-05T00:13:00Z,2026-08-05T00:01:00Z,2026-08-05T00:13:00Z,2026-08-04T22:47:35Z,66
amtrak,NER,136,2026-08-04,BAL,Baltimore Penn Station,2026-08-04T21:43:00Z,2026-08-04T21:51:00Z,2026-08-04T21:41:00Z,2026-08-04T21:49:00Z,2026-08-04T22:47:35Z,66
amtrak,NER,136,2026-08-04,WAS,Washington Union Station,2026-08-04T21:00:00Z,2026-08-04T21:00:00Z,2026-08-04T21:00:00Z,2026-08-04T21:00:00Z,2026-08-04T22:47:35Z,66
amtrak,NER,137,2026-08-04,BAL,Baltimore Penn Station,2026-08-05T01:07:00Z,2026-08-05T01:05:00Z,2026-08-05T01:05:00Z,2026-08-05T01:05:00Z,2026-08-04T22:47:35Z,66
amtrak,NER,137,2026-08-04,WAS,Washington Union Station,2026-08-05T01:55:00Z,2026-08-05T01:44:00Z,2026-08-05T01:55:00Z,2026-08-05T01:44:00Z,2026-08-04T22:47:35Z,66
amtrak,NER,138,2026-08-04,BAL,Baltimore Penn Station,2026-08-04T23:18:00Z,2026-08-04T23:16:00Z,2026-08-04T23:16:00Z,2026-08-04T23:16:00Z,2026-08-04T22:47:35Z,66
amtrak,NER,138,2026-08-04,WAS,Washington Union Station,2026-08-04T22:35:00Z,2026-08-04T21:50:00Z,2026-08-04T21:42:00Z,2026-08-04T21:50:00Z,2026-08-04T22:47:35Z,66
amtrak,NER,148,2026-08-04,BAL,Baltimore Penn Station,2026-08-04T19:38:00Z,2026-08-04T19:38:00Z,2026-08-04T19:36:00Z,2026-08-04T19:35:00Z,2026-08-04T22:47:35Z,66
amtrak,NER,148,2026-08-04,WAS,Washington Union Station,2026-08-04T18:55:00Z,2026-08-04T18:55:00Z,2026-08-04T18:55:00Z,2026-08-04T18:55:00Z,2026-08-04T22:47:35Z,66
amtrak,NER,171,2026-08-04,BAL,Baltimore Penn Station,2026-08-04T19:33:00Z,2026-08-04T19:57:00Z,2026-08-04T19:30:00Z,2026-08-04T19:53:00Z,2026-08-04T22:47:35Z,66
amtrak,NER,171,2026-08-04,WAS,Washington Union Station,2026-08-04T21:00:00Z,2026-08-04T21:28:00Z,2026-08-04T20:25:00Z,2026-08-04T21:02:00Z,2026-08-04T22:47:35Z,66
amtrak,NER,173,2026-08-04,BAL,Baltimore Penn Station,2026-08-04T22:49:00Z,2026-08-04T22:54:00Z,2026-08-04T22:46:00Z,2026-08-04T22:54:00Z,2026-08-04T22:47:35Z,66
amtrak,NER,173,2026-08-04,WAS,Washington Union Station,2026-08-04T23:38:00Z,2026-08-04T23:34:00Z,2026-08-04T23:38:00Z,2026-08-04T23:34:00Z,2026-08-04T22:47:35Z,66
amtrak,NER,174,2026-08-04,BAL,Baltimore Penn Station,2026-08-04T15:18:00Z,2026-08-04T15:20:00Z,2026-08-04T15:16:00Z,2026-08-04T15:18:00Z,2026-08-04T22:47:35Z,66
amtrak,NER,174,2026-08-04,WAS,Washington Union Station,2026-08-04T14:35:00Z,2026-08-04T14:35:00Z,2026-08-04T14:35:00Z,2026-08-04T14:35:00Z,2026-08-04T22:47:35Z,66
amtrak,NER,175,2026-08-04,BAL,Baltimore Penn Station,2026-08-05T02:38:00Z,2026-08-05T02:35:00Z,2026-08-05T02:35:00Z,2026-08-05T02:35:00Z,2026-08-04T22:47:35Z,66
amtrak,NER,175,2026-08-04,WAS,Washington Union Station,2026-08-05T03:19:00Z,2026-08-05T03:15:00Z,2026-08-05T03:19:00Z,2026-08-05T03:15:00Z,2026-08-04T22:47:35Z,66
amtrak,NER,176,2026-08-04,BAL,Baltimore Penn Station,2026-08-04T20:08:00Z,2026-08-04T20:19:00Z,2026-08-04T20:06:00Z,2026-08-04T20:16:00Z,2026-08-04T22:47:35Z,66
amtrak,NER,176,2026-08-04,WAS,Washington Union Station,2026-08-04T19:30:00Z,2026-08-04T19:30:00Z,2026-08-04T19:30:00Z,2026-08-04T19:30:00Z,2026-08-04T22:47:35Z,66
amtrak,NER,178,2026-08-04,BAL,Baltimore Penn Station,2026-08-04T20:39:00Z,2026-08-04T20:44:00Z,2026-08-04T20:37:00Z,2026-08-04T20:42:00Z,2026-08-04T22:47:35Z,66
amtrak,NER,178,2026-08-04,WAS,Washington Union Station,2026-08-04T19:56:00Z,2026-08-04T19:56:00Z,2026-08-04T18:55:00Z,2026-08-04T19:09:00Z,2026-08-04T22:47:35Z,66
amtrak,NER,184,2026-08-04,BAL,Baltimore Penn Station,2026-08-04T17:54:00Z,2026-08-04T17:55:00Z,2026-08-04T17:52:00Z,2026-08-04T17:51:00Z,2026-08-04T22:47:35Z,66
amtrak,NER,184,2026-08-04,WAS,Washington Union Station,2026-08-04T17:20:00Z,2026-08-04T17:20:00Z,2026-08-04T17:20:00Z,2026-08-04T17:20:00Z,2026-08-04T22:47:35Z,66
amtrak,NER,186,2026-08-04,BAL,Baltimore Penn Station,2026-08-05T01:14:00Z,2026-08-05T01:25:00Z,2026-08-05T01:12:00Z,2026-08-05T01:25:00Z,2026-08-04T22:47:35Z,66
amtrak,NER,186,2026-08-04,WAS,Washington Union Station,2026-08-05T00:30:00Z,2026-08-05T00:06:00Z,2026-08-04T23:55:00Z,2026-08-05T00:06:00Z,2026-08-04T22:47:35Z,66
amtrak,NER,192,2026-08-04,BAL,Baltimore Penn Station,2026-08-04T23:54:00Z,2026-08-04T23:54:00Z,2026-08-04T23:52:00Z,2026-08-04T23:52:00Z,2026-08-04T22:47:35Z,66
amtrak,NER,192,2026-08-04,WAS,Washington Union Station,2026-08-04T23:12:00Z,2026-08-04T23:12:00Z,2026-08-04T23:12:00Z,2026-08-04T23:12:00Z,2026-08-04T22:47:35Z,66
amtrak,NER,196,2026-08-04,BAL,Baltimore Penn Station,2026-08-04T22:49:00Z,2026-08-04T22:49:00Z,2026-08-04T22:46:00Z,2026-08-04T22:49:00Z,2026-08-04T22:47:35Z,66
amtrak,NER,196,2026-08-04,WAS,Washington Union Station,2026-08-04T22:08:00Z,2026-08-04T22:08:00Z,2026-08-04T22:08:00Z,2026-08-04T22:08:00Z,2026-08-04T22:47:35Z,66
amtrak,NER,197,2026-08-04,BAL,Baltimore Penn Station,2026-08-05T00:49:00Z,2026-08-05T00:48:00Z,2026-08-05T00:48:00Z,2026-08-05T00:48:00Z,2026-08-04T22:47:35Z,66
amtrak,NER,197,2026-08-04,WAS,Washington Union Station,2026-08-05T01:32:00Z,2026-08-05T01:22:00Z,2026-08-05T01:32:00Z,2026-08-05T01:22:00Z,2026-08-04T22:47:35Z,66
marc,11705,Train447,2026-08-04,11980,PENN STATION MARC sb,2026-08-04T22:00:00Z,2026-08-04T22:00:00Z,NA,NA,2026-08-04T22:50:37Z,65.8
marc,11705,Train447,2026-08-04,11958,UNION STATION MARC Washington,NA,NA,2026-08-04T22:50:00Z,2026-08-04T22:53:03Z,2026-08-04T22:50:37Z,65.8
marc,11705,Train449,2026-08-04,11980,PENN STATION MARC sb,2026-08-04T22:40:00Z,2026-08-04T22:40:03Z,NA,NA,2026-08-04T22:50:37Z,65.8
marc,11705,Train449,2026-08-04,11958,UNION STATION MARC Washington,NA,NA,2026-08-04T23:33:00Z,2026-08-04T23:38:43Z,2026-08-04T22:50:37Z,65.8
marc,11705,Train536,2026-08-04,11958,UNION STATION MARC Washington,2026-08-04T21:18:00Z,2026-08-04T21:19:46Z,NA,NA,2026-08-04T22:50:37Z,65.8
marc,11705,Train536,2026-08-04,12002,PENN STATION MARC nb,2026-08-04T22:05:00Z,2026-08-04T22:11:37Z,2026-08-04T22:04:00Z,2026-08-04T22:07:35Z,2026-08-04T22:50:37Z,65.8
marc,11705,Train544,2026-08-04,11958,UNION STATION MARC Washington,2026-08-04T22:27:00Z,2026-08-04T22:27:52Z,NA,NA,2026-08-04T22:50:37Z,65.8
marc,11705,Train544,2026-08-04,12002,PENN STATION MARC nb,2026-08-04T23:29:00Z,2026-08-04T23:33:04Z,2026-08-04T23:27:30Z,2026-08-04T23:31:34Z,2026-08-04T22:50:37Z,65.8
marc,11705,Train642,2026-08-04,11958,UNION STATION MARC Washington,2026-08-04T22:00:00Z,2026-08-04T22:01:26Z,NA,NA,2026-08-04T22:50:37Z,65.8
marc,11705,Train642,2026-08-04,12002,PENN STATION MARC nb,2026-08-04T23:09:00Z,2026-08-04T23:09:30Z,2026-08-04T23:04:00Z,2026-08-04T23:04:30Z,2026-08-04T22:50:37Z,65.8
amtrak,NER,66,2026-08-04,BAL,Baltimore Penn Station,2026-08-05T02:51:00Z,2026-08-05T02:49:00Z,2026-08-05T02:49:00Z,2026-08-05T02:49:00Z,2026-08-04T22:50:37Z,65.8
amtrak,NER,66,2026-08-04,WAS,Washington Union Station,2026-08-05T02:00:00Z,2026-08-05T01:28:00Z,2026-08-05T01:28:00Z,2026-08-05T01:28:00Z,2026-08-04T22:50:37Z,65.8
amtrak,NER,67,2026-08-04,BAL,Baltimore Penn Station,2026-08-05T10:04:00Z,2026-08-05T10:04:00Z,2026-08-05T10:02:00Z,2026-08-05T10:02:00Z,2026-08-04T22:50:37Z,65.8
amtrak,NER,67,2026-08-04,WAS,Washington Union Station,2026-08-05T11:20:00Z,2026-08-05T11:20:00Z,2026-08-05T10:54:00Z,2026-08-05T10:54:00Z,2026-08-04T22:50:37Z,65.8
amtrak,NER,85,2026-08-04,BAL,Baltimore Penn Station,2026-08-04T21:50:00Z,2026-08-04T22:07:00Z,2026-08-04T21:47:00Z,2026-08-04T22:04:00Z,2026-08-04T22:50:37Z,65.8
amtrak,NER,85,2026-08-04,WAS,Washington Union Station,2026-08-04T22:39:00Z,2026-08-04T22:54:00Z,2026-08-04T22:39:00Z,2026-08-04T22:54:00Z,2026-08-04T22:50:37Z,65.8
amtrak,NER,93,2026-08-04,BAL,Baltimore Penn Station,2026-08-04T20:39:00Z,2026-08-04T20:47:00Z,2026-08-04T20:37:00Z,2026-08-04T20:45:00Z,2026-08-04T22:50:37Z,65.8
amtrak,NER,93,2026-08-04,WAS,Washington Union Station,2026-08-04T22:05:00Z,2026-08-04T22:29:00Z,2026-08-04T21:25:00Z,2026-08-04T21:33:00Z,2026-08-04T22:50:37Z,65.8
amtrak,NER,94,2026-08-04,BAL,Baltimore Penn Station,2026-08-04T18:43:00Z,2026-08-04T18:48:00Z,2026-08-04T18:41:00Z,2026-08-04T18:45:00Z,2026-08-04T22:50:37Z,65.8
amtrak,NER,94,2026-08-04,WAS,Washington Union Station,2026-08-04T18:00:00Z,2026-08-04T18:00:00Z,2026-08-04T17:23:00Z,2026-08-04T17:31:00Z,2026-08-04T22:50:37Z,65.8
amtrak,NER,95,2026-08-04,BAL,Baltimore Penn Station,2026-08-04T17:23:00Z,2026-08-04T17:23:00Z,2026-08-04T17:14:00Z,2026-08-04T17:16:00Z,2026-08-04T22:50:37Z,65.8
amtrak,NER,95,2026-08-04,WAS,Washington Union Station,2026-08-04T18:35:00Z,2026-08-04T18:38:00Z,2026-08-04T18:05:00Z,2026-08-04T18:08:00Z,2026-08-04T22:50:37Z,65.8
amtrak,NER,125,2026-08-04,BAL,Baltimore Penn Station,2026-08-04T18:28:00Z,2026-08-04T18:37:00Z,2026-08-04T18:25:00Z,2026-08-04T18:35:00Z,2026-08-04T22:50:37Z,65.8
amtrak,NER,125,2026-08-04,WAS,Washington Union Station,2026-08-04T19:50:00Z,2026-08-04T19:51:00Z,2026-08-04T19:11:00Z,2026-08-04T19:14:00Z,2026-08-04T22:50:37Z,65.8
amtrak,NER,129,2026-08-04,BAL,Baltimore Penn Station,2026-08-04T23:18:00Z,2026-08-04T23:30:00Z,2026-08-04T23:12:00Z,2026-08-04T23:30:00Z,2026-08-04T22:50:37Z,65.8
amtrak,NER,129,2026-08-04,WAS,Washington Union Station,2026-08-05T00:01:00Z,2026-08-05T00:13:00Z,2026-08-05T00:01:00Z,2026-08-05T00:13:00Z,2026-08-04T22:50:37Z,65.8
amtrak,NER,136,2026-08-04,BAL,Baltimore Penn Station,2026-08-04T21:43:00Z,2026-08-04T21:51:00Z,2026-08-04T21:41:00Z,2026-08-04T21:49:00Z,2026-08-04T22:50:37Z,65.8
amtrak,NER,136,2026-08-04,WAS,Washington Union Station,2026-08-04T21:00:00Z,2026-08-04T21:00:00Z,2026-08-04T21:00:00Z,2026-08-04T21:00:00Z,2026-08-04T22:50:37Z,65.8
amtrak,NER,137,2026-08-04,BAL,Baltimore Penn Station,2026-08-05T01:07:00Z,2026-08-05T01:05:00Z,2026-08-05T01:05:00Z,2026-08-05T01:05:00Z,2026-08-04T22:50:37Z,65.8
amtrak,NER,137,2026-08-04,WAS,Washington Union Station,2026-08-05T01:55:00Z,2026-08-05T01:44:00Z,2026-08-05T01:55:00Z,2026-08-05T01:44:00Z,2026-08-04T22:50:37Z,65.8
amtrak,NER,138,2026-08-04,BAL,Baltimore Penn Station,2026-08-04T23:18:00Z,2026-08-04T23:16:00Z,2026-08-04T23:16:00Z,2026-08-04T23:16:00Z,2026-08-04T22:50:37Z,65.8
amtrak,NER,138,2026-08-04,WAS,Washington Union Station,2026-08-04T22:35:00Z,2026-08-04T21:50:00Z,2026-08-04T21:42:00Z,2026-08-04T21:50:00Z,2026-08-04T22:50:37Z,65.8
amtrak,NER,148,2026-08-04,BAL,Baltimore Penn Station,2026-08-04T19:38:00Z,2026-08-04T19:38:00Z,2026-08-04T19:36:00Z,2026-08-04T19:35:00Z,2026-08-04T22:50:37Z,65.8
amtrak,NER,148,2026-08-04,WAS,Washington Union Station,2026-08-04T18:55:00Z,2026-08-04T18:55:00Z,2026-08-04T18:55:00Z,2026-08-04T18:55:00Z,2026-08-04T22:50:37Z,65.8
amtrak,NER,171,2026-08-04,BAL,Baltimore Penn Station,2026-08-04T19:33:00Z,2026-08-04T19:57:00Z,2026-08-04T19:30:00Z,2026-08-04T19:53:00Z,2026-08-04T22:50:37Z,65.8
amtrak,NER,171,2026-08-04,WAS,Washington Union Station,2026-08-04T21:00:00Z,2026-08-04T21:28:00Z,2026-08-04T20:25:00Z,2026-08-04T21:02:00Z,2026-08-04T22:50:37Z,65.8
amtrak,NER,173,2026-08-04,BAL,Baltimore Penn Station,2026-08-04T22:49:00Z,2026-08-04T22:54:00Z,2026-08-04T22:46:00Z,2026-08-04T22:54:00Z,2026-08-04T22:50:37Z,65.8
amtrak,NER,173,2026-08-04,WAS,Washington Union Station,2026-08-04T23:38:00Z,2026-08-04T23:34:00Z,2026-08-04T23:38:00Z,2026-08-04T23:34:00Z,2026-08-04T22:50:37Z,65.8
amtrak,NER,174,2026-08-04,BAL,Baltimore Penn Station,2026-08-04T15:18:00Z,2026-08-04T15:20:00Z,2026-08-04T15:16:00Z,2026-08-04T15:18:00Z,2026-08-04T22:50:37Z,65.8
amtrak,NER,174,2026-08-04,WAS,Washington Union Station,2026-08-04T14:35:00Z,2026-08-04T14:35:00Z,2026-08-04T14:35:00Z,2026-08-04T14:35:00Z,2026-08-04T22:50:37Z,65.8
amtrak,NER,175,2026-08-04,BAL,Baltimore Penn Station,2026-08-05T02:38:00Z,2026-08-05T02:35:00Z,2026-08-05T02:35:00Z,2026-08-05T02:35:00Z,2026-08-04T22:50:37Z,65.8
amtrak,NER,175,2026-08-04,WAS,Washington Union Station,2026-08-05T03:19:00Z,2026-08-05T03:15:00Z,2026-08-05T03:19:00Z,2026-08-05T03:15:00Z,2026-08-04T22:50:37Z,65.8
amtrak,NER,176,2026-08-04,BAL,Baltimore Penn Station,2026-08-04T20:08:00Z,2026-08-04T20:19:00Z,2026-08-04T20:06:00Z,2026-08-04T20:16:00Z,2026-08-04T22:50:37Z,65.8
amtrak,NER,176,2026-08-04,WAS,Washington Union Station,2026-08-04T19:30:00Z,2026-08-04T19:30:00Z,2026-08-04T19:30:00Z,2026-08-04T19:30:00Z,2026-08-04T22:50:37Z,65.8
amtrak,NER,178,2026-08-04,BAL,Baltimore Penn Station,2026-08-04T20:39:00Z,2026-08-04T20:44:00Z,2026-08-04T20:37:00Z,2026-08-04T20:42:00Z,2026-08-04T22:50:37Z,65.8
amtrak,NER,178,2026-08-04,WAS,Washington Union Station,2026-08-04T19:56:00Z,2026-08-04T19:56:00Z,2026-08-04T18:55:00Z,2026-08-04T19:09:00Z,2026-08-04T22:50:37Z,65.8
amtrak,NER,184,2026-08-04,BAL,Baltimore Penn Station,2026-08-04T17:54:00Z,2026-08-04T17:55:00Z,2026-08-04T17:52:00Z,2026-08-04T17:51:00Z,2026-08-04T22:50:37Z,65.8
amtrak,NER,184,2026-08-04,WAS,Washington Union Station,2026-08-04T17:20:00Z,2026-08-04T17:20:00Z,2026-08-04T17:20:00Z,2026-08-04T17:20:00Z,2026-08-04T22:50:37Z,65.8
amtrak,NER,186,2026-08-04,BAL,Baltimore Penn Station,2026-08-05T01:14:00Z,2026-08-05T01:25:00Z,2026-08-05T01:12:00Z,2026-08-05T01:25:00Z,2026-08-04T22:50:37Z,65.8
amtrak,NER,186,2026-08-04,WAS,Washington Union Station,2026-08-05T00:30:00Z,2026-08-05T00:06:00Z,2026-08-04T23:55:00Z,2026-08-05T00:06:00Z,2026-08-04T22:50:37Z,65.8
amtrak,NER,192,2026-08-04,BAL,Baltimore Penn Station,2026-08-04T23:54:00Z,2026-08-04T23:54:00Z,2026-08-04T23:52:00Z,2026-08-04T23:52:00Z,2026-08-04T22:50:37Z,65.8
amtrak,NER,192,2026-08-04,WAS,Washington Union Station,2026-08-04T23:12:00Z,2026-08-04T23:12:00Z,2026-08-04T23:12:00Z,2026-08-04T23:12:00Z,2026-08-04T22:50:37Z,65.8
amtrak,NER,196,2026-08-04,BAL,Baltimore Penn Station,2026-08-04T22:49:00Z,2026-08-04T22:46:00Z,2026-08-04T22:46:00Z,2026-08-04T22:46:00Z,2026-08-04T22:50:37Z,65.8
amtrak,NER,196,2026-08-04,WAS,Washington Union Station,2026-08-04T22:08:00Z,2026-08-04T22:08:00Z,2026-08-04T22:08:00Z,2026-08-04T22:08:00Z,2026-08-04T22:50:37Z,65.8
amtrak,NER,197,2026-08-04,BAL,Baltimore Penn Station,2026-08-05T00:49:00Z,2026-08-05T00:48:00Z,2026-08-05T00:48:00Z,2026-08-05T00:48:00Z,2026-08-04T22:50:37Z,65.8
amtrak,NER,197,2026-08-04,WAS,Washington Union Station,2026-08-05T01:32:00Z,2026-08-05T01:22:00Z,2026-08-05T01:32:00Z,2026-08-05T01:22:00Z,2026-08-04T22:50:37Z,65.8
marc,11705,Train449,2026-08-04,11980,PENN STATION MARC sb,2026-08-04T22:40:00Z,2026-08-04T22:40:03Z,NA,NA,2026-08-04T22:53:38Z,67.1
marc,11705,Train449,2026-08-04,11958,UNION STATION MARC Washington,NA,NA,2026-08-04T23:33:00Z,2026-08-04T23:37:31Z,2026-08-04T22:53:38Z,67.1
marc,11705,Train536,2026-08-04,11958,UNION STATION MARC Washington,2026-08-04T21:18:00Z,2026-08-04T21:19:46Z,NA,NA,2026-08-04T22:53:38Z,67.1
marc,11705,Train536,2026-08-04,12002,PENN STATION MARC nb,2026-08-04T22:05:00Z,2026-08-04T22:11:37Z,2026-08-04T22:04:00Z,2026-08-04T22:07:35Z,2026-08-04T22:53:38Z,67.1
marc,11705,Train544,2026-08-04,11958,UNION STATION MARC Washington,2026-08-04T22:27:00Z,2026-08-04T22:27:52Z,NA,NA,2026-08-04T22:53:38Z,67.1
marc,11705,Train544,2026-08-04,12002,PENN STATION MARC nb,2026-08-04T23:29:00Z,2026-08-04T23:32:53Z,2026-08-04T23:27:30Z,2026-08-04T23:31:23Z,2026-08-04T22:53:38Z,67.1
marc,11705,Train642,2026-08-04,11958,UNION STATION MARC Washington,2026-08-04T22:00:00Z,2026-08-04T22:01:26Z,NA,NA,2026-08-04T22:53:38Z,67.1
marc,11705,Train642,2026-08-04,12002,PENN STATION MARC nb,2026-08-04T23:09:00Z,2026-08-04T23:09:26Z,2026-08-04T23:04:00Z,2026-08-04T23:04:26Z,2026-08-04T22:53:38Z,67.1
amtrak,NER,66,2026-08-04,BAL,Baltimore Penn Station,2026-08-05T02:51:00Z,2026-08-05T02:49:00Z,2026-08-05T02:49:00Z,2026-08-05T02:49:00Z,2026-08-04T22:53:38Z,67.1
amtrak,NER,66,2026-08-04,WAS,Washington Union Station,2026-08-05T02:00:00Z,2026-08-05T01:28:00Z,2026-08-05T01:28:00Z,2026-08-05T01:28:00Z,2026-08-04T22:53:38Z,67.1
amtrak,NER,67,2026-08-04,BAL,Baltimore Penn Station,2026-08-05T10:04:00Z,2026-08-05T10:02:00Z,2026-08-05T10:02:00Z,2026-08-05T10:02:00Z,2026-08-04T22:53:38Z,67.1
amtrak,NER,67,2026-08-04,WAS,Washington Union Station,2026-08-05T11:20:00Z,2026-08-05T10:54:00Z,2026-08-05T10:54:00Z,2026-08-05T10:54:00Z,2026-08-04T22:53:38Z,67.1
amtrak,NER,85,2026-08-04,BAL,Baltimore Penn Station,2026-08-04T21:50:00Z,2026-08-04T22:07:00Z,2026-08-04T21:47:00Z,2026-08-04T22:04:00Z,2026-08-04T22:53:38Z,67.1
amtrak,NER,85,2026-08-04,WAS,Washington Union Station,2026-08-04T22:39:00Z,2026-08-04T22:54:00Z,2026-08-04T22:39:00Z,2026-08-04T22:54:00Z,2026-08-04T22:53:38Z,67.1
amtrak,NER,93,2026-08-04,BAL,Baltimore Penn Station,2026-08-04T20:39:00Z,2026-08-04T20:47:00Z,2026-08-04T20:37:00Z,2026-08-04T20:45:00Z,2026-08-04T22:53:38Z,67.1
amtrak,NER,93,2026-08-04,WAS,Washington Union Station,2026-08-04T22:05:00Z,2026-08-04T22:29:00Z,2026-08-04T21:25:00Z,2026-08-04T21:33:00Z,2026-08-04T22:53:38Z,67.1
amtrak,NER,94,2026-08-04,BAL,Baltimore Penn Station,2026-08-04T18:43:00Z,2026-08-04T18:48:00Z,2026-08-04T18:41:00Z,2026-08-04T18:45:00Z,2026-08-04T22:53:38Z,67.1
amtrak,NER,94,2026-08-04,WAS,Washington Union Station,2026-08-04T18:00:00Z,2026-08-04T18:00:00Z,2026-08-04T17:23:00Z,2026-08-04T17:31:00Z,2026-08-04T22:53:38Z,67.1
amtrak,NER,95,2026-08-04,BAL,Baltimore Penn Station,2026-08-04T17:23:00Z,2026-08-04T17:23:00Z,2026-08-04T17:14:00Z,2026-08-04T17:16:00Z,2026-08-04T22:53:38Z,67.1
amtrak,NER,95,2026-08-04,WAS,Washington Union Station,2026-08-04T18:35:00Z,2026-08-04T18:38:00Z,2026-08-04T18:05:00Z,2026-08-04T18:08:00Z,2026-08-04T22:53:38Z,67.1
amtrak,NER,125,2026-08-04,BAL,Baltimore Penn Station,2026-08-04T18:28:00Z,2026-08-04T18:37:00Z,2026-08-04T18:25:00Z,2026-08-04T18:35:00Z,2026-08-04T22:53:38Z,67.1
amtrak,NER,125,2026-08-04,WAS,Washington Union Station,2026-08-04T19:50:00Z,2026-08-04T19:51:00Z,2026-08-04T19:11:00Z,2026-08-04T19:14:00Z,2026-08-04T22:53:38Z,67.1
amtrak,NER,129,2026-08-04,BAL,Baltimore Penn Station,2026-08-04T23:18:00Z,2026-08-04T23:30:00Z,2026-08-04T23:12:00Z,2026-08-04T23:30:00Z,2026-08-04T22:53:38Z,67.1
amtrak,NER,129,2026-08-04,WAS,Washington Union Station,2026-08-05T00:01:00Z,2026-08-05T00:13:00Z,2026-08-05T00:01:00Z,2026-08-05T00:13:00Z,2026-08-04T22:53:38Z,67.1
amtrak,NER,136,2026-08-04,BAL,Baltimore Penn Station,2026-08-04T21:43:00Z,2026-08-04T21:51:00Z,2026-08-04T21:41:00Z,2026-08-04T21:49:00Z,2026-08-04T22:53:38Z,67.1
amtrak,NER,136,2026-08-04,WAS,Washington Union Station,2026-08-04T21:00:00Z,2026-08-04T21:00:00Z,2026-08-04T21:00:00Z,2026-08-04T21:00:00Z,2026-08-04T22:53:38Z,67.1
amtrak,NER,137,2026-08-04,BAL,Baltimore Penn Station,2026-08-05T01:07:00Z,2026-08-05T01:05:00Z,2026-08-05T01:05:00Z,2026-08-05T01:05:00Z,2026-08-04T22:53:38Z,67.1
amtrak,NER,137,2026-08-04,WAS,Washington Union Station,2026-08-05T01:55:00Z,2026-08-05T01:44:00Z,2026-08-05T01:55:00Z,2026-08-05T01:44:00Z,2026-08-04T22:53:38Z,67.1
amtrak,NER,138,2026-08-04,BAL,Baltimore Penn Station,2026-08-04T23:18:00Z,2026-08-04T23:16:00Z,2026-08-04T23:16:00Z,2026-08-04T23:16:00Z,2026-08-04T22:53:38Z,67.1
amtrak,NER,138,2026-08-04,WAS,Washington Union Station,2026-08-04T22:35:00Z,2026-08-04T21:50:00Z,2026-08-04T21:42:00Z,2026-08-04T21:50:00Z,2026-08-04T22:53:38Z,67.1
amtrak,NER,148,2026-08-04,BAL,Baltimore Penn Station,2026-08-04T19:38:00Z,2026-08-04T19:38:00Z,2026-08-04T19:36:00Z,2026-08-04T19:35:00Z,2026-08-04T22:53:38Z,67.1
amtrak,NER,148,2026-08-04,WAS,Washington Union Station,2026-08-04T18:55:00Z,2026-08-04T18:55:00Z,2026-08-04T18:55:00Z,2026-08-04T18:55:00Z,2026-08-04T22:53:38Z,67.1
amtrak,NER,171,2026-08-04,BAL,Baltimore Penn Station,2026-08-04T19:33:00Z,2026-08-04T19:57:00Z,2026-08-04T19:30:00Z,2026-08-04T19:53:00Z,2026-08-04T22:53:38Z,67.1
amtrak,NER,171,2026-08-04,WAS,Washington Union Station,2026-08-04T21:00:00Z,2026-08-04T21:28:00Z,2026-08-04T20:25:00Z,2026-08-04T21:02:00Z,2026-08-04T22:53:38Z,67.1
amtrak,NER,173,2026-08-04,BAL,Baltimore Penn Station,2026-08-04T22:49:00Z,2026-08-04T22:54:00Z,2026-08-04T22:46:00Z,2026-08-04T22:54:00Z,2026-08-04T22:53:38Z,67.1
amtrak,NER,173,2026-08-04,WAS,Washington Union Station,2026-08-04T23:38:00Z,2026-08-04T23:34:00Z,2026-08-04T23:38:00Z,2026-08-04T23:34:00Z,2026-08-04T22:53:38Z,67.1
amtrak,NER,174,2026-08-04,BAL,Baltimore Penn Station,2026-08-04T15:18:00Z,2026-08-04T15:20:00Z,2026-08-04T15:16:00Z,2026-08-04T15:18:00Z,2026-08-04T22:53:38Z,67.1
amtrak,NER,174,2026-08-04,WAS,Washington Union Station,2026-08-04T14:35:00Z,2026-08-04T14:35:00Z,2026-08-04T14:35:00Z,2026-08-04T14:35:00Z,2026-08-04T22:53:38Z,67.1
amtrak,NER,175,2026-08-04,BAL,Baltimore Penn Station,2026-08-05T02:38:00Z,2026-08-05T02:35:00Z,2026-08-05T02:35:00Z,2026-08-05T02:35:00Z,2026-08-04T22:53:38Z,67.1
amtrak,NER,175,2026-08-04,WAS,Washington Union Station,2026-08-05T03:19:00Z,2026-08-05T03:15:00Z,2026-08-05T03:19:00Z,2026-08-05T03:15:00Z,2026-08-04T22:53:38Z,67.1
amtrak,NER,176,2026-08-04,BAL,Baltimore Penn Station,2026-08-04T20:08:00Z,2026-08-04T20:19:00Z,2026-08-04T20:06:00Z,2026-08-04T20:16:00Z,2026-08-04T22:53:38Z,67.1
amtrak,NER,176,2026-08-04,WAS,Washington Union Station,2026-08-04T19:30:00Z,2026-08-04T19:30:00Z,2026-08-04T19:30:00Z,2026-08-04T19:30:00Z,2026-08-04T22:53:38Z,67.1
amtrak,NER,178,2026-08-04,BAL,Baltimore Penn Station,2026-08-04T20:39:00Z,2026-08-04T20:44:00Z,2026-08-04T20:37:00Z,2026-08-04T20:42:00Z,2026-08-04T22:53:38Z,67.1
amtrak,NER,178,2026-08-04,WAS,Washington Union Station,2026-08-04T19:56:00Z,2026-08-04T19:56:00Z,2026-08-04T18:55:00Z,2026-08-04T19:09:00Z,2026-08-04T22:53:38Z,67.1
amtrak,NER,184,2026-08-04,BAL,Baltimore Penn Station,2026-08-04T17:54:00Z,2026-08-04T17:55:00Z,2026-08-04T17:52:00Z,2026-08-04T17:51:00Z,2026-08-04T22:53:38Z,67.1
amtrak,NER,184,2026-08-04,WAS,Washington Union Station,2026-08-04T17:20:00Z,2026-08-04T17:20:00Z,2026-08-04T17:20:00Z,2026-08-04T17:20:00Z,2026-08-04T22:53:38Z,67.1
amtrak,NER,186,2026-08-04,BAL,Baltimore Penn Station,2026-08-05T01:14:00Z,2026-08-05T01:25:00Z,2026-08-05T01:12:00Z,2026-08-05T01:25:00Z,2026-08-04T22:53:38Z,67.1
amtrak,NER,186,2026-08-04,WAS,Washington Union Station,2026-08-05T00:30:00Z,2026-08-05T00:06:00Z,2026-08-04T23:55:00Z,2026-08-05T00:06:00Z,2026-08-04T22:53:38Z,67.1
amtrak,NER,192,2026-08-04,BAL,Baltimore Penn Station,2026-08-04T23:54:00Z,2026-08-04T23:54:00Z,2026-08-04T23:52:00Z,2026-08-04T23:52:00Z,2026-08-04T22:53:38Z,67.1
amtrak,NER,192,2026-08-04,WAS,Washington Union Station,2026-08-04T23:12:00Z,2026-08-04T23:12:00Z,2026-08-04T23:12:00Z,2026-08-04T23:12:00Z,2026-08-04T22:53:38Z,67.1
amtrak,NER,196,2026-08-04,BAL,Baltimore Penn Station,2026-08-04T22:49:00Z,2026-08-04T22:50:00Z,2026-08-04T22:46:00Z,2026-08-04T22:49:00Z,2026-08-04T22:53:38Z,67.1
amtrak,NER,196,2026-08-04,WAS,Washington Union Station,2026-08-04T22:08:00Z,2026-08-04T22:08:00Z,2026-08-04T22:08:00Z,2026-08-04T22:08:00Z,2026-08-04T22:53:38Z,67.1
amtrak,NER,197,2026-08-04,BAL,Baltimore Penn Station,2026-08-05T00:49:00Z,2026-08-05T00:48:00Z,2026-08-05T00:48:00Z,2026-08-05T00:48:00Z,2026-08-04T22:53:38Z,67.1
amtrak,NER,197,2026-08-04,WAS,Washington Union Station,2026-08-05T01:32:00Z,2026-08-05T01:22:00Z,2026-08-05T01:32:00Z,2026-08-05T01:22:00Z,2026-08-04T22:53:38Z,67.1
