service,route_id,trip_id,trip_date,stop_id,stop_name,sched_dep,pred_dep,sched_arr,pred_arr,collected_at,drive_min
marc,11705,Train421,2026-07-13,11980,PENN STATION MARC sb,2026-07-13T12:30:00Z,2026-07-13T12:30:00Z,NA,NA,2026-07-13T12:55:35Z,63.1
marc,11705,Train421,2026-07-13,11958,UNION STATION MARC Washington,NA,NA,2026-07-13T13:32:00Z,2026-07-13T13:32:00Z,2026-07-13T12:55:35Z,63.1
marc,11705,Train525,2026-07-13,11980,PENN STATION MARC sb,2026-07-13T13:30:00Z,2026-07-13T13:32:07Z,2026-07-13T13:28:00Z,2026-07-13T13:30:07Z,2026-07-13T12:55:35Z,63.1
marc,11705,Train525,2026-07-13,11958,UNION STATION MARC Washington,NA,NA,2026-07-13T14:28:00Z,2026-07-13T14:30:07Z,2026-07-13T12:55:35Z,63.1
marc,11705,Train612,2026-07-13,11958,UNION STATION MARC Washington,2026-07-13T12:20:00Z,2026-07-13T12:21:50Z,NA,NA,2026-07-13T12:55:35Z,63.1
marc,11705,Train612,2026-07-13,12002,PENN STATION MARC nb,2026-07-13T13:20:00Z,2026-07-13T13:26:40Z,2026-07-13T13:17:00Z,2026-07-13T13:23:40Z,2026-07-13T12:55:35Z,63.1
marc,11705,Train610,2026-07-13,11958,UNION STATION MARC Washington,2026-07-13T11:50:00Z,2026-07-13T11:51:04Z,NA,NA,2026-07-13T12:55:35Z,63.1
marc,11705,Train610,2026-07-13,12002,PENN STATION MARC nb,2026-07-13T12:46:00Z,2026-07-13T12:39:54Z,2026-07-13T12:40:15Z,2026-07-13T12:39:12Z,2026-07-13T12:55:35Z,63.1
amtrak,NER,66,2026-07-13,BAL,Baltimore Penn Station,2026-07-13T02:51:00Z,2026-07-13T02:54:00Z,2026-07-13T02:49:00Z,2026-07-13T02:50:00Z,2026-07-13T12:55:35Z,63.1
amtrak,NER,66,2026-07-13,WAS,Washington Union Station,2026-07-13T02:00:00Z,2026-07-13T02:10:00Z,2026-07-13T01:28:00Z,2026-07-13T01:38:00Z,2026-07-13T12:55:35Z,63.1
amtrak,NER,67,2026-07-13,BAL,Baltimore Penn Station,2026-07-13T10:04:00Z,2026-07-13T10:04:00Z,2026-07-13T10:02:00Z,2026-07-13T10:01:00Z,2026-07-13T12:55:35Z,63.1
amtrak,NER,67,2026-07-13,WAS,Washington Union Station,2026-07-13T11:20:00Z,2026-07-13T11:20:00Z,2026-07-13T10:54:00Z,2026-07-13T10:48:00Z,2026-07-13T12:55:35Z,63.1
amtrak,NER,86,2026-07-13,BAL,Baltimore Penn Station,2026-07-13T13:32:00Z,2026-07-13T13:30:00Z,2026-07-13T13:30:00Z,2026-07-13T13:30:00Z,2026-07-13T12:55:35Z,63.1
amtrak,NER,86,2026-07-13,WAS,Washington Union Station,2026-07-13T12:50:00Z,2026-07-13T12:50:00Z,2026-07-13T12:18:00Z,2026-07-13T12:29:00Z,2026-07-13T12:55:35Z,63.1
amtrak,NER,93,2026-07-13,BAL,Baltimore Penn Station,2026-07-13T20:39:00Z,2026-07-13T20:39:00Z,2026-07-13T20:37:00Z,2026-07-13T20:37:00Z,2026-07-13T12:55:35Z,63.1
amtrak,NER,93,2026-07-13,WAS,Washington Union Station,2026-07-13T22:05:00Z,2026-07-13T22:05:00Z,2026-07-13T21:25:00Z,2026-07-13T21:25:00Z,2026-07-13T12:55:35Z,63.1
amtrak,NER,94,2026-07-13,BAL,Baltimore Penn Station,2026-07-13T18:43:00Z,2026-07-13T18:43:00Z,2026-07-13T18:41:00Z,2026-07-13T18:41:00Z,2026-07-13T12:55:35Z,63.1
amtrak,NER,94,2026-07-13,WAS,Washington Union Station,2026-07-13T18:00:00Z,2026-07-13T18:00:00Z,2026-07-13T17:23:00Z,2026-07-13T17:23:00Z,2026-07-13T12:55:35Z,63.1
amtrak,NER,95,2026-07-13,BAL,Baltimore Penn Station,2026-07-13T17:29:00Z,2026-07-13T17:20:00Z,2026-07-13T17:20:00Z,2026-07-13T17:20:00Z,2026-07-13T12:55:35Z,63.1
amtrak,NER,95,2026-07-13,WAS,Washington Union Station,2026-07-13T18:35:00Z,2026-07-13T18:08:00Z,2026-07-13T18:07:00Z,2026-07-13T18:08:00Z,2026-07-13T12:55:35Z,63.1
amtrak,NER,112,2026-07-13,BAL,Baltimore Penn Station,2026-07-13T12:22:00Z,2026-07-13T12:26:00Z,2026-07-13T12:20:00Z,2026-07-13T12:23:00Z,2026-07-13T12:55:35Z,63.1
amtrak,NER,112,2026-07-13,WAS,Washington Union Station,2026-07-13T11:40:00Z,2026-07-13T11:40:00Z,2026-07-13T11:40:00Z,2026-07-13T11:40:00Z,2026-07-13T12:55:35Z,63.1
amtrak,NER,113,2026-07-13,BAL,Baltimore Penn Station,2026-07-13T13:07:00Z,2026-07-13T13:22:00Z,2026-07-13T13:05:00Z,2026-07-13T13:22:00Z,2026-07-13T12:55:35Z,63.1
amtrak,NER,113,2026-07-13,WAS,Washington Union Station,2026-07-13T13:53:00Z,2026-07-13T13:59:00Z,2026-07-13T13:53:00Z,2026-07-13T13:59:00Z,2026-07-13T12:55:35Z,63.1
amtrak,NER,125,2026-07-13,BAL,Baltimore Penn Station,2026-07-13T18:28:00Z,2026-07-13T18:28:00Z,2026-07-13T18:25:00Z,2026-07-13T18:26:00Z,2026-07-13T12:55:35Z,63.1
amtrak,NER,125,2026-07-13,WAS,Washington Union Station,2026-07-13T19:50:00Z,2026-07-13T19:50:00Z,2026-07-13T19:11:00Z,2026-07-13T19:11:00Z,2026-07-13T12:55:35Z,63.1
amtrak,NER,130,2026-07-13,BAL,Baltimore Penn Station,2026-07-13T11:05:00Z,2026-07-13T11:06:00Z,2026-07-13T11:03:00Z,2026-07-13T10:59:00Z,2026-07-13T12:55:35Z,63.1
amtrak,NER,130,2026-07-13,WAS,Washington Union Station,2026-07-13T10:20:00Z,2026-07-13T10:20:00Z,2026-07-13T10:20:00Z,2026-07-13T10:20:00Z,2026-07-13T12:55:35Z,63.1
amtrak,NER,141,2026-07-13,BAL,Baltimore Penn Station,2026-07-13T15:00:00Z,2026-07-13T14:58:00Z,2026-07-13T14:58:00Z,2026-07-13T14:58:00Z,2026-07-13T12:55:35Z,63.1
amtrak,NER,141,2026-07-13,WAS,Washington Union Station,2026-07-13T15:41:00Z,2026-07-13T15:40:00Z,2026-07-13T15:41:00Z,2026-07-13T15:40:00Z,2026-07-13T12:55:35Z,63.1
amtrak,NER,151,2026-07-13,BAL,Baltimore Penn Station,2026-07-13T10:10:00Z,2026-07-13T10:16:00Z,2026-07-13T10:08:00Z,2026-07-13T10:14:00Z,2026-07-13T12:55:35Z,63.1
amtrak,NER,151,2026-07-13,WAS,Washington Union Station,2026-07-13T11:30:00Z,2026-07-13T11:30:00Z,2026-07-13T10:58:00Z,2026-07-13T10:52:00Z,2026-07-13T12:55:35Z,63.1
amtrak,NER,170,2026-07-13,BAL,Baltimore Penn Station,2026-07-13T09:44:00Z,2026-07-13T09:51:00Z,2026-07-13T09:42:00Z,2026-07-13T09:49:00Z,2026-07-13T12:55:35Z,63.1
amtrak,NER,170,2026-07-13,WAS,Washington Union Station,2026-07-13T09:05:00Z,2026-07-13T09:05:00Z,2026-07-13T09:05:00Z,2026-07-13T09:05:00Z,2026-07-13T12:55:35Z,63.1
amtrak,NER,171,2026-07-13,BAL,Baltimore Penn Station,2026-07-13T19:35:00Z,2026-07-13T19:32:00Z,2026-07-13T19:32:00Z,2026-07-13T19:32:00Z,2026-07-13T12:55:35Z,63.1
amtrak,NER,171,2026-07-13,WAS,Washington Union Station,2026-07-13T21:00:00Z,2026-07-13T20:27:00Z,2026-07-13T20:27:00Z,2026-07-13T20:27:00Z,2026-07-13T12:55:35Z,63.1
amtrak,NER,172,2026-07-13,BAL,Baltimore Penn Station,2026-07-13T11:50:00Z,2026-07-13T11:52:00Z,2026-07-13T11:48:00Z,2026-07-13T11:50:00Z,2026-07-13T12:55:35Z,63.1
amtrak,NER,172,2026-07-13,WAS,Washington Union Station,2026-07-13T11:06:00Z,2026-07-13T11:06:00Z,2026-07-13T11:06:00Z,2026-07-13T11:06:00Z,2026-07-13T12:55:35Z,63.1
amtrak,NER,178,2026-07-13,BAL,Baltimore Penn Station,2026-07-13T20:39:00Z,2026-07-13T20:39:00Z,2026-07-13T20:37:00Z,2026-07-13T20:37:00Z,2026-07-13T12:55:35Z,63.1
amtrak,NER,178,2026-07-13,WAS,Washington Union Station,2026-07-13T19:56:00Z,2026-07-13T19:56:00Z,2026-07-13T18:55:00Z,2026-07-13T18:55:00Z,2026-07-13T12:55:35Z,63.1
amtrak,NER,181,2026-07-13,BAL,Baltimore Penn Station,2026-07-13T12:22:00Z,2026-07-13T12:23:00Z,2026-07-13T12:19:00Z,2026-07-13T12:19:00Z,2026-07-13T12:55:35Z,63.1
amtrak,NER,181,2026-07-13,WAS,Washington Union Station,2026-07-13T13:02:00Z,2026-07-13T12:54:00Z,2026-07-13T13:02:00Z,2026-07-13T12:54:00Z,2026-07-13T12:55:35Z,63.1
amtrak,NER,182,2026-07-13,BAL,Baltimore Penn Station,2026-07-13T14:13:00Z,2026-07-13T14:13:00Z,2026-07-13T14:11:00Z,2026-07-13T14:11:00Z,2026-07-13T12:55:35Z,63.1
amtrak,NER,182,2026-07-13,WAS,Washington Union Station,2026-07-13T13:29:00Z,2026-07-13T13:29:00Z,2026-07-13T13:29:00Z,2026-07-13T13:29:00Z,2026-07-13T12:55:35Z,63.1
amtrak,NER,183,2026-07-13,BAL,Baltimore Penn Station,2026-07-13T14:20:00Z,2026-07-13T14:17:00Z,2026-07-13T14:17:00Z,2026-07-13T14:17:00Z,2026-07-13T12:55:35Z,63.1
amtrak,NER,183,2026-07-13,WAS,Washington Union Station,2026-07-13T15:04:00Z,2026-07-13T15:00:00Z,2026-07-13T15:04:00Z,2026-07-13T15:00:00Z,2026-07-13T12:55:35Z,63.1
amtrak,NER,185,2026-07-13,BAL,Baltimore Penn Station,2026-07-13T16:07:00Z,2026-07-13T16:07:00Z,2026-07-13T16:05:00Z,2026-07-13T16:05:00Z,2026-07-13T12:55:35Z,63.1
amtrak,NER,185,2026-07-13,WAS,Washington Union Station,2026-07-13T16:52:00Z,2026-07-13T16:52:00Z,2026-07-13T16:52:00Z,2026-07-13T16:47:00Z,2026-07-13T12:55:35Z,63.1
marc,11705,Train421,2026-07-13,11980,PENN STATION MARC sb,2026-07-13T12:30:00Z,2026-07-13T12:30:00Z,NA,NA,2026-07-13T12:58:36Z,62.8
marc,11705,Train421,2026-07-13,11958,UNION STATION MARC Washington,NA,NA,2026-07-13T13:32:00Z,2026-07-13T13:32:00Z,2026-07-13T12:58:36Z,62.8
marc,11705,Train525,2026-07-13,11980,PENN STATION MARC sb,2026-07-13T13:30:00Z,2026-07-13T13:32:38Z,2026-07-13T13:28:00Z,2026-07-13T13:30:38Z,2026-07-13T12:58:36Z,62.8
marc,11705,Train525,2026-07-13,11958,UNION STATION MARC Washington,NA,NA,2026-07-13T14:28:00Z,2026-07-13T14:30:38Z,2026-07-13T12:58:36Z,62.8
marc,11705,Train612,2026-07-13,11958,UNION STATION MARC Washington,2026-07-13T12:20:00Z,2026-07-13T12:21:50Z,NA,NA,2026-07-13T12:58:36Z,62.8
marc,11705,Train612,2026-07-13,12002,PENN STATION MARC nb,2026-07-13T13:20:00Z,2026-07-13T13:28:31Z,2026-07-13T13:17:00Z,2026-07-13T13:25:31Z,2026-07-13T12:58:36Z,62.8
marc,11705,Train610,2026-07-13,11958,UNION STATION MARC Washington,2026-07-13T11:50:00Z,2026-07-13T11:51:04Z,NA,NA,2026-07-13T12:58:36Z,62.8
marc,11705,Train610,2026-07-13,12002,PENN STATION MARC nb,2026-07-13T12:46:00Z,2026-07-13T12:39:54Z,2026-07-13T12:40:15Z,2026-07-13T12:39:12Z,2026-07-13T12:58:36Z,62.8
amtrak,NER,66,2026-07-13,BAL,Baltimore Penn Station,2026-07-13T02:51:00Z,2026-07-13T02:54:00Z,2026-07-13T02:49:00Z,2026-07-13T02:50:00Z,2026-07-13T12:58:36Z,62.8
amtrak,NER,66,2026-07-13,WAS,Washington Union Station,2026-07-13T02:00:00Z,2026-07-13T02:10:00Z,2026-07-13T01:28:00Z,2026-07-13T01:38:00Z,2026-07-13T12:58:36Z,62.8
amtrak,NER,67,2026-07-13,BAL,Baltimore Penn Station,2026-07-13T10:04:00Z,2026-07-13T10:04:00Z,2026-07-13T10:02:00Z,2026-07-13T10:01:00Z,2026-07-13T12:58:36Z,62.8
amtrak,NER,67,2026-07-13,WAS,Washington Union Station,2026-07-13T11:20:00Z,2026-07-13T11:20:00Z,2026-07-13T10:54:00Z,2026-07-13T10:48:00Z,2026-07-13T12:58:36Z,62.8
amtrak,NER,86,2026-07-13,BAL,Baltimore Penn Station,2026-07-13T13:32:00Z,2026-07-13T13:30:00Z,2026-07-13T13:30:00Z,2026-07-13T13:30:00Z,2026-07-13T12:58:36Z,62.8
amtrak,NER,86,2026-07-13,WAS,Washington Union Station,2026-07-13T12:50:00Z,2026-07-13T12:29:00Z,2026-07-13T12:18:00Z,2026-07-13T12:29:00Z,2026-07-13T12:58:36Z,62.8
amtrak,NER,93,2026-07-13,BAL,Baltimore Penn Station,2026-07-13T20:39:00Z,2026-07-13T20:39:00Z,2026-07-13T20:37:00Z,2026-07-13T20:37:00Z,2026-07-13T12:58:36Z,62.8
amtrak,NER,93,2026-07-13,WAS,Washington Union Station,2026-07-13T22:05:00Z,2026-07-13T22:05:00Z,2026-07-13T21:25:00Z,2026-07-13T21:25:00Z,2026-07-13T12:58:36Z,62.8
amtrak,NER,94,2026-07-13,BAL,Baltimore Penn Station,2026-07-13T18:43:00Z,2026-07-13T18:41:00Z,2026-07-13T18:41:00Z,2026-07-13T18:41:00Z,2026-07-13T12:58:36Z,62.8
amtrak,NER,94,2026-07-13,WAS,Washington Union Station,2026-07-13T18:00:00Z,2026-07-13T17:23:00Z,2026-07-13T17:23:00Z,2026-07-13T17:23:00Z,2026-07-13T12:58:36Z,62.8
amtrak,NER,95,2026-07-13,BAL,Baltimore Penn Station,2026-07-13T17:29:00Z,2026-07-13T17:20:00Z,2026-07-13T17:20:00Z,2026-07-13T17:20:00Z,2026-07-13T12:58:36Z,62.8
amtrak,NER,95,2026-07-13,WAS,Washington Union Station,2026-07-13T18:35:00Z,2026-07-13T18:08:00Z,2026-07-13T18:07:00Z,2026-07-13T18:08:00Z,2026-07-13T12:58:36Z,62.8
amtrak,NER,112,2026-07-13,BAL,Baltimore Penn Station,2026-07-13T12:22:00Z,2026-07-13T12:26:00Z,2026-07-13T12:20:00Z,2026-07-13T12:23:00Z,2026-07-13T12:58:36Z,62.8
amtrak,NER,112,2026-07-13,WAS,Washington Union Station,2026-07-13T11:40:00Z,2026-07-13T11:40:00Z,2026-07-13T11:40:00Z,2026-07-13T11:40:00Z,2026-07-13T12:58:36Z,62.8
amtrak,NER,113,2026-07-13,BAL,Baltimore Penn Station,2026-07-13T13:07:00Z,2026-07-13T13:22:00Z,2026-07-13T13:05:00Z,2026-07-13T13:22:00Z,2026-07-13T12:58:36Z,62.8
amtrak,NER,113,2026-07-13,WAS,Washington Union Station,2026-07-13T13:53:00Z,2026-07-13T13:59:00Z,2026-07-13T13:53:00Z,2026-07-13T13:59:00Z,2026-07-13T12:58:36Z,62.8
amtrak,NER,125,2026-07-13,BAL,Baltimore Penn Station,2026-07-13T18:28:00Z,2026-07-13T18:28:00Z,2026-07-13T18:25:00Z,2026-07-13T18:26:00Z,2026-07-13T12:58:36Z,62.8
amtrak,NER,125,2026-07-13,WAS,Washington Union Station,2026-07-13T19:50:00Z,2026-07-13T19:50:00Z,2026-07-13T19:11:00Z,2026-07-13T19:11:00Z,2026-07-13T12:58:36Z,62.8
amtrak,NER,130,2026-07-13,BAL,Baltimore Penn Station,2026-07-13T11:05:00Z,2026-07-13T11:06:00Z,2026-07-13T11:03:00Z,2026-07-13T10:59:00Z,2026-07-13T12:58:36Z,62.8
amtrak,NER,130,2026-07-13,WAS,Washington Union Station,2026-07-13T10:20:00Z,2026-07-13T10:20:00Z,2026-07-13T10:20:00Z,2026-07-13T10:20:00Z,2026-07-13T12:58:36Z,62.8
amtrak,NER,141,2026-07-13,BAL,Baltimore Penn Station,2026-07-13T15:00:00Z,2026-07-13T15:00:00Z,2026-07-13T14:58:00Z,2026-07-13T15:00:00Z,2026-07-13T12:58:36Z,62.8
amtrak,NER,141,2026-07-13,WAS,Washington Union Station,2026-07-13T15:41:00Z,2026-07-13T15:40:00Z,2026-07-13T15:41:00Z,2026-07-13T15:40:00Z,2026-07-13T12:58:36Z,62.8
amtrak,NER,151,2026-07-13,BAL,Baltimore Penn Station,2026-07-13T10:10:00Z,2026-07-13T10:16:00Z,2026-07-13T10:08:00Z,2026-07-13T10:14:00Z,2026-07-13T12:58:36Z,62.8
amtrak,NER,151,2026-07-13,WAS,Washington Union Station,2026-07-13T11:30:00Z,2026-07-13T11:30:00Z,2026-07-13T10:58:00Z,2026-07-13T10:52:00Z,2026-07-13T12:58:36Z,62.8
amtrak,NER,170,2026-07-13,BAL,Baltimore Penn Station,2026-07-13T09:44:00Z,2026-07-13T09:51:00Z,2026-07-13T09:42:00Z,2026-07-13T09:49:00Z,2026-07-13T12:58:36Z,62.8
amtrak,NER,170,2026-07-13,WAS,Washington Union Station,2026-07-13T09:05:00Z,2026-07-13T09:05:00Z,2026-07-13T09:05:00Z,2026-07-13T09:05:00Z,2026-07-13T12:58:36Z,62.8
amtrak,NER,171,2026-07-13,BAL,Baltimore Penn Station,2026-07-13T19:35:00Z,2026-07-13T19:32:00Z,2026-07-13T19:32:00Z,2026-07-13T19:32:00Z,2026-07-13T12:58:36Z,62.8
amtrak,NER,171,2026-07-13,WAS,Washington Union Station,2026-07-13T21:00:00Z,2026-07-13T20:27:00Z,2026-07-13T20:27:00Z,2026-07-13T20:27:00Z,2026-07-13T12:58:36Z,62.8
amtrak,NER,172,2026-07-13,BAL,Baltimore Penn Station,2026-07-13T11:50:00Z,2026-07-13T11:52:00Z,2026-07-13T11:48:00Z,2026-07-13T11:50:00Z,2026-07-13T12:58:36Z,62.8
amtrak,NER,172,2026-07-13,WAS,Washington Union Station,2026-07-13T11:06:00Z,2026-07-13T11:06:00Z,2026-07-13T11:06:00Z,2026-07-13T11:06:00Z,2026-07-13T12:58:36Z,62.8
amtrak,NER,178,2026-07-13,BAL,Baltimore Penn Station,2026-07-13T20:39:00Z,2026-07-13T20:39:00Z,2026-07-13T20:37:00Z,2026-07-13T20:37:00Z,2026-07-13T12:58:36Z,62.8
amtrak,NER,178,2026-07-13,WAS,Washington Union Station,2026-07-13T19:56:00Z,2026-07-13T19:56:00Z,2026-07-13T18:55:00Z,2026-07-13T18:55:00Z,2026-07-13T12:58:36Z,62.8
amtrak,NER,181,2026-07-13,BAL,Baltimore Penn Station,2026-07-13T12:22:00Z,2026-07-13T12:23:00Z,2026-07-13T12:19:00Z,2026-07-13T12:19:00Z,2026-07-13T12:58:36Z,62.8
amtrak,NER,181,2026-07-13,WAS,Washington Union Station,2026-07-13T13:02:00Z,2026-07-13T12:54:00Z,2026-07-13T13:02:00Z,2026-07-13T12:54:00Z,2026-07-13T12:58:36Z,62.8
amtrak,NER,182,2026-07-13,BAL,Baltimore Penn Station,2026-07-13T14:13:00Z,2026-07-13T14:13:00Z,2026-07-13T14:11:00Z,2026-07-13T14:11:00Z,2026-07-13T12:58:36Z,62.8
amtrak,NER,182,2026-07-13,WAS,Washington Union Station,2026-07-13T13:29:00Z,2026-07-13T13:29:00Z,2026-07-13T13:29:00Z,2026-07-13T13:29:00Z,2026-07-13T12:58:36Z,62.8
amtrak,NER,183,2026-07-13,BAL,Baltimore Penn Station,2026-07-13T14:20:00Z,2026-07-13T14:17:00Z,2026-07-13T14:17:00Z,2026-07-13T14:17:00Z,2026-07-13T12:58:36Z,62.8
amtrak,NER,183,2026-07-13,WAS,Washington Union Station,2026-07-13T15:04:00Z,2026-07-13T15:00:00Z,2026-07-13T15:04:00Z,2026-07-13T15:00:00Z,2026-07-13T12:58:36Z,62.8
amtrak,NER,185,2026-07-13,BAL,Baltimore Penn Station,2026-07-13T16:07:00Z,2026-07-13T16:07:00Z,2026-07-13T16:05:00Z,2026-07-13T16:05:00Z,2026-07-13T12:58:36Z,62.8
amtrak,NER,185,2026-07-13,WAS,Washington Union Station,2026-07-13T16:52:00Z,2026-07-13T16:52:00Z,2026-07-13T16:52:00Z,2026-07-13T16:47:00Z,2026-07-13T12:58:36Z,62.8
marc,11705,Train421,2026-07-13,11980,PENN STATION MARC sb,2026-07-13T12:30:00Z,2026-07-13T12:30:00Z,NA,NA,2026-07-13T13:01:38Z,62.9
marc,11705,Train421,2026-07-13,11958,UNION STATION MARC Washington,NA,NA,2026-07-13T13:32:00Z,2026-07-13T13:32:00Z,2026-07-13T13:01:38Z,62.9
marc,11705,Train412,2026-07-13,12002,PENN STATION MARC nb,NA,NA,2026-07-13T13:56:00Z,2026-07-13T13:56:00Z,2026-07-13T13:01:38Z,62.9
marc,11705,Train423,2026-07-13,11958,UNION STATION MARC Washington,NA,NA,2026-07-13T14:03:00Z,2026-07-13T14:03:00Z,2026-07-13T13:01:38Z,62.9
marc,11705,Train525,2026-07-13,11980,PENN STATION MARC sb,2026-07-13T13:30:00Z,2026-07-13T13:32:40Z,2026-07-13T13:28:00Z,2026-07-13T13:30:40Z,2026-07-13T13:01:38Z,62.9
marc,11705,Train525,2026-07-13,11958,UNION STATION MARC Washington,NA,NA,2026-07-13T14:28:00Z,2026-07-13T14:30:40Z,2026-07-13T13:01:38Z,62.9
marc,11705,Train612,2026-07-13,11958,UNION STATION MARC Washington,2026-07-13T12:20:00Z,2026-07-13T12:21:50Z,NA,NA,2026-07-13T13:01:38Z,62.9
marc,11705,Train612,2026-07-13,12002,PENN STATION MARC nb,2026-07-13T13:20:00Z,2026-07-13T13:30:03Z,2026-07-13T13:17:00Z,2026-07-13T13:27:03Z,2026-07-13T13:01:38Z,62.9
marc,11705,Train610,2026-07-13,11958,UNION STATION MARC Washington,2026-07-13T11:50:00Z,2026-07-13T11:51:04Z,NA,NA,2026-07-13T13:01:38Z,62.9
marc,11705,Train610,2026-07-13,12002,PENN STATION MARC nb,2026-07-13T12:46:00Z,2026-07-13T12:39:54Z,2026-07-13T12:40:15Z,2026-07-13T12:39:12Z,2026-07-13T13:01:38Z,62.9
amtrak,NER,66,2026-07-13,BAL,Baltimore Penn Station,2026-07-13T02:51:00Z,2026-07-13T02:54:00Z,2026-07-13T02:49:00Z,2026-07-13T02:50:00Z,2026-07-13T13:01:38Z,62.9
amtrak,NER,66,2026-07-13,WAS,Washington Union Station,2026-07-13T02:00:00Z,2026-07-13T02:10:00Z,2026-07-13T01:28:00Z,2026-07-13T01:38:00Z,2026-07-13T13:01:38Z,62.9
amtrak,NER,67,2026-07-13,BAL,Baltimore Penn Station,2026-07-13T10:04:00Z,2026-07-13T10:04:00Z,2026-07-13T10:02:00Z,2026-07-13T10:01:00Z,2026-07-13T13:01:38Z,62.9
amtrak,NER,67,2026-07-13,WAS,Washington Union Station,2026-07-13T11:20:00Z,2026-07-13T11:20:00Z,2026-07-13T10:54:00Z,2026-07-13T10:48:00Z,2026-07-13T13:01:38Z,62.9
amtrak,NER,86,2026-07-13,BAL,Baltimore Penn Station,2026-07-13T13:32:00Z,2026-07-13T13:30:00Z,2026-07-13T13:30:00Z,2026-07-13T13:30:00Z,2026-07-13T13:01:38Z,62.9
amtrak,NER,86,2026-07-13,WAS,Washington Union Station,2026-07-13T12:50:00Z,2026-07-13T12:29:00Z,2026-07-13T12:18:00Z,2026-07-13T12:29:00Z,2026-07-13T13:01:38Z,62.9
amtrak,NER,93,2026-07-13,BAL,Baltimore Penn Station,2026-07-13T20:39:00Z,2026-07-13T20:39:00Z,2026-07-13T20:37:00Z,2026-07-13T20:37:00Z,2026-07-13T13:01:38Z,62.9
amtrak,NER,93,2026-07-13,WAS,Washington Union Station,2026-07-13T22:05:00Z,2026-07-13T22:05:00Z,2026-07-13T21:25:00Z,2026-07-13T21:25:00Z,2026-07-13T13:01:38Z,62.9
amtrak,NER,94,2026-07-13,BAL,Baltimore Penn Station,2026-07-13T18:43:00Z,2026-07-13T18:41:00Z,2026-07-13T18:41:00Z,2026-07-13T18:41:00Z,2026-07-13T13:01:38Z,62.9
amtrak,NER,94,2026-07-13,WAS,Washington Union Station,2026-07-13T18:00:00Z,2026-07-13T17:23:00Z,2026-07-13T17:23:00Z,2026-07-13T17:23:00Z,2026-07-13T13:01:38Z,62.9
amtrak,NER,95,2026-07-13,BAL,Baltimore Penn Station,2026-07-13T17:29:00Z,2026-07-13T17:20:00Z,2026-07-13T17:20:00Z,2026-07-13T17:20:00Z,2026-07-13T13:01:38Z,62.9
amtrak,NER,95,2026-07-13,WAS,Washington Union Station,2026-07-13T18:35:00Z,2026-07-13T18:08:00Z,2026-07-13T18:07:00Z,2026-07-13T18:08:00Z,2026-07-13T13:01:38Z,62.9
amtrak,NER,112,2026-07-13,BAL,Baltimore Penn Station,2026-07-13T12:22:00Z,2026-07-13T12:26:00Z,2026-07-13T12:20:00Z,2026-07-13T12:23:00Z,2026-07-13T13:01:38Z,62.9
amtrak,NER,112,2026-07-13,WAS,Washington Union Station,2026-07-13T11:40:00Z,2026-07-13T11:40:00Z,2026-07-13T11:40:00Z,2026-07-13T11:40:00Z,2026-07-13T13:01:38Z,62.9
amtrak,NER,113,2026-07-13,BAL,Baltimore Penn Station,2026-07-13T13:07:00Z,2026-07-13T13:22:00Z,2026-07-13T13:05:00Z,2026-07-13T13:22:00Z,2026-07-13T13:01:38Z,62.9
amtrak,NER,113,2026-07-13,WAS,Washington Union Station,2026-07-13T13:53:00Z,2026-07-13T13:59:00Z,2026-07-13T13:53:00Z,2026-07-13T13:59:00Z,2026-07-13T13:01:38Z,62.9
amtrak,NER,125,2026-07-13,BAL,Baltimore Penn Station,2026-07-13T18:28:00Z,2026-07-13T18:28:00Z,2026-07-13T18:25:00Z,2026-07-13T18:26:00Z,2026-07-13T13:01:38Z,62.9
amtrak,NER,125,2026-07-13,WAS,Washington Union Station,2026-07-13T19:50:00Z,2026-07-13T19:50:00Z,2026-07-13T19:11:00Z,2026-07-13T19:11:00Z,2026-07-13T13:01:38Z,62.9
amtrak,NER,130,2026-07-13,BAL,Baltimore Penn Station,2026-07-13T11:05:00Z,2026-07-13T11:06:00Z,2026-07-13T11:03:00Z,2026-07-13T10:59:00Z,2026-07-13T13:01:38Z,62.9
amtrak,NER,130,2026-07-13,WAS,Washington Union Station,2026-07-13T10:20:00Z,2026-07-13T10:20:00Z,2026-07-13T10:20:00Z,2026-07-13T10:20:00Z,2026-07-13T13:01:38Z,62.9
amtrak,NER,141,2026-07-13,BAL,Baltimore Penn Station,2026-07-13T15:00:00Z,2026-07-13T15:00:00Z,2026-07-13T14:58:00Z,2026-07-13T15:00:00Z,2026-07-13T13:01:38Z,62.9
amtrak,NER,141,2026-07-13,WAS,Washington Union Station,2026-07-13T15:41:00Z,2026-07-13T15:40:00Z,2026-07-13T15:41:00Z,2026-07-13T15:40:00Z,2026-07-13T13:01:38Z,62.9
amtrak,NER,151,2026-07-13,BAL,Baltimore Penn Station,2026-07-13T10:10:00Z,2026-07-13T10:16:00Z,2026-07-13T10:08:00Z,2026-07-13T10:14:00Z,2026-07-13T13:01:38Z,62.9
amtrak,NER,151,2026-07-13,WAS,Washington Union Station,2026-07-13T11:30:00Z,2026-07-13T11:30:00Z,2026-07-13T10:58:00Z,2026-07-13T10:52:00Z,2026-07-13T13:01:38Z,62.9
amtrak,NER,170,2026-07-13,BAL,Baltimore Penn Station,2026-07-13T09:44:00Z,2026-07-13T09:51:00Z,2026-07-13T09:42:00Z,2026-07-13T09:49:00Z,2026-07-13T13:01:38Z,62.9
amtrak,NER,170,2026-07-13,WAS,Washington Union Station,2026-07-13T09:05:00Z,2026-07-13T09:05:00Z,2026-07-13T09:05:00Z,2026-07-13T09:05:00Z,2026-07-13T13:01:38Z,62.9
amtrak,NER,171,2026-07-13,BAL,Baltimore Penn Station,2026-07-13T19:35:00Z,2026-07-13T19:32:00Z,2026-07-13T19:32:00Z,2026-07-13T19:32:00Z,2026-07-13T13:01:38Z,62.9
amtrak,NER,171,2026-07-13,WAS,Washington Union Station,2026-07-13T21:00:00Z,2026-07-13T20:27:00Z,2026-07-13T20:27:00Z,2026-07-13T20:27:00Z,2026-07-13T13:01:38Z,62.9
amtrak,NER,172,2026-07-13,BAL,Baltimore Penn Station,2026-07-13T11:50:00Z,2026-07-13T11:52:00Z,2026-07-13T11:48:00Z,2026-07-13T11:50:00Z,2026-07-13T13:01:38Z,62.9
amtrak,NER,172,2026-07-13,WAS,Washington Union Station,2026-07-13T11:06:00Z,2026-07-13T11:06:00Z,2026-07-13T11:06:00Z,2026-07-13T11:06:00Z,2026-07-13T13:01:38Z,62.9
amtrak,NER,178,2026-07-13,BAL,Baltimore Penn Station,2026-07-13T20:39:00Z,2026-07-13T20:39:00Z,2026-07-13T20:37:00Z,2026-07-13T20:37:00Z,2026-07-13T13:01:38Z,62.9
amtrak,NER,178,2026-07-13,WAS,Washington Union Station,2026-07-13T19:56:00Z,2026-07-13T19:56:00Z,2026-07-13T18:55:00Z,2026-07-13T18:55:00Z,2026-07-13T13:01:38Z,62.9
amtrak,NER,181,2026-07-13,BAL,Baltimore Penn Station,2026-07-13T12:22:00Z,2026-07-13T12:23:00Z,2026-07-13T12:19:00Z,2026-07-13T12:19:00Z,2026-07-13T13:01:38Z,62.9
amtrak,NER,181,2026-07-13,WAS,Washington Union Station,2026-07-13T13:02:00Z,2026-07-13T12:54:00Z,2026-07-13T13:02:00Z,2026-07-13T12:54:00Z,2026-07-13T13:01:38Z,62.9
amtrak,NER,182,2026-07-13,BAL,Baltimore Penn Station,2026-07-13T14:13:00Z,2026-07-13T14:13:00Z,2026-07-13T14:11:00Z,2026-07-13T14:11:00Z,2026-07-13T13:01:38Z,62.9
amtrak,NER,182,2026-07-13,WAS,Washington Union Station,2026-07-13T13:29:00Z,2026-07-13T13:29:00Z,2026-07-13T13:29:00Z,2026-07-13T13:29:00Z,2026-07-13T13:01:38Z,62.9
amtrak,NER,183,2026-07-13,BAL,Baltimore Penn Station,2026-07-13T14:20:00Z,2026-07-13T14:17:00Z,2026-07-13T14:17:00Z,2026-07-13T14:17:00Z,2026-07-13T13:01:38Z,62.9
amtrak,NER,183,2026-07-13,WAS,Washington Union Station,2026-07-13T15:04:00Z,2026-07-13T15:00:00Z,2026-07-13T15:04:00Z,2026-07-13T15:00:00Z,2026-07-13T13:01:38Z,62.9
amtrak,NER,185,2026-07-13,BAL,Baltimore Penn Station,2026-07-13T16:07:00Z,2026-07-13T16:07:00Z,2026-07-13T16:05:00Z,2026-07-13T16:05:00Z,2026-07-13T13:01:38Z,62.9
amtrak,NER,185,2026-07-13,WAS,Washington Union Station,2026-07-13T16:52:00Z,2026-07-13T16:52:00Z,2026-07-13T16:52:00Z,2026-07-13T16:47:00Z,2026-07-13T13:01:38Z,62.9
marc,11705,Train426,2026-07-13,11958,UNION STATION MARC Washington,2026-07-13T19:00:00Z,2026-07-13T19:00:29Z,NA,NA,2026-07-13T20:11:04Z,85.5
marc,11705,Train426,2026-07-13,12002,PENN STATION MARC nb,NA,NA,2026-07-13T20:06:00Z,2026-07-13T20:07:40Z,2026-07-13T20:11:04Z,85.5
marc,11705,Train428,2026-07-13,11958,UNION STATION MARC Washington,2026-07-13T19:40:00Z,2026-07-13T19:41:14Z,NA,NA,2026-07-13T20:11:04Z,85.5
marc,11705,Train428,2026-07-13,12002,PENN STATION MARC nb,NA,NA,2026-07-13T20:40:00Z,2026-07-13T20:41:27Z,2026-07-13T20:11:04Z,85.5
marc,11705,Train439,2026-07-13,11980,PENN STATION MARC sb,2026-07-13T19:45:00Z,2026-07-13T19:45:06Z,NA,NA,2026-07-13T20:11:04Z,85.5
marc,11705,Train439,2026-07-13,11958,UNION STATION MARC Washington,NA,NA,2026-07-13T20:45:00Z,2026-07-13T20:47:41Z,2026-07-13T20:11:04Z,85.5
marc,11705,Train537,2026-07-13,11980,PENN STATION MARC sb,2026-07-13T19:28:00Z,2026-07-13T19:30:27Z,2026-07-13T19:18:30Z,2026-07-13T19:24:30Z,2026-07-13T20:11:04Z,85.5
marc,11705,Train537,2026-07-13,11958,UNION STATION MARC Washington,NA,NA,2026-07-13T20:17:00Z,2026-07-13T20:28:51Z,2026-07-13T20:11:04Z,85.5
marc,11705,Train641,2026-07-13,11980,PENN STATION MARC sb,2026-07-13T20:08:00Z,2026-07-13T20:08:00Z,2026-07-13T20:07:00Z,2026-07-13T19:56:52Z,2026-07-13T20:11:04Z,85.5
marc,11705,Train641,2026-07-13,11958,UNION STATION MARC Washington,NA,NA,2026-07-13T21:01:00Z,2026-07-13T21:01:27Z,2026-07-13T20:11:04Z,85.5
amtrak,NER,66,2026-07-13,BAL,Baltimore Penn Station,2026-07-14T02:51:00Z,2026-07-14T02:51:00Z,2026-07-14T02:49:00Z,2026-07-14T02:49:00Z,2026-07-13T20:11:04Z,85.5
amtrak,NER,66,2026-07-13,WAS,Washington Union Station,2026-07-14T02:00:00Z,2026-07-14T02:00:00Z,2026-07-14T01:28:00Z,2026-07-14T01:28:00Z,2026-07-13T20:11:04Z,85.5
amtrak,NER,85,2026-07-13,BAL,Baltimore Penn Station,2026-07-13T21:52:00Z,2026-07-13T21:49:00Z,2026-07-13T21:49:00Z,2026-07-13T21:49:00Z,2026-07-13T20:11:04Z,85.5
amtrak,NER,85,2026-07-13,WAS,Washington Union Station,2026-07-13T22:39:00Z,2026-07-13T22:30:00Z,2026-07-13T22:39:00Z,2026-07-13T22:30:00Z,2026-07-13T20:11:04Z,85.5
amtrak,NER,86,2026-07-13,BAL,Baltimore Penn Station,2026-07-13T13:32:00Z,2026-07-13T13:38:00Z,2026-07-13T13:30:00Z,2026-07-13T13:35:00Z,2026-07-13T20:11:04Z,85.5
amtrak,NER,86,2026-07-13,WAS,Washington Union Station,2026-07-13T12:50:00Z,2026-07-13T12:52:00Z,2026-07-13T12:18:00Z,2026-07-13T12:30:00Z,2026-07-13T20:11:04Z,85.5
amtrak,NER,93,2026-07-13,BAL,Baltimore Penn Station,2026-07-13T20:39:00Z,2026-07-13T21:04:00Z,2026-07-13T20:37:00Z,2026-07-13T21:04:00Z,2026-07-13T20:11:04Z,85.5
amtrak,NER,93,2026-07-13,WAS,Washington Union Station,2026-07-13T22:05:00Z,2026-07-13T21:46:00Z,2026-07-13T21:25:00Z,2026-07-13T21:46:00Z,2026-07-13T20:11:04Z,85.5
amtrak,NER,94,2026-07-13,BAL,Baltimore Penn Station,2026-07-13T18:43:00Z,2026-07-13T18:47:00Z,2026-07-13T18:41:00Z,2026-07-13T18:45:00Z,2026-07-13T20:11:04Z,85.5
amtrak,NER,94,2026-07-13,WAS,Washington Union Station,2026-07-13T18:00:00Z,2026-07-13T18:02:00Z,2026-07-13T17:23:00Z,2026-07-13T17:25:00Z,2026-07-13T20:11:04Z,85.5
amtrak,NER,95,2026-07-13,BAL,Baltimore Penn Station,2026-07-13T17:29:00Z,2026-07-13T17:32:00Z,2026-07-13T17:20:00Z,2026-07-13T17:30:00Z,2026-07-13T20:11:04Z,85.5
amtrak,NER,95,2026-07-13,WAS,Washington Union Station,2026-07-13T18:35:00Z,2026-07-13T18:37:00Z,2026-07-13T18:07:00Z,2026-07-13T18:14:00Z,2026-07-13T20:11:04Z,85.5
amtrak,NER,125,2026-07-13,BAL,Baltimore Penn Station,2026-07-13T18:28:00Z,2026-07-13T18:51:00Z,2026-07-13T18:25:00Z,2026-07-13T18:48:00Z,2026-07-13T20:11:04Z,85.5
amtrak,NER,125,2026-07-13,WAS,Washington Union Station,2026-07-13T19:50:00Z,2026-07-13T19:57:00Z,2026-07-13T19:11:00Z,2026-07-13T19:32:00Z,2026-07-13T20:11:04Z,85.5
amtrak,NER,129,2026-07-13,BAL,Baltimore Penn Station,2026-07-13T23:20:00Z,2026-07-13T23:20:00Z,2026-07-13T23:14:00Z,2026-07-13T23:14:00Z,2026-07-13T20:11:04Z,85.5
amtrak,NER,129,2026-07-13,WAS,Washington Union Station,2026-07-14T00:03:00Z,2026-07-14T00:03:00Z,2026-07-14T00:03:00Z,2026-07-13T23:57:00Z,2026-07-13T20:11:04Z,85.5
amtrak,NER,131,2026-07-13,BAL,Baltimore Penn Station,2026-07-13T19:02:00Z,2026-07-13T19:29:00Z,2026-07-13T19:00:00Z,2026-07-13T19:26:00Z,2026-07-13T20:11:04Z,85.5
amtrak,NER,131,2026-07-13,WAS,Washington Union Station,2026-07-13T19:48:00Z,2026-07-13T20:04:00Z,2026-07-13T19:48:00Z,2026-07-13T20:04:00Z,2026-07-13T20:11:04Z,85.5
amtrak,NER,137,2026-07-13,BAL,Baltimore Penn Station,2026-07-14T01:07:00Z,2026-07-14T01:05:00Z,2026-07-14T01:05:00Z,2026-07-14T01:05:00Z,2026-07-13T20:11:04Z,85.5
amtrak,NER,137,2026-07-13,WAS,Washington Union Station,2026-07-14T01:55:00Z,2026-07-14T01:44:00Z,2026-07-14T01:55:00Z,2026-07-14T01:44:00Z,2026-07-13T20:11:04Z,85.5
amtrak,NER,138,2026-07-13,BAL,Baltimore Penn Station,2026-07-13T23:18:00Z,2026-07-13T23:16:00Z,2026-07-13T23:16:00Z,2026-07-13T23:16:00Z,2026-07-13T20:11:04Z,85.5
amtrak,NER,138,2026-07-13,WAS,Washington Union Station,2026-07-13T22:35:00Z,2026-07-13T21:42:00Z,2026-07-13T21:42:00Z,2026-07-13T21:42:00Z,2026-07-13T20:11:04Z,85.5
amtrak,NER,148,2026-07-13,BAL,Baltimore Penn Station,2026-07-13T19:38:00Z,2026-07-13T19:43:00Z,2026-07-13T19:36:00Z,2026-07-13T19:41:00Z,2026-07-13T20:11:04Z,85.5
amtrak,NER,148,2026-07-13,WAS,Washington Union Station,2026-07-13T18:55:00Z,2026-07-13T18:55:00Z,2026-07-13T18:55:00Z,2026-07-13T18:55:00Z,2026-07-13T20:11:04Z,85.5
amtrak,NER,171,2026-07-13,BAL,Baltimore Penn Station,2026-07-13T19:35:00Z,2026-07-13T22:36:00Z,2026-07-13T19:32:00Z,2026-07-13T22:36:00Z,2026-07-13T20:11:04Z,85.5
amtrak,NER,171,2026-07-13,WAS,Washington Union Station,2026-07-13T21:00:00Z,2026-07-13T23:14:00Z,2026-07-13T20:27:00Z,2026-07-13T23:14:00Z,2026-07-13T20:11:04Z,85.5
amtrak,NER,173,2026-07-13,BAL,Baltimore Penn Station,2026-07-13T22:51:00Z,2026-07-13T22:48:00Z,2026-07-13T22:48:00Z,2026-07-13T22:48:00Z,2026-07-13T20:11:04Z,85.5
amtrak,NER,173,2026-07-13,WAS,Washington Union Station,2026-07-13T23:38:00Z,2026-07-13T23:27:00Z,2026-07-13T23:38:00Z,2026-07-13T23:27:00Z,2026-07-13T20:11:04Z,85.5
amtrak,NER,174,2026-07-13,BAL,Baltimore Penn Station,2026-07-13T15:18:00Z,2026-07-13T15:27:00Z,2026-07-13T15:16:00Z,2026-07-13T15:25:00Z,2026-07-13T20:11:04Z,85.5
amtrak,NER,174,2026-07-13,WAS,Washington Union Station,2026-07-13T14:35:00Z,2026-07-13T14:35:00Z,2026-07-13T14:35:00Z,2026-07-13T14:35:00Z,2026-07-13T20:11:04Z,85.5
amtrak,NER,175,2026-07-13,BAL,Baltimore Penn Station,2026-07-14T02:40:00Z,2026-07-14T02:37:00Z,2026-07-14T02:37:00Z,2026-07-14T02:37:00Z,2026-07-13T20:11:04Z,85.5
amtrak,NER,175,2026-07-13,WAS,Washington Union Station,2026-07-14T03:21:00Z,2026-07-14T03:17:00Z,2026-07-14T03:21:00Z,2026-07-14T03:17:00Z,2026-07-13T20:11:04Z,85.5
amtrak,NER,176,2026-07-13,BAL,Baltimore Penn Station,2026-07-13T20:08:00Z,2026-07-13T20:16:00Z,2026-07-13T20:06:00Z,2026-07-13T20:16:00Z,2026-07-13T20:11:04Z,85.5
amtrak,NER,176,2026-07-13,WAS,Washington Union Station,2026-07-13T19:30:00Z,2026-07-13T19:30:00Z,2026-07-13T19:30:00Z,2026-07-13T19:30:00Z,2026-07-13T20:11:04Z,85.5
amtrak,NER,178,2026-07-13,BAL,Baltimore Penn Station,2026-07-13T20:39:00Z,2026-07-13T20:46:00Z,2026-07-13T20:37:00Z,2026-07-13T20:46:00Z,2026-07-13T20:11:04Z,85.5
amtrak,NER,178,2026-07-13,WAS,Washington Union Station,2026-07-13T19:56:00Z,2026-07-13T20:12:00Z,2026-07-13T18:55:00Z,2026-07-13T19:55:00Z,2026-07-13T20:11:04Z,85.5
amtrak,NER,184,2026-07-13,BAL,Baltimore Penn Station,2026-07-13T17:54:00Z,2026-07-13T17:57:00Z,2026-07-13T17:52:00Z,2026-07-13T17:54:00Z,2026-07-13T20:11:04Z,85.5
amtrak,NER,184,2026-07-13,WAS,Washington Union Station,2026-07-13T17:20:00Z,2026-07-13T17:20:00Z,2026-07-13T17:20:00Z,2026-07-13T17:20:00Z,2026-07-13T20:11:04Z,85.5
amtrak,NER,186,2026-07-13,BAL,Baltimore Penn Station,2026-07-14T01:14:00Z,2026-07-14T01:12:00Z,2026-07-14T01:12:00Z,2026-07-14T01:12:00Z,2026-07-13T20:11:04Z,85.5
amtrak,NER,186,2026-07-13,WAS,Washington Union Station,2026-07-14T00:30:00Z,2026-07-13T23:55:00Z,2026-07-13T23:55:00Z,2026-07-13T23:55:00Z,2026-07-13T20:11:04Z,85.5
marc,11705,Train428,2026-07-13,11958,UNION STATION MARC Washington,2026-07-13T19:40:00Z,2026-07-13T19:41:14Z,NA,NA,2026-07-13T20:14:06Z,84.4
marc,11705,Train428,2026-07-13,12002,PENN STATION MARC nb,NA,NA,2026-07-13T20:40:00Z,2026-07-13T20:41:17Z,2026-07-13T20:14:06Z,84.4
marc,11705,Train439,2026-07-13,11980,PENN STATION MARC sb,2026-07-13T19:45:00Z,2026-07-13T19:45:06Z,NA,NA,2026-07-13T20:14:06Z,84.4
marc,11705,Train439,2026-07-13,11958,UNION STATION MARC Washington,NA,NA,2026-07-13T20:45:00Z,2026-07-13T20:48:04Z,2026-07-13T20:14:06Z,84.4
marc,11705,Train532,2026-07-13,11958,UNION STATION MARC Washington,2026-07-13T20:10:00Z,2026-07-13T20:11:26Z,NA,NA,2026-07-13T20:14:06Z,84.4
marc,11705,Train532,2026-07-13,12002,PENN STATION MARC nb,2026-07-13T21:01:00Z,2026-07-13T21:02:34Z,2026-07-13T21:00:30Z,2026-07-13T21:02:04Z,2026-07-13T20:14:06Z,84.4
marc,11705,Train537,2026-07-13,11980,PENN STATION MARC sb,2026-07-13T19:28:00Z,2026-07-13T19:30:27Z,2026-07-13T19:18:30Z,2026-07-13T19:24:30Z,2026-07-13T20:14:06Z,84.4
marc,11705,Train537,2026-07-13,11958,UNION STATION MARC Washington,NA,NA,2026-07-13T20:17:00Z,2026-07-13T20:31:54Z,2026-07-13T20:14:06Z,84.4
marc,11705,Train641,2026-07-13,11980,PENN STATION MARC sb,2026-07-13T20:08:00Z,2026-07-13T20:07:40Z,2026-07-13T20:07:00Z,2026-07-13T19:56:52Z,2026-07-13T20:14:06Z,84.4
marc,11705,Train641,2026-07-13,11958,UNION STATION MARC Washington,NA,NA,2026-07-13T21:01:00Z,2026-07-13T21:03:13Z,2026-07-13T20:14:06Z,84.4
amtrak,NER,66,2026-07-13,BAL,Baltimore Penn Station,2026-07-14T02:51:00Z,2026-07-14T02:51:00Z,2026-07-14T02:49:00Z,2026-07-14T02:49:00Z,2026-07-13T20:14:06Z,84.4
amtrak,NER,66,2026-07-13,WAS,Washington Union Station,2026-07-14T02:00:00Z,2026-07-14T02:00:00Z,2026-07-14T01:28:00Z,2026-07-14T01:28:00Z,2026-07-13T20:14:06Z,84.4
amtrak,NER,85,2026-07-13,BAL,Baltimore Penn Station,2026-07-13T21:52:00Z,2026-07-13T21:49:00Z,2026-07-13T21:49:00Z,2026-07-13T21:49:00Z,2026-07-13T20:14:06Z,84.4
amtrak,NER,85,2026-07-13,WAS,Washington Union Station,2026-07-13T22:39:00Z,2026-07-13T22:30:00Z,2026-07-13T22:39:00Z,2026-07-13T22:30:00Z,2026-07-13T20:14:06Z,84.4
amtrak,NER,86,2026-07-13,BAL,Baltimore Penn Station,2026-07-13T13:32:00Z,2026-07-13T13:38:00Z,2026-07-13T13:30:00Z,2026-07-13T13:35:00Z,2026-07-13T20:14:06Z,84.4
amtrak,NER,86,2026-07-13,WAS,Washington Union Station,2026-07-13T12:50:00Z,2026-07-13T12:52:00Z,2026-07-13T12:18:00Z,2026-07-13T12:30:00Z,2026-07-13T20:14:06Z,84.4
amtrak,NER,93,2026-07-13,BAL,Baltimore Penn Station,2026-07-13T20:39:00Z,2026-07-13T21:04:00Z,2026-07-13T20:37:00Z,2026-07-13T21:04:00Z,2026-07-13T20:14:06Z,84.4
amtrak,NER,93,2026-07-13,WAS,Washington Union Station,2026-07-13T22:05:00Z,2026-07-13T21:46:00Z,2026-07-13T21:25:00Z,2026-07-13T21:46:00Z,2026-07-13T20:14:06Z,84.4
amtrak,NER,94,2026-07-13,BAL,Baltimore Penn Station,2026-07-13T18:43:00Z,2026-07-13T18:47:00Z,2026-07-13T18:41:00Z,2026-07-13T18:45:00Z,2026-07-13T20:14:06Z,84.4
amtrak,NER,94,2026-07-13,WAS,Washington Union Station,2026-07-13T18:00:00Z,2026-07-13T18:02:00Z,2026-07-13T17:23:00Z,2026-07-13T17:25:00Z,2026-07-13T20:14:06Z,84.4
amtrak,NER,95,2026-07-13,BAL,Baltimore Penn Station,2026-07-13T17:29:00Z,2026-07-13T17:32:00Z,2026-07-13T17:20:00Z,2026-07-13T17:30:00Z,2026-07-13T20:14:06Z,84.4
amtrak,NER,95,2026-07-13,WAS,Washington Union Station,2026-07-13T18:35:00Z,2026-07-13T18:37:00Z,2026-07-13T18:07:00Z,2026-07-13T18:14:00Z,2026-07-13T20:14:06Z,84.4
amtrak,NER,125,2026-07-13,BAL,Baltimore Penn Station,2026-07-13T18:28:00Z,2026-07-13T18:51:00Z,2026-07-13T18:25:00Z,2026-07-13T18:48:00Z,2026-07-13T20:14:06Z,84.4
amtrak,NER,125,2026-07-13,WAS,Washington Union Station,2026-07-13T19:50:00Z,2026-07-13T19:57:00Z,2026-07-13T19:11:00Z,2026-07-13T19:32:00Z,2026-07-13T20:14:06Z,84.4
amtrak,NER,129,2026-07-13,BAL,Baltimore Penn Station,2026-07-13T23:20:00Z,2026-07-13T23:20:00Z,2026-07-13T23:14:00Z,2026-07-13T23:14:00Z,2026-07-13T20:14:06Z,84.4
amtrak,NER,129,2026-07-13,WAS,Washington Union Station,2026-07-14T00:03:00Z,2026-07-14T00:03:00Z,2026-07-14T00:03:00Z,2026-07-13T23:57:00Z,2026-07-13T20:14:06Z,84.4
amtrak,NER,131,2026-07-13,BAL,Baltimore Penn Station,2026-07-13T19:02:00Z,2026-07-13T19:29:00Z,2026-07-13T19:00:00Z,2026-07-13T19:26:00Z,2026-07-13T20:14:06Z,84.4
amtrak,NER,131,2026-07-13,WAS,Washington Union Station,2026-07-13T19:48:00Z,2026-07-13T20:04:00Z,2026-07-13T19:48:00Z,2026-07-13T20:04:00Z,2026-07-13T20:14:06Z,84.4
amtrak,NER,137,2026-07-13,BAL,Baltimore Penn Station,2026-07-14T01:07:00Z,2026-07-14T01:05:00Z,2026-07-14T01:05:00Z,2026-07-14T01:05:00Z,2026-07-13T20:14:06Z,84.4
amtrak,NER,137,2026-07-13,WAS,Washington Union Station,2026-07-14T01:55:00Z,2026-07-14T01:44:00Z,2026-07-14T01:55:00Z,2026-07-14T01:44:00Z,2026-07-13T20:14:06Z,84.4
amtrak,NER,138,2026-07-13,BAL,Baltimore Penn Station,2026-07-13T23:18:00Z,2026-07-13T23:16:00Z,2026-07-13T23:16:00Z,2026-07-13T23:16:00Z,2026-07-13T20:14:06Z,84.4
amtrak,NER,138,2026-07-13,WAS,Washington Union Station,2026-07-13T22:35:00Z,2026-07-13T21:42:00Z,2026-07-13T21:42:00Z,2026-07-13T21:42:00Z,2026-07-13T20:14:06Z,84.4
amtrak,NER,148,2026-07-13,BAL,Baltimore Penn Station,2026-07-13T19:38:00Z,2026-07-13T19:43:00Z,2026-07-13T19:36:00Z,2026-07-13T19:41:00Z,2026-07-13T20:14:06Z,84.4
amtrak,NER,148,2026-07-13,WAS,Washington Union Station,2026-07-13T18:55:00Z,2026-07-13T18:55:00Z,2026-07-13T18:55:00Z,2026-07-13T18:55:00Z,2026-07-13T20:14:06Z,84.4
amtrak,NER,171,2026-07-13,BAL,Baltimore Penn Station,2026-07-13T19:35:00Z,2026-07-13T22:36:00Z,2026-07-13T19:32:00Z,2026-07-13T22:36:00Z,2026-07-13T20:14:06Z,84.4
amtrak,NER,171,2026-07-13,WAS,Washington Union Station,2026-07-13T21:00:00Z,2026-07-13T23:14:00Z,2026-07-13T20:27:00Z,2026-07-13T23:14:00Z,2026-07-13T20:14:06Z,84.4
amtrak,NER,173,2026-07-13,BAL,Baltimore Penn Station,2026-07-13T22:51:00Z,2026-07-13T22:48:00Z,2026-07-13T22:48:00Z,2026-07-13T22:48:00Z,2026-07-13T20:14:06Z,84.4
amtrak,NER,173,2026-07-13,WAS,Washington Union Station,2026-07-13T23:38:00Z,2026-07-13T23:27:00Z,2026-07-13T23:38:00Z,2026-07-13T23:27:00Z,2026-07-13T20:14:06Z,84.4
amtrak,NER,174,2026-07-13,BAL,Baltimore Penn Station,2026-07-13T15:18:00Z,2026-07-13T15:27:00Z,2026-07-13T15:16:00Z,2026-07-13T15:25:00Z,2026-07-13T20:14:06Z,84.4
amtrak,NER,174,2026-07-13,WAS,Washington Union Station,2026-07-13T14:35:00Z,2026-07-13T14:35:00Z,2026-07-13T14:35:00Z,2026-07-13T14:35:00Z,2026-07-13T20:14:06Z,84.4
amtrak,NER,175,2026-07-13,BAL,Baltimore Penn Station,2026-07-14T02:40:00Z,2026-07-14T02:37:00Z,2026-07-14T02:37:00Z,2026-07-14T02:37:00Z,2026-07-13T20:14:06Z,84.4
amtrak,NER,175,2026-07-13,WAS,Washington Union Station,2026-07-14T03:21:00Z,2026-07-14T03:17:00Z,2026-07-14T03:21:00Z,2026-07-14T03:17:00Z,2026-07-13T20:14:06Z,84.4
amtrak,NER,176,2026-07-13,BAL,Baltimore Penn Station,2026-07-13T20:08:00Z,2026-07-13T20:16:00Z,2026-07-13T20:06:00Z,2026-07-13T20:16:00Z,2026-07-13T20:14:06Z,84.4
amtrak,NER,176,2026-07-13,WAS,Washington Union Station,2026-07-13T19:30:00Z,2026-07-13T19:30:00Z,2026-07-13T19:30:00Z,2026-07-13T19:30:00Z,2026-07-13T20:14:06Z,84.4
amtrak,NER,178,2026-07-13,BAL,Baltimore Penn Station,2026-07-13T20:39:00Z,2026-07-13T20:46:00Z,2026-07-13T20:37:00Z,2026-07-13T20:46:00Z,2026-07-13T20:14:06Z,84.4
amtrak,NER,178,2026-07-13,WAS,Washington Union Station,2026-07-13T19:56:00Z,2026-07-13T20:12:00Z,2026-07-13T18:55:00Z,2026-07-13T19:55:00Z,2026-07-13T20:14:06Z,84.4
amtrak,NER,184,2026-07-13,BAL,Baltimore Penn Station,2026-07-13T17:54:00Z,2026-07-13T17:57:00Z,2026-07-13T17:52:00Z,2026-07-13T17:54:00Z,2026-07-13T20:14:06Z,84.4
amtrak,NER,184,2026-07-13,WAS,Washington Union Station,2026-07-13T17:20:00Z,2026-07-13T17:20:00Z,2026-07-13T17:20:00Z,2026-07-13T17:20:00Z,2026-07-13T20:14:06Z,84.4
amtrak,NER,186,2026-07-13,BAL,Baltimore Penn Station,2026-07-14T01:14:00Z,2026-07-14T01:12:00Z,2026-07-14T01:12:00Z,2026-07-14T01:12:00Z,2026-07-13T20:14:06Z,84.4
amtrak,NER,186,2026-07-13,WAS,Washington Union Station,2026-07-14T00:30:00Z,2026-07-13T23:55:00Z,2026-07-13T23:55:00Z,2026-07-13T23:55:00Z,2026-07-13T20:14:06Z,84.4
marc,11705,Train428,2026-07-13,11958,UNION STATION MARC Washington,2026-07-13T19:40:00Z,2026-07-13T19:41:14Z,NA,NA,2026-07-13T20:17:07Z,85.4
marc,11705,Train428,2026-07-13,12002,PENN STATION MARC nb,NA,NA,2026-07-13T20:40:00Z,2026-07-13T20:41:17Z,2026-07-13T20:17:07Z,85.4
marc,11705,Train439,2026-07-13,11980,PENN STATION MARC sb,2026-07-13T19:45:00Z,2026-07-13T19:45:06Z,NA,NA,2026-07-13T20:17:07Z,85.4
marc,11705,Train439,2026-07-13,11958,UNION STATION MARC Washington,NA,NA,2026-07-13T20:45:00Z,2026-07-13T20:48:04Z,2026-07-13T20:17:07Z,85.4
marc,11705,Train532,2026-07-13,11958,UNION STATION MARC Washington,2026-07-13T20:10:00Z,2026-07-13T20:11:26Z,NA,NA,2026-07-13T20:17:07Z,85.4
marc,11705,Train532,2026-07-13,12002,PENN STATION MARC nb,2026-07-13T21:01:00Z,2026-07-13T21:03:02Z,2026-07-13T21:00:30Z,2026-07-13T21:02:32Z,2026-07-13T20:17:07Z,85.4
marc,11705,Train537,2026-07-13,11980,PENN STATION MARC sb,2026-07-13T19:28:00Z,2026-07-13T19:30:27Z,2026-07-13T19:18:30Z,2026-07-13T19:24:30Z,2026-07-13T20:17:07Z,85.4
marc,11705,Train537,2026-07-13,11958,UNION STATION MARC Washington,NA,NA,2026-07-13T20:17:00Z,2026-07-13T20:33:17Z,2026-07-13T20:17:07Z,85.4
marc,11705,Train641,2026-07-13,11980,PENN STATION MARC sb,2026-07-13T20:08:00Z,2026-07-13T20:07:40Z,2026-07-13T20:07:00Z,2026-07-13T19:56:52Z,2026-07-13T20:17:07Z,85.4
marc,11705,Train641,2026-07-13,11958,UNION STATION MARC Washington,NA,NA,2026-07-13T21:01:00Z,2026-07-13T21:03:40Z,2026-07-13T20:17:07Z,85.4
amtrak,NER,66,2026-07-13,BAL,Baltimore Penn Station,2026-07-14T02:51:00Z,2026-07-14T02:51:00Z,2026-07-14T02:49:00Z,2026-07-14T02:49:00Z,2026-07-13T20:17:07Z,85.4
amtrak,NER,66,2026-07-13,WAS,Washington Union Station,2026-07-14T02:00:00Z,2026-07-14T02:00:00Z,2026-07-14T01:28:00Z,2026-07-14T01:28:00Z,2026-07-13T20:17:07Z,85.4
amtrak,NER,85,2026-07-13,BAL,Baltimore Penn Station,2026-07-13T21:52:00Z,2026-07-13T21:49:00Z,2026-07-13T21:49:00Z,2026-07-13T21:49:00Z,2026-07-13T20:17:07Z,85.4
amtrak,NER,85,2026-07-13,WAS,Washington Union Station,2026-07-13T22:39:00Z,2026-07-13T22:30:00Z,2026-07-13T22:39:00Z,2026-07-13T22:30:00Z,2026-07-13T20:17:07Z,85.4
amtrak,NER,86,2026-07-13,BAL,Baltimore Penn Station,2026-07-13T13:32:00Z,2026-07-13T13:38:00Z,2026-07-13T13:30:00Z,2026-07-13T13:35:00Z,2026-07-13T20:17:07Z,85.4
amtrak,NER,86,2026-07-13,WAS,Washington Union Station,2026-07-13T12:50:00Z,2026-07-13T12:52:00Z,2026-07-13T12:18:00Z,2026-07-13T12:30:00Z,2026-07-13T20:17:07Z,85.4
amtrak,NER,93,2026-07-13,BAL,Baltimore Penn Station,2026-07-13T20:39:00Z,2026-07-13T21:04:00Z,2026-07-13T20:37:00Z,2026-07-13T21:04:00Z,2026-07-13T20:17:07Z,85.4
amtrak,NER,93,2026-07-13,WAS,Washington Union Station,2026-07-13T22:05:00Z,2026-07-13T21:46:00Z,2026-07-13T21:25:00Z,2026-07-13T21:46:00Z,2026-07-13T20:17:07Z,85.4
amtrak,NER,94,2026-07-13,BAL,Baltimore Penn Station,2026-07-13T18:43:00Z,2026-07-13T18:47:00Z,2026-07-13T18:41:00Z,2026-07-13T18:45:00Z,2026-07-13T20:17:07Z,85.4
amtrak,NER,94,2026-07-13,WAS,Washington Union Station,2026-07-13T18:00:00Z,2026-07-13T18:02:00Z,2026-07-13T17:23:00Z,2026-07-13T17:25:00Z,2026-07-13T20:17:07Z,85.4
amtrak,NER,95,2026-07-13,BAL,Baltimore Penn Station,2026-07-13T17:29:00Z,2026-07-13T17:32:00Z,2026-07-13T17:20:00Z,2026-07-13T17:30:00Z,2026-07-13T20:17:07Z,85.4
amtrak,NER,95,2026-07-13,WAS,Washington Union Station,2026-07-13T18:35:00Z,2026-07-13T18:37:00Z,2026-07-13T18:07:00Z,2026-07-13T18:14:00Z,2026-07-13T20:17:07Z,85.4
amtrak,NER,125,2026-07-13,BAL,Baltimore Penn Station,2026-07-13T18:28:00Z,2026-07-13T18:51:00Z,2026-07-13T18:25:00Z,2026-07-13T18:48:00Z,2026-07-13T20:17:07Z,85.4
amtrak,NER,125,2026-07-13,WAS,Washington Union Station,2026-07-13T19:50:00Z,2026-07-13T19:57:00Z,2026-07-13T19:11:00Z,2026-07-13T19:32:00Z,2026-07-13T20:17:07Z,85.4
amtrak,NER,129,2026-07-13,BAL,Baltimore Penn Station,2026-07-13T23:20:00Z,2026-07-13T23:20:00Z,2026-07-13T23:14:00Z,2026-07-13T23:14:00Z,2026-07-13T20:17:07Z,85.4
amtrak,NER,129,2026-07-13,WAS,Washington Union Station,2026-07-14T00:03:00Z,2026-07-14T00:03:00Z,2026-07-14T00:03:00Z,2026-07-13T23:57:00Z,2026-07-13T20:17:07Z,85.4
amtrak,NER,131,2026-07-13,BAL,Baltimore Penn Station,2026-07-13T19:02:00Z,2026-07-13T19:29:00Z,2026-07-13T19:00:00Z,2026-07-13T19:26:00Z,2026-07-13T20:17:07Z,85.4
amtrak,NER,131,2026-07-13,WAS,Washington Union Station,2026-07-13T19:48:00Z,2026-07-13T20:04:00Z,2026-07-13T19:48:00Z,2026-07-13T20:04:00Z,2026-07-13T20:17:07Z,85.4
amtrak,NER,137,2026-07-13,BAL,Baltimore Penn Station,2026-07-14T01:07:00Z,2026-07-14T01:05:00Z,2026-07-14T01:05:00Z,2026-07-14T01:05:00Z,2026-07-13T20:17:07Z,85.4
amtrak,NER,137,2026-07-13,WAS,Washington Union Station,2026-07-14T01:55:00Z,2026-07-14T01:44:00Z,2026-07-14T01:55:00Z,2026-07-14T01:44:00Z,2026-07-13T20:17:07Z,85.4
amtrak,NER,138,2026-07-13,BAL,Baltimore Penn Station,2026-07-13T23:18:00Z,2026-07-13T23:16:00Z,2026-07-13T23:16:00Z,2026-07-13T23:16:00Z,2026-07-13T20:17:07Z,85.4
amtrak,NER,138,2026-07-13,WAS,Washington Union Station,2026-07-13T22:35:00Z,2026-07-13T21:42:00Z,2026-07-13T21:42:00Z,2026-07-13T21:42:00Z,2026-07-13T20:17:07Z,85.4
amtrak,NER,148,2026-07-13,BAL,Baltimore Penn Station,2026-07-13T19:38:00Z,2026-07-13T19:43:00Z,2026-07-13T19:36:00Z,2026-07-13T19:41:00Z,2026-07-13T20:17:07Z,85.4
amtrak,NER,148,2026-07-13,WAS,Washington Union Station,2026-07-13T18:55:00Z,2026-07-13T18:55:00Z,2026-07-13T18:55:00Z,2026-07-13T18:55:00Z,2026-07-13T20:17:07Z,85.4
amtrak,NER,171,2026-07-13,BAL,Baltimore Penn Station,2026-07-13T19:35:00Z,2026-07-13T22:36:00Z,2026-07-13T19:32:00Z,2026-07-13T22:36:00Z,2026-07-13T20:17:07Z,85.4
amtrak,NER,171,2026-07-13,WAS,Washington Union Station,2026-07-13T21:00:00Z,2026-07-13T23:14:00Z,2026-07-13T20:27:00Z,2026-07-13T23:14:00Z,2026-07-13T20:17:07Z,85.4
amtrak,NER,173,2026-07-13,BAL,Baltimore Penn Station,2026-07-13T22:51:00Z,2026-07-13T22:48:00Z,2026-07-13T22:48:00Z,2026-07-13T22:48:00Z,2026-07-13T20:17:07Z,85.4
amtrak,NER,173,2026-07-13,WAS,Washington Union Station,2026-07-13T23:38:00Z,2026-07-13T23:27:00Z,2026-07-13T23:38:00Z,2026-07-13T23:27:00Z,2026-07-13T20:17:07Z,85.4
amtrak,NER,174,2026-07-13,BAL,Baltimore Penn Station,2026-07-13T15:18:00Z,2026-07-13T15:27:00Z,2026-07-13T15:16:00Z,2026-07-13T15:25:00Z,2026-07-13T20:17:07Z,85.4
amtrak,NER,174,2026-07-13,WAS,Washington Union Station,2026-07-13T14:35:00Z,2026-07-13T14:35:00Z,2026-07-13T14:35:00Z,2026-07-13T14:35:00Z,2026-07-13T20:17:07Z,85.4
amtrak,NER,175,2026-07-13,BAL,Baltimore Penn Station,2026-07-14T02:40:00Z,2026-07-14T02:37:00Z,2026-07-14T02:37:00Z,2026-07-14T02:37:00Z,2026-07-13T20:17:07Z,85.4
amtrak,NER,175,2026-07-13,WAS,Washington Union Station,2026-07-14T03:21:00Z,2026-07-14T03:17:00Z,2026-07-14T03:21:00Z,2026-07-14T03:17:00Z,2026-07-13T20:17:07Z,85.4
amtrak,NER,176,2026-07-13,BAL,Baltimore Penn Station,2026-07-13T20:08:00Z,2026-07-13T20:16:00Z,2026-07-13T20:06:00Z,2026-07-13T20:16:00Z,2026-07-13T20:17:07Z,85.4
amtrak,NER,176,2026-07-13,WAS,Washington Union Station,2026-07-13T19:30:00Z,2026-07-13T19:30:00Z,2026-07-13T19:30:00Z,2026-07-13T19:30:00Z,2026-07-13T20:17:07Z,85.4
amtrak,NER,178,2026-07-13,BAL,Baltimore Penn Station,2026-07-13T20:39:00Z,2026-07-13T20:46:00Z,2026-07-13T20:37:00Z,2026-07-13T20:46:00Z,2026-07-13T20:17:07Z,85.4
amtrak,NER,178,2026-07-13,WAS,Washington Union Station,2026-07-13T19:56:00Z,2026-07-13T20:12:00Z,2026-07-13T18:55:00Z,2026-07-13T19:55:00Z,2026-07-13T20:17:07Z,85.4
amtrak,NER,184,2026-07-13,BAL,Baltimore Penn Station,2026-07-13T17:54:00Z,2026-07-13T17:57:00Z,2026-07-13T17:52:00Z,2026-07-13T17:54:00Z,2026-07-13T20:17:07Z,85.4
amtrak,NER,184,2026-07-13,WAS,Washington Union Station,2026-07-13T17:20:00Z,2026-07-13T17:20:00Z,2026-07-13T17:20:00Z,2026-07-13T17:20:00Z,2026-07-13T20:17:07Z,85.4
amtrak,NER,186,2026-07-13,BAL,Baltimore Penn Station,2026-07-14T01:14:00Z,2026-07-14T01:12:00Z,2026-07-14T01:12:00Z,2026-07-14T01:12:00Z,2026-07-13T20:17:07Z,85.4
amtrak,NER,186,2026-07-13,WAS,Washington Union Station,2026-07-14T00:30:00Z,2026-07-13T23:55:00Z,2026-07-13T23:55:00Z,2026-07-13T23:55:00Z,2026-07-13T20:17:07Z,85.4
marc,11705,Train430,2026-07-13,11958,UNION STATION MARC Washington,2026-07-13T20:30:00Z,2026-07-13T20:31:45Z,NA,NA,2026-07-13T21:13:42Z,81.3
marc,11705,Train430,2026-07-13,12002,PENN STATION MARC nb,NA,NA,2026-07-13T21:29:00Z,2026-07-13T21:34:58Z,2026-07-13T21:13:42Z,81.3
marc,11705,Train443,2026-07-13,11980,PENN STATION MARC sb,2026-07-13T20:52:00Z,2026-07-13T20:52:00Z,NA,NA,2026-07-13T21:13:42Z,81.3
marc,11705,Train443,2026-07-13,11958,UNION STATION MARC Washington,NA,NA,2026-07-13T21:51:00Z,2026-07-13T21:54:07Z,2026-07-13T21:13:42Z,81.3
marc,11705,Train532,2026-07-13,11958,UNION STATION MARC Washington,2026-07-13T20:10:00Z,2026-07-13T20:11:26Z,NA,NA,2026-07-13T21:13:42Z,81.3
marc,11705,Train532,2026-07-13,12002,PENN STATION MARC nb,2026-07-13T21:01:00Z,2026-07-13T21:14:42Z,2026-07-13T21:00:30Z,2026-07-13T21:14:12Z,2026-07-13T21:13:42Z,81.3
marc,11705,Train634,2026-07-13,11958,UNION STATION MARC Washington,2026-07-13T20:45:00Z,2026-07-13T20:46:17Z,NA,NA,2026-07-13T21:13:42Z,81.3
marc,11705,Train634,2026-07-13,12002,PENN STATION MARC nb,2026-07-13T21:36:00Z,2026-07-13T21:40:27Z,2026-07-13T21:34:50Z,2026-07-13T21:39:17Z,2026-07-13T21:13:42Z,81.3
amtrak,NER,66,2026-07-13,BAL,Baltimore Penn Station,2026-07-14T02:51:00Z,2026-07-14T02:49:00Z,2026-07-14T02:49:00Z,2026-07-14T02:49:00Z,2026-07-13T21:13:42Z,81.3
amtrak,NER,66,2026-07-13,WAS,Washington Union Station,2026-07-14T02:00:00Z,2026-07-14T01:28:00Z,2026-07-14T01:28:00Z,2026-07-14T01:28:00Z,2026-07-13T21:13:42Z,81.3
amtrak,NER,85,2026-07-13,BAL,Baltimore Penn Station,2026-07-13T21:52:00Z,2026-07-13T21:49:00Z,2026-07-13T21:49:00Z,2026-07-13T21:49:00Z,2026-07-13T21:13:42Z,81.3
amtrak,NER,85,2026-07-13,WAS,Washington Union Station,2026-07-13T22:39:00Z,2026-07-13T22:39:00Z,2026-07-13T22:39:00Z,2026-07-13T22:39:00Z,2026-07-13T21:13:42Z,81.3
amtrak,NER,86,2026-07-13,BAL,Baltimore Penn Station,2026-07-13T13:32:00Z,2026-07-13T13:38:00Z,2026-07-13T13:30:00Z,2026-07-13T13:35:00Z,2026-07-13T21:13:42Z,81.3
amtrak,NER,86,2026-07-13,WAS,Washington Union Station,2026-07-13T12:50:00Z,2026-07-13T12:52:00Z,2026-07-13T12:18:00Z,2026-07-13T12:30:00Z,2026-07-13T21:13:42Z,81.3
amtrak,NER,93,2026-07-13,BAL,Baltimore Penn Station,2026-07-13T20:39:00Z,2026-07-13T21:05:00Z,2026-07-13T20:37:00Z,2026-07-13T21:03:00Z,2026-07-13T21:13:42Z,81.3
amtrak,NER,93,2026-07-13,WAS,Washington Union Station,2026-07-13T22:05:00Z,2026-07-13T21:46:00Z,2026-07-13T21:25:00Z,2026-07-13T21:46:00Z,2026-07-13T21:13:42Z,81.3
amtrak,NER,94,2026-07-13,BAL,Baltimore Penn Station,2026-07-13T18:43:00Z,2026-07-13T18:47:00Z,2026-07-13T18:41:00Z,2026-07-13T18:45:00Z,2026-07-13T21:13:42Z,81.3
amtrak,NER,94,2026-07-13,WAS,Washington Union Station,2026-07-13T18:00:00Z,2026-07-13T18:02:00Z,2026-07-13T17:23:00Z,2026-07-13T17:25:00Z,2026-07-13T21:13:42Z,81.3
amtrak,NER,95,2026-07-13,BAL,Baltimore Penn Station,2026-07-13T17:29:00Z,2026-07-13T17:32:00Z,2026-07-13T17:20:00Z,2026-07-13T17:30:00Z,2026-07-13T21:13:42Z,81.3
amtrak,NER,95,2026-07-13,WAS,Washington Union Station,2026-07-13T18:35:00Z,2026-07-13T18:37:00Z,2026-07-13T18:07:00Z,2026-07-13T18:14:00Z,2026-07-13T21:13:42Z,81.3
amtrak,NER,125,2026-07-13,BAL,Baltimore Penn Station,2026-07-13T18:28:00Z,2026-07-13T18:51:00Z,2026-07-13T18:25:00Z,2026-07-13T18:48:00Z,2026-07-13T21:13:42Z,81.3
amtrak,NER,125,2026-07-13,WAS,Washington Union Station,2026-07-13T19:50:00Z,2026-07-13T19:57:00Z,2026-07-13T19:11:00Z,2026-07-13T19:32:00Z,2026-07-13T21:13:42Z,81.3
amtrak,NER,129,2026-07-13,BAL,Baltimore Penn Station,2026-07-13T23:20:00Z,2026-07-13T23:14:00Z,2026-07-13T23:14:00Z,2026-07-13T23:14:00Z,2026-07-13T21:13:42Z,81.3
amtrak,NER,129,2026-07-13,WAS,Washington Union Station,2026-07-14T00:03:00Z,2026-07-13T23:57:00Z,2026-07-14T00:03:00Z,2026-07-13T23:57:00Z,2026-07-13T21:13:42Z,81.3
amtrak,NER,136,2026-07-13,BAL,Baltimore Penn Station,2026-07-13T21:43:00Z,2026-07-13T21:41:00Z,2026-07-13T21:41:00Z,2026-07-13T21:41:00Z,2026-07-13T21:13:42Z,81.3
amtrak,NER,136,2026-07-13,WAS,Washington Union Station,2026-07-13T21:00:00Z,2026-07-13T21:00:00Z,2026-07-13T21:00:00Z,2026-07-13T21:00:00Z,2026-07-13T21:13:42Z,81.3
amtrak,NER,137,2026-07-13,BAL,Baltimore Penn Station,2026-07-14T01:07:00Z,2026-07-14T01:05:00Z,2026-07-14T01:05:00Z,2026-07-14T01:05:00Z,2026-07-13T21:13:42Z,81.3
amtrak,NER,137,2026-07-13,WAS,Washington Union Station,2026-07-14T01:55:00Z,2026-07-14T01:44:00Z,2026-07-14T01:55:00Z,2026-07-14T01:44:00Z,2026-07-13T21:13:42Z,81.3
amtrak,NER,138,2026-07-13,BAL,Baltimore Penn Station,2026-07-13T23:18:00Z,2026-07-13T23:16:00Z,2026-07-13T23:16:00Z,2026-07-13T23:16:00Z,2026-07-13T21:13:42Z,81.3
amtrak,NER,138,2026-07-13,WAS,Washington Union Station,2026-07-13T22:35:00Z,2026-07-13T21:33:00Z,2026-07-13T21:42:00Z,2026-07-13T21:33:00Z,2026-07-13T21:13:42Z,81.3
amtrak,NER,148,2026-07-13,BAL,Baltimore Penn Station,2026-07-13T19:38:00Z,2026-07-13T19:43:00Z,2026-07-13T19:36:00Z,2026-07-13T19:41:00Z,2026-07-13T21:13:42Z,81.3
amtrak,NER,148,2026-07-13,WAS,Washington Union Station,2026-07-13T18:55:00Z,2026-07-13T18:55:00Z,2026-07-13T18:55:00Z,2026-07-13T18:55:00Z,2026-07-13T21:13:42Z,81.3
amtrak,NER,171,2026-07-13,BAL,Baltimore Penn Station,2026-07-13T19:35:00Z,2026-07-13T23:02:00Z,2026-07-13T19:32:00Z,2026-07-13T23:02:00Z,2026-07-13T21:13:42Z,81.3
amtrak,NER,171,2026-07-13,WAS,Washington Union Station,2026-07-13T21:00:00Z,2026-07-13T23:40:00Z,2026-07-13T20:27:00Z,2026-07-13T23:40:00Z,2026-07-13T21:13:42Z,81.3
amtrak,NER,173,2026-07-13,BAL,Baltimore Penn Station,2026-07-13T22:51:00Z,2026-07-13T22:59:00Z,2026-07-13T22:48:00Z,2026-07-13T22:59:00Z,2026-07-13T21:13:42Z,81.3
amtrak,NER,173,2026-07-13,WAS,Washington Union Station,2026-07-13T23:38:00Z,2026-07-13T23:35:00Z,2026-07-13T23:38:00Z,2026-07-13T23:35:00Z,2026-07-13T21:13:42Z,81.3
amtrak,NER,174,2026-07-13,BAL,Baltimore Penn Station,2026-07-13T15:18:00Z,2026-07-13T15:27:00Z,2026-07-13T15:16:00Z,2026-07-13T15:25:00Z,2026-07-13T21:13:42Z,81.3
amtrak,NER,174,2026-07-13,WAS,Washington Union Station,2026-07-13T14:35:00Z,2026-07-13T14:35:00Z,2026-07-13T14:35:00Z,2026-07-13T14:35:00Z,2026-07-13T21:13:42Z,81.3
amtrak,NER,175,2026-07-13,BAL,Baltimore Penn Station,2026-07-14T02:40:00Z,2026-07-14T02:37:00Z,2026-07-14T02:37:00Z,2026-07-14T02:37:00Z,2026-07-13T21:13:42Z,81.3
amtrak,NER,175,2026-07-13,WAS,Washington Union Station,2026-07-14T03:21:00Z,2026-07-14T03:17:00Z,2026-07-14T03:21:00Z,2026-07-14T03:17:00Z,2026-07-13T21:13:42Z,81.3
amtrak,NER,176,2026-07-13,BAL,Baltimore Penn Station,2026-07-13T20:08:00Z,2026-07-13T20:18:00Z,2026-07-13T20:06:00Z,2026-07-13T20:16:00Z,2026-07-13T21:13:42Z,81.3
amtrak,NER,176,2026-07-13,WAS,Washington Union Station,2026-07-13T19:30:00Z,2026-07-13T19:30:00Z,2026-07-13T19:30:00Z,2026-07-13T19:30:00Z,2026-07-13T21:13:42Z,81.3
amtrak,NER,178,2026-07-13,BAL,Baltimore Penn Station,2026-07-13T20:39:00Z,2026-07-13T21:04:00Z,2026-07-13T20:37:00Z,2026-07-13T21:00:00Z,2026-07-13T21:13:42Z,81.3
amtrak,NER,178,2026-07-13,WAS,Washington Union Station,2026-07-13T19:56:00Z,2026-07-13T20:15:00Z,2026-07-13T18:55:00Z,2026-07-13T19:55:00Z,2026-07-13T21:13:42Z,81.3
amtrak,NER,184,2026-07-13,BAL,Baltimore Penn Station,2026-07-13T17:54:00Z,2026-07-13T17:57:00Z,2026-07-13T17:52:00Z,2026-07-13T17:54:00Z,2026-07-13T21:13:42Z,81.3
amtrak,NER,184,2026-07-13,WAS,Washington Union Station,2026-07-13T17:20:00Z,2026-07-13T17:20:00Z,2026-07-13T17:20:00Z,2026-07-13T17:20:00Z,2026-07-13T21:13:42Z,81.3
amtrak,NER,186,2026-07-13,BAL,Baltimore Penn Station,2026-07-14T01:14:00Z,2026-07-14T01:12:00Z,2026-07-14T01:12:00Z,2026-07-14T01:12:00Z,2026-07-13T21:13:42Z,81.3
amtrak,NER,186,2026-07-13,WAS,Washington Union Station,2026-07-14T00:30:00Z,2026-07-13T23:55:00Z,2026-07-13T23:55:00Z,2026-07-13T23:55:00Z,2026-07-13T21:13:42Z,81.3
amtrak,NER,196,2026-07-13,BAL,Baltimore Penn Station,2026-07-13T22:49:00Z,2026-07-13T22:49:00Z,2026-07-13T22:46:00Z,2026-07-13T22:46:00Z,2026-07-13T21:13:42Z,81.3
amtrak,NER,196,2026-07-13,WAS,Washington Union Station,2026-07-13T22:08:00Z,2026-07-13T22:08:00Z,2026-07-13T22:08:00Z,2026-07-13T22:08:00Z,2026-07-13T21:13:42Z,81.3
amtrak,NER,197,2026-07-13,BAL,Baltimore Penn Station,2026-07-14T00:49:00Z,2026-07-14T00:49:00Z,2026-07-14T00:48:00Z,2026-07-14T00:48:00Z,2026-07-13T21:13:42Z,81.3
amtrak,NER,197,2026-07-13,WAS,Washington Union Station,2026-07-14T01:32:00Z,2026-07-14T01:32:00Z,2026-07-14T01:32:00Z,2026-07-14T01:22:00Z,2026-07-13T21:13:42Z,81.3
marc,11705,Train430,2026-07-13,11958,UNION STATION MARC Washington,2026-07-13T20:30:00Z,2026-07-13T20:31:45Z,NA,NA,2026-07-13T21:16:44Z,83
marc,11705,Train430,2026-07-13,12002,PENN STATION MARC nb,NA,NA,2026-07-13T21:29:00Z,2026-07-13T21:36:12Z,2026-07-13T21:16:44Z,83
marc,11705,Train443,2026-07-13,11980,PENN STATION MARC sb,2026-07-13T20:52:00Z,2026-07-13T20:52:00Z,NA,NA,2026-07-13T21:16:44Z,83
marc,11705,Train443,2026-07-13,11958,UNION STATION MARC Washington,NA,NA,2026-07-13T21:51:00Z,2026-07-13T21:54:10Z,2026-07-13T21:16:44Z,83
marc,11705,Train532,2026-07-13,11958,UNION STATION MARC Washington,2026-07-13T20:10:00Z,2026-07-13T20:11:26Z,NA,NA,2026-07-13T21:16:44Z,83
marc,11705,Train532,2026-07-13,12002,PENN STATION MARC nb,2026-07-13T21:01:00Z,2026-07-13T21:14:41Z,2026-07-13T21:00:30Z,2026-07-13T21:15:14Z,2026-07-13T21:16:44Z,83
marc,11705,Train634,2026-07-13,11958,UNION STATION MARC Washington,2026-07-13T20:45:00Z,2026-07-13T20:46:17Z,NA,NA,2026-07-13T21:16:44Z,83
marc,11705,Train634,2026-07-13,12002,PENN STATION MARC nb,2026-07-13T21:36:00Z,2026-07-13T21:40:12Z,2026-07-13T21:34:50Z,2026-07-13T21:39:02Z,2026-07-13T21:16:44Z,83
amtrak,NER,66,2026-07-13,BAL,Baltimore Penn Station,2026-07-14T02:51:00Z,2026-07-14T02:49:00Z,2026-07-14T02:49:00Z,2026-07-14T02:49:00Z,2026-07-13T21:16:44Z,83
amtrak,NER,66,2026-07-13,WAS,Washington Union Station,2026-07-14T02:00:00Z,2026-07-14T01:28:00Z,2026-07-14T01:28:00Z,2026-07-14T01:28:00Z,2026-07-13T21:16:44Z,83
amtrak,NER,85,2026-07-13,BAL,Baltimore Penn Station,2026-07-13T21:52:00Z,2026-07-13T21:49:00Z,2026-07-13T21:49:00Z,2026-07-13T21:49:00Z,2026-07-13T21:16:44Z,83
amtrak,NER,85,2026-07-13,WAS,Washington Union Station,2026-07-13T22:39:00Z,2026-07-13T22:39:00Z,2026-07-13T22:39:00Z,2026-07-13T22:39:00Z,2026-07-13T21:16:44Z,83
amtrak,NER,86,2026-07-13,BAL,Baltimore Penn Station,2026-07-13T13:32:00Z,2026-07-13T13:38:00Z,2026-07-13T13:30:00Z,2026-07-13T13:35:00Z,2026-07-13T21:16:44Z,83
amtrak,NER,86,2026-07-13,WAS,Washington Union Station,2026-07-13T12:50:00Z,2026-07-13T12:52:00Z,2026-07-13T12:18:00Z,2026-07-13T12:30:00Z,2026-07-13T21:16:44Z,83
amtrak,NER,93,2026-07-13,BAL,Baltimore Penn Station,2026-07-13T20:39:00Z,2026-07-13T21:05:00Z,2026-07-13T20:37:00Z,2026-07-13T21:03:00Z,2026-07-13T21:16:44Z,83
amtrak,NER,93,2026-07-13,WAS,Washington Union Station,2026-07-13T22:05:00Z,2026-07-13T21:46:00Z,2026-07-13T21:25:00Z,2026-07-13T21:46:00Z,2026-07-13T21:16:44Z,83
amtrak,NER,94,2026-07-13,BAL,Baltimore Penn Station,2026-07-13T18:43:00Z,2026-07-13T18:47:00Z,2026-07-13T18:41:00Z,2026-07-13T18:45:00Z,2026-07-13T21:16:44Z,83
amtrak,NER,94,2026-07-13,WAS,Washington Union Station,2026-07-13T18:00:00Z,2026-07-13T18:02:00Z,2026-07-13T17:23:00Z,2026-07-13T17:25:00Z,2026-07-13T21:16:44Z,83
amtrak,NER,95,2026-07-13,BAL,Baltimore Penn Station,2026-07-13T17:29:00Z,2026-07-13T17:32:00Z,2026-07-13T17:20:00Z,2026-07-13T17:30:00Z,2026-07-13T21:16:44Z,83
amtrak,NER,95,2026-07-13,WAS,Washington Union Station,2026-07-13T18:35:00Z,2026-07-13T18:37:00Z,2026-07-13T18:07:00Z,2026-07-13T18:14:00Z,2026-07-13T21:16:44Z,83
amtrak,NER,125,2026-07-13,BAL,Baltimore Penn Station,2026-07-13T18:28:00Z,2026-07-13T18:51:00Z,2026-07-13T18:25:00Z,2026-07-13T18:48:00Z,2026-07-13T21:16:44Z,83
amtrak,NER,125,2026-07-13,WAS,Washington Union Station,2026-07-13T19:50:00Z,2026-07-13T19:57:00Z,2026-07-13T19:11:00Z,2026-07-13T19:32:00Z,2026-07-13T21:16:44Z,83
amtrak,NER,129,2026-07-13,BAL,Baltimore Penn Station,2026-07-13T23:20:00Z,2026-07-13T23:14:00Z,2026-07-13T23:14:00Z,2026-07-13T23:14:00Z,2026-07-13T21:16:44Z,83
amtrak,NER,129,2026-07-13,WAS,Washington Union Station,2026-07-14T00:03:00Z,2026-07-13T23:57:00Z,2026-07-14T00:03:00Z,2026-07-13T23:57:00Z,2026-07-13T21:16:44Z,83
amtrak,NER,136,2026-07-13,BAL,Baltimore Penn Station,2026-07-13T21:43:00Z,2026-07-13T21:41:00Z,2026-07-13T21:41:00Z,2026-07-13T21:41:00Z,2026-07-13T21:16:44Z,83
amtrak,NER,136,2026-07-13,WAS,Washington Union Station,2026-07-13T21:00:00Z,2026-07-13T21:00:00Z,2026-07-13T21:00:00Z,2026-07-13T21:00:00Z,2026-07-13T21:16:44Z,83
amtrak,NER,137,2026-07-13,BAL,Baltimore Penn Station,2026-07-14T01:07:00Z,2026-07-14T01:05:00Z,2026-07-14T01:05:00Z,2026-07-14T01:05:00Z,2026-07-13T21:16:44Z,83
amtrak,NER,137,2026-07-13,WAS,Washington Union Station,2026-07-14T01:55:00Z,2026-07-14T01:44:00Z,2026-07-14T01:55:00Z,2026-07-14T01:44:00Z,2026-07-13T21:16:44Z,83
amtrak,NER,138,2026-07-13,BAL,Baltimore Penn Station,2026-07-13T23:18:00Z,2026-07-13T23:16:00Z,2026-07-13T23:16:00Z,2026-07-13T23:16:00Z,2026-07-13T21:16:44Z,83
amtrak,NER,138,2026-07-13,WAS,Washington Union Station,2026-07-13T22:35:00Z,2026-07-13T21:36:00Z,2026-07-13T21:42:00Z,2026-07-13T21:36:00Z,2026-07-13T21:16:44Z,83
amtrak,NER,148,2026-07-13,BAL,Baltimore Penn Station,2026-07-13T19:38:00Z,2026-07-13T19:43:00Z,2026-07-13T19:36:00Z,2026-07-13T19:41:00Z,2026-07-13T21:16:44Z,83
amtrak,NER,148,2026-07-13,WAS,Washington Union Station,2026-07-13T18:55:00Z,2026-07-13T18:55:00Z,2026-07-13T18:55:00Z,2026-07-13T18:55:00Z,2026-07-13T21:16:44Z,83
amtrak,NER,171,2026-07-13,BAL,Baltimore Penn Station,2026-07-13T19:35:00Z,2026-07-13T23:02:00Z,2026-07-13T19:32:00Z,2026-07-13T23:02:00Z,2026-07-13T21:16:44Z,83
amtrak,NER,171,2026-07-13,WAS,Washington Union Station,2026-07-13T21:00:00Z,2026-07-13T23:40:00Z,2026-07-13T20:27:00Z,2026-07-13T23:40:00Z,2026-07-13T21:16:44Z,83
amtrak,NER,173,2026-07-13,BAL,Baltimore Penn Station,2026-07-13T22:51:00Z,2026-07-13T23:01:00Z,2026-07-13T22:48:00Z,2026-07-13T23:01:00Z,2026-07-13T21:16:44Z,83
amtrak,NER,173,2026-07-13,WAS,Washington Union Station,2026-07-13T23:38:00Z,2026-07-13T23:37:00Z,2026-07-13T23:38:00Z,2026-07-13T23:37:00Z,2026-07-13T21:16:44Z,83
amtrak,NER,174,2026-07-13,BAL,Baltimore Penn Station,2026-07-13T15:18:00Z,2026-07-13T15:27:00Z,2026-07-13T15:16:00Z,2026-07-13T15:25:00Z,2026-07-13T21:16:44Z,83
amtrak,NER,174,2026-07-13,WAS,Washington Union Station,2026-07-13T14:35:00Z,2026-07-13T14:35:00Z,2026-07-13T14:35:00Z,2026-07-13T14:35:00Z,2026-07-13T21:16:44Z,83
amtrak,NER,175,2026-07-13,BAL,Baltimore Penn Station,2026-07-14T02:40:00Z,2026-07-14T02:37:00Z,2026-07-14T02:37:00Z,2026-07-14T02:37:00Z,2026-07-13T21:16:44Z,83
amtrak,NER,175,2026-07-13,WAS,Washington Union Station,2026-07-14T03:21:00Z,2026-07-14T03:17:00Z,2026-07-14T03:21:00Z,2026-07-14T03:17:00Z,2026-07-13T21:16:44Z,83
amtrak,NER,176,2026-07-13,BAL,Baltimore Penn Station,2026-07-13T20:08:00Z,2026-07-13T20:18:00Z,2026-07-13T20:06:00Z,2026-07-13T20:16:00Z,2026-07-13T21:16:44Z,83
amtrak,NER,176,2026-07-13,WAS,Washington Union Station,2026-07-13T19:30:00Z,2026-07-13T19:30:00Z,2026-07-13T19:30:00Z,2026-07-13T19:30:00Z,2026-07-13T21:16:44Z,83
amtrak,NER,178,2026-07-13,BAL,Baltimore Penn Station,2026-07-13T20:39:00Z,2026-07-13T21:04:00Z,2026-07-13T20:37:00Z,2026-07-13T21:00:00Z,2026-07-13T21:16:44Z,83
amtrak,NER,178,2026-07-13,WAS,Washington Union Station,2026-07-13T19:56:00Z,2026-07-13T20:15:00Z,2026-07-13T18:55:00Z,2026-07-13T19:55:00Z,2026-07-13T21:16:44Z,83
amtrak,NER,184,2026-07-13,BAL,Baltimore Penn Station,2026-07-13T17:54:00Z,2026-07-13T17:57:00Z,2026-07-13T17:52:00Z,2026-07-13T17:54:00Z,2026-07-13T21:16:44Z,83
amtrak,NER,184,2026-07-13,WAS,Washington Union Station,2026-07-13T17:20:00Z,2026-07-13T17:20:00Z,2026-07-13T17:20:00Z,2026-07-13T17:20:00Z,2026-07-13T21:16:44Z,83
amtrak,NER,186,2026-07-13,BAL,Baltimore Penn Station,2026-07-14T01:14:00Z,2026-07-14T01:12:00Z,2026-07-14T01:12:00Z,2026-07-14T01:12:00Z,2026-07-13T21:16:44Z,83
amtrak,NER,186,2026-07-13,WAS,Washington Union Station,2026-07-14T00:30:00Z,2026-07-13T23:55:00Z,2026-07-13T23:55:00Z,2026-07-13T23:55:00Z,2026-07-13T21:16:44Z,83
amtrak,NER,196,2026-07-13,BAL,Baltimore Penn Station,2026-07-13T22:49:00Z,2026-07-13T22:49:00Z,2026-07-13T22:46:00Z,2026-07-13T22:46:00Z,2026-07-13T21:16:44Z,83
amtrak,NER,196,2026-07-13,WAS,Washington Union Station,2026-07-13T22:08:00Z,2026-07-13T22:08:00Z,2026-07-13T22:08:00Z,2026-07-13T22:08:00Z,2026-07-13T21:16:44Z,83
amtrak,NER,197,2026-07-13,BAL,Baltimore Penn Station,2026-07-14T00:49:00Z,2026-07-14T00:49:00Z,2026-07-14T00:48:00Z,2026-07-14T00:48:00Z,2026-07-13T21:16:44Z,83
amtrak,NER,197,2026-07-13,WAS,Washington Union Station,2026-07-14T01:32:00Z,2026-07-14T01:32:00Z,2026-07-14T01:32:00Z,2026-07-14T01:22:00Z,2026-07-13T21:16:44Z,83
marc,11705,Train430,2026-07-13,11958,UNION STATION MARC Washington,2026-07-13T20:30:00Z,2026-07-13T20:31:45Z,NA,NA,2026-07-13T21:19:45Z,80.1
marc,11705,Train430,2026-07-13,12002,PENN STATION MARC nb,NA,NA,2026-07-13T21:29:00Z,2026-07-13T21:36:08Z,2026-07-13T21:19:45Z,80.1
marc,11705,Train443,2026-07-13,11980,PENN STATION MARC sb,2026-07-13T20:52:00Z,2026-07-13T20:52:00Z,NA,NA,2026-07-13T21:19:45Z,80.1
marc,11705,Train443,2026-07-13,11958,UNION STATION MARC Washington,NA,NA,2026-07-13T21:51:00Z,2026-07-13T21:55:03Z,2026-07-13T21:19:45Z,80.1
marc,11705,Train532,2026-07-13,11958,UNION STATION MARC Washington,2026-07-13T20:10:00Z,2026-07-13T20:11:26Z,NA,NA,2026-07-13T21:19:45Z,80.1
marc,11705,Train532,2026-07-13,12002,PENN STATION MARC nb,2026-07-13T21:01:00Z,2026-07-13T21:15:56Z,2026-07-13T21:00:30Z,2026-07-13T21:15:14Z,2026-07-13T21:19:45Z,80.1
marc,11705,Train536,2026-07-13,12002,PENN STATION MARC nb,2026-07-13T22:05:00Z,2026-07-13T22:05:00Z,2026-07-13T22:04:00Z,2026-07-13T22:04:00Z,2026-07-13T21:19:45Z,80.1
marc,11705,Train634,2026-07-13,11958,UNION STATION MARC Washington,2026-07-13T20:45:00Z,2026-07-13T20:46:17Z,NA,NA,2026-07-13T21:19:45Z,80.1
marc,11705,Train634,2026-07-13,12002,PENN STATION MARC nb,2026-07-13T21:36:00Z,2026-07-13T21:40:05Z,2026-07-13T21:34:50Z,2026-07-13T21:38:55Z,2026-07-13T21:19:45Z,80.1
amtrak,NER,66,2026-07-13,BAL,Baltimore Penn Station,2026-07-14T02:51:00Z,2026-07-14T02:49:00Z,2026-07-14T02:49:00Z,2026-07-14T02:49:00Z,2026-07-13T21:19:45Z,80.1
amtrak,NER,66,2026-07-13,WAS,Washington Union Station,2026-07-14T02:00:00Z,2026-07-14T01:28:00Z,2026-07-14T01:28:00Z,2026-07-14T01:28:00Z,2026-07-13T21:19:45Z,80.1
amtrak,NER,85,2026-07-13,BAL,Baltimore Penn Station,2026-07-13T21:52:00Z,2026-07-13T21:49:00Z,2026-07-13T21:49:00Z,2026-07-13T21:49:00Z,2026-07-13T21:19:45Z,80.1
amtrak,NER,85,2026-07-13,WAS,Washington Union Station,2026-07-13T22:39:00Z,2026-07-13T22:39:00Z,2026-07-13T22:39:00Z,2026-07-13T22:39:00Z,2026-07-13T21:19:45Z,80.1
amtrak,NER,86,2026-07-13,BAL,Baltimore Penn Station,2026-07-13T13:32:00Z,2026-07-13T13:38:00Z,2026-07-13T13:30:00Z,2026-07-13T13:35:00Z,2026-07-13T21:19:45Z,80.1
amtrak,NER,86,2026-07-13,WAS,Washington Union Station,2026-07-13T12:50:00Z,2026-07-13T12:52:00Z,2026-07-13T12:18:00Z,2026-07-13T12:30:00Z,2026-07-13T21:19:45Z,80.1
amtrak,NER,93,2026-07-13,BAL,Baltimore Penn Station,2026-07-13T20:39:00Z,2026-07-13T21:05:00Z,2026-07-13T20:37:00Z,2026-07-13T21:03:00Z,2026-07-13T21:19:45Z,80.1
amtrak,NER,93,2026-07-13,WAS,Washington Union Station,2026-07-13T22:05:00Z,2026-07-13T21:46:00Z,2026-07-13T21:25:00Z,2026-07-13T21:46:00Z,2026-07-13T21:19:45Z,80.1
amtrak,NER,94,2026-07-13,BAL,Baltimore Penn Station,2026-07-13T18:43:00Z,2026-07-13T18:47:00Z,2026-07-13T18:41:00Z,2026-07-13T18:45:00Z,2026-07-13T21:19:45Z,80.1
amtrak,NER,94,2026-07-13,WAS,Washington Union Station,2026-07-13T18:00:00Z,2026-07-13T18:02:00Z,2026-07-13T17:23:00Z,2026-07-13T17:25:00Z,2026-07-13T21:19:45Z,80.1
amtrak,NER,95,2026-07-13,BAL,Baltimore Penn Station,2026-07-13T17:29:00Z,2026-07-13T17:32:00Z,2026-07-13T17:20:00Z,2026-07-13T17:30:00Z,2026-07-13T21:19:45Z,80.1
amtrak,NER,95,2026-07-13,WAS,Washington Union Station,2026-07-13T18:35:00Z,2026-07-13T18:37:00Z,2026-07-13T18:07:00Z,2026-07-13T18:14:00Z,2026-07-13T21:19:45Z,80.1
amtrak,NER,125,2026-07-13,BAL,Baltimore Penn Station,2026-07-13T18:28:00Z,2026-07-13T18:51:00Z,2026-07-13T18:25:00Z,2026-07-13T18:48:00Z,2026-07-13T21:19:45Z,80.1
amtrak,NER,125,2026-07-13,WAS,Washington Union Station,2026-07-13T19:50:00Z,2026-07-13T19:57:00Z,2026-07-13T19:11:00Z,2026-07-13T19:32:00Z,2026-07-13T21:19:45Z,80.1
amtrak,NER,129,2026-07-13,BAL,Baltimore Penn Station,2026-07-13T23:20:00Z,2026-07-13T23:14:00Z,2026-07-13T23:14:00Z,2026-07-13T23:14:00Z,2026-07-13T21:19:45Z,80.1
amtrak,NER,129,2026-07-13,WAS,Washington Union Station,2026-07-14T00:03:00Z,2026-07-13T23:57:00Z,2026-07-14T00:03:00Z,2026-07-13T23:57:00Z,2026-07-13T21:19:45Z,80.1
amtrak,NER,136,2026-07-13,BAL,Baltimore Penn Station,2026-07-13T21:43:00Z,2026-07-13T21:41:00Z,2026-07-13T21:41:00Z,2026-07-13T21:41:00Z,2026-07-13T21:19:45Z,80.1
amtrak,NER,136,2026-07-13,WAS,Washington Union Station,2026-07-13T21:00:00Z,2026-07-13T21:00:00Z,2026-07-13T21:00:00Z,2026-07-13T21:00:00Z,2026-07-13T21:19:45Z,80.1
amtrak,NER,137,2026-07-13,BAL,Baltimore Penn Station,2026-07-14T01:07:00Z,2026-07-14T01:05:00Z,2026-07-14T01:05:00Z,2026-07-14T01:05:00Z,2026-07-13T21:19:45Z,80.1
amtrak,NER,137,2026-07-13,WAS,Washington Union Station,2026-07-14T01:55:00Z,2026-07-14T01:44:00Z,2026-07-14T01:55:00Z,2026-07-14T01:44:00Z,2026-07-13T21:19:45Z,80.1
amtrak,NER,138,2026-07-13,BAL,Baltimore Penn Station,2026-07-13T23:18:00Z,2026-07-13T23:16:00Z,2026-07-13T23:16:00Z,2026-07-13T23:16:00Z,2026-07-13T21:19:45Z,80.1
amtrak,NER,138,2026-07-13,WAS,Washington Union Station,2026-07-13T22:35:00Z,2026-07-13T21:36:00Z,2026-07-13T21:42:00Z,2026-07-13T21:36:00Z,2026-07-13T21:19:45Z,80.1
amtrak,NER,148,2026-07-13,BAL,Baltimore Penn Station,2026-07-13T19:38:00Z,2026-07-13T19:43:00Z,2026-07-13T19:36:00Z,2026-07-13T19:41:00Z,2026-07-13T21:19:45Z,80.1
amtrak,NER,148,2026-07-13,WAS,Washington Union Station,2026-07-13T18:55:00Z,2026-07-13T18:55:00Z,2026-07-13T18:55:00Z,2026-07-13T18:55:00Z,2026-07-13T21:19:45Z,80.1
amtrak,NER,171,2026-07-13,BAL,Baltimore Penn Station,2026-07-13T19:35:00Z,2026-07-13T23:02:00Z,2026-07-13T19:32:00Z,2026-07-13T23:02:00Z,2026-07-13T21:19:45Z,80.1
amtrak,NER,171,2026-07-13,WAS,Washington Union Station,2026-07-13T21:00:00Z,2026-07-13T23:40:00Z,2026-07-13T20:27:00Z,2026-07-13T23:40:00Z,2026-07-13T21:19:45Z,80.1
amtrak,NER,173,2026-07-13,BAL,Baltimore Penn Station,2026-07-13T22:51:00Z,2026-07-13T23:01:00Z,2026-07-13T22:48:00Z,2026-07-13T23:01:00Z,2026-07-13T21:19:45Z,80.1
amtrak,NER,173,2026-07-13,WAS,Washington Union Station,2026-07-13T23:38:00Z,2026-07-13T23:37:00Z,2026-07-13T23:38:00Z,2026-07-13T23:37:00Z,2026-07-13T21:19:45Z,80.1
amtrak,NER,174,2026-07-13,BAL,Baltimore Penn Station,2026-07-13T15:18:00Z,2026-07-13T15:27:00Z,2026-07-13T15:16:00Z,2026-07-13T15:25:00Z,2026-07-13T21:19:45Z,80.1
amtrak,NER,174,2026-07-13,WAS,Washington Union Station,2026-07-13T14:35:00Z,2026-07-13T14:35:00Z,2026-07-13T14:35:00Z,2026-07-13T14:35:00Z,2026-07-13T21:19:45Z,80.1
amtrak,NER,175,2026-07-13,BAL,Baltimore Penn Station,2026-07-14T02:40:00Z,2026-07-14T02:37:00Z,2026-07-14T02:37:00Z,2026-07-14T02:37:00Z,2026-07-13T21:19:45Z,80.1
amtrak,NER,175,2026-07-13,WAS,Washington Union Station,2026-07-14T03:21:00Z,2026-07-14T03:17:00Z,2026-07-14T03:21:00Z,2026-07-14T03:17:00Z,2026-07-13T21:19:45Z,80.1
amtrak,NER,176,2026-07-13,BAL,Baltimore Penn Station,2026-07-13T20:08:00Z,2026-07-13T20:18:00Z,2026-07-13T20:06:00Z,2026-07-13T20:16:00Z,2026-07-13T21:19:45Z,80.1
amtrak,NER,176,2026-07-13,WAS,Washington Union Station,2026-07-13T19:30:00Z,2026-07-13T19:30:00Z,2026-07-13T19:30:00Z,2026-07-13T19:30:00Z,2026-07-13T21:19:45Z,80.1
amtrak,NER,178,2026-07-13,BAL,Baltimore Penn Station,2026-07-13T20:39:00Z,2026-07-13T21:04:00Z,2026-07-13T20:37:00Z,2026-07-13T21:00:00Z,2026-07-13T21:19:45Z,80.1
amtrak,NER,178,2026-07-13,WAS,Washington Union Station,2026-07-13T19:56:00Z,2026-07-13T20:15:00Z,2026-07-13T18:55:00Z,2026-07-13T19:55:00Z,2026-07-13T21:19:45Z,80.1
amtrak,NER,184,2026-07-13,BAL,Baltimore Penn Station,2026-07-13T17:54:00Z,2026-07-13T17:57:00Z,2026-07-13T17:52:00Z,2026-07-13T17:54:00Z,2026-07-13T21:19:45Z,80.1
amtrak,NER,184,2026-07-13,WAS,Washington Union Station,2026-07-13T17:20:00Z,2026-07-13T17:20:00Z,2026-07-13T17:20:00Z,2026-07-13T17:20:00Z,2026-07-13T21:19:45Z,80.1
amtrak,NER,186,2026-07-13,BAL,Baltimore Penn Station,2026-07-14T01:14:00Z,2026-07-14T01:12:00Z,2026-07-14T01:12:00Z,2026-07-14T01:12:00Z,2026-07-13T21:19:45Z,80.1
amtrak,NER,186,2026-07-13,WAS,Washington Union Station,2026-07-14T00:30:00Z,2026-07-13T23:55:00Z,2026-07-13T23:55:00Z,2026-07-13T23:55:00Z,2026-07-13T21:19:45Z,80.1
amtrak,NER,196,2026-07-13,BAL,Baltimore Penn Station,2026-07-13T22:49:00Z,2026-07-13T22:49:00Z,2026-07-13T22:46:00Z,2026-07-13T22:46:00Z,2026-07-13T21:19:45Z,80.1
amtrak,NER,196,2026-07-13,WAS,Washington Union Station,2026-07-13T22:08:00Z,2026-07-13T22:08:00Z,2026-07-13T22:08:00Z,2026-07-13T22:08:00Z,2026-07-13T21:19:45Z,80.1
amtrak,NER,197,2026-07-13,BAL,Baltimore Penn Station,2026-07-14T00:49:00Z,2026-07-14T00:49:00Z,2026-07-14T00:48:00Z,2026-07-14T00:48:00Z,2026-07-13T21:19:45Z,80.1
amtrak,NER,197,2026-07-13,WAS,Washington Union Station,2026-07-14T01:32:00Z,2026-07-14T01:32:00Z,2026-07-14T01:32:00Z,2026-07-14T01:22:00Z,2026-07-13T21:19:45Z,80.1
marc,11705,Train438,2026-07-13,11958,UNION STATION MARC Washington,2026-07-13T21:27:00Z,2026-07-13T21:29:00Z,NA,NA,2026-07-13T22:13:44Z,68
marc,11705,Train438,2026-07-13,12002,PENN STATION MARC nb,NA,NA,2026-07-13T22:25:00Z,2026-07-13T22:19:54Z,2026-07-13T22:13:44Z,68
marc,11705,Train440,2026-07-13,11958,UNION STATION MARC Washington,2026-07-13T21:35:00Z,2026-07-13T21:37:32Z,NA,NA,2026-07-13T22:13:44Z,68
marc,11705,Train440,2026-07-13,12002,PENN STATION MARC nb,NA,NA,2026-07-13T22:42:00Z,2026-07-13T22:49:17Z,2026-07-13T22:13:44Z,68
marc,11705,Train447,2026-07-13,11980,PENN STATION MARC sb,2026-07-13T22:00:00Z,2026-07-13T22:01:34Z,NA,NA,2026-07-13T22:13:44Z,68
marc,11705,Train447,2026-07-13,11958,UNION STATION MARC Washington,NA,NA,2026-07-13T22:50:00Z,2026-07-13T22:58:57Z,2026-07-13T22:13:44Z,68
marc,11705,Train445,2026-07-13,11980,PENN STATION MARC sb,2026-07-13T21:30:00Z,2026-07-13T21:30:00Z,NA,NA,2026-07-13T22:13:44Z,68
marc,11705,Train445,2026-07-13,11958,UNION STATION MARC Washington,NA,NA,2026-07-13T22:35:00Z,2026-07-13T22:42:04Z,2026-07-13T22:13:44Z,68
marc,11705,Train536,2026-07-13,11958,UNION STATION MARC Washington,2026-07-13T21:18:00Z,2026-07-13T21:20:29Z,NA,NA,2026-07-13T22:13:44Z,68
marc,11705,Train536,2026-07-13,12002,PENN STATION MARC nb,2026-07-13T22:05:00Z,2026-07-13T22:06:57Z,2026-07-13T22:04:00Z,2026-07-13T22:11:30Z,2026-07-13T22:13:44Z,68
marc,11705,Train634,2026-07-13,11958,UNION STATION MARC Washington,2026-07-13T20:45:00Z,2026-07-13T20:46:17Z,NA,NA,2026-07-13T22:13:44Z,68
marc,11705,Train634,2026-07-13,12002,PENN STATION MARC nb,2026-07-13T21:36:00Z,2026-07-13T21:52:03Z,2026-07-13T21:34:50Z,2026-07-13T21:51:24Z,2026-07-13T22:13:44Z,68
marc,11705,Train642,2026-07-13,11958,UNION STATION MARC Washington,2026-07-13T22:00:00Z,2026-07-13T22:01:34Z,NA,NA,2026-07-13T22:13:44Z,68
marc,11705,Train642,2026-07-13,12002,PENN STATION MARC nb,2026-07-13T23:09:00Z,2026-07-13T23:10:46Z,2026-07-13T23:04:00Z,2026-07-13T23:05:46Z,2026-07-13T22:13:44Z,68
amtrak,NER,66,2026-07-13,BAL,Baltimore Penn Station,2026-07-14T02:51:00Z,2026-07-14T02:49:00Z,2026-07-14T02:49:00Z,2026-07-14T02:49:00Z,2026-07-13T22:13:44Z,68
amtrak,NER,66,2026-07-13,WAS,Washington Union Station,2026-07-14T02:00:00Z,2026-07-14T01:28:00Z,2026-07-14T01:28:00Z,2026-07-14T01:28:00Z,2026-07-13T22:13:44Z,68
amtrak,NER,67,2026-07-13,BAL,Baltimore Penn Station,2026-07-14T10:04:00Z,2026-07-14T10:04:00Z,2026-07-14T10:02:00Z,2026-07-14T10:02:00Z,2026-07-13T22:13:44Z,68
amtrak,NER,67,2026-07-13,WAS,Washington Union Station,2026-07-14T11:20:00Z,2026-07-14T11:20:00Z,2026-07-14T10:54:00Z,2026-07-14T10:54:00Z,2026-07-13T22:13:44Z,68
amtrak,NER,85,2026-07-13,BAL,Baltimore Penn Station,2026-07-13T21:52:00Z,2026-07-13T21:52:00Z,2026-07-13T21:49:00Z,2026-07-13T21:49:00Z,2026-07-13T22:13:44Z,68
amtrak,NER,85,2026-07-13,WAS,Washington Union Station,2026-07-13T22:39:00Z,2026-07-13T22:39:00Z,2026-07-13T22:39:00Z,2026-07-13T22:39:00Z,2026-07-13T22:13:44Z,68
amtrak,NER,93,2026-07-13,BAL,Baltimore Penn Station,2026-07-13T20:39:00Z,2026-07-13T21:05:00Z,2026-07-13T20:37:00Z,2026-07-13T21:03:00Z,2026-07-13T22:13:44Z,68
amtrak,NER,93,2026-07-13,WAS,Washington Union Station,2026-07-13T22:05:00Z,2026-07-13T22:12:00Z,2026-07-13T21:25:00Z,2026-07-13T21:52:00Z,2026-07-13T22:13:44Z,68
amtrak,NER,94,2026-07-13,BAL,Baltimore Penn Station,2026-07-13T18:43:00Z,2026-07-13T18:47:00Z,2026-07-13T18:41:00Z,2026-07-13T18:45:00Z,2026-07-13T22:13:44Z,68
amtrak,NER,94,2026-07-13,WAS,Washington Union Station,2026-07-13T18:00:00Z,2026-07-13T18:02:00Z,2026-07-13T17:23:00Z,2026-07-13T17:25:00Z,2026-07-13T22:13:44Z,68
amtrak,NER,95,2026-07-13,BAL,Baltimore Penn Station,2026-07-13T17:29:00Z,2026-07-13T17:32:00Z,2026-07-13T17:20:00Z,2026-07-13T17:30:00Z,2026-07-13T22:13:44Z,68
amtrak,NER,95,2026-07-13,WAS,Washington Union Station,2026-07-13T18:35:00Z,2026-07-13T18:37:00Z,2026-07-13T18:07:00Z,2026-07-13T18:14:00Z,2026-07-13T22:13:44Z,68
amtrak,NER,125,2026-07-13,BAL,Baltimore Penn Station,2026-07-13T18:28:00Z,2026-07-13T18:51:00Z,2026-07-13T18:25:00Z,2026-07-13T18:48:00Z,2026-07-13T22:13:44Z,68
amtrak,NER,125,2026-07-13,WAS,Washington Union Station,2026-07-13T19:50:00Z,2026-07-13T19:57:00Z,2026-07-13T19:11:00Z,2026-07-13T19:32:00Z,2026-07-13T22:13:44Z,68
amtrak,NER,129,2026-07-13,BAL,Baltimore Penn Station,2026-07-13T23:20:00Z,2026-07-13T23:23:00Z,2026-07-13T23:14:00Z,2026-07-13T23:23:00Z,2026-07-13T22:13:44Z,68
amtrak,NER,129,2026-07-13,WAS,Washington Union Station,2026-07-14T00:03:00Z,2026-07-14T00:05:00Z,2026-07-14T00:03:00Z,2026-07-14T00:05:00Z,2026-07-13T22:13:44Z,68
amtrak,NER,136,2026-07-13,BAL,Baltimore Penn Station,2026-07-13T21:43:00Z,2026-07-13T21:57:00Z,2026-07-13T21:41:00Z,2026-07-13T21:55:00Z,2026-07-13T22:13:44Z,68
amtrak,NER,136,2026-07-13,WAS,Washington Union Station,2026-07-13T21:00:00Z,2026-07-13T21:00:00Z,2026-07-13T21:00:00Z,2026-07-13T21:00:00Z,2026-07-13T22:13:44Z,68
amtrak,NER,137,2026-07-13,BAL,Baltimore Penn Station,2026-07-14T01:07:00Z,2026-07-14T01:05:00Z,2026-07-14T01:05:00Z,2026-07-14T01:05:00Z,2026-07-13T22:13:44Z,68
amtrak,NER,137,2026-07-13,WAS,Washington Union Station,2026-07-14T01:55:00Z,2026-07-14T01:44:00Z,2026-07-14T01:55:00Z,2026-07-14T01:44:00Z,2026-07-13T22:13:44Z,68
amtrak,NER,138,2026-07-13,BAL,Baltimore Penn Station,2026-07-13T23:18:00Z,2026-07-13T23:16:00Z,2026-07-13T23:16:00Z,2026-07-13T23:16:00Z,2026-07-13T22:13:44Z,68
amtrak,NER,138,2026-07-13,WAS,Washington Union Station,2026-07-13T22:35:00Z,2026-07-13T22:35:00Z,2026-07-13T21:42:00Z,2026-07-13T21:36:00Z,2026-07-13T22:13:44Z,68
amtrak,NER,148,2026-07-13,BAL,Baltimore Penn Station,2026-07-13T19:38:00Z,2026-07-13T19:43:00Z,2026-07-13T19:36:00Z,2026-07-13T19:41:00Z,2026-07-13T22:13:44Z,68
amtrak,NER,148,2026-07-13,WAS,Washington Union Station,2026-07-13T18:55:00Z,2026-07-13T18:55:00Z,2026-07-13T18:55:00Z,2026-07-13T18:55:00Z,2026-07-13T22:13:44Z,68
amtrak,NER,171,2026-07-13,BAL,Baltimore Penn Station,2026-07-13T19:35:00Z,2026-07-13T23:06:00Z,2026-07-13T19:32:00Z,2026-07-13T23:06:00Z,2026-07-13T22:13:44Z,68
amtrak,NER,171,2026-07-13,WAS,Washington Union Station,2026-07-13T21:00:00Z,2026-07-13T23:44:00Z,2026-07-13T20:27:00Z,2026-07-13T23:44:00Z,2026-07-13T22:13:44Z,68
amtrak,NER,173,2026-07-13,BAL,Baltimore Penn Station,2026-07-13T22:51:00Z,2026-07-13T23:07:00Z,2026-07-13T22:48:00Z,2026-07-13T23:07:00Z,2026-07-13T22:13:44Z,68
amtrak,NER,173,2026-07-13,WAS,Washington Union Station,2026-07-13T23:38:00Z,2026-07-13T23:47:00Z,2026-07-13T23:38:00Z,2026-07-13T23:47:00Z,2026-07-13T22:13:44Z,68
amtrak,NER,174,2026-07-13,BAL,Baltimore Penn Station,2026-07-13T15:18:00Z,2026-07-13T15:27:00Z,2026-07-13T15:16:00Z,2026-07-13T15:25:00Z,2026-07-13T22:13:44Z,68
amtrak,NER,174,2026-07-13,WAS,Washington Union Station,2026-07-13T14:35:00Z,2026-07-13T14:35:00Z,2026-07-13T14:35:00Z,2026-07-13T14:35:00Z,2026-07-13T22:13:44Z,68
amtrak,NER,175,2026-07-13,BAL,Baltimore Penn Station,2026-07-14T02:40:00Z,2026-07-14T02:37:00Z,2026-07-14T02:37:00Z,2026-07-14T02:37:00Z,2026-07-13T22:13:44Z,68
amtrak,NER,175,2026-07-13,WAS,Washington Union Station,2026-07-14T03:21:00Z,2026-07-14T03:17:00Z,2026-07-14T03:21:00Z,2026-07-14T03:17:00Z,2026-07-13T22:13:44Z,68
amtrak,NER,176,2026-07-13,BAL,Baltimore Penn Station,2026-07-13T20:08:00Z,2026-07-13T20:18:00Z,2026-07-13T20:06:00Z,2026-07-13T20:16:00Z,2026-07-13T22:13:44Z,68
amtrak,NER,176,2026-07-13,WAS,Washington Union Station,2026-07-13T19:30:00Z,2026-07-13T19:30:00Z,2026-07-13T19:30:00Z,2026-07-13T19:30:00Z,2026-07-13T22:13:44Z,68
amtrak,NER,178,2026-07-13,BAL,Baltimore Penn Station,2026-07-13T20:39:00Z,2026-07-13T21:04:00Z,2026-07-13T20:37:00Z,2026-07-13T21:00:00Z,2026-07-13T22:13:44Z,68
amtrak,NER,178,2026-07-13,WAS,Washington Union Station,2026-07-13T19:56:00Z,2026-07-13T20:15:00Z,2026-07-13T18:55:00Z,2026-07-13T19:55:00Z,2026-07-13T22:13:44Z,68
amtrak,NER,184,2026-07-13,BAL,Baltimore Penn Station,2026-07-13T17:54:00Z,2026-07-13T17:57:00Z,2026-07-13T17:52:00Z,2026-07-13T17:54:00Z,2026-07-13T22:13:44Z,68
amtrak,NER,184,2026-07-13,WAS,Washington Union Station,2026-07-13T17:20:00Z,2026-07-13T17:20:00Z,2026-07-13T17:20:00Z,2026-07-13T17:20:00Z,2026-07-13T22:13:44Z,68
amtrak,NER,186,2026-07-13,BAL,Baltimore Penn Station,2026-07-14T01:14:00Z,2026-07-14T01:12:00Z,2026-07-14T01:12:00Z,2026-07-14T01:12:00Z,2026-07-13T22:13:44Z,68
amtrak,NER,186,2026-07-13,WAS,Washington Union Station,2026-07-14T00:30:00Z,2026-07-13T23:56:00Z,2026-07-13T23:55:00Z,2026-07-13T23:56:00Z,2026-07-13T22:13:44Z,68
amtrak,NER,192,2026-07-13,BAL,Baltimore Penn Station,2026-07-13T23:54:00Z,2026-07-13T23:54:00Z,2026-07-13T23:52:00Z,2026-07-13T23:52:00Z,2026-07-13T22:13:44Z,68
amtrak,NER,192,2026-07-13,WAS,Washington Union Station,2026-07-13T23:12:00Z,2026-07-13T23:12:00Z,2026-07-13T23:12:00Z,2026-07-13T23:12:00Z,2026-07-13T22:13:44Z,68
amtrak,NER,196,2026-07-13,BAL,Baltimore Penn Station,2026-07-13T22:49:00Z,2026-07-13T22:46:00Z,2026-07-13T22:46:00Z,2026-07-13T22:46:00Z,2026-07-13T22:13:44Z,68
amtrak,NER,196,2026-07-13,WAS,Washington Union Station,2026-07-13T22:08:00Z,2026-07-13T22:08:00Z,2026-07-13T22:08:00Z,2026-07-13T22:08:00Z,2026-07-13T22:13:44Z,68
amtrak,NER,197,2026-07-13,BAL,Baltimore Penn Station,2026-07-14T00:49:00Z,2026-07-14T00:49:00Z,2026-07-14T00:48:00Z,2026-07-14T00:48:00Z,2026-07-13T22:13:44Z,68
amtrak,NER,197,2026-07-13,WAS,Washington Union Station,2026-07-14T01:32:00Z,2026-07-14T01:32:00Z,2026-07-14T01:32:00Z,2026-07-14T01:22:00Z,2026-07-13T22:13:44Z,68
marc,11705,Train438,2026-07-13,11958,UNION STATION MARC Washington,2026-07-13T21:27:00Z,2026-07-13T21:29:00Z,NA,NA,2026-07-13T22:16:46Z,66.5
marc,11705,Train438,2026-07-13,12002,PENN STATION MARC nb,NA,NA,2026-07-13T22:25:00Z,2026-07-13T22:19:54Z,2026-07-13T22:16:46Z,66.5
marc,11705,Train440,2026-07-13,11958,UNION STATION MARC Washington,2026-07-13T21:35:00Z,2026-07-13T21:37:32Z,NA,NA,2026-07-13T22:16:46Z,66.5
marc,11705,Train440,2026-07-13,12002,PENN STATION MARC nb,NA,NA,2026-07-13T22:42:00Z,2026-07-13T22:47:53Z,2026-07-13T22:16:46Z,66.5
marc,11705,Train447,2026-07-13,11980,PENN STATION MARC sb,2026-07-13T22:00:00Z,2026-07-13T22:01:34Z,NA,NA,2026-07-13T22:16:46Z,66.5
marc,11705,Train447,2026-07-13,11958,UNION STATION MARC Washington,NA,NA,2026-07-13T22:50:00Z,2026-07-13T22:59:36Z,2026-07-13T22:16:46Z,66.5
marc,11705,Train445,2026-07-13,11980,PENN STATION MARC sb,2026-07-13T21:30:00Z,2026-07-13T21:30:00Z,NA,NA,2026-07-13T22:16:46Z,66.5
marc,11705,Train445,2026-07-13,11958,UNION STATION MARC Washington,NA,NA,2026-07-13T22:35:00Z,2026-07-13T22:43:00Z,2026-07-13T22:16:46Z,66.5
marc,11705,Train536,2026-07-13,11958,UNION STATION MARC Washington,2026-07-13T21:18:00Z,2026-07-13T21:20:29Z,NA,NA,2026-07-13T22:16:46Z,66.5
marc,11705,Train536,2026-07-13,12002,PENN STATION MARC nb,2026-07-13T22:05:00Z,2026-07-13T22:12:21Z,2026-07-13T22:04:00Z,2026-07-13T22:11:30Z,2026-07-13T22:16:46Z,66.5
marc,11705,Train642,2026-07-13,11958,UNION STATION MARC Washington,2026-07-13T22:00:00Z,2026-07-13T22:01:34Z,NA,NA,2026-07-13T22:16:46Z,66.5
marc,11705,Train642,2026-07-13,12002,PENN STATION MARC nb,2026-07-13T23:09:00Z,2026-07-13T23:10:49Z,2026-07-13T23:04:00Z,2026-07-13T23:05:49Z,2026-07-13T22:16:46Z,66.5
amtrak,NER,66,2026-07-13,BAL,Baltimore Penn Station,2026-07-14T02:51:00Z,2026-07-14T02:49:00Z,2026-07-14T02:49:00Z,2026-07-14T02:49:00Z,2026-07-13T22:16:46Z,66.5
amtrak,NER,66,2026-07-13,WAS,Washington Union Station,2026-07-14T02:00:00Z,2026-07-14T01:28:00Z,2026-07-14T01:28:00Z,2026-07-14T01:28:00Z,2026-07-13T22:16:46Z,66.5
amtrak,NER,67,2026-07-13,BAL,Baltimore Penn Station,2026-07-14T10:04:00Z,2026-07-14T10:04:00Z,2026-07-14T10:02:00Z,2026-07-14T10:02:00Z,2026-07-13T22:16:46Z,66.5
amtrak,NER,67,2026-07-13,WAS,Washington Union Station,2026-07-14T11:20:00Z,2026-07-14T11:20:00Z,2026-07-14T10:54:00Z,2026-07-14T10:54:00Z,2026-07-13T22:16:46Z,66.5
amtrak,NER,85,2026-07-13,BAL,Baltimore Penn Station,2026-07-13T21:52:00Z,2026-07-13T21:52:00Z,2026-07-13T21:49:00Z,2026-07-13T21:49:00Z,2026-07-13T22:16:46Z,66.5
amtrak,NER,85,2026-07-13,WAS,Washington Union Station,2026-07-13T22:39:00Z,2026-07-13T22:39:00Z,2026-07-13T22:39:00Z,2026-07-13T22:39:00Z,2026-07-13T22:16:46Z,66.5
amtrak,NER,93,2026-07-13,BAL,Baltimore Penn Station,2026-07-13T20:39:00Z,2026-07-13T21:05:00Z,2026-07-13T20:37:00Z,2026-07-13T21:03:00Z,2026-07-13T22:16:46Z,66.5
amtrak,NER,93,2026-07-13,WAS,Washington Union Station,2026-07-13T22:05:00Z,2026-07-13T22:12:00Z,2026-07-13T21:25:00Z,2026-07-13T21:52:00Z,2026-07-13T22:16:46Z,66.5
amtrak,NER,94,2026-07-13,BAL,Baltimore Penn Station,2026-07-13T18:43:00Z,2026-07-13T18:47:00Z,2026-07-13T18:41:00Z,2026-07-13T18:45:00Z,2026-07-13T22:16:46Z,66.5
amtrak,NER,94,2026-07-13,WAS,Washington Union Station,2026-07-13T18:00:00Z,2026-07-13T18:02:00Z,2026-07-13T17:23:00Z,2026-07-13T17:25:00Z,2026-07-13T22:16:46Z,66.5
amtrak,NER,95,2026-07-13,BAL,Baltimore Penn Station,2026-07-13T17:29:00Z,2026-07-13T17:32:00Z,2026-07-13T17:20:00Z,2026-07-13T17:30:00Z,2026-07-13T22:16:46Z,66.5
amtrak,NER,95,2026-07-13,WAS,Washington Union Station,2026-07-13T18:35:00Z,2026-07-13T18:37:00Z,2026-07-13T18:07:00Z,2026-07-13T18:14:00Z,2026-07-13T22:16:46Z,66.5
amtrak,NER,125,2026-07-13,BAL,Baltimore Penn Station,2026-07-13T18:28:00Z,2026-07-13T18:51:00Z,2026-07-13T18:25:00Z,2026-07-13T18:48:00Z,2026-07-13T22:16:46Z,66.5
amtrak,NER,125,2026-07-13,WAS,Washington Union Station,2026-07-13T19:50:00Z,2026-07-13T19:57:00Z,2026-07-13T19:11:00Z,2026-07-13T19:32:00Z,2026-07-13T22:16:46Z,66.5
amtrak,NER,129,2026-07-13,BAL,Baltimore Penn Station,2026-07-13T23:20:00Z,2026-07-13T23:26:00Z,2026-07-13T23:14:00Z,2026-07-13T23:26:00Z,2026-07-13T22:16:46Z,66.5
amtrak,NER,129,2026-07-13,WAS,Washington Union Station,2026-07-14T00:03:00Z,2026-07-14T00:08:00Z,2026-07-14T00:03:00Z,2026-07-14T00:08:00Z,2026-07-13T22:16:46Z,66.5
amtrak,NER,136,2026-07-13,BAL,Baltimore Penn Station,2026-07-13T21:43:00Z,2026-07-13T21:57:00Z,2026-07-13T21:41:00Z,2026-07-13T21:55:00Z,2026-07-13T22:16:46Z,66.5
amtrak,NER,136,2026-07-13,WAS,Washington Union Station,2026-07-13T21:00:00Z,2026-07-13T21:00:00Z,2026-07-13T21:00:00Z,2026-07-13T21:00:00Z,2026-07-13T22:16:46Z,66.5
amtrak,NER,137,2026-07-13,BAL,Baltimore Penn Station,2026-07-14T01:07:00Z,2026-07-14T01:05:00Z,2026-07-14T01:05:00Z,2026-07-14T01:05:00Z,2026-07-13T22:16:46Z,66.5
amtrak,NER,137,2026-07-13,WAS,Washington Union Station,2026-07-14T01:55:00Z,2026-07-14T01:44:00Z,2026-07-14T01:55:00Z,2026-07-14T01:44:00Z,2026-07-13T22:16:46Z,66.5
amtrak,NER,138,2026-07-13,BAL,Baltimore Penn Station,2026-07-13T23:18:00Z,2026-07-13T23:16:00Z,2026-07-13T23:16:00Z,2026-07-13T23:16:00Z,2026-07-13T22:16:46Z,66.5
amtrak,NER,138,2026-07-13,WAS,Washington Union Station,2026-07-13T22:35:00Z,2026-07-13T22:35:00Z,2026-07-13T21:42:00Z,2026-07-13T21:36:00Z,2026-07-13T22:16:46Z,66.5
amtrak,NER,148,2026-07-13,BAL,Baltimore Penn Station,2026-07-13T19:38:00Z,2026-07-13T19:43:00Z,2026-07-13T19:36:00Z,2026-07-13T19:41:00Z,2026-07-13T22:16:46Z,66.5
amtrak,NER,148,2026-07-13,WAS,Washington Union Station,2026-07-13T18:55:00Z,2026-07-13T18:55:00Z,2026-07-13T18:55:00Z,2026-07-13T18:55:00Z,2026-07-13T22:16:46Z,66.5
amtrak,NER,171,2026-07-13,BAL,Baltimore Penn Station,2026-07-13T19:35:00Z,2026-07-13T23:06:00Z,2026-07-13T19:32:00Z,2026-07-13T23:06:00Z,2026-07-13T22:16:46Z,66.5
amtrak,NER,171,2026-07-13,WAS,Washington Union Station,2026-07-13T21:00:00Z,2026-07-13T23:44:00Z,2026-07-13T20:27:00Z,2026-07-13T23:44:00Z,2026-07-13T22:16:46Z,66.5
amtrak,NER,173,2026-07-13,BAL,Baltimore Penn Station,2026-07-13T22:51:00Z,2026-07-13T23:10:00Z,2026-07-13T22:48:00Z,2026-07-13T23:10:00Z,2026-07-13T22:16:46Z,66.5
amtrak,NER,173,2026-07-13,WAS,Washington Union Station,2026-07-13T23:38:00Z,2026-07-13T23:50:00Z,2026-07-13T23:38:00Z,2026-07-13T23:50:00Z,2026-07-13T22:16:46Z,66.5
amtrak,NER,174,2026-07-13,BAL,Baltimore Penn Station,2026-07-13T15:18:00Z,2026-07-13T15:27:00Z,2026-07-13T15:16:00Z,2026-07-13T15:25:00Z,2026-07-13T22:16:46Z,66.5
amtrak,NER,174,2026-07-13,WAS,Washington Union Station,2026-07-13T14:35:00Z,2026-07-13T14:35:00Z,2026-07-13T14:35:00Z,2026-07-13T14:35:00Z,2026-07-13T22:16:46Z,66.5
amtrak,NER,175,2026-07-13,BAL,Baltimore Penn Station,2026-07-14T02:40:00Z,2026-07-14T02:37:00Z,2026-07-14T02:37:00Z,2026-07-14T02:37:00Z,2026-07-13T22:16:46Z,66.5
amtrak,NER,175,2026-07-13,WAS,Washington Union Station,2026-07-14T03:21:00Z,2026-07-14T03:17:00Z,2026-07-14T03:21:00Z,2026-07-14T03:17:00Z,2026-07-13T22:16:46Z,66.5
amtrak,NER,176,2026-07-13,BAL,Baltimore Penn Station,2026-07-13T20:08:00Z,2026-07-13T20:18:00Z,2026-07-13T20:06:00Z,2026-07-13T20:16:00Z,2026-07-13T22:16:46Z,66.5
amtrak,NER,176,2026-07-13,WAS,Washington Union Station,2026-07-13T19:30:00Z,2026-07-13T19:30:00Z,2026-07-13T19:30:00Z,2026-07-13T19:30:00Z,2026-07-13T22:16:46Z,66.5
amtrak,NER,178,2026-07-13,BAL,Baltimore Penn Station,2026-07-13T20:39:00Z,2026-07-13T21:04:00Z,2026-07-13T20:37:00Z,2026-07-13T21:00:00Z,2026-07-13T22:16:46Z,66.5
amtrak,NER,178,2026-07-13,WAS,Washington Union Station,2026-07-13T19:56:00Z,2026-07-13T20:15:00Z,2026-07-13T18:55:00Z,2026-07-13T19:55:00Z,2026-07-13T22:16:46Z,66.5
amtrak,NER,184,2026-07-13,BAL,Baltimore Penn Station,2026-07-13T17:54:00Z,2026-07-13T17:57:00Z,2026-07-13T17:52:00Z,2026-07-13T17:54:00Z,2026-07-13T22:16:46Z,66.5
amtrak,NER,184,2026-07-13,WAS,Washington Union Station,2026-07-13T17:20:00Z,2026-07-13T17:20:00Z,2026-07-13T17:20:00Z,2026-07-13T17:20:00Z,2026-07-13T22:16:46Z,66.5
amtrak,NER,186,2026-07-13,BAL,Baltimore Penn Station,2026-07-14T01:14:00Z,2026-07-14T01:12:00Z,2026-07-14T01:12:00Z,2026-07-14T01:12:00Z,2026-07-13T22:16:46Z,66.5
amtrak,NER,186,2026-07-13,WAS,Washington Union Station,2026-07-14T00:30:00Z,2026-07-13T23:56:00Z,2026-07-13T23:55:00Z,2026-07-13T23:56:00Z,2026-07-13T22:16:46Z,66.5
amtrak,NER,192,2026-07-13,BAL,Baltimore Penn Station,2026-07-13T23:54:00Z,2026-07-13T23:54:00Z,2026-07-13T23:52:00Z,2026-07-13T23:52:00Z,2026-07-13T22:16:46Z,66.5
amtrak,NER,192,2026-07-13,WAS,Washington Union Station,2026-07-13T23:12:00Z,2026-07-13T23:12:00Z,2026-07-13T23:12:00Z,2026-07-13T23:12:00Z,2026-07-13T22:16:46Z,66.5
amtrak,NER,196,2026-07-13,BAL,Baltimore Penn Station,2026-07-13T22:49:00Z,2026-07-13T22:46:00Z,2026-07-13T22:46:00Z,2026-07-13T22:46:00Z,2026-07-13T22:16:46Z,66.5
amtrak,NER,196,2026-07-13,WAS,Washington Union Station,2026-07-13T22:08:00Z,2026-07-13T22:08:00Z,2026-07-13T22:08:00Z,2026-07-13T22:08:00Z,2026-07-13T22:16:46Z,66.5
amtrak,NER,197,2026-07-13,BAL,Baltimore Penn Station,2026-07-14T00:49:00Z,2026-07-14T00:49:00Z,2026-07-14T00:48:00Z,2026-07-14T00:48:00Z,2026-07-13T22:16:46Z,66.5
amtrak,NER,197,2026-07-13,WAS,Washington Union Station,2026-07-14T01:32:00Z,2026-07-14T01:32:00Z,2026-07-14T01:32:00Z,2026-07-14T01:22:00Z,2026-07-13T22:16:46Z,66.5
marc,11705,Train438,2026-07-13,11958,UNION STATION MARC Washington,2026-07-13T21:27:00Z,2026-07-13T21:29:00Z,NA,NA,2026-07-13T22:19:47Z,65.4
marc,11705,Train438,2026-07-13,12002,PENN STATION MARC nb,NA,NA,2026-07-13T22:25:00Z,2026-07-13T22:19:54Z,2026-07-13T22:19:47Z,65.4
marc,11705,Train440,2026-07-13,11958,UNION STATION MARC Washington,2026-07-13T21:35:00Z,2026-07-13T21:37:32Z,NA,NA,2026-07-13T22:19:47Z,65.4
marc,11705,Train440,2026-07-13,12002,PENN STATION MARC nb,NA,NA,2026-07-13T22:42:00Z,2026-07-13T22:47:49Z,2026-07-13T22:19:47Z,65.4
marc,11705,Train447,2026-07-13,11980,PENN STATION MARC sb,2026-07-13T22:00:00Z,2026-07-13T22:01:34Z,NA,NA,2026-07-13T22:19:47Z,65.4
marc,11705,Train447,2026-07-13,11958,UNION STATION MARC Washington,NA,NA,2026-07-13T22:50:00Z,2026-07-13T22:59:51Z,2026-07-13T22:19:47Z,65.4
marc,11705,Train445,2026-07-13,11980,PENN STATION MARC sb,2026-07-13T21:30:00Z,2026-07-13T21:30:00Z,NA,NA,2026-07-13T22:19:47Z,65.4
marc,11705,Train445,2026-07-13,11958,UNION STATION MARC Washington,NA,NA,2026-07-13T22:35:00Z,2026-07-13T22:43:12Z,2026-07-13T22:19:47Z,65.4
marc,11705,Train536,2026-07-13,11958,UNION STATION MARC Washington,2026-07-13T21:18:00Z,2026-07-13T21:20:29Z,NA,NA,2026-07-13T22:19:47Z,65.4
marc,11705,Train536,2026-07-13,12002,PENN STATION MARC nb,2026-07-13T22:05:00Z,2026-07-13T22:12:21Z,2026-07-13T22:04:00Z,2026-07-13T22:11:30Z,2026-07-13T22:19:47Z,65.4
marc,11705,Train642,2026-07-13,11958,UNION STATION MARC Washington,2026-07-13T22:00:00Z,2026-07-13T22:01:34Z,NA,NA,2026-07-13T22:19:47Z,65.4
marc,11705,Train642,2026-07-13,12002,PENN STATION MARC nb,2026-07-13T23:09:00Z,2026-07-13T23:11:34Z,2026-07-13T23:04:00Z,2026-07-13T23:06:34Z,2026-07-13T22:19:47Z,65.4
amtrak,NER,66,2026-07-13,BAL,Baltimore Penn Station,2026-07-14T02:51:00Z,2026-07-14T02:49:00Z,2026-07-14T02:49:00Z,2026-07-14T02:49:00Z,2026-07-13T22:19:47Z,65.4
amtrak,NER,66,2026-07-13,WAS,Washington Union Station,2026-07-14T02:00:00Z,2026-07-14T01:28:00Z,2026-07-14T01:28:00Z,2026-07-14T01:28:00Z,2026-07-13T22:19:47Z,65.4
amtrak,NER,67,2026-07-13,BAL,Baltimore Penn Station,2026-07-14T10:04:00Z,2026-07-14T10:04:00Z,2026-07-14T10:02:00Z,2026-07-14T10:02:00Z,2026-07-13T22:19:47Z,65.4
amtrak,NER,67,2026-07-13,WAS,Washington Union Station,2026-07-14T11:20:00Z,2026-07-14T11:20:00Z,2026-07-14T10:54:00Z,2026-07-14T10:54:00Z,2026-07-13T22:19:47Z,65.4
amtrak,NER,85,2026-07-13,BAL,Baltimore Penn Station,2026-07-13T21:52:00Z,2026-07-13T21:52:00Z,2026-07-13T21:49:00Z,2026-07-13T21:49:00Z,2026-07-13T22:19:47Z,65.4
amtrak,NER,85,2026-07-13,WAS,Washington Union Station,2026-07-13T22:39:00Z,2026-07-13T22:39:00Z,2026-07-13T22:39:00Z,2026-07-13T22:39:00Z,2026-07-13T22:19:47Z,65.4
amtrak,NER,93,2026-07-13,BAL,Baltimore Penn Station,2026-07-13T20:39:00Z,2026-07-13T21:05:00Z,2026-07-13T20:37:00Z,2026-07-13T21:03:00Z,2026-07-13T22:19:47Z,65.4
amtrak,NER,93,2026-07-13,WAS,Washington Union Station,2026-07-13T22:05:00Z,2026-07-13T22:12:00Z,2026-07-13T21:25:00Z,2026-07-13T21:52:00Z,2026-07-13T22:19:47Z,65.4
amtrak,NER,94,2026-07-13,BAL,Baltimore Penn Station,2026-07-13T18:43:00Z,2026-07-13T18:47:00Z,2026-07-13T18:41:00Z,2026-07-13T18:45:00Z,2026-07-13T22:19:47Z,65.4
amtrak,NER,94,2026-07-13,WAS,Washington Union Station,2026-07-13T18:00:00Z,2026-07-13T18:02:00Z,2026-07-13T17:23:00Z,2026-07-13T17:25:00Z,2026-07-13T22:19:47Z,65.4
amtrak,NER,95,2026-07-13,BAL,Baltimore Penn Station,2026-07-13T17:29:00Z,2026-07-13T17:32:00Z,2026-07-13T17:20:00Z,2026-07-13T17:30:00Z,2026-07-13T22:19:47Z,65.4
amtrak,NER,95,2026-07-13,WAS,Washington Union Station,2026-07-13T18:35:00Z,2026-07-13T18:37:00Z,2026-07-13T18:07:00Z,2026-07-13T18:14:00Z,2026-07-13T22:19:47Z,65.4
amtrak,NER,125,2026-07-13,BAL,Baltimore Penn Station,2026-07-13T18:28:00Z,2026-07-13T18:51:00Z,2026-07-13T18:25:00Z,2026-07-13T18:48:00Z,2026-07-13T22:19:47Z,65.4
amtrak,NER,125,2026-07-13,WAS,Washington Union Station,2026-07-13T19:50:00Z,2026-07-13T19:57:00Z,2026-07-13T19:11:00Z,2026-07-13T19:32:00Z,2026-07-13T22:19:47Z,65.4
amtrak,NER,129,2026-07-13,BAL,Baltimore Penn Station,2026-07-13T23:20:00Z,2026-07-13T23:29:00Z,2026-07-13T23:14:00Z,2026-07-13T23:29:00Z,2026-07-13T22:19:47Z,65.4
amtrak,NER,129,2026-07-13,WAS,Washington Union Station,2026-07-14T00:03:00Z,2026-07-14T00:11:00Z,2026-07-14T00:03:00Z,2026-07-14T00:11:00Z,2026-07-13T22:19:47Z,65.4
amtrak,NER,136,2026-07-13,BAL,Baltimore Penn Station,2026-07-13T21:43:00Z,2026-07-13T21:57:00Z,2026-07-13T21:41:00Z,2026-07-13T21:55:00Z,2026-07-13T22:19:47Z,65.4
amtrak,NER,136,2026-07-13,WAS,Washington Union Station,2026-07-13T21:00:00Z,2026-07-13T21:00:00Z,2026-07-13T21:00:00Z,2026-07-13T21:00:00Z,2026-07-13T22:19:47Z,65.4
amtrak,NER,137,2026-07-13,BAL,Baltimore Penn Station,2026-07-14T01:07:00Z,2026-07-14T01:05:00Z,2026-07-14T01:05:00Z,2026-07-14T01:05:00Z,2026-07-13T22:19:47Z,65.4
amtrak,NER,137,2026-07-13,WAS,Washington Union Station,2026-07-14T01:55:00Z,2026-07-14T01:44:00Z,2026-07-14T01:55:00Z,2026-07-14T01:44:00Z,2026-07-13T22:19:47Z,65.4
amtrak,NER,138,2026-07-13,BAL,Baltimore Penn Station,2026-07-13T23:18:00Z,2026-07-13T23:16:00Z,2026-07-13T23:16:00Z,2026-07-13T23:16:00Z,2026-07-13T22:19:47Z,65.4
amtrak,NER,138,2026-07-13,WAS,Washington Union Station,2026-07-13T22:35:00Z,2026-07-13T22:35:00Z,2026-07-13T21:42:00Z,2026-07-13T21:36:00Z,2026-07-13T22:19:47Z,65.4
amtrak,NER,148,2026-07-13,BAL,Baltimore Penn Station,2026-07-13T19:38:00Z,2026-07-13T19:43:00Z,2026-07-13T19:36:00Z,2026-07-13T19:41:00Z,2026-07-13T22:19:47Z,65.4
amtrak,NER,148,2026-07-13,WAS,Washington Union Station,2026-07-13T18:55:00Z,2026-07-13T18:55:00Z,2026-07-13T18:55:00Z,2026-07-13T18:55:00Z,2026-07-13T22:19:47Z,65.4
amtrak,NER,171,2026-07-13,BAL,Baltimore Penn Station,2026-07-13T19:35:00Z,2026-07-13T23:06:00Z,2026-07-13T19:32:00Z,2026-07-13T23:06:00Z,2026-07-13T22:19:47Z,65.4
amtrak,NER,171,2026-07-13,WAS,Washington Union Station,2026-07-13T21:00:00Z,2026-07-13T23:44:00Z,2026-07-13T20:27:00Z,2026-07-13T23:44:00Z,2026-07-13T22:19:47Z,65.4
amtrak,NER,173,2026-07-13,BAL,Baltimore Penn Station,2026-07-13T22:51:00Z,2026-07-13T23:10:00Z,2026-07-13T22:48:00Z,2026-07-13T23:10:00Z,2026-07-13T22:19:47Z,65.4
amtrak,NER,173,2026-07-13,WAS,Washington Union Station,2026-07-13T23:38:00Z,2026-07-13T23:50:00Z,2026-07-13T23:38:00Z,2026-07-13T23:50:00Z,2026-07-13T22:19:47Z,65.4
amtrak,NER,174,2026-07-13,BAL,Baltimore Penn Station,2026-07-13T15:18:00Z,2026-07-13T15:27:00Z,2026-07-13T15:16:00Z,2026-07-13T15:25:00Z,2026-07-13T22:19:47Z,65.4
amtrak,NER,174,2026-07-13,WAS,Washington Union Station,2026-07-13T14:35:00Z,2026-07-13T14:35:00Z,2026-07-13T14:35:00Z,2026-07-13T14:35:00Z,2026-07-13T22:19:47Z,65.4
amtrak,NER,175,2026-07-13,BAL,Baltimore Penn Station,2026-07-14T02:40:00Z,2026-07-14T02:37:00Z,2026-07-14T02:37:00Z,2026-07-14T02:37:00Z,2026-07-13T22:19:47Z,65.4
amtrak,NER,175,2026-07-13,WAS,Washington Union Station,2026-07-14T03:21:00Z,2026-07-14T03:17:00Z,2026-07-14T03:21:00Z,2026-07-14T03:17:00Z,2026-07-13T22:19:47Z,65.4
amtrak,NER,176,2026-07-13,BAL,Baltimore Penn Station,2026-07-13T20:08:00Z,2026-07-13T20:18:00Z,2026-07-13T20:06:00Z,2026-07-13T20:16:00Z,2026-07-13T22:19:47Z,65.4
amtrak,NER,176,2026-07-13,WAS,Washington Union Station,2026-07-13T19:30:00Z,2026-07-13T19:30:00Z,2026-07-13T19:30:00Z,2026-07-13T19:30:00Z,2026-07-13T22:19:47Z,65.4
amtrak,NER,178,2026-07-13,BAL,Baltimore Penn Station,2026-07-13T20:39:00Z,2026-07-13T21:04:00Z,2026-07-13T20:37:00Z,2026-07-13T21:00:00Z,2026-07-13T22:19:47Z,65.4
amtrak,NER,178,2026-07-13,WAS,Washington Union Station,2026-07-13T19:56:00Z,2026-07-13T20:15:00Z,2026-07-13T18:55:00Z,2026-07-13T19:55:00Z,2026-07-13T22:19:47Z,65.4
amtrak,NER,184,2026-07-13,BAL,Baltimore Penn Station,2026-07-13T17:54:00Z,2026-07-13T17:57:00Z,2026-07-13T17:52:00Z,2026-07-13T17:54:00Z,2026-07-13T22:19:47Z,65.4
amtrak,NER,184,2026-07-13,WAS,Washington Union Station,2026-07-13T17:20:00Z,2026-07-13T17:20:00Z,2026-07-13T17:20:00Z,2026-07-13T17:20:00Z,2026-07-13T22:19:47Z,65.4
amtrak,NER,186,2026-07-13,BAL,Baltimore Penn Station,2026-07-14T01:14:00Z,2026-07-14T01:12:00Z,2026-07-14T01:12:00Z,2026-07-14T01:12:00Z,2026-07-13T22:19:47Z,65.4
amtrak,NER,186,2026-07-13,WAS,Washington Union Station,2026-07-14T00:30:00Z,2026-07-13T23:56:00Z,2026-07-13T23:55:00Z,2026-07-13T23:56:00Z,2026-07-13T22:19:47Z,65.4
amtrak,NER,192,2026-07-13,BAL,Baltimore Penn Station,2026-07-13T23:54:00Z,2026-07-13T23:54:00Z,2026-07-13T23:52:00Z,2026-07-13T23:52:00Z,2026-07-13T22:19:47Z,65.4
amtrak,NER,192,2026-07-13,WAS,Washington Union Station,2026-07-13T23:12:00Z,2026-07-13T23:12:00Z,2026-07-13T23:12:00Z,2026-07-13T23:12:00Z,2026-07-13T22:19:47Z,65.4
amtrak,NER,196,2026-07-13,BAL,Baltimore Penn Station,2026-07-13T22:49:00Z,2026-07-13T22:46:00Z,2026-07-13T22:46:00Z,2026-07-13T22:46:00Z,2026-07-13T22:19:47Z,65.4
amtrak,NER,196,2026-07-13,WAS,Washington Union Station,2026-07-13T22:08:00Z,2026-07-13T22:08:00Z,2026-07-13T22:08:00Z,2026-07-13T22:08:00Z,2026-07-13T22:19:47Z,65.4
amtrak,NER,197,2026-07-13,BAL,Baltimore Penn Station,2026-07-14T00:49:00Z,2026-07-14T00:49:00Z,2026-07-14T00:48:00Z,2026-07-14T00:48:00Z,2026-07-13T22:19:47Z,65.4
amtrak,NER,197,2026-07-13,WAS,Washington Union Station,2026-07-14T01:32:00Z,2026-07-14T01:32:00Z,2026-07-14T01:32:00Z,2026-07-14T01:22:00Z,2026-07-13T22:19:47Z,65.4
marc,11705,Train446,2026-07-13,12002,PENN STATION MARC nb,NA,NA,2026-07-14T00:21:00Z,2026-07-14T00:21:00Z,2026-07-13T23:16:35Z,60.9
marc,11705,Train449,2026-07-13,11980,PENN STATION MARC sb,2026-07-13T22:40:00Z,2026-07-13T22:40:25Z,NA,NA,2026-07-13T23:16:35Z,60.9
marc,11705,Train449,2026-07-13,11958,UNION STATION MARC Washington,NA,NA,2026-07-13T23:33:00Z,2026-07-13T23:39:54Z,2026-07-13T23:16:35Z,60.9
marc,11705,Train544,2026-07-13,11958,UNION STATION MARC Washington,2026-07-13T22:27:00Z,2026-07-13T22:28:13Z,NA,NA,2026-07-13T23:16:35Z,60.9
marc,11705,Train544,2026-07-13,12002,PENN STATION MARC nb,2026-07-13T23:31:00Z,2026-07-13T23:39:09Z,2026-07-13T23:29:30Z,2026-07-13T23:37:39Z,2026-07-13T23:16:35Z,60.9
marc,11705,Train642,2026-07-13,11958,UNION STATION MARC Washington,2026-07-13T22:00:00Z,2026-07-13T22:01:34Z,NA,NA,2026-07-13T23:16:35Z,60.9
marc,11705,Train642,2026-07-13,12002,PENN STATION MARC nb,2026-07-13T23:09:00Z,2026-07-13T23:13:02Z,2026-07-13T23:04:00Z,2026-07-13T23:08:13Z,2026-07-13T23:16:35Z,60.9
amtrak,NER,66,2026-07-13,BAL,Baltimore Penn Station,2026-07-14T02:51:00Z,2026-07-14T02:49:00Z,2026-07-14T02:49:00Z,2026-07-14T02:49:00Z,2026-07-13T23:16:35Z,60.9
amtrak,NER,66,2026-07-13,WAS,Washington Union Station,2026-07-14T02:00:00Z,2026-07-14T01:28:00Z,2026-07-14T01:28:00Z,2026-07-14T01:28:00Z,2026-07-13T23:16:35Z,60.9
amtrak,NER,67,2026-07-13,BAL,Baltimore Penn Station,2026-07-14T10:04:00Z,2026-07-14T10:02:00Z,2026-07-14T10:02:00Z,2026-07-14T10:02:00Z,2026-07-13T23:16:35Z,60.9
amtrak,NER,67,2026-07-13,WAS,Washington Union Station,2026-07-14T11:20:00Z,2026-07-14T10:54:00Z,2026-07-14T10:54:00Z,2026-07-14T10:54:00Z,2026-07-13T23:16:35Z,60.9
amtrak,NER,93,2026-07-13,BAL,Baltimore Penn Station,2026-07-13T20:39:00Z,2026-07-13T21:05:00Z,2026-07-13T20:37:00Z,2026-07-13T21:03:00Z,2026-07-13T23:16:35Z,60.9
amtrak,NER,93,2026-07-13,WAS,Washington Union Station,2026-07-13T22:05:00Z,2026-07-13T22:12:00Z,2026-07-13T21:25:00Z,2026-07-13T21:52:00Z,2026-07-13T23:16:35Z,60.9
amtrak,NER,94,2026-07-13,BAL,Baltimore Penn Station,2026-07-13T18:43:00Z,2026-07-13T18:47:00Z,2026-07-13T18:41:00Z,2026-07-13T18:45:00Z,2026-07-13T23:16:35Z,60.9
amtrak,NER,94,2026-07-13,WAS,Washington Union Station,2026-07-13T18:00:00Z,2026-07-13T18:02:00Z,2026-07-13T17:23:00Z,2026-07-13T17:25:00Z,2026-07-13T23:16:35Z,60.9
amtrak,NER,95,2026-07-13,BAL,Baltimore Penn Station,2026-07-13T17:29:00Z,2026-07-13T17:32:00Z,2026-07-13T17:20:00Z,2026-07-13T17:30:00Z,2026-07-13T23:16:35Z,60.9
amtrak,NER,95,2026-07-13,WAS,Washington Union Station,2026-07-13T18:35:00Z,2026-07-13T18:37:00Z,2026-07-13T18:07:00Z,2026-07-13T18:14:00Z,2026-07-13T23:16:35Z,60.9
amtrak,NER,125,2026-07-13,BAL,Baltimore Penn Station,2026-07-13T18:28:00Z,2026-07-13T18:51:00Z,2026-07-13T18:25:00Z,2026-07-13T18:48:00Z,2026-07-13T23:16:35Z,60.9
amtrak,NER,125,2026-07-13,WAS,Washington Union Station,2026-07-13T19:50:00Z,2026-07-13T19:57:00Z,2026-07-13T19:11:00Z,2026-07-13T19:32:00Z,2026-07-13T23:16:35Z,60.9
amtrak,NER,129,2026-07-13,BAL,Baltimore Penn Station,2026-07-13T23:20:00Z,2026-07-13T23:31:00Z,2026-07-13T23:14:00Z,2026-07-13T23:31:00Z,2026-07-13T23:16:35Z,60.9
amtrak,NER,129,2026-07-13,WAS,Washington Union Station,2026-07-14T00:03:00Z,2026-07-14T00:14:00Z,2026-07-14T00:03:00Z,2026-07-14T00:14:00Z,2026-07-13T23:16:35Z,60.9
amtrak,NER,136,2026-07-13,BAL,Baltimore Penn Station,2026-07-13T21:43:00Z,2026-07-13T21:57:00Z,2026-07-13T21:41:00Z,2026-07-13T21:55:00Z,2026-07-13T23:16:35Z,60.9
amtrak,NER,136,2026-07-13,WAS,Washington Union Station,2026-07-13T21:00:00Z,2026-07-13T21:00:00Z,2026-07-13T21:00:00Z,2026-07-13T21:00:00Z,2026-07-13T23:16:35Z,60.9
amtrak,NER,137,2026-07-13,BAL,Baltimore Penn Station,2026-07-14T01:07:00Z,2026-07-14T01:08:00Z,2026-07-14T01:05:00Z,2026-07-14T01:08:00Z,2026-07-13T23:16:35Z,60.9
amtrak,NER,137,2026-07-13,WAS,Washington Union Station,2026-07-14T01:55:00Z,2026-07-14T01:45:00Z,2026-07-14T01:55:00Z,2026-07-14T01:45:00Z,2026-07-13T23:16:35Z,60.9
amtrak,NER,138,2026-07-13,BAL,Baltimore Penn Station,2026-07-13T23:18:00Z,2026-07-13T23:20:00Z,2026-07-13T23:16:00Z,2026-07-13T23:20:00Z,2026-07-13T23:16:35Z,60.9
amtrak,NER,138,2026-07-13,WAS,Washington Union Station,2026-07-13T22:35:00Z,2026-07-13T22:35:00Z,2026-07-13T21:42:00Z,2026-07-13T21:36:00Z,2026-07-13T23:16:35Z,60.9
amtrak,NER,148,2026-07-13,BAL,Baltimore Penn Station,2026-07-13T19:38:00Z,2026-07-13T19:43:00Z,2026-07-13T19:36:00Z,2026-07-13T19:41:00Z,2026-07-13T23:16:35Z,60.9
amtrak,NER,148,2026-07-13,WAS,Washington Union Station,2026-07-13T18:55:00Z,2026-07-13T18:55:00Z,2026-07-13T18:55:00Z,2026-07-13T18:55:00Z,2026-07-13T23:16:35Z,60.9
amtrak,NER,171,2026-07-13,BAL,Baltimore Penn Station,2026-07-13T19:35:00Z,2026-07-13T23:03:00Z,2026-07-13T19:32:00Z,2026-07-13T23:02:00Z,2026-07-13T23:16:35Z,60.9
amtrak,NER,171,2026-07-13,WAS,Washington Union Station,2026-07-13T21:00:00Z,2026-07-13T23:41:00Z,2026-07-13T20:27:00Z,2026-07-13T23:41:00Z,2026-07-13T23:16:35Z,60.9
amtrak,NER,173,2026-07-13,BAL,Baltimore Penn Station,2026-07-13T22:51:00Z,2026-07-13T23:12:00Z,2026-07-13T22:48:00Z,2026-07-13T23:09:00Z,2026-07-13T23:16:35Z,60.9
amtrak,NER,173,2026-07-13,WAS,Washington Union Station,2026-07-13T23:38:00Z,2026-07-13T23:50:00Z,2026-07-13T23:38:00Z,2026-07-13T23:50:00Z,2026-07-13T23:16:35Z,60.9
amtrak,NER,174,2026-07-13,BAL,Baltimore Penn Station,2026-07-13T15:18:00Z,2026-07-13T15:27:00Z,2026-07-13T15:16:00Z,2026-07-13T15:25:00Z,2026-07-13T23:16:35Z,60.9
amtrak,NER,174,2026-07-13,WAS,Washington Union Station,2026-07-13T14:35:00Z,2026-07-13T14:35:00Z,2026-07-13T14:35:00Z,2026-07-13T14:35:00Z,2026-07-13T23:16:35Z,60.9
amtrak,NER,175,2026-07-13,BAL,Baltimore Penn Station,2026-07-14T02:40:00Z,2026-07-14T02:37:00Z,2026-07-14T02:37:00Z,2026-07-14T02:37:00Z,2026-07-13T23:16:35Z,60.9
amtrak,NER,175,2026-07-13,WAS,Washington Union Station,2026-07-14T03:21:00Z,2026-07-14T03:17:00Z,2026-07-14T03:21:00Z,2026-07-14T03:17:00Z,2026-07-13T23:16:35Z,60.9
amtrak,NER,176,2026-07-13,BAL,Baltimore Penn Station,2026-07-13T20:08:00Z,2026-07-13T20:18:00Z,2026-07-13T20:06:00Z,2026-07-13T20:16:00Z,2026-07-13T23:16:35Z,60.9
amtrak,NER,176,2026-07-13,WAS,Washington Union Station,2026-07-13T19:30:00Z,2026-07-13T19:30:00Z,2026-07-13T19:30:00Z,2026-07-13T19:30:00Z,2026-07-13T23:16:35Z,60.9
amtrak,NER,178,2026-07-13,BAL,Baltimore Penn Station,2026-07-13T20:39:00Z,2026-07-13T21:04:00Z,2026-07-13T20:37:00Z,2026-07-13T21:00:00Z,2026-07-13T23:16:35Z,60.9
amtrak,NER,178,2026-07-13,WAS,Washington Union Station,2026-07-13T19:56:00Z,2026-07-13T20:15:00Z,2026-07-13T18:55:00Z,2026-07-13T19:55:00Z,2026-07-13T23:16:35Z,60.9
amtrak,NER,184,2026-07-13,BAL,Baltimore Penn Station,2026-07-13T17:54:00Z,2026-07-13T17:57:00Z,2026-07-13T17:52:00Z,2026-07-13T17:54:00Z,2026-07-13T23:16:35Z,60.9
amtrak,NER,184,2026-07-13,WAS,Washington Union Station,2026-07-13T17:20:00Z,2026-07-13T17:20:00Z,2026-07-13T17:20:00Z,2026-07-13T17:20:00Z,2026-07-13T23:16:35Z,60.9
amtrak,NER,186,2026-07-13,BAL,Baltimore Penn Station,2026-07-14T01:14:00Z,2026-07-14T01:12:00Z,2026-07-14T01:12:00Z,2026-07-14T01:12:00Z,2026-07-13T23:16:35Z,60.9
amtrak,NER,186,2026-07-13,WAS,Washington Union Station,2026-07-14T00:30:00Z,2026-07-13T23:55:00Z,2026-07-13T23:55:00Z,2026-07-13T23:55:00Z,2026-07-13T23:16:35Z,60.9
amtrak,NER,192,2026-07-13,BAL,Baltimore Penn Station,2026-07-13T23:54:00Z,2026-07-13T23:54:00Z,2026-07-13T23:52:00Z,2026-07-13T23:52:00Z,2026-07-13T23:16:35Z,60.9
amtrak,NER,192,2026-07-13,WAS,Washington Union Station,2026-07-13T23:12:00Z,2026-07-13T23:12:00Z,2026-07-13T23:12:00Z,2026-07-13T23:12:00Z,2026-07-13T23:16:35Z,60.9
amtrak,NER,196,2026-07-13,BAL,Baltimore Penn Station,2026-07-13T22:49:00Z,2026-07-13T22:57:00Z,2026-07-13T22:46:00Z,2026-07-13T22:52:00Z,2026-07-13T23:16:35Z,60.9
amtrak,NER,196,2026-07-13,WAS,Washington Union Station,2026-07-13T22:08:00Z,2026-07-13T22:08:00Z,2026-07-13T22:08:00Z,2026-07-13T22:08:00Z,2026-07-13T23:16:35Z,60.9
amtrak,NER,197,2026-07-13,BAL,Baltimore Penn Station,2026-07-14T00:49:00Z,2026-07-14T00:49:00Z,2026-07-14T00:48:00Z,2026-07-14T00:49:00Z,2026-07-13T23:16:35Z,60.9
amtrak,NER,197,2026-07-13,WAS,Washington Union Station,2026-07-14T01:32:00Z,2026-07-14T01:22:00Z,2026-07-14T01:32:00Z,2026-07-14T01:22:00Z,2026-07-13T23:16:35Z,60.9
marc,11705,Train446,2026-07-13,11958,UNION STATION MARC Washington,2026-07-13T23:15:00Z,2026-07-13T23:16:09Z,NA,NA,2026-07-13T23:19:36Z,60.8
marc,11705,Train446,2026-07-13,12002,PENN STATION MARC nb,NA,NA,2026-07-14T00:21:00Z,2026-07-14T00:22:15Z,2026-07-13T23:19:36Z,60.8
marc,11705,Train449,2026-07-13,11980,PENN STATION MARC sb,2026-07-13T22:40:00Z,2026-07-13T22:40:25Z,NA,NA,2026-07-13T23:19:36Z,60.8
marc,11705,Train449,2026-07-13,11958,UNION STATION MARC Washington,NA,NA,2026-07-13T23:33:00Z,2026-07-13T23:38:19Z,2026-07-13T23:19:36Z,60.8
marc,11705,Train544,2026-07-13,11958,UNION STATION MARC Washington,2026-07-13T22:27:00Z,2026-07-13T22:28:13Z,NA,NA,2026-07-13T23:19:36Z,60.8
marc,11705,Train544,2026-07-13,12002,PENN STATION MARC nb,2026-07-13T23:31:00Z,2026-07-13T23:39:40Z,2026-07-13T23:29:30Z,2026-07-13T23:38:10Z,2026-07-13T23:19:36Z,60.8
marc,11705,Train642,2026-07-13,11958,UNION STATION MARC Washington,2026-07-13T22:00:00Z,2026-07-13T22:01:34Z,NA,NA,2026-07-13T23:19:36Z,60.8
marc,11705,Train642,2026-07-13,12002,PENN STATION MARC nb,2026-07-13T23:09:00Z,2026-07-13T23:14:55Z,2026-07-13T23:04:00Z,2026-07-13T23:08:13Z,2026-07-13T23:19:36Z,60.8
amtrak,NER,66,2026-07-13,BAL,Baltimore Penn Station,2026-07-14T02:51:00Z,2026-07-14T02:49:00Z,2026-07-14T02:49:00Z,2026-07-14T02:49:00Z,2026-07-13T23:19:36Z,60.8
amtrak,NER,66,2026-07-13,WAS,Washington Union Station,2026-07-14T02:00:00Z,2026-07-14T01:28:00Z,2026-07-14T01:28:00Z,2026-07-14T01:28:00Z,2026-07-13T23:19:36Z,60.8
amtrak,NER,67,2026-07-13,BAL,Baltimore Penn Station,2026-07-14T10:04:00Z,2026-07-14T10:02:00Z,2026-07-14T10:02:00Z,2026-07-14T10:02:00Z,2026-07-13T23:19:36Z,60.8
amtrak,NER,67,2026-07-13,WAS,Washington Union Station,2026-07-14T11:20:00Z,2026-07-14T10:54:00Z,2026-07-14T10:54:00Z,2026-07-14T10:54:00Z,2026-07-13T23:19:36Z,60.8
amtrak,NER,93,2026-07-13,BAL,Baltimore Penn Station,2026-07-13T20:39:00Z,2026-07-13T21:05:00Z,2026-07-13T20:37:00Z,2026-07-13T21:03:00Z,2026-07-13T23:19:36Z,60.8
amtrak,NER,93,2026-07-13,WAS,Washington Union Station,2026-07-13T22:05:00Z,2026-07-13T22:12:00Z,2026-07-13T21:25:00Z,2026-07-13T21:52:00Z,2026-07-13T23:19:36Z,60.8
amtrak,NER,94,2026-07-13,BAL,Baltimore Penn Station,2026-07-13T18:43:00Z,2026-07-13T18:47:00Z,2026-07-13T18:41:00Z,2026-07-13T18:45:00Z,2026-07-13T23:19:36Z,60.8
amtrak,NER,94,2026-07-13,WAS,Washington Union Station,2026-07-13T18:00:00Z,2026-07-13T18:02:00Z,2026-07-13T17:23:00Z,2026-07-13T17:25:00Z,2026-07-13T23:19:36Z,60.8
amtrak,NER,95,2026-07-13,BAL,Baltimore Penn Station,2026-07-13T17:29:00Z,2026-07-13T17:32:00Z,2026-07-13T17:20:00Z,2026-07-13T17:30:00Z,2026-07-13T23:19:36Z,60.8
amtrak,NER,95,2026-07-13,WAS,Washington Union Station,2026-07-13T18:35:00Z,2026-07-13T18:37:00Z,2026-07-13T18:07:00Z,2026-07-13T18:14:00Z,2026-07-13T23:19:36Z,60.8
amtrak,NER,125,2026-07-13,BAL,Baltimore Penn Station,2026-07-13T18:28:00Z,2026-07-13T18:51:00Z,2026-07-13T18:25:00Z,2026-07-13T18:48:00Z,2026-07-13T23:19:36Z,60.8
amtrak,NER,125,2026-07-13,WAS,Washington Union Station,2026-07-13T19:50:00Z,2026-07-13T19:57:00Z,2026-07-13T19:11:00Z,2026-07-13T19:32:00Z,2026-07-13T23:19:36Z,60.8
amtrak,NER,129,2026-07-13,BAL,Baltimore Penn Station,2026-07-13T23:20:00Z,2026-07-13T23:31:00Z,2026-07-13T23:14:00Z,2026-07-13T23:31:00Z,2026-07-13T23:19:36Z,60.8
amtrak,NER,129,2026-07-13,WAS,Washington Union Station,2026-07-14T00:03:00Z,2026-07-14T00:14:00Z,2026-07-14T00:03:00Z,2026-07-14T00:14:00Z,2026-07-13T23:19:36Z,60.8
amtrak,NER,136,2026-07-13,BAL,Baltimore Penn Station,2026-07-13T21:43:00Z,2026-07-13T21:57:00Z,2026-07-13T21:41:00Z,2026-07-13T21:55:00Z,2026-07-13T23:19:36Z,60.8
amtrak,NER,136,2026-07-13,WAS,Washington Union Station,2026-07-13T21:00:00Z,2026-07-13T21:00:00Z,2026-07-13T21:00:00Z,2026-07-13T21:00:00Z,2026-07-13T23:19:36Z,60.8
amtrak,NER,137,2026-07-13,BAL,Baltimore Penn Station,2026-07-14T01:07:00Z,2026-07-14T01:08:00Z,2026-07-14T01:05:00Z,2026-07-14T01:08:00Z,2026-07-13T23:19:36Z,60.8
amtrak,NER,137,2026-07-13,WAS,Washington Union Station,2026-07-14T01:55:00Z,2026-07-14T01:45:00Z,2026-07-14T01:55:00Z,2026-07-14T01:45:00Z,2026-07-13T23:19:36Z,60.8
amtrak,NER,138,2026-07-13,BAL,Baltimore Penn Station,2026-07-13T23:18:00Z,2026-07-13T23:20:00Z,2026-07-13T23:16:00Z,2026-07-13T23:20:00Z,2026-07-13T23:19:36Z,60.8
amtrak,NER,138,2026-07-13,WAS,Washington Union Station,2026-07-13T22:35:00Z,2026-07-13T22:35:00Z,2026-07-13T21:42:00Z,2026-07-13T21:36:00Z,2026-07-13T23:19:36Z,60.8
amtrak,NER,148,2026-07-13,BAL,Baltimore Penn Station,2026-07-13T19:38:00Z,2026-07-13T19:43:00Z,2026-07-13T19:36:00Z,2026-07-13T19:41:00Z,2026-07-13T23:19:36Z,60.8
amtrak,NER,148,2026-07-13,WAS,Washington Union Station,2026-07-13T18:55:00Z,2026-07-13T18:55:00Z,2026-07-13T18:55:00Z,2026-07-13T18:55:00Z,2026-07-13T23:19:36Z,60.8
amtrak,NER,171,2026-07-13,BAL,Baltimore Penn Station,2026-07-13T19:35:00Z,2026-07-13T23:03:00Z,2026-07-13T19:32:00Z,2026-07-13T23:02:00Z,2026-07-13T23:19:36Z,60.8
amtrak,NER,171,2026-07-13,WAS,Washington Union Station,2026-07-13T21:00:00Z,2026-07-13T23:40:00Z,2026-07-13T20:27:00Z,2026-07-13T23:40:00Z,2026-07-13T23:19:36Z,60.8
amtrak,NER,173,2026-07-13,BAL,Baltimore Penn Station,2026-07-13T22:51:00Z,2026-07-13T23:13:00Z,2026-07-13T22:48:00Z,2026-07-13T23:09:00Z,2026-07-13T23:19:36Z,60.8
amtrak,NER,173,2026-07-13,WAS,Washington Union Station,2026-07-13T23:38:00Z,2026-07-13T23:50:00Z,2026-07-13T23:38:00Z,2026-07-13T23:50:00Z,2026-07-13T23:19:36Z,60.8
amtrak,NER,174,2026-07-13,BAL,Baltimore Penn Station,2026-07-13T15:18:00Z,2026-07-13T15:27:00Z,2026-07-13T15:16:00Z,2026-07-13T15:25:00Z,2026-07-13T23:19:36Z,60.8
amtrak,NER,174,2026-07-13,WAS,Washington Union Station,2026-07-13T14:35:00Z,2026-07-13T14:35:00Z,2026-07-13T14:35:00Z,2026-07-13T14:35:00Z,2026-07-13T23:19:36Z,60.8
amtrak,NER,175,2026-07-13,BAL,Baltimore Penn Station,2026-07-14T02:40:00Z,2026-07-14T02:37:00Z,2026-07-14T02:37:00Z,2026-07-14T02:37:00Z,2026-07-13T23:19:36Z,60.8
amtrak,NER,175,2026-07-13,WAS,Washington Union Station,2026-07-14T03:21:00Z,2026-07-14T03:17:00Z,2026-07-14T03:21:00Z,2026-07-14T03:17:00Z,2026-07-13T23:19:36Z,60.8
amtrak,NER,176,2026-07-13,BAL,Baltimore Penn Station,2026-07-13T20:08:00Z,2026-07-13T20:18:00Z,2026-07-13T20:06:00Z,2026-07-13T20:16:00Z,2026-07-13T23:19:36Z,60.8
amtrak,NER,176,2026-07-13,WAS,Washington Union Station,2026-07-13T19:30:00Z,2026-07-13T19:30:00Z,2026-07-13T19:30:00Z,2026-07-13T19:30:00Z,2026-07-13T23:19:36Z,60.8
amtrak,NER,178,2026-07-13,BAL,Baltimore Penn Station,2026-07-13T20:39:00Z,2026-07-13T21:04:00Z,2026-07-13T20:37:00Z,2026-07-13T21:00:00Z,2026-07-13T23:19:36Z,60.8
amtrak,NER,178,2026-07-13,WAS,Washington Union Station,2026-07-13T19:56:00Z,2026-07-13T20:15:00Z,2026-07-13T18:55:00Z,2026-07-13T19:55:00Z,2026-07-13T23:19:36Z,60.8
amtrak,NER,184,2026-07-13,BAL,Baltimore Penn Station,2026-07-13T17:54:00Z,2026-07-13T17:57:00Z,2026-07-13T17:52:00Z,2026-07-13T17:54:00Z,2026-07-13T23:19:36Z,60.8
amtrak,NER,184,2026-07-13,WAS,Washington Union Station,2026-07-13T17:20:00Z,2026-07-13T17:20:00Z,2026-07-13T17:20:00Z,2026-07-13T17:20:00Z,2026-07-13T23:19:36Z,60.8
amtrak,NER,186,2026-07-13,BAL,Baltimore Penn Station,2026-07-14T01:14:00Z,2026-07-14T01:12:00Z,2026-07-14T01:12:00Z,2026-07-14T01:12:00Z,2026-07-13T23:19:36Z,60.8
amtrak,NER,186,2026-07-13,WAS,Washington Union Station,2026-07-14T00:30:00Z,2026-07-13T23:55:00Z,2026-07-13T23:55:00Z,2026-07-13T23:55:00Z,2026-07-13T23:19:36Z,60.8
amtrak,NER,192,2026-07-13,BAL,Baltimore Penn Station,2026-07-13T23:54:00Z,2026-07-13T23:50:00Z,2026-07-13T23:52:00Z,2026-07-13T23:50:00Z,2026-07-13T23:19:36Z,60.8
amtrak,NER,192,2026-07-13,WAS,Washington Union Station,2026-07-13T23:12:00Z,NA,2026-07-13T23:12:00Z,NA,2026-07-13T23:19:36Z,60.8
amtrak,NER,196,2026-07-13,BAL,Baltimore Penn Station,2026-07-13T22:49:00Z,2026-07-13T22:57:00Z,2026-07-13T22:46:00Z,2026-07-13T22:52:00Z,2026-07-13T23:19:36Z,60.8
amtrak,NER,196,2026-07-13,WAS,Washington Union Station,2026-07-13T22:08:00Z,2026-07-13T22:08:00Z,2026-07-13T22:08:00Z,2026-07-13T22:08:00Z,2026-07-13T23:19:36Z,60.8
amtrak,NER,197,2026-07-13,BAL,Baltimore Penn Station,2026-07-14T00:49:00Z,2026-07-14T00:49:00Z,2026-07-14T00:48:00Z,2026-07-14T00:49:00Z,2026-07-13T23:19:36Z,60.8
amtrak,NER,197,2026-07-13,WAS,Washington Union Station,2026-07-14T01:32:00Z,2026-07-14T01:22:00Z,2026-07-14T01:32:00Z,2026-07-14T01:22:00Z,2026-07-13T23:19:36Z,60.8
marc,11705,Train446,2026-07-13,11958,UNION STATION MARC Washington,2026-07-13T23:15:00Z,2026-07-13T23:16:09Z,NA,NA,2026-07-13T23:22:38Z,61.2
marc,11705,Train446,2026-07-13,12002,PENN STATION MARC nb,NA,NA,2026-07-14T00:21:00Z,2026-07-14T00:22:06Z,2026-07-13T23:22:38Z,61.2
marc,11705,Train449,2026-07-13,11980,PENN STATION MARC sb,2026-07-13T22:40:00Z,2026-07-13T22:40:25Z,NA,NA,2026-07-13T23:22:38Z,61.2
marc,11705,Train449,2026-07-13,11958,UNION STATION MARC Washington,NA,NA,2026-07-13T23:33:00Z,2026-07-13T23:36:46Z,2026-07-13T23:22:38Z,61.2
marc,11705,Train544,2026-07-13,11958,UNION STATION MARC Washington,2026-07-13T22:27:00Z,2026-07-13T22:28:13Z,NA,NA,2026-07-13T23:22:38Z,61.2
marc,11705,Train544,2026-07-13,12002,PENN STATION MARC nb,2026-07-13T23:31:00Z,2026-07-13T23:40:26Z,2026-07-13T23:29:30Z,2026-07-13T23:38:56Z,2026-07-13T23:22:38Z,61.2
marc,11705,Train642,2026-07-13,11958,UNION STATION MARC Washington,2026-07-13T22:00:00Z,2026-07-13T22:01:34Z,NA,NA,2026-07-13T23:22:38Z,61.2
marc,11705,Train642,2026-07-13,12002,PENN STATION MARC nb,2026-07-13T23:09:00Z,2026-07-13T23:14:55Z,2026-07-13T23:04:00Z,2026-07-13T23:08:13Z,2026-07-13T23:22:38Z,61.2
amtrak,NER,66,2026-07-13,BAL,Baltimore Penn Station,2026-07-14T02:51:00Z,2026-07-14T02:49:00Z,2026-07-14T02:49:00Z,2026-07-14T02:49:00Z,2026-07-13T23:22:38Z,61.2
amtrak,NER,66,2026-07-13,WAS,Washington Union Station,2026-07-14T02:00:00Z,2026-07-14T01:28:00Z,2026-07-14T01:28:00Z,2026-07-14T01:28:00Z,2026-07-13T23:22:38Z,61.2
amtrak,NER,67,2026-07-13,BAL,Baltimore Penn Station,2026-07-14T10:04:00Z,2026-07-14T10:02:00Z,2026-07-14T10:02:00Z,2026-07-14T10:02:00Z,2026-07-13T23:22:38Z,61.2
amtrak,NER,67,2026-07-13,WAS,Washington Union Station,2026-07-14T11:20:00Z,2026-07-14T10:54:00Z,2026-07-14T10:54:00Z,2026-07-14T10:54:00Z,2026-07-13T23:22:38Z,61.2
amtrak,NER,93,2026-07-13,BAL,Baltimore Penn Station,2026-07-13T20:39:00Z,2026-07-13T21:05:00Z,2026-07-13T20:37:00Z,2026-07-13T21:03:00Z,2026-07-13T23:22:38Z,61.2
amtrak,NER,93,2026-07-13,WAS,Washington Union Station,2026-07-13T22:05:00Z,2026-07-13T22:12:00Z,2026-07-13T21:25:00Z,2026-07-13T21:52:00Z,2026-07-13T23:22:38Z,61.2
amtrak,NER,94,2026-07-13,BAL,Baltimore Penn Station,2026-07-13T18:43:00Z,2026-07-13T18:47:00Z,2026-07-13T18:41:00Z,2026-07-13T18:45:00Z,2026-07-13T23:22:38Z,61.2
amtrak,NER,94,2026-07-13,WAS,Washington Union Station,2026-07-13T18:00:00Z,2026-07-13T18:02:00Z,2026-07-13T17:23:00Z,2026-07-13T17:25:00Z,2026-07-13T23:22:38Z,61.2
amtrak,NER,125,2026-07-13,BAL,Baltimore Penn Station,2026-07-13T18:28:00Z,2026-07-13T18:51:00Z,2026-07-13T18:25:00Z,2026-07-13T18:48:00Z,2026-07-13T23:22:38Z,61.2
amtrak,NER,125,2026-07-13,WAS,Washington Union Station,2026-07-13T19:50:00Z,2026-07-13T19:57:00Z,2026-07-13T19:11:00Z,2026-07-13T19:32:00Z,2026-07-13T23:22:38Z,61.2
amtrak,NER,129,2026-07-13,BAL,Baltimore Penn Station,2026-07-13T23:20:00Z,2026-07-13T23:31:00Z,2026-07-13T23:14:00Z,2026-07-13T23:31:00Z,2026-07-13T23:22:38Z,61.2
amtrak,NER,129,2026-07-13,WAS,Washington Union Station,2026-07-14T00:03:00Z,2026-07-14T00:14:00Z,2026-07-14T00:03:00Z,2026-07-14T00:14:00Z,2026-07-13T23:22:38Z,61.2
amtrak,NER,136,2026-07-13,BAL,Baltimore Penn Station,2026-07-13T21:43:00Z,2026-07-13T21:57:00Z,2026-07-13T21:41:00Z,2026-07-13T21:55:00Z,2026-07-13T23:22:38Z,61.2
amtrak,NER,136,2026-07-13,WAS,Washington Union Station,2026-07-13T21:00:00Z,2026-07-13T21:00:00Z,2026-07-13T21:00:00Z,2026-07-13T21:00:00Z,2026-07-13T23:22:38Z,61.2
amtrak,NER,137,2026-07-13,BAL,Baltimore Penn Station,2026-07-14T01:07:00Z,2026-07-14T01:08:00Z,2026-07-14T01:05:00Z,2026-07-14T01:08:00Z,2026-07-13T23:22:38Z,61.2
amtrak,NER,137,2026-07-13,WAS,Washington Union Station,2026-07-14T01:55:00Z,2026-07-14T01:45:00Z,2026-07-14T01:55:00Z,2026-07-14T01:45:00Z,2026-07-13T23:22:38Z,61.2
amtrak,NER,138,2026-07-13,BAL,Baltimore Penn Station,2026-07-13T23:18:00Z,2026-07-13T23:20:00Z,2026-07-13T23:16:00Z,2026-07-13T23:20:00Z,2026-07-13T23:22:38Z,61.2
amtrak,NER,138,2026-07-13,WAS,Washington Union Station,2026-07-13T22:35:00Z,2026-07-13T22:35:00Z,2026-07-13T21:42:00Z,2026-07-13T21:36:00Z,2026-07-13T23:22:38Z,61.2
amtrak,NER,148,2026-07-13,BAL,Baltimore Penn Station,2026-07-13T19:38:00Z,2026-07-13T19:43:00Z,2026-07-13T19:36:00Z,2026-07-13T19:41:00Z,2026-07-13T23:22:38Z,61.2
amtrak,NER,148,2026-07-13,WAS,Washington Union Station,2026-07-13T18:55:00Z,2026-07-13T18:55:00Z,2026-07-13T18:55:00Z,2026-07-13T18:55:00Z,2026-07-13T23:22:38Z,61.2
amtrak,NER,171,2026-07-13,BAL,Baltimore Penn Station,2026-07-13T19:35:00Z,2026-07-13T23:03:00Z,2026-07-13T19:32:00Z,2026-07-13T23:02:00Z,2026-07-13T23:22:38Z,61.2
amtrak,NER,171,2026-07-13,WAS,Washington Union Station,2026-07-13T21:00:00Z,2026-07-13T23:40:00Z,2026-07-13T20:27:00Z,2026-07-13T23:40:00Z,2026-07-13T23:22:38Z,61.2
amtrak,NER,173,2026-07-13,BAL,Baltimore Penn Station,2026-07-13T22:51:00Z,2026-07-13T23:13:00Z,2026-07-13T22:48:00Z,2026-07-13T23:09:00Z,2026-07-13T23:22:38Z,61.2
amtrak,NER,173,2026-07-13,WAS,Washington Union Station,2026-07-13T23:38:00Z,2026-07-13T23:50:00Z,2026-07-13T23:38:00Z,2026-07-13T23:50:00Z,2026-07-13T23:22:38Z,61.2
amtrak,NER,174,2026-07-13,BAL,Baltimore Penn Station,2026-07-13T15:18:00Z,2026-07-13T15:27:00Z,2026-07-13T15:16:00Z,2026-07-13T15:25:00Z,2026-07-13T23:22:38Z,61.2
amtrak,NER,174,2026-07-13,WAS,Washington Union Station,2026-07-13T14:35:00Z,2026-07-13T14:35:00Z,2026-07-13T14:35:00Z,2026-07-13T14:35:00Z,2026-07-13T23:22:38Z,61.2
amtrak,NER,175,2026-07-13,BAL,Baltimore Penn Station,2026-07-14T02:40:00Z,2026-07-14T02:37:00Z,2026-07-14T02:37:00Z,2026-07-14T02:37:00Z,2026-07-13T23:22:38Z,61.2
amtrak,NER,175,2026-07-13,WAS,Washington Union Station,2026-07-14T03:21:00Z,2026-07-14T03:17:00Z,2026-07-14T03:21:00Z,2026-07-14T03:17:00Z,2026-07-13T23:22:38Z,61.2
amtrak,NER,176,2026-07-13,BAL,Baltimore Penn Station,2026-07-13T20:08:00Z,2026-07-13T20:18:00Z,2026-07-13T20:06:00Z,2026-07-13T20:16:00Z,2026-07-13T23:22:38Z,61.2
amtrak,NER,176,2026-07-13,WAS,Washington Union Station,2026-07-13T19:30:00Z,2026-07-13T19:30:00Z,2026-07-13T19:30:00Z,2026-07-13T19:30:00Z,2026-07-13T23:22:38Z,61.2
amtrak,NER,178,2026-07-13,BAL,Baltimore Penn Station,2026-07-13T20:39:00Z,2026-07-13T21:04:00Z,2026-07-13T20:37:00Z,2026-07-13T21:00:00Z,2026-07-13T23:22:38Z,61.2
amtrak,NER,178,2026-07-13,WAS,Washington Union Station,2026-07-13T19:56:00Z,2026-07-13T20:15:00Z,2026-07-13T18:55:00Z,2026-07-13T19:55:00Z,2026-07-13T23:22:38Z,61.2
amtrak,NER,184,2026-07-13,BAL,Baltimore Penn Station,2026-07-13T17:54:00Z,2026-07-13T17:57:00Z,2026-07-13T17:52:00Z,2026-07-13T17:54:00Z,2026-07-13T23:22:38Z,61.2
amtrak,NER,184,2026-07-13,WAS,Washington Union Station,2026-07-13T17:20:00Z,2026-07-13T17:20:00Z,2026-07-13T17:20:00Z,2026-07-13T17:20:00Z,2026-07-13T23:22:38Z,61.2
amtrak,NER,186,2026-07-13,BAL,Baltimore Penn Station,2026-07-14T01:14:00Z,2026-07-14T01:12:00Z,2026-07-14T01:12:00Z,2026-07-14T01:12:00Z,2026-07-13T23:22:38Z,61.2
amtrak,NER,186,2026-07-13,WAS,Washington Union Station,2026-07-14T00:30:00Z,2026-07-13T23:55:00Z,2026-07-13T23:55:00Z,2026-07-13T23:55:00Z,2026-07-13T23:22:38Z,61.2
amtrak,NER,192,2026-07-13,BAL,Baltimore Penn Station,2026-07-13T23:54:00Z,2026-07-13T23:50:00Z,2026-07-13T23:52:00Z,2026-07-13T23:50:00Z,2026-07-13T23:22:38Z,61.2
amtrak,NER,192,2026-07-13,WAS,Washington Union Station,2026-07-13T23:12:00Z,NA,2026-07-13T23:12:00Z,NA,2026-07-13T23:22:38Z,61.2
amtrak,NER,196,2026-07-13,BAL,Baltimore Penn Station,2026-07-13T22:49:00Z,2026-07-13T22:57:00Z,2026-07-13T22:46:00Z,2026-07-13T22:52:00Z,2026-07-13T23:22:38Z,61.2
amtrak,NER,196,2026-07-13,WAS,Washington Union Station,2026-07-13T22:08:00Z,2026-07-13T22:08:00Z,2026-07-13T22:08:00Z,2026-07-13T22:08:00Z,2026-07-13T23:22:38Z,61.2
amtrak,NER,197,2026-07-13,BAL,Baltimore Penn Station,2026-07-14T00:49:00Z,2026-07-14T00:52:00Z,2026-07-14T00:48:00Z,2026-07-14T00:52:00Z,2026-07-13T23:22:38Z,61.2
amtrak,NER,197,2026-07-13,WAS,Washington Union Station,2026-07-14T01:32:00Z,2026-07-14T01:26:00Z,2026-07-14T01:32:00Z,2026-07-14T01:26:00Z,2026-07-13T23:22:38Z,61.2
