service,route_id,trip_id,trip_date,stop_id,stop_name,sched_dep,pred_dep,sched_arr,pred_arr,collected_at,drive_min
marc,11705,Train415,2026-05-15,11980,PENN STATION MARC sb,2026-05-15T11:00:00Z,2026-05-15T11:00:04Z,NA,NA,2026-05-15T11:52:29Z,69.2
marc,11705,Train415,2026-05-15,11958,UNION STATION MARC Washington,NA,NA,2026-05-15T12:02:00Z,2026-05-15T12:07:45Z,2026-05-15T11:52:29Z,69.2
marc,11705,Train419,2026-05-15,11958,UNION STATION MARC Washington,NA,NA,2026-05-15T12:53:00Z,2026-05-15T12:53:00Z,2026-05-15T11:52:29Z,69.2
marc,11705,Train410,2026-05-15,11958,UNION STATION MARC Washington,2026-05-15T11:15:00Z,2026-05-15T11:17:02Z,NA,NA,2026-05-15T11:52:29Z,69.2
marc,11705,Train410,2026-05-15,12002,PENN STATION MARC nb,NA,NA,2026-05-15T12:17:00Z,2026-05-15T12:24:09Z,2026-05-15T11:52:29Z,69.2
marc,11705,Train502,2026-05-15,11958,UNION STATION MARC Washington,2026-05-15T10:12:00Z,2026-05-15T10:16:55Z,NA,NA,2026-05-15T11:52:29Z,69.2
marc,11705,Train502,2026-05-15,12002,PENN STATION MARC nb,2026-05-15T11:21:00Z,2026-05-15T11:23:45Z,2026-05-15T11:19:00Z,2026-05-15T11:15:53Z,2026-05-15T11:52:29Z,69.2
marc,11705,Train517,2026-05-15,11980,PENN STATION MARC sb,2026-05-15T11:20:00Z,2026-05-15T11:24:55Z,2026-05-15T11:16:05Z,2026-05-15T11:23:52Z,2026-05-15T11:52:29Z,69.2
marc,11705,Train517,2026-05-15,11958,UNION STATION MARC Washington,NA,NA,2026-05-15T12:19:00Z,2026-05-15T12:23:24Z,2026-05-15T11:52:29Z,69.2
amtrak,NER,66,2026-05-15,BAL,Baltimore Penn Station,2026-05-15T02:51:00Z,2026-05-15T02:52:00Z,2026-05-15T02:49:00Z,2026-05-15T02:49:00Z,2026-05-15T11:52:29Z,69.2
amtrak,NER,66,2026-05-15,WAS,Washington Union Station,2026-05-15T02:00:00Z,2026-05-15T02:03:00Z,2026-05-15T01:28:00Z,2026-05-15T01:32:00Z,2026-05-15T11:52:29Z,69.2
amtrak,NER,67,2026-05-15,BAL,Baltimore Penn Station,2026-05-15T10:04:00Z,2026-05-15T10:13:00Z,2026-05-15T10:02:00Z,2026-05-15T10:11:00Z,2026-05-15T11:52:29Z,69.2
amtrak,NER,67,2026-05-15,WAS,Washington Union Station,2026-05-15T11:20:00Z,2026-05-15T11:20:00Z,2026-05-15T10:54:00Z,2026-05-15T10:53:00Z,2026-05-15T11:52:29Z,69.2
amtrak,NER,86,2026-05-15,BAL,Baltimore Penn Station,2026-05-15T13:33:00Z,2026-05-15T13:31:00Z,2026-05-15T13:31:00Z,2026-05-15T13:31:00Z,2026-05-15T11:52:29Z,69.2
amtrak,NER,86,2026-05-15,WAS,Washington Union Station,2026-05-15T12:50:00Z,2026-05-15T12:13:00Z,2026-05-15T12:18:00Z,2026-05-15T12:13:00Z,2026-05-15T11:52:29Z,69.2
amtrak,NER,95,2026-05-15,BAL,Baltimore Penn Station,2026-05-15T17:27:00Z,2026-05-15T17:18:00Z,2026-05-15T17:18:00Z,2026-05-15T17:18:00Z,2026-05-15T11:52:29Z,69.2
amtrak,NER,95,2026-05-15,WAS,Washington Union Station,2026-05-15T18:35:00Z,2026-05-15T18:06:00Z,2026-05-15T18:05:00Z,2026-05-15T18:06:00Z,2026-05-15T11:52:29Z,69.2
amtrak,NER,111,2026-05-15,BAL,Baltimore Penn Station,2026-05-15T11:40:00Z,2026-05-15T11:40:00Z,2026-05-15T11:38:00Z,2026-05-15T11:31:00Z,2026-05-15T11:52:29Z,69.2
amtrak,NER,111,2026-05-15,WAS,Washington Union Station,2026-05-15T12:26:00Z,2026-05-15T12:26:00Z,2026-05-15T12:26:00Z,2026-05-15T12:26:00Z,2026-05-15T11:52:29Z,69.2
amtrak,NER,112,2026-05-15,BAL,Baltimore Penn Station,2026-05-15T12:27:00Z,2026-05-15T12:25:00Z,2026-05-15T12:25:00Z,2026-05-15T12:25:00Z,2026-05-15T11:52:29Z,69.2
amtrak,NER,112,2026-05-15,WAS,Washington Union Station,2026-05-15T11:45:00Z,2026-05-15T11:45:00Z,2026-05-15T11:45:00Z,2026-05-15T11:45:00Z,2026-05-15T11:52:29Z,69.2
amtrak,NER,113,2026-05-15,BAL,Baltimore Penn Station,2026-05-15T13:09:00Z,2026-05-15T13:05:00Z,2026-05-15T13:07:00Z,2026-05-15T13:05:00Z,2026-05-15T11:52:29Z,69.2
amtrak,NER,113,2026-05-15,WAS,Washington Union Station,2026-05-15T13:55:00Z,NA,2026-05-15T13:55:00Z,NA,2026-05-15T11:52:29Z,69.2
amtrak,NER,125,2026-05-15,BAL,Baltimore Penn Station,2026-05-15T18:28:00Z,2026-05-15T18:26:00Z,2026-05-15T18:25:00Z,2026-05-15T18:26:00Z,2026-05-15T11:52:29Z,69.2
amtrak,NER,125,2026-05-15,WAS,Washington Union Station,2026-05-15T19:50:00Z,2026-05-15T19:11:00Z,2026-05-15T19:11:00Z,2026-05-15T19:11:00Z,2026-05-15T11:52:29Z,69.2
amtrak,NER,130,2026-05-15,BAL,Baltimore Penn Station,2026-05-15T11:17:00Z,2026-05-15T11:22:00Z,2026-05-15T11:15:00Z,2026-05-15T11:20:00Z,2026-05-15T11:52:29Z,69.2
amtrak,NER,130,2026-05-15,WAS,Washington Union Station,2026-05-15T10:30:00Z,2026-05-15T10:30:00Z,2026-05-15T10:30:00Z,2026-05-15T10:30:00Z,2026-05-15T11:52:29Z,69.2
amtrak,NER,141,2026-05-15,BAL,Baltimore Penn Station,2026-05-15T15:04:00Z,2026-05-15T15:02:00Z,2026-05-15T15:02:00Z,2026-05-15T15:02:00Z,2026-05-15T11:52:29Z,69.2
amtrak,NER,141,2026-05-15,WAS,Washington Union Station,2026-05-15T15:45:00Z,2026-05-15T15:44:00Z,2026-05-15T15:45:00Z,2026-05-15T15:44:00Z,2026-05-15T11:52:29Z,69.2
amtrak,NER,151,2026-05-15,BAL,Baltimore Penn Station,2026-05-15T10:10:00Z,2026-05-15T10:22:00Z,2026-05-15T10:08:00Z,2026-05-15T10:20:00Z,2026-05-15T11:52:29Z,69.2
amtrak,NER,151,2026-05-15,WAS,Washington Union Station,2026-05-15T11:30:00Z,2026-05-15T11:36:00Z,2026-05-15T10:58:00Z,2026-05-15T10:58:00Z,2026-05-15T11:52:29Z,69.2
amtrak,NER,170,2026-05-15,BAL,Baltimore Penn Station,2026-05-15T09:44:00Z,2026-05-15T09:46:00Z,2026-05-15T09:42:00Z,2026-05-15T09:43:00Z,2026-05-15T11:52:29Z,69.2
amtrak,NER,170,2026-05-15,WAS,Washington Union Station,2026-05-15T09:05:00Z,2026-05-15T09:05:00Z,2026-05-15T09:05:00Z,2026-05-15T09:05:00Z,2026-05-15T11:52:29Z,69.2
amtrak,NER,171,2026-05-15,BAL,Baltimore Penn Station,2026-05-15T19:43:00Z,2026-05-15T19:43:00Z,2026-05-15T19:40:00Z,2026-05-15T19:40:00Z,2026-05-15T11:52:29Z,69.2
amtrak,NER,171,2026-05-15,WAS,Washington Union Station,2026-05-15T21:00:00Z,2026-05-15T21:00:00Z,2026-05-15T20:35:00Z,2026-05-15T20:35:00Z,2026-05-15T11:52:29Z,69.2
amtrak,NER,172,2026-05-15,BAL,Baltimore Penn Station,2026-05-15T11:50:00Z,2026-05-15T11:51:00Z,2026-05-15T11:48:00Z,2026-05-15T11:50:00Z,2026-05-15T11:52:29Z,69.2
amtrak,NER,172,2026-05-15,WAS,Washington Union Station,2026-05-15T11:06:00Z,2026-05-15T11:06:00Z,2026-05-15T11:06:00Z,2026-05-15T11:06:00Z,2026-05-15T11:52:29Z,69.2
amtrak,NER,181,2026-05-15,BAL,Baltimore Penn Station,2026-05-15T12:26:00Z,2026-05-15T12:44:00Z,2026-05-15T12:23:00Z,2026-05-15T12:44:00Z,2026-05-15T11:52:29Z,69.2
amtrak,NER,181,2026-05-15,WAS,Washington Union Station,2026-05-15T13:06:00Z,2026-05-15T13:16:00Z,2026-05-15T13:06:00Z,2026-05-15T13:16:00Z,2026-05-15T11:52:29Z,69.2
amtrak,NER,183,2026-05-15,BAL,Baltimore Penn Station,2026-05-15T14:32:00Z,2026-05-15T14:29:00Z,2026-05-15T14:29:00Z,2026-05-15T14:29:00Z,2026-05-15T11:52:29Z,69.2
amtrak,NER,183,2026-05-15,WAS,Washington Union Station,2026-05-15T15:16:00Z,2026-05-15T15:16:00Z,2026-05-15T15:16:00Z,2026-05-15T15:16:00Z,2026-05-15T11:52:29Z,69.2
marc,11705,Train415,2026-05-15,11980,PENN STATION MARC sb,2026-05-15T11:00:00Z,2026-05-15T11:00:04Z,NA,NA,2026-05-15T11:55:31Z,69
marc,11705,Train415,2026-05-15,11958,UNION STATION MARC Washington,NA,NA,2026-05-15T12:02:00Z,2026-05-15T12:07:34Z,2026-05-15T11:55:31Z,69
marc,11705,Train419,2026-05-15,11980,PENN STATION MARC sb,2026-05-15T11:50:00Z,2026-05-15T11:50:00Z,NA,NA,2026-05-15T11:55:31Z,69
marc,11705,Train419,2026-05-15,11958,UNION STATION MARC Washington,NA,NA,2026-05-15T12:53:00Z,2026-05-15T12:53:13Z,2026-05-15T11:55:31Z,69
marc,11705,Train410,2026-05-15,11958,UNION STATION MARC Washington,2026-05-15T11:15:00Z,2026-05-15T11:17:02Z,NA,NA,2026-05-15T11:55:31Z,69
marc,11705,Train410,2026-05-15,12002,PENN STATION MARC nb,NA,NA,2026-05-15T12:17:00Z,2026-05-15T12:23:36Z,2026-05-15T11:55:31Z,69
marc,11705,Train502,2026-05-15,11958,UNION STATION MARC Washington,2026-05-15T10:12:00Z,2026-05-15T10:16:55Z,NA,NA,2026-05-15T11:55:31Z,69
marc,11705,Train502,2026-05-15,12002,PENN STATION MARC nb,2026-05-15T11:21:00Z,2026-05-15T11:23:45Z,2026-05-15T11:19:00Z,2026-05-15T11:15:53Z,2026-05-15T11:55:31Z,69
marc,11705,Train517,2026-05-15,11980,PENN STATION MARC sb,2026-05-15T11:20:00Z,2026-05-15T11:24:55Z,2026-05-15T11:16:05Z,2026-05-15T11:23:52Z,2026-05-15T11:55:31Z,69
marc,11705,Train517,2026-05-15,11958,UNION STATION MARC Washington,NA,NA,2026-05-15T12:19:00Z,2026-05-15T12:23:26Z,2026-05-15T11:55:31Z,69
amtrak,NER,66,2026-05-15,BAL,Baltimore Penn Station,2026-05-15T02:51:00Z,2026-05-15T02:52:00Z,2026-05-15T02:49:00Z,2026-05-15T02:49:00Z,2026-05-15T11:55:31Z,69
amtrak,NER,66,2026-05-15,WAS,Washington Union Station,2026-05-15T02:00:00Z,2026-05-15T02:03:00Z,2026-05-15T01:28:00Z,2026-05-15T01:32:00Z,2026-05-15T11:55:31Z,69
amtrak,NER,67,2026-05-15,BAL,Baltimore Penn Station,2026-05-15T10:04:00Z,2026-05-15T10:13:00Z,2026-05-15T10:02:00Z,2026-05-15T10:11:00Z,2026-05-15T11:55:31Z,69
amtrak,NER,67,2026-05-15,WAS,Washington Union Station,2026-05-15T11:20:00Z,2026-05-15T11:20:00Z,2026-05-15T10:54:00Z,2026-05-15T10:53:00Z,2026-05-15T11:55:31Z,69
amtrak,NER,86,2026-05-15,BAL,Baltimore Penn Station,2026-05-15T13:33:00Z,2026-05-15T13:31:00Z,2026-05-15T13:31:00Z,2026-05-15T13:31:00Z,2026-05-15T11:55:31Z,69
amtrak,NER,86,2026-05-15,WAS,Washington Union Station,2026-05-15T12:50:00Z,2026-05-15T12:18:00Z,2026-05-15T12:18:00Z,2026-05-15T12:18:00Z,2026-05-15T11:55:31Z,69
amtrak,NER,95,2026-05-15,BAL,Baltimore Penn Station,2026-05-15T17:27:00Z,2026-05-15T17:18:00Z,2026-05-15T17:18:00Z,2026-05-15T17:18:00Z,2026-05-15T11:55:31Z,69
amtrak,NER,95,2026-05-15,WAS,Washington Union Station,2026-05-15T18:35:00Z,2026-05-15T18:06:00Z,2026-05-15T18:05:00Z,2026-05-15T18:06:00Z,2026-05-15T11:55:31Z,69
amtrak,NER,111,2026-05-15,BAL,Baltimore Penn Station,2026-05-15T11:40:00Z,2026-05-15T11:40:00Z,2026-05-15T11:38:00Z,2026-05-15T11:31:00Z,2026-05-15T11:55:31Z,69
amtrak,NER,111,2026-05-15,WAS,Washington Union Station,2026-05-15T12:26:00Z,2026-05-15T12:26:00Z,2026-05-15T12:26:00Z,2026-05-15T12:26:00Z,2026-05-15T11:55:31Z,69
amtrak,NER,112,2026-05-15,BAL,Baltimore Penn Station,2026-05-15T12:27:00Z,2026-05-15T12:25:00Z,2026-05-15T12:25:00Z,2026-05-15T12:25:00Z,2026-05-15T11:55:31Z,69
amtrak,NER,112,2026-05-15,WAS,Washington Union Station,2026-05-15T11:45:00Z,2026-05-15T11:45:00Z,2026-05-15T11:45:00Z,2026-05-15T11:45:00Z,2026-05-15T11:55:31Z,69
amtrak,NER,113,2026-05-15,BAL,Baltimore Penn Station,2026-05-15T13:09:00Z,2026-05-15T13:05:00Z,2026-05-15T13:07:00Z,2026-05-15T13:05:00Z,2026-05-15T11:55:31Z,69
amtrak,NER,113,2026-05-15,WAS,Washington Union Station,2026-05-15T13:55:00Z,NA,2026-05-15T13:55:00Z,NA,2026-05-15T11:55:31Z,69
amtrak,NER,125,2026-05-15,BAL,Baltimore Penn Station,2026-05-15T18:28:00Z,2026-05-15T18:26:00Z,2026-05-15T18:25:00Z,2026-05-15T18:26:00Z,2026-05-15T11:55:31Z,69
amtrak,NER,125,2026-05-15,WAS,Washington Union Station,2026-05-15T19:50:00Z,2026-05-15T19:11:00Z,2026-05-15T19:11:00Z,2026-05-15T19:11:00Z,2026-05-15T11:55:31Z,69
amtrak,NER,130,2026-05-15,BAL,Baltimore Penn Station,2026-05-15T11:17:00Z,2026-05-15T11:22:00Z,2026-05-15T11:15:00Z,2026-05-15T11:20:00Z,2026-05-15T11:55:31Z,69
amtrak,NER,130,2026-05-15,WAS,Washington Union Station,2026-05-15T10:30:00Z,2026-05-15T10:30:00Z,2026-05-15T10:30:00Z,2026-05-15T10:30:00Z,2026-05-15T11:55:31Z,69
amtrak,NER,141,2026-05-15,BAL,Baltimore Penn Station,2026-05-15T15:04:00Z,2026-05-15T15:02:00Z,2026-05-15T15:02:00Z,2026-05-15T15:02:00Z,2026-05-15T11:55:31Z,69
amtrak,NER,141,2026-05-15,WAS,Washington Union Station,2026-05-15T15:45:00Z,2026-05-15T15:44:00Z,2026-05-15T15:45:00Z,2026-05-15T15:44:00Z,2026-05-15T11:55:31Z,69
amtrak,NER,151,2026-05-15,BAL,Baltimore Penn Station,2026-05-15T10:10:00Z,2026-05-15T10:22:00Z,2026-05-15T10:08:00Z,2026-05-15T10:20:00Z,2026-05-15T11:55:31Z,69
amtrak,NER,151,2026-05-15,WAS,Washington Union Station,2026-05-15T11:30:00Z,2026-05-15T11:36:00Z,2026-05-15T10:58:00Z,2026-05-15T10:58:00Z,2026-05-15T11:55:31Z,69
amtrak,NER,170,2026-05-15,BAL,Baltimore Penn Station,2026-05-15T09:44:00Z,2026-05-15T09:46:00Z,2026-05-15T09:42:00Z,2026-05-15T09:43:00Z,2026-05-15T11:55:31Z,69
amtrak,NER,170,2026-05-15,WAS,Washington Union Station,2026-05-15T09:05:00Z,2026-05-15T09:05:00Z,2026-05-15T09:05:00Z,2026-05-15T09:05:00Z,2026-05-15T11:55:31Z,69
amtrak,NER,171,2026-05-15,BAL,Baltimore Penn Station,2026-05-15T19:43:00Z,2026-05-15T19:43:00Z,2026-05-15T19:40:00Z,2026-05-15T19:40:00Z,2026-05-15T11:55:31Z,69
amtrak,NER,171,2026-05-15,WAS,Washington Union Station,2026-05-15T21:00:00Z,2026-05-15T21:00:00Z,2026-05-15T20:35:00Z,2026-05-15T20:35:00Z,2026-05-15T11:55:31Z,69
amtrak,NER,172,2026-05-15,BAL,Baltimore Penn Station,2026-05-15T11:50:00Z,2026-05-15T11:53:00Z,2026-05-15T11:48:00Z,2026-05-15T11:50:00Z,2026-05-15T11:55:31Z,69
amtrak,NER,172,2026-05-15,WAS,Washington Union Station,2026-05-15T11:06:00Z,2026-05-15T11:06:00Z,2026-05-15T11:06:00Z,2026-05-15T11:06:00Z,2026-05-15T11:55:31Z,69
amtrak,NER,181,2026-05-15,BAL,Baltimore Penn Station,2026-05-15T12:26:00Z,2026-05-15T12:44:00Z,2026-05-15T12:23:00Z,2026-05-15T12:44:00Z,2026-05-15T11:55:31Z,69
amtrak,NER,181,2026-05-15,WAS,Washington Union Station,2026-05-15T13:06:00Z,2026-05-15T13:16:00Z,2026-05-15T13:06:00Z,2026-05-15T13:16:00Z,2026-05-15T11:55:31Z,69
amtrak,NER,183,2026-05-15,BAL,Baltimore Penn Station,2026-05-15T14:32:00Z,2026-05-15T14:29:00Z,2026-05-15T14:29:00Z,2026-05-15T14:29:00Z,2026-05-15T11:55:31Z,69
amtrak,NER,183,2026-05-15,WAS,Washington Union Station,2026-05-15T15:16:00Z,2026-05-15T15:16:00Z,2026-05-15T15:16:00Z,2026-05-15T15:16:00Z,2026-05-15T11:55:31Z,69
marc,11705,Train415,2026-05-15,11980,PENN STATION MARC sb,2026-05-15T11:00:00Z,2026-05-15T11:00:04Z,NA,NA,2026-05-15T11:58:32Z,68.7
marc,11705,Train415,2026-05-15,11958,UNION STATION MARC Washington,NA,NA,2026-05-15T12:02:00Z,2026-05-15T12:07:43Z,2026-05-15T11:58:32Z,68.7
marc,11705,Train419,2026-05-15,11980,PENN STATION MARC sb,2026-05-15T11:50:00Z,2026-05-15T11:50:00Z,NA,NA,2026-05-15T11:58:32Z,68.7
marc,11705,Train419,2026-05-15,11958,UNION STATION MARC Washington,NA,NA,2026-05-15T12:53:00Z,2026-05-15T12:53:13Z,2026-05-15T11:58:32Z,68.7
marc,11705,Train410,2026-05-15,11958,UNION STATION MARC Washington,2026-05-15T11:15:00Z,2026-05-15T11:17:02Z,NA,NA,2026-05-15T11:58:32Z,68.7
marc,11705,Train410,2026-05-15,12002,PENN STATION MARC nb,NA,NA,2026-05-15T12:17:00Z,2026-05-15T12:23:57Z,2026-05-15T11:58:32Z,68.7
marc,11705,Train502,2026-05-15,11958,UNION STATION MARC Washington,2026-05-15T10:12:00Z,2026-05-15T10:16:55Z,NA,NA,2026-05-15T11:58:32Z,68.7
marc,11705,Train502,2026-05-15,12002,PENN STATION MARC nb,2026-05-15T11:21:00Z,2026-05-15T11:23:45Z,2026-05-15T11:19:00Z,2026-05-15T11:15:53Z,2026-05-15T11:58:32Z,68.7
marc,11705,Train517,2026-05-15,11980,PENN STATION MARC sb,2026-05-15T11:20:00Z,2026-05-15T11:24:55Z,2026-05-15T11:16:05Z,2026-05-15T11:23:52Z,2026-05-15T11:58:32Z,68.7
marc,11705,Train517,2026-05-15,11958,UNION STATION MARC Washington,NA,NA,2026-05-15T12:19:00Z,2026-05-15T12:25:33Z,2026-05-15T11:58:32Z,68.7
amtrak,NER,66,2026-05-15,BAL,Baltimore Penn Station,2026-05-15T02:51:00Z,2026-05-15T02:52:00Z,2026-05-15T02:49:00Z,2026-05-15T02:49:00Z,2026-05-15T11:58:32Z,68.7
amtrak,NER,66,2026-05-15,WAS,Washington Union Station,2026-05-15T02:00:00Z,2026-05-15T02:03:00Z,2026-05-15T01:28:00Z,2026-05-15T01:32:00Z,2026-05-15T11:58:32Z,68.7
amtrak,NER,67,2026-05-15,BAL,Baltimore Penn Station,2026-05-15T10:04:00Z,2026-05-15T10:13:00Z,2026-05-15T10:02:00Z,2026-05-15T10:11:00Z,2026-05-15T11:58:32Z,68.7
amtrak,NER,67,2026-05-15,WAS,Washington Union Station,2026-05-15T11:20:00Z,2026-05-15T11:20:00Z,2026-05-15T10:54:00Z,2026-05-15T10:53:00Z,2026-05-15T11:58:32Z,68.7
amtrak,NER,86,2026-05-15,BAL,Baltimore Penn Station,2026-05-15T13:33:00Z,2026-05-15T13:31:00Z,2026-05-15T13:31:00Z,2026-05-15T13:31:00Z,2026-05-15T11:58:32Z,68.7
amtrak,NER,86,2026-05-15,WAS,Washington Union Station,2026-05-15T12:50:00Z,2026-05-15T12:18:00Z,2026-05-15T12:18:00Z,2026-05-15T12:18:00Z,2026-05-15T11:58:32Z,68.7
amtrak,NER,95,2026-05-15,BAL,Baltimore Penn Station,2026-05-15T17:27:00Z,2026-05-15T17:18:00Z,2026-05-15T17:18:00Z,2026-05-15T17:18:00Z,2026-05-15T11:58:32Z,68.7
amtrak,NER,95,2026-05-15,WAS,Washington Union Station,2026-05-15T18:35:00Z,2026-05-15T18:06:00Z,2026-05-15T18:05:00Z,2026-05-15T18:06:00Z,2026-05-15T11:58:32Z,68.7
amtrak,NER,111,2026-05-15,BAL,Baltimore Penn Station,2026-05-15T11:40:00Z,2026-05-15T11:40:00Z,2026-05-15T11:38:00Z,2026-05-15T11:31:00Z,2026-05-15T11:58:32Z,68.7
amtrak,NER,111,2026-05-15,WAS,Washington Union Station,2026-05-15T12:26:00Z,2026-05-15T12:26:00Z,2026-05-15T12:26:00Z,2026-05-15T12:26:00Z,2026-05-15T11:58:32Z,68.7
amtrak,NER,112,2026-05-15,BAL,Baltimore Penn Station,2026-05-15T12:27:00Z,2026-05-15T12:25:00Z,2026-05-15T12:25:00Z,2026-05-15T12:25:00Z,2026-05-15T11:58:32Z,68.7
amtrak,NER,112,2026-05-15,WAS,Washington Union Station,2026-05-15T11:45:00Z,2026-05-15T11:45:00Z,2026-05-15T11:45:00Z,2026-05-15T11:45:00Z,2026-05-15T11:58:32Z,68.7
amtrak,NER,113,2026-05-15,BAL,Baltimore Penn Station,2026-05-15T13:09:00Z,2026-05-15T13:05:00Z,2026-05-15T13:07:00Z,2026-05-15T13:05:00Z,2026-05-15T11:58:32Z,68.7
amtrak,NER,113,2026-05-15,WAS,Washington Union Station,2026-05-15T13:55:00Z,NA,2026-05-15T13:55:00Z,NA,2026-05-15T11:58:32Z,68.7
amtrak,NER,125,2026-05-15,BAL,Baltimore Penn Station,2026-05-15T18:28:00Z,2026-05-15T18:26:00Z,2026-05-15T18:25:00Z,2026-05-15T18:26:00Z,2026-05-15T11:58:32Z,68.7
amtrak,NER,125,2026-05-15,WAS,Washington Union Station,2026-05-15T19:50:00Z,2026-05-15T19:11:00Z,2026-05-15T19:11:00Z,2026-05-15T19:11:00Z,2026-05-15T11:58:32Z,68.7
amtrak,NER,130,2026-05-15,BAL,Baltimore Penn Station,2026-05-15T11:17:00Z,2026-05-15T11:22:00Z,2026-05-15T11:15:00Z,2026-05-15T11:20:00Z,2026-05-15T11:58:32Z,68.7
amtrak,NER,130,2026-05-15,WAS,Washington Union Station,2026-05-15T10:30:00Z,2026-05-15T10:30:00Z,2026-05-15T10:30:00Z,2026-05-15T10:30:00Z,2026-05-15T11:58:32Z,68.7
amtrak,NER,141,2026-05-15,BAL,Baltimore Penn Station,2026-05-15T15:04:00Z,2026-05-15T15:02:00Z,2026-05-15T15:02:00Z,2026-05-15T15:02:00Z,2026-05-15T11:58:32Z,68.7
amtrak,NER,141,2026-05-15,WAS,Washington Union Station,2026-05-15T15:45:00Z,2026-05-15T15:44:00Z,2026-05-15T15:45:00Z,2026-05-15T15:44:00Z,2026-05-15T11:58:32Z,68.7
amtrak,NER,151,2026-05-15,BAL,Baltimore Penn Station,2026-05-15T10:10:00Z,2026-05-15T10:22:00Z,2026-05-15T10:08:00Z,2026-05-15T10:20:00Z,2026-05-15T11:58:32Z,68.7
amtrak,NER,151,2026-05-15,WAS,Washington Union Station,2026-05-15T11:30:00Z,2026-05-15T11:36:00Z,2026-05-15T10:58:00Z,2026-05-15T10:58:00Z,2026-05-15T11:58:32Z,68.7
amtrak,NER,170,2026-05-15,BAL,Baltimore Penn Station,2026-05-15T09:44:00Z,2026-05-15T09:46:00Z,2026-05-15T09:42:00Z,2026-05-15T09:43:00Z,2026-05-15T11:58:32Z,68.7
amtrak,NER,170,2026-05-15,WAS,Washington Union Station,2026-05-15T09:05:00Z,2026-05-15T09:05:00Z,2026-05-15T09:05:00Z,2026-05-15T09:05:00Z,2026-05-15T11:58:32Z,68.7
amtrak,NER,171,2026-05-15,BAL,Baltimore Penn Station,2026-05-15T19:43:00Z,2026-05-15T19:43:00Z,2026-05-15T19:40:00Z,2026-05-15T19:40:00Z,2026-05-15T11:58:32Z,68.7
amtrak,NER,171,2026-05-15,WAS,Washington Union Station,2026-05-15T21:00:00Z,2026-05-15T21:00:00Z,2026-05-15T20:35:00Z,2026-05-15T20:35:00Z,2026-05-15T11:58:32Z,68.7
amtrak,NER,172,2026-05-15,BAL,Baltimore Penn Station,2026-05-15T11:50:00Z,2026-05-15T11:53:00Z,2026-05-15T11:48:00Z,2026-05-15T11:50:00Z,2026-05-15T11:58:32Z,68.7
amtrak,NER,172,2026-05-15,WAS,Washington Union Station,2026-05-15T11:06:00Z,2026-05-15T11:06:00Z,2026-05-15T11:06:00Z,2026-05-15T11:06:00Z,2026-05-15T11:58:32Z,68.7
amtrak,NER,181,2026-05-15,BAL,Baltimore Penn Station,2026-05-15T12:26:00Z,2026-05-15T12:44:00Z,2026-05-15T12:23:00Z,2026-05-15T12:44:00Z,2026-05-15T11:58:32Z,68.7
amtrak,NER,181,2026-05-15,WAS,Washington Union Station,2026-05-15T13:06:00Z,2026-05-15T13:16:00Z,2026-05-15T13:06:00Z,2026-05-15T13:16:00Z,2026-05-15T11:58:32Z,68.7
amtrak,NER,183,2026-05-15,BAL,Baltimore Penn Station,2026-05-15T14:32:00Z,2026-05-15T14:29:00Z,2026-05-15T14:29:00Z,2026-05-15T14:29:00Z,2026-05-15T11:58:32Z,68.7
amtrak,NER,183,2026-05-15,WAS,Washington Union Station,2026-05-15T15:16:00Z,2026-05-15T15:16:00Z,2026-05-15T15:16:00Z,2026-05-15T15:16:00Z,2026-05-15T11:58:32Z,68.7
marc,11705,Train412,2026-05-15,11958,UNION STATION MARC Washington,2026-05-15T13:00:00Z,2026-05-15T13:02:22Z,NA,NA,2026-05-15T13:20:37Z,62.1
marc,11705,Train412,2026-05-15,12002,PENN STATION MARC nb,NA,NA,2026-05-15T13:56:00Z,2026-05-15T13:59:43Z,2026-05-15T13:20:37Z,62.1
marc,11705,Train421,2026-05-15,11980,PENN STATION MARC sb,2026-05-15T12:30:00Z,2026-05-15T12:30:00Z,NA,NA,2026-05-15T13:20:37Z,62.1
marc,11705,Train421,2026-05-15,11958,UNION STATION MARC Washington,NA,NA,2026-05-15T13:32:00Z,2026-05-15T13:35:51Z,2026-05-15T13:20:37Z,62.1
marc,11705,Train423,2026-05-15,11980,PENN STATION MARC sb,2026-05-15T13:00:00Z,2026-05-15T13:01:34Z,NA,NA,2026-05-15T13:20:37Z,62.1
marc,11705,Train423,2026-05-15,11958,UNION STATION MARC Washington,NA,NA,2026-05-15T14:03:00Z,2026-05-15T14:06:16Z,2026-05-15T13:20:37Z,62.1
marc,11705,Train525,2026-05-15,11980,PENN STATION MARC sb,2026-05-15T13:30:00Z,2026-05-15T13:46:15Z,2026-05-15T13:28:00Z,2026-05-15T13:44:15Z,2026-05-15T13:20:37Z,62.1
marc,11705,Train525,2026-05-15,11958,UNION STATION MARC Washington,NA,NA,2026-05-15T14:28:00Z,2026-05-15T14:44:15Z,2026-05-15T13:20:37Z,62.1
marc,11705,Train612,2026-05-15,11958,UNION STATION MARC Washington,2026-05-15T12:20:00Z,2026-05-15T12:23:44Z,NA,NA,2026-05-15T13:20:37Z,62.1
marc,11705,Train612,2026-05-15,12002,PENN STATION MARC nb,2026-05-15T13:20:00Z,2026-05-15T13:15:39Z,2026-05-15T13:17:00Z,2026-05-15T13:15:00Z,2026-05-15T13:20:37Z,62.1
amtrak,NER,66,2026-05-15,BAL,Baltimore Penn Station,2026-05-15T02:51:00Z,2026-05-15T02:52:00Z,2026-05-15T02:49:00Z,2026-05-15T02:49:00Z,2026-05-15T13:20:37Z,62.1
amtrak,NER,66,2026-05-15,WAS,Washington Union Station,2026-05-15T02:00:00Z,2026-05-15T02:03:00Z,2026-05-15T01:28:00Z,2026-05-15T01:32:00Z,2026-05-15T13:20:37Z,62.1
amtrak,NER,67,2026-05-15,BAL,Baltimore Penn Station,2026-05-15T10:04:00Z,2026-05-15T10:13:00Z,2026-05-15T10:02:00Z,2026-05-15T10:11:00Z,2026-05-15T13:20:37Z,62.1
amtrak,NER,67,2026-05-15,WAS,Washington Union Station,2026-05-15T11:20:00Z,2026-05-15T11:20:00Z,2026-05-15T10:54:00Z,2026-05-15T10:53:00Z,2026-05-15T13:20:37Z,62.1
amtrak,NER,85,2026-05-15,BAL,Baltimore Penn Station,2026-05-15T21:54:00Z,2026-05-15T21:54:00Z,2026-05-15T21:51:00Z,2026-05-15T21:51:00Z,2026-05-15T13:20:37Z,62.1
amtrak,NER,85,2026-05-15,WAS,Washington Union Station,2026-05-15T22:38:00Z,2026-05-15T22:38:00Z,2026-05-15T22:38:00Z,2026-05-15T22:32:00Z,2026-05-15T13:20:37Z,62.1
amtrak,NER,86,2026-05-15,BAL,Baltimore Penn Station,2026-05-15T13:33:00Z,2026-05-15T13:31:00Z,2026-05-15T13:31:00Z,2026-05-15T13:31:00Z,2026-05-15T13:20:37Z,62.1
amtrak,NER,86,2026-05-15,WAS,Washington Union Station,2026-05-15T12:50:00Z,2026-05-15T12:28:00Z,2026-05-15T12:18:00Z,2026-05-15T12:28:00Z,2026-05-15T13:20:37Z,62.1
amtrak,NER,93,2026-05-15,BAL,Baltimore Penn Station,2026-05-15T20:39:00Z,2026-05-15T20:39:00Z,2026-05-15T20:37:00Z,2026-05-15T20:37:00Z,2026-05-15T13:20:37Z,62.1
amtrak,NER,93,2026-05-15,WAS,Washington Union Station,2026-05-15T21:55:00Z,2026-05-15T21:55:00Z,2026-05-15T21:25:00Z,2026-05-15T21:25:00Z,2026-05-15T13:20:37Z,62.1
amtrak,NER,94,2026-05-15,BAL,Baltimore Penn Station,2026-05-15T18:43:00Z,2026-05-15T18:41:00Z,2026-05-15T18:41:00Z,2026-05-15T18:41:00Z,2026-05-15T13:20:37Z,62.1
amtrak,NER,94,2026-05-15,WAS,Washington Union Station,2026-05-15T18:00:00Z,2026-05-15T17:28:00Z,2026-05-15T17:28:00Z,2026-05-15T17:28:00Z,2026-05-15T13:20:37Z,62.1
amtrak,NER,95,2026-05-15,BAL,Baltimore Penn Station,2026-05-15T17:27:00Z,2026-05-15T17:18:00Z,2026-05-15T17:18:00Z,2026-05-15T17:18:00Z,2026-05-15T13:20:37Z,62.1
amtrak,NER,95,2026-05-15,WAS,Washington Union Station,2026-05-15T18:35:00Z,2026-05-15T18:06:00Z,2026-05-15T18:05:00Z,2026-05-15T18:06:00Z,2026-05-15T13:20:37Z,62.1
amtrak,NER,112,2026-05-15,BAL,Baltimore Penn Station,2026-05-15T12:27:00Z,2026-05-15T12:27:00Z,2026-05-15T12:25:00Z,2026-05-15T12:24:00Z,2026-05-15T13:20:37Z,62.1
amtrak,NER,112,2026-05-15,WAS,Washington Union Station,2026-05-15T11:45:00Z,2026-05-15T11:45:00Z,2026-05-15T11:45:00Z,2026-05-15T11:45:00Z,2026-05-15T13:20:37Z,62.1
amtrak,NER,113,2026-05-15,BAL,Baltimore Penn Station,2026-05-15T13:09:00Z,2026-05-15T13:18:00Z,2026-05-15T13:07:00Z,2026-05-15T13:18:00Z,2026-05-15T13:20:37Z,62.1
amtrak,NER,113,2026-05-15,WAS,Washington Union Station,2026-05-15T13:55:00Z,2026-05-15T13:56:00Z,2026-05-15T13:55:00Z,2026-05-15T13:56:00Z,2026-05-15T13:20:37Z,62.1
amtrak,NER,125,2026-05-15,BAL,Baltimore Penn Station,2026-05-15T18:28:00Z,2026-05-15T18:26:00Z,2026-05-15T18:25:00Z,2026-05-15T18:26:00Z,2026-05-15T13:20:37Z,62.1
amtrak,NER,125,2026-05-15,WAS,Washington Union Station,2026-05-15T19:50:00Z,2026-05-15T19:11:00Z,2026-05-15T19:11:00Z,2026-05-15T19:11:00Z,2026-05-15T13:20:37Z,62.1
amtrak,NER,130,2026-05-15,BAL,Baltimore Penn Station,2026-05-15T11:17:00Z,2026-05-15T11:22:00Z,2026-05-15T11:15:00Z,2026-05-15T11:20:00Z,2026-05-15T13:20:37Z,62.1
amtrak,NER,130,2026-05-15,WAS,Washington Union Station,2026-05-15T10:30:00Z,2026-05-15T10:30:00Z,2026-05-15T10:30:00Z,2026-05-15T10:30:00Z,2026-05-15T13:20:37Z,62.1
amtrak,NER,141,2026-05-15,BAL,Baltimore Penn Station,2026-05-15T15:04:00Z,2026-05-15T15:02:00Z,2026-05-15T15:02:00Z,2026-05-15T15:02:00Z,2026-05-15T13:20:37Z,62.1
amtrak,NER,141,2026-05-15,WAS,Washington Union Station,2026-05-15T15:45:00Z,2026-05-15T15:44:00Z,2026-05-15T15:45:00Z,2026-05-15T15:44:00Z,2026-05-15T13:20:37Z,62.1
amtrak,NER,151,2026-05-15,BAL,Baltimore Penn Station,2026-05-15T10:10:00Z,2026-05-15T10:22:00Z,2026-05-15T10:08:00Z,2026-05-15T10:20:00Z,2026-05-15T13:20:37Z,62.1
amtrak,NER,151,2026-05-15,WAS,Washington Union Station,2026-05-15T11:30:00Z,2026-05-15T11:36:00Z,2026-05-15T10:58:00Z,2026-05-15T10:58:00Z,2026-05-15T13:20:37Z,62.1
amtrak,NER,170,2026-05-15,BAL,Baltimore Penn Station,2026-05-15T09:44:00Z,2026-05-15T09:46:00Z,2026-05-15T09:42:00Z,2026-05-15T09:43:00Z,2026-05-15T13:20:37Z,62.1
amtrak,NER,170,2026-05-15,WAS,Washington Union Station,2026-05-15T09:05:00Z,2026-05-15T09:05:00Z,2026-05-15T09:05:00Z,2026-05-15T09:05:00Z,2026-05-15T13:20:37Z,62.1
amtrak,NER,171,2026-05-15,BAL,Baltimore Penn Station,2026-05-15T19:43:00Z,2026-05-15T19:40:00Z,2026-05-15T19:40:00Z,2026-05-15T19:40:00Z,2026-05-15T13:20:37Z,62.1
amtrak,NER,171,2026-05-15,WAS,Washington Union Station,2026-05-15T21:00:00Z,2026-05-15T20:35:00Z,2026-05-15T20:35:00Z,2026-05-15T20:35:00Z,2026-05-15T13:20:37Z,62.1
amtrak,NER,172,2026-05-15,BAL,Baltimore Penn Station,2026-05-15T11:50:00Z,2026-05-15T11:53:00Z,2026-05-15T11:48:00Z,2026-05-15T11:50:00Z,2026-05-15T13:20:37Z,62.1
amtrak,NER,172,2026-05-15,WAS,Washington Union Station,2026-05-15T11:06:00Z,2026-05-15T11:06:00Z,2026-05-15T11:06:00Z,2026-05-15T11:06:00Z,2026-05-15T13:20:37Z,62.1
amtrak,NER,178,2026-05-15,BAL,Baltimore Penn Station,2026-05-15T20:45:00Z,2026-05-15T20:45:00Z,2026-05-15T20:43:00Z,2026-05-15T20:43:00Z,2026-05-15T13:20:37Z,62.1
amtrak,NER,178,2026-05-15,WAS,Washington Union Station,2026-05-15T20:02:00Z,2026-05-15T20:02:00Z,2026-05-15T18:55:00Z,2026-05-15T18:55:00Z,2026-05-15T13:20:37Z,62.1
amtrak,NER,181,2026-05-15,BAL,Baltimore Penn Station,2026-05-15T12:26:00Z,2026-05-15T12:49:00Z,2026-05-15T12:23:00Z,2026-05-15T12:47:00Z,2026-05-15T13:20:37Z,62.1
amtrak,NER,181,2026-05-15,WAS,Washington Union Station,2026-05-15T13:06:00Z,2026-05-15T13:20:00Z,2026-05-15T13:06:00Z,2026-05-15T13:20:00Z,2026-05-15T13:20:37Z,62.1
amtrak,NER,182,2026-05-15,BAL,Baltimore Penn Station,2026-05-15T14:15:00Z,2026-05-15T14:15:00Z,2026-05-15T14:13:00Z,2026-05-15T14:13:00Z,2026-05-15T13:20:37Z,62.1
amtrak,NER,182,2026-05-15,WAS,Washington Union Station,2026-05-15T13:31:00Z,2026-05-15T13:31:00Z,2026-05-15T13:31:00Z,2026-05-15T13:31:00Z,2026-05-15T13:20:37Z,62.1
amtrak,NER,183,2026-05-15,BAL,Baltimore Penn Station,2026-05-15T14:32:00Z,2026-05-15T14:29:00Z,2026-05-15T14:29:00Z,2026-05-15T14:29:00Z,2026-05-15T13:20:37Z,62.1
amtrak,NER,183,2026-05-15,WAS,Washington Union Station,2026-05-15T15:16:00Z,2026-05-15T15:16:00Z,2026-05-15T15:16:00Z,2026-05-15T15:16:00Z,2026-05-15T13:20:37Z,62.1
amtrak,NER,185,2026-05-15,BAL,Baltimore Penn Station,2026-05-15T16:12:00Z,2026-05-15T16:12:00Z,2026-05-15T16:10:00Z,2026-05-15T16:10:00Z,2026-05-15T13:20:37Z,62.1
amtrak,NER,185,2026-05-15,WAS,Washington Union Station,2026-05-15T16:57:00Z,2026-05-15T16:57:00Z,2026-05-15T16:57:00Z,2026-05-15T16:52:00Z,2026-05-15T13:20:37Z,62.1
marc,11705,Train412,2026-05-15,11958,UNION STATION MARC Washington,2026-05-15T13:00:00Z,2026-05-15T13:02:22Z,NA,NA,2026-05-15T13:23:39Z,62.5
marc,11705,Train412,2026-05-15,12002,PENN STATION MARC nb,NA,NA,2026-05-15T13:56:00Z,2026-05-15T13:59:11Z,2026-05-15T13:23:39Z,62.5
marc,11705,Train421,2026-05-15,11980,PENN STATION MARC sb,2026-05-15T12:30:00Z,2026-05-15T12:30:00Z,NA,NA,2026-05-15T13:23:39Z,62.5
marc,11705,Train421,2026-05-15,11958,UNION STATION MARC Washington,NA,NA,2026-05-15T13:32:00Z,2026-05-15T13:34:36Z,2026-05-15T13:23:39Z,62.5
marc,11705,Train423,2026-05-15,11980,PENN STATION MARC sb,2026-05-15T13:00:00Z,2026-05-15T13:01:34Z,NA,NA,2026-05-15T13:23:39Z,62.5
marc,11705,Train423,2026-05-15,11958,UNION STATION MARC Washington,NA,NA,2026-05-15T14:03:00Z,2026-05-15T14:05:29Z,2026-05-15T13:23:39Z,62.5
marc,11705,Train525,2026-05-15,11980,PENN STATION MARC sb,2026-05-15T13:30:00Z,2026-05-15T13:47:12Z,2026-05-15T13:28:00Z,2026-05-15T13:45:12Z,2026-05-15T13:23:39Z,62.5
marc,11705,Train525,2026-05-15,11958,UNION STATION MARC Washington,NA,NA,2026-05-15T14:28:00Z,2026-05-15T14:45:12Z,2026-05-15T13:23:39Z,62.5
marc,11705,Train612,2026-05-15,11958,UNION STATION MARC Washington,2026-05-15T12:20:00Z,2026-05-15T12:23:44Z,NA,NA,2026-05-15T13:23:39Z,62.5
marc,11705,Train612,2026-05-15,12002,PENN STATION MARC nb,2026-05-15T13:20:00Z,2026-05-15T13:15:39Z,2026-05-15T13:17:00Z,2026-05-15T13:15:00Z,2026-05-15T13:23:39Z,62.5
amtrak,NER,66,2026-05-15,BAL,Baltimore Penn Station,2026-05-15T02:51:00Z,2026-05-15T02:52:00Z,2026-05-15T02:49:00Z,2026-05-15T02:49:00Z,2026-05-15T13:23:39Z,62.5
amtrak,NER,66,2026-05-15,WAS,Washington Union Station,2026-05-15T02:00:00Z,2026-05-15T02:03:00Z,2026-05-15T01:28:00Z,2026-05-15T01:32:00Z,2026-05-15T13:23:39Z,62.5
amtrak,NER,67,2026-05-15,BAL,Baltimore Penn Station,2026-05-15T10:04:00Z,2026-05-15T10:13:00Z,2026-05-15T10:02:00Z,2026-05-15T10:11:00Z,2026-05-15T13:23:39Z,62.5
amtrak,NER,67,2026-05-15,WAS,Washington Union Station,2026-05-15T11:20:00Z,2026-05-15T11:20:00Z,2026-05-15T10:54:00Z,2026-05-15T10:53:00Z,2026-05-15T13:23:39Z,62.5
amtrak,NER,85,2026-05-15,BAL,Baltimore Penn Station,2026-05-15T21:54:00Z,2026-05-15T21:54:00Z,2026-05-15T21:51:00Z,2026-05-15T21:51:00Z,2026-05-15T13:23:39Z,62.5
amtrak,NER,85,2026-05-15,WAS,Washington Union Station,2026-05-15T22:38:00Z,2026-05-15T22:38:00Z,2026-05-15T22:38:00Z,2026-05-15T22:32:00Z,2026-05-15T13:23:39Z,62.5
amtrak,NER,86,2026-05-15,BAL,Baltimore Penn Station,2026-05-15T13:33:00Z,2026-05-15T13:31:00Z,2026-05-15T13:31:00Z,2026-05-15T13:31:00Z,2026-05-15T13:23:39Z,62.5
amtrak,NER,86,2026-05-15,WAS,Washington Union Station,2026-05-15T12:50:00Z,2026-05-15T12:28:00Z,2026-05-15T12:18:00Z,2026-05-15T12:28:00Z,2026-05-15T13:23:39Z,62.5
amtrak,NER,93,2026-05-15,BAL,Baltimore Penn Station,2026-05-15T20:39:00Z,2026-05-15T20:39:00Z,2026-05-15T20:37:00Z,2026-05-15T20:37:00Z,2026-05-15T13:23:39Z,62.5
amtrak,NER,93,2026-05-15,WAS,Washington Union Station,2026-05-15T21:55:00Z,2026-05-15T21:55:00Z,2026-05-15T21:25:00Z,2026-05-15T21:25:00Z,2026-05-15T13:23:39Z,62.5
amtrak,NER,94,2026-05-15,BAL,Baltimore Penn Station,2026-05-15T18:43:00Z,2026-05-15T18:41:00Z,2026-05-15T18:41:00Z,2026-05-15T18:41:00Z,2026-05-15T13:23:39Z,62.5
amtrak,NER,94,2026-05-15,WAS,Washington Union Station,2026-05-15T18:00:00Z,2026-05-15T17:28:00Z,2026-05-15T17:28:00Z,2026-05-15T17:28:00Z,2026-05-15T13:23:39Z,62.5
amtrak,NER,95,2026-05-15,BAL,Baltimore Penn Station,2026-05-15T17:27:00Z,2026-05-15T17:18:00Z,2026-05-15T17:18:00Z,2026-05-15T17:18:00Z,2026-05-15T13:23:39Z,62.5
amtrak,NER,95,2026-05-15,WAS,Washington Union Station,2026-05-15T18:35:00Z,2026-05-15T18:06:00Z,2026-05-15T18:05:00Z,2026-05-15T18:06:00Z,2026-05-15T13:23:39Z,62.5
amtrak,NER,112,2026-05-15,BAL,Baltimore Penn Station,2026-05-15T12:27:00Z,2026-05-15T12:27:00Z,2026-05-15T12:25:00Z,2026-05-15T12:24:00Z,2026-05-15T13:23:39Z,62.5
amtrak,NER,112,2026-05-15,WAS,Washington Union Station,2026-05-15T11:45:00Z,2026-05-15T11:45:00Z,2026-05-15T11:45:00Z,2026-05-15T11:45:00Z,2026-05-15T13:23:39Z,62.5
amtrak,NER,113,2026-05-15,BAL,Baltimore Penn Station,2026-05-15T13:09:00Z,2026-05-15T13:20:00Z,2026-05-15T13:07:00Z,2026-05-15T13:18:00Z,2026-05-15T13:23:39Z,62.5
amtrak,NER,113,2026-05-15,WAS,Washington Union Station,2026-05-15T13:55:00Z,2026-05-15T13:56:00Z,2026-05-15T13:55:00Z,2026-05-15T13:56:00Z,2026-05-15T13:23:39Z,62.5
amtrak,NER,125,2026-05-15,BAL,Baltimore Penn Station,2026-05-15T18:28:00Z,2026-05-15T18:26:00Z,2026-05-15T18:25:00Z,2026-05-15T18:26:00Z,2026-05-15T13:23:39Z,62.5
amtrak,NER,125,2026-05-15,WAS,Washington Union Station,2026-05-15T19:50:00Z,2026-05-15T19:11:00Z,2026-05-15T19:11:00Z,2026-05-15T19:11:00Z,2026-05-15T13:23:39Z,62.5
amtrak,NER,130,2026-05-15,BAL,Baltimore Penn Station,2026-05-15T11:17:00Z,2026-05-15T11:22:00Z,2026-05-15T11:15:00Z,2026-05-15T11:20:00Z,2026-05-15T13:23:39Z,62.5
amtrak,NER,130,2026-05-15,WAS,Washington Union Station,2026-05-15T10:30:00Z,2026-05-15T10:30:00Z,2026-05-15T10:30:00Z,2026-05-15T10:30:00Z,2026-05-15T13:23:39Z,62.5
amtrak,NER,141,2026-05-15,BAL,Baltimore Penn Station,2026-05-15T15:04:00Z,2026-05-15T15:02:00Z,2026-05-15T15:02:00Z,2026-05-15T15:02:00Z,2026-05-15T13:23:39Z,62.5
amtrak,NER,141,2026-05-15,WAS,Washington Union Station,2026-05-15T15:45:00Z,2026-05-15T15:44:00Z,2026-05-15T15:45:00Z,2026-05-15T15:44:00Z,2026-05-15T13:23:39Z,62.5
amtrak,NER,151,2026-05-15,BAL,Baltimore Penn Station,2026-05-15T10:10:00Z,2026-05-15T10:22:00Z,2026-05-15T10:08:00Z,2026-05-15T10:20:00Z,2026-05-15T13:23:39Z,62.5
amtrak,NER,151,2026-05-15,WAS,Washington Union Station,2026-05-15T11:30:00Z,2026-05-15T11:36:00Z,2026-05-15T10:58:00Z,2026-05-15T10:58:00Z,2026-05-15T13:23:39Z,62.5
amtrak,NER,170,2026-05-15,BAL,Baltimore Penn Station,2026-05-15T09:44:00Z,2026-05-15T09:46:00Z,2026-05-15T09:42:00Z,2026-05-15T09:43:00Z,2026-05-15T13:23:39Z,62.5
amtrak,NER,170,2026-05-15,WAS,Washington Union Station,2026-05-15T09:05:00Z,2026-05-15T09:05:00Z,2026-05-15T09:05:00Z,2026-05-15T09:05:00Z,2026-05-15T13:23:39Z,62.5
amtrak,NER,171,2026-05-15,BAL,Baltimore Penn Station,2026-05-15T19:43:00Z,2026-05-15T19:40:00Z,2026-05-15T19:40:00Z,2026-05-15T19:40:00Z,2026-05-15T13:23:39Z,62.5
amtrak,NER,171,2026-05-15,WAS,Washington Union Station,2026-05-15T21:00:00Z,2026-05-15T20:35:00Z,2026-05-15T20:35:00Z,2026-05-15T20:35:00Z,2026-05-15T13:23:39Z,62.5
amtrak,NER,172,2026-05-15,BAL,Baltimore Penn Station,2026-05-15T11:50:00Z,2026-05-15T11:53:00Z,2026-05-15T11:48:00Z,2026-05-15T11:50:00Z,2026-05-15T13:23:39Z,62.5
amtrak,NER,172,2026-05-15,WAS,Washington Union Station,2026-05-15T11:06:00Z,2026-05-15T11:06:00Z,2026-05-15T11:06:00Z,2026-05-15T11:06:00Z,2026-05-15T13:23:39Z,62.5
amtrak,NER,178,2026-05-15,BAL,Baltimore Penn Station,2026-05-15T20:45:00Z,2026-05-15T20:45:00Z,2026-05-15T20:43:00Z,2026-05-15T20:43:00Z,2026-05-15T13:23:39Z,62.5
amtrak,NER,178,2026-05-15,WAS,Washington Union Station,2026-05-15T20:02:00Z,2026-05-15T20:02:00Z,2026-05-15T18:55:00Z,2026-05-15T18:55:00Z,2026-05-15T13:23:39Z,62.5
amtrak,NER,181,2026-05-15,BAL,Baltimore Penn Station,2026-05-15T12:26:00Z,2026-05-15T12:49:00Z,2026-05-15T12:23:00Z,2026-05-15T12:47:00Z,2026-05-15T13:23:39Z,62.5
amtrak,NER,181,2026-05-15,WAS,Washington Union Station,2026-05-15T13:06:00Z,2026-05-15T13:20:00Z,2026-05-15T13:06:00Z,2026-05-15T13:20:00Z,2026-05-15T13:23:39Z,62.5
amtrak,NER,182,2026-05-15,BAL,Baltimore Penn Station,2026-05-15T14:15:00Z,2026-05-15T14:15:00Z,2026-05-15T14:13:00Z,2026-05-15T14:13:00Z,2026-05-15T13:23:39Z,62.5
amtrak,NER,182,2026-05-15,WAS,Washington Union Station,2026-05-15T13:31:00Z,2026-05-15T13:31:00Z,2026-05-15T13:31:00Z,2026-05-15T13:31:00Z,2026-05-15T13:23:39Z,62.5
amtrak,NER,183,2026-05-15,BAL,Baltimore Penn Station,2026-05-15T14:32:00Z,2026-05-15T14:29:00Z,2026-05-15T14:29:00Z,2026-05-15T14:29:00Z,2026-05-15T13:23:39Z,62.5
amtrak,NER,183,2026-05-15,WAS,Washington Union Station,2026-05-15T15:16:00Z,2026-05-15T15:16:00Z,2026-05-15T15:16:00Z,2026-05-15T15:16:00Z,2026-05-15T13:23:39Z,62.5
amtrak,NER,185,2026-05-15,BAL,Baltimore Penn Station,2026-05-15T16:12:00Z,2026-05-15T16:12:00Z,2026-05-15T16:10:00Z,2026-05-15T16:10:00Z,2026-05-15T13:23:39Z,62.5
amtrak,NER,185,2026-05-15,WAS,Washington Union Station,2026-05-15T16:57:00Z,2026-05-15T16:57:00Z,2026-05-15T16:57:00Z,2026-05-15T16:52:00Z,2026-05-15T13:23:39Z,62.5
marc,11705,Train412,2026-05-15,11958,UNION STATION MARC Washington,2026-05-15T13:00:00Z,2026-05-15T13:02:22Z,NA,NA,2026-05-15T13:26:40Z,62.8
marc,11705,Train412,2026-05-15,12002,PENN STATION MARC nb,NA,NA,2026-05-15T13:56:00Z,2026-05-15T13:59:11Z,2026-05-15T13:26:40Z,62.8
marc,11705,Train421,2026-05-15,11980,PENN STATION MARC sb,2026-05-15T12:30:00Z,2026-05-15T12:30:00Z,NA,NA,2026-05-15T13:26:40Z,62.8
marc,11705,Train421,2026-05-15,11958,UNION STATION MARC Washington,NA,NA,2026-05-15T13:32:00Z,2026-05-15T13:33:29Z,2026-05-15T13:26:40Z,62.8
marc,11705,Train423,2026-05-15,11980,PENN STATION MARC sb,2026-05-15T13:00:00Z,2026-05-15T13:01:34Z,NA,NA,2026-05-15T13:26:40Z,62.8
marc,11705,Train423,2026-05-15,11958,UNION STATION MARC Washington,NA,NA,2026-05-15T14:03:00Z,2026-05-15T14:04:19Z,2026-05-15T13:26:40Z,62.8
marc,11705,Train525,2026-05-15,11980,PENN STATION MARC sb,2026-05-15T13:30:00Z,2026-05-15T13:48:00Z,2026-05-15T13:28:00Z,2026-05-15T13:46:00Z,2026-05-15T13:26:40Z,62.8
marc,11705,Train525,2026-05-15,11958,UNION STATION MARC Washington,NA,NA,2026-05-15T14:28:00Z,2026-05-15T14:46:00Z,2026-05-15T13:26:40Z,62.8
marc,11705,Train612,2026-05-15,11958,UNION STATION MARC Washington,2026-05-15T12:20:00Z,2026-05-15T12:23:44Z,NA,NA,2026-05-15T13:26:40Z,62.8
marc,11705,Train612,2026-05-15,12002,PENN STATION MARC nb,2026-05-15T13:20:00Z,2026-05-15T13:15:39Z,2026-05-15T13:17:00Z,2026-05-15T13:15:00Z,2026-05-15T13:26:40Z,62.8
amtrak,NER,66,2026-05-15,BAL,Baltimore Penn Station,2026-05-15T02:51:00Z,2026-05-15T02:52:00Z,2026-05-15T02:49:00Z,2026-05-15T02:49:00Z,2026-05-15T13:26:40Z,62.8
amtrak,NER,66,2026-05-15,WAS,Washington Union Station,2026-05-15T02:00:00Z,2026-05-15T02:03:00Z,2026-05-15T01:28:00Z,2026-05-15T01:32:00Z,2026-05-15T13:26:40Z,62.8
amtrak,NER,67,2026-05-15,BAL,Baltimore Penn Station,2026-05-15T10:04:00Z,2026-05-15T10:13:00Z,2026-05-15T10:02:00Z,2026-05-15T10:11:00Z,2026-05-15T13:26:40Z,62.8
amtrak,NER,67,2026-05-15,WAS,Washington Union Station,2026-05-15T11:20:00Z,2026-05-15T11:20:00Z,2026-05-15T10:54:00Z,2026-05-15T10:53:00Z,2026-05-15T13:26:40Z,62.8
amtrak,NER,85,2026-05-15,BAL,Baltimore Penn Station,2026-05-15T21:54:00Z,2026-05-15T21:54:00Z,2026-05-15T21:51:00Z,2026-05-15T21:51:00Z,2026-05-15T13:26:40Z,62.8
amtrak,NER,85,2026-05-15,WAS,Washington Union Station,2026-05-15T22:38:00Z,2026-05-15T22:38:00Z,2026-05-15T22:38:00Z,2026-05-15T22:32:00Z,2026-05-15T13:26:40Z,62.8
amtrak,NER,86,2026-05-15,BAL,Baltimore Penn Station,2026-05-15T13:33:00Z,2026-05-15T13:31:00Z,2026-05-15T13:31:00Z,2026-05-15T13:31:00Z,2026-05-15T13:26:40Z,62.8
amtrak,NER,86,2026-05-15,WAS,Washington Union Station,2026-05-15T12:50:00Z,2026-05-15T12:50:00Z,2026-05-15T12:18:00Z,2026-05-15T12:28:00Z,2026-05-15T13:26:40Z,62.8
amtrak,NER,93,2026-05-15,BAL,Baltimore Penn Station,2026-05-15T20:39:00Z,2026-05-15T20:37:00Z,2026-05-15T20:37:00Z,2026-05-15T20:37:00Z,2026-05-15T13:26:40Z,62.8
amtrak,NER,93,2026-05-15,WAS,Washington Union Station,2026-05-15T21:55:00Z,2026-05-15T21:25:00Z,2026-05-15T21:25:00Z,2026-05-15T21:25:00Z,2026-05-15T13:26:40Z,62.8
amtrak,NER,94,2026-05-15,BAL,Baltimore Penn Station,2026-05-15T18:43:00Z,2026-05-15T18:41:00Z,2026-05-15T18:41:00Z,2026-05-15T18:41:00Z,2026-05-15T13:26:40Z,62.8
amtrak,NER,94,2026-05-15,WAS,Washington Union Station,2026-05-15T18:00:00Z,2026-05-15T17:28:00Z,2026-05-15T17:28:00Z,2026-05-15T17:28:00Z,2026-05-15T13:26:40Z,62.8
amtrak,NER,95,2026-05-15,BAL,Baltimore Penn Station,2026-05-15T17:27:00Z,2026-05-15T17:18:00Z,2026-05-15T17:18:00Z,2026-05-15T17:18:00Z,2026-05-15T13:26:40Z,62.8
amtrak,NER,95,2026-05-15,WAS,Washington Union Station,2026-05-15T18:35:00Z,2026-05-15T18:06:00Z,2026-05-15T18:05:00Z,2026-05-15T18:06:00Z,2026-05-15T13:26:40Z,62.8
amtrak,NER,112,2026-05-15,BAL,Baltimore Penn Station,2026-05-15T12:27:00Z,2026-05-15T12:27:00Z,2026-05-15T12:25:00Z,2026-05-15T12:24:00Z,2026-05-15T13:26:40Z,62.8
amtrak,NER,112,2026-05-15,WAS,Washington Union Station,2026-05-15T11:45:00Z,2026-05-15T11:45:00Z,2026-05-15T11:45:00Z,2026-05-15T11:45:00Z,2026-05-15T13:26:40Z,62.8
amtrak,NER,113,2026-05-15,BAL,Baltimore Penn Station,2026-05-15T13:09:00Z,2026-05-15T13:20:00Z,2026-05-15T13:07:00Z,2026-05-15T13:18:00Z,2026-05-15T13:26:40Z,62.8
amtrak,NER,113,2026-05-15,WAS,Washington Union Station,2026-05-15T13:55:00Z,2026-05-15T13:56:00Z,2026-05-15T13:55:00Z,2026-05-15T13:56:00Z,2026-05-15T13:26:40Z,62.8
amtrak,NER,125,2026-05-15,BAL,Baltimore Penn Station,2026-05-15T18:28:00Z,2026-05-15T18:26:00Z,2026-05-15T18:25:00Z,2026-05-15T18:26:00Z,2026-05-15T13:26:40Z,62.8
amtrak,NER,125,2026-05-15,WAS,Washington Union Station,2026-05-15T19:50:00Z,2026-05-15T19:11:00Z,2026-05-15T19:11:00Z,2026-05-15T19:11:00Z,2026-05-15T13:26:40Z,62.8
amtrak,NER,130,2026-05-15,BAL,Baltimore Penn Station,2026-05-15T11:17:00Z,2026-05-15T11:22:00Z,2026-05-15T11:15:00Z,2026-05-15T11:20:00Z,2026-05-15T13:26:40Z,62.8
amtrak,NER,130,2026-05-15,WAS,Washington Union Station,2026-05-15T10:30:00Z,2026-05-15T10:30:00Z,2026-05-15T10:30:00Z,2026-05-15T10:30:00Z,2026-05-15T13:26:40Z,62.8
amtrak,NER,141,2026-05-15,BAL,Baltimore Penn Station,2026-05-15T15:04:00Z,2026-05-15T15:02:00Z,2026-05-15T15:02:00Z,2026-05-15T15:02:00Z,2026-05-15T13:26:40Z,62.8
amtrak,NER,141,2026-05-15,WAS,Washington Union Station,2026-05-15T15:45:00Z,2026-05-15T15:44:00Z,2026-05-15T15:45:00Z,2026-05-15T15:44:00Z,2026-05-15T13:26:40Z,62.8
amtrak,NER,151,2026-05-15,BAL,Baltimore Penn Station,2026-05-15T10:10:00Z,2026-05-15T10:22:00Z,2026-05-15T10:08:00Z,2026-05-15T10:20:00Z,2026-05-15T13:26:40Z,62.8
amtrak,NER,151,2026-05-15,WAS,Washington Union Station,2026-05-15T11:30:00Z,2026-05-15T11:36:00Z,2026-05-15T10:58:00Z,2026-05-15T10:58:00Z,2026-05-15T13:26:40Z,62.8
amtrak,NER,170,2026-05-15,BAL,Baltimore Penn Station,2026-05-15T09:44:00Z,2026-05-15T09:46:00Z,2026-05-15T09:42:00Z,2026-05-15T09:43:00Z,2026-05-15T13:26:40Z,62.8
amtrak,NER,170,2026-05-15,WAS,Washington Union Station,2026-05-15T09:05:00Z,2026-05-15T09:05:00Z,2026-05-15T09:05:00Z,2026-05-15T09:05:00Z,2026-05-15T13:26:40Z,62.8
amtrak,NER,171,2026-05-15,BAL,Baltimore Penn Station,2026-05-15T19:43:00Z,2026-05-15T19:40:00Z,2026-05-15T19:40:00Z,2026-05-15T19:40:00Z,2026-05-15T13:26:40Z,62.8
amtrak,NER,171,2026-05-15,WAS,Washington Union Station,2026-05-15T21:00:00Z,2026-05-15T20:35:00Z,2026-05-15T20:35:00Z,2026-05-15T20:35:00Z,2026-05-15T13:26:40Z,62.8
amtrak,NER,172,2026-05-15,BAL,Baltimore Penn Station,2026-05-15T11:50:00Z,2026-05-15T11:53:00Z,2026-05-15T11:48:00Z,2026-05-15T11:50:00Z,2026-05-15T13:26:40Z,62.8
amtrak,NER,172,2026-05-15,WAS,Washington Union Station,2026-05-15T11:06:00Z,2026-05-15T11:06:00Z,2026-05-15T11:06:00Z,2026-05-15T11:06:00Z,2026-05-15T13:26:40Z,62.8
amtrak,NER,178,2026-05-15,BAL,Baltimore Penn Station,2026-05-15T20:45:00Z,2026-05-15T20:45:00Z,2026-05-15T20:43:00Z,2026-05-15T20:43:00Z,2026-05-15T13:26:40Z,62.8
amtrak,NER,178,2026-05-15,WAS,Washington Union Station,2026-05-15T20:02:00Z,2026-05-15T20:02:00Z,2026-05-15T18:55:00Z,2026-05-15T18:55:00Z,2026-05-15T13:26:40Z,62.8
amtrak,NER,181,2026-05-15,BAL,Baltimore Penn Station,2026-05-15T12:26:00Z,2026-05-15T12:49:00Z,2026-05-15T12:23:00Z,2026-05-15T12:47:00Z,2026-05-15T13:26:40Z,62.8
amtrak,NER,181,2026-05-15,WAS,Washington Union Station,2026-05-15T13:06:00Z,2026-05-15T13:20:00Z,2026-05-15T13:06:00Z,2026-05-15T13:20:00Z,2026-05-15T13:26:40Z,62.8
amtrak,NER,182,2026-05-15,BAL,Baltimore Penn Station,2026-05-15T14:15:00Z,2026-05-15T14:15:00Z,2026-05-15T14:13:00Z,2026-05-15T14:13:00Z,2026-05-15T13:26:40Z,62.8
amtrak,NER,182,2026-05-15,WAS,Washington Union Station,2026-05-15T13:31:00Z,2026-05-15T13:31:00Z,2026-05-15T13:31:00Z,2026-05-15T13:31:00Z,2026-05-15T13:26:40Z,62.8
amtrak,NER,183,2026-05-15,BAL,Baltimore Penn Station,2026-05-15T14:32:00Z,2026-05-15T14:29:00Z,2026-05-15T14:29:00Z,2026-05-15T14:29:00Z,2026-05-15T13:26:40Z,62.8
amtrak,NER,183,2026-05-15,WAS,Washington Union Station,2026-05-15T15:16:00Z,2026-05-15T15:16:00Z,2026-05-15T15:16:00Z,2026-05-15T15:16:00Z,2026-05-15T13:26:40Z,62.8
amtrak,NER,185,2026-05-15,BAL,Baltimore Penn Station,2026-05-15T16:12:00Z,2026-05-15T16:12:00Z,2026-05-15T16:10:00Z,2026-05-15T16:10:00Z,2026-05-15T13:26:40Z,62.8
amtrak,NER,185,2026-05-15,WAS,Washington Union Station,2026-05-15T16:57:00Z,2026-05-15T16:57:00Z,2026-05-15T16:57:00Z,2026-05-15T16:52:00Z,2026-05-15T13:26:40Z,62.8
marc,11705,Train428,2026-05-15,11958,UNION STATION MARC Washington,2026-05-15T19:40:00Z,2026-05-15T19:42:01Z,NA,NA,2026-05-15T20:14:21Z,105
marc,11705,Train428,2026-05-15,12002,PENN STATION MARC nb,NA,NA,2026-05-15T20:40:00Z,2026-05-15T20:40:30Z,2026-05-15T20:14:21Z,105
marc,11705,Train439,2026-05-15,11980,PENN STATION MARC sb,2026-05-15T19:45:00Z,2026-05-15T19:45:00Z,NA,NA,2026-05-15T20:14:21Z,105
marc,11705,Train439,2026-05-15,11958,UNION STATION MARC Washington,NA,NA,2026-05-15T20:45:00Z,2026-05-15T20:47:06Z,2026-05-15T20:14:21Z,105
marc,11705,Train532,2026-05-15,11958,UNION STATION MARC Washington,2026-05-15T20:10:00Z,2026-05-15T20:11:37Z,NA,NA,2026-05-15T20:14:21Z,105
marc,11705,Train532,2026-05-15,12002,PENN STATION MARC nb,2026-05-15T21:01:00Z,2026-05-15T21:02:42Z,2026-05-15T21:00:30Z,2026-05-15T21:02:12Z,2026-05-15T20:14:21Z,105
marc,11705,Train641,2026-05-15,11980,PENN STATION MARC sb,2026-05-15T20:08:00Z,2026-05-15T20:08:00Z,2026-05-15T20:07:00Z,2026-05-15T20:03:07Z,2026-05-15T20:14:21Z,105
marc,11705,Train641,2026-05-15,11958,UNION STATION MARC Washington,NA,NA,2026-05-15T21:01:00Z,2026-05-15T21:07:04Z,2026-05-15T20:14:21Z,105
amtrak,NER,66,2026-05-15,BAL,Baltimore Penn Station,2026-05-16T02:51:00Z,2026-05-16T02:51:00Z,2026-05-16T02:49:00Z,2026-05-16T03:17:00Z,2026-05-15T20:14:21Z,105
amtrak,NER,66,2026-05-15,WAS,Washington Union Station,2026-05-16T02:00:00Z,2026-05-16T02:00:00Z,2026-05-16T01:28:00Z,2026-05-16T02:07:00Z,2026-05-15T20:14:21Z,105
amtrak,NER,85,2026-05-15,BAL,Baltimore Penn Station,2026-05-15T21:54:00Z,2026-05-15T21:51:00Z,2026-05-15T21:51:00Z,2026-05-15T21:51:00Z,2026-05-15T20:14:21Z,105
amtrak,NER,85,2026-05-15,WAS,Washington Union Station,2026-05-15T22:38:00Z,2026-05-15T22:32:00Z,2026-05-15T22:38:00Z,2026-05-15T22:32:00Z,2026-05-15T20:14:21Z,105
amtrak,NER,86,2026-05-15,BAL,Baltimore Penn Station,2026-05-15T13:33:00Z,2026-05-15T13:37:00Z,2026-05-15T13:31:00Z,2026-05-15T13:33:00Z,2026-05-15T20:14:21Z,105
amtrak,NER,86,2026-05-15,WAS,Washington Union Station,2026-05-15T12:50:00Z,2026-05-15T12:50:00Z,2026-05-15T12:18:00Z,2026-05-15T12:28:00Z,2026-05-15T20:14:21Z,105
amtrak,NER,93,2026-05-15,BAL,Baltimore Penn Station,2026-05-15T20:39:00Z,2026-05-15T21:00:00Z,2026-05-15T20:37:00Z,2026-05-15T21:00:00Z,2026-05-15T20:14:21Z,105
amtrak,NER,93,2026-05-15,WAS,Washington Union Station,2026-05-15T21:55:00Z,2026-05-15T21:42:00Z,2026-05-15T21:25:00Z,2026-05-15T21:42:00Z,2026-05-15T20:14:21Z,105
amtrak,NER,94,2026-05-15,BAL,Baltimore Penn Station,2026-05-15T18:43:00Z,2026-05-15T18:46:00Z,2026-05-15T18:41:00Z,2026-05-15T18:44:00Z,2026-05-15T20:14:21Z,105
amtrak,NER,94,2026-05-15,WAS,Washington Union Station,2026-05-15T18:00:00Z,2026-05-15T18:00:00Z,2026-05-15T17:28:00Z,2026-05-15T17:33:00Z,2026-05-15T20:14:21Z,105
amtrak,NER,95,2026-05-15,BAL,Baltimore Penn Station,2026-05-15T17:27:00Z,2026-05-15T17:27:00Z,2026-05-15T17:18:00Z,2026-05-15T17:19:00Z,2026-05-15T20:14:21Z,105
amtrak,NER,95,2026-05-15,WAS,Washington Union Station,2026-05-15T18:35:00Z,2026-05-15T18:41:00Z,2026-05-15T18:05:00Z,2026-05-15T18:14:00Z,2026-05-15T20:14:21Z,105
amtrak,NER,125,2026-05-15,BAL,Baltimore Penn Station,2026-05-15T18:28:00Z,2026-05-15T18:31:00Z,2026-05-15T18:25:00Z,2026-05-15T18:27:00Z,2026-05-15T20:14:21Z,105
amtrak,NER,125,2026-05-15,WAS,Washington Union Station,2026-05-15T19:50:00Z,2026-05-15T19:50:00Z,2026-05-15T19:11:00Z,2026-05-15T19:11:00Z,2026-05-15T20:14:21Z,105
amtrak,NER,129,2026-05-15,BAL,Baltimore Penn Station,2026-05-15T23:19:00Z,2026-05-15T23:19:00Z,2026-05-15T23:16:00Z,2026-05-15T23:16:00Z,2026-05-15T20:14:21Z,105
amtrak,NER,129,2026-05-15,WAS,Washington Union Station,2026-05-16T00:02:00Z,2026-05-16T00:02:00Z,2026-05-16T00:02:00Z,2026-05-15T23:56:00Z,2026-05-15T20:14:21Z,105
amtrak,NER,136,2026-05-15,BAL,Baltimore Penn Station,2026-05-15T21:48:00Z,2026-05-15T21:48:00Z,2026-05-15T21:46:00Z,2026-05-15T21:46:00Z,2026-05-15T20:14:21Z,105
amtrak,NER,136,2026-05-15,WAS,Washington Union Station,2026-05-15T21:05:00Z,2026-05-15T21:05:00Z,2026-05-15T21:05:00Z,2026-05-15T21:05:00Z,2026-05-15T20:14:21Z,105
amtrak,NER,137,2026-05-15,BAL,Baltimore Penn Station,2026-05-16T01:07:00Z,2026-05-16T01:06:00Z,2026-05-16T01:05:00Z,2026-05-16T01:06:00Z,2026-05-15T20:14:21Z,105
amtrak,NER,137,2026-05-15,WAS,Washington Union Station,2026-05-16T01:58:00Z,2026-05-16T01:44:00Z,2026-05-16T01:58:00Z,2026-05-16T01:44:00Z,2026-05-15T20:14:21Z,105
amtrak,NER,138,2026-05-15,BAL,Baltimore Penn Station,2026-05-15T23:18:00Z,2026-05-15T23:16:00Z,2026-05-15T23:16:00Z,2026-05-15T23:16:00Z,2026-05-15T20:14:21Z,105
amtrak,NER,138,2026-05-15,WAS,Washington Union Station,2026-05-15T22:35:00Z,2026-05-15T21:37:00Z,2026-05-15T21:37:00Z,2026-05-15T21:37:00Z,2026-05-15T20:14:21Z,105
amtrak,NER,148,2026-05-15,BAL,Baltimore Penn Station,2026-05-15T19:38:00Z,2026-05-15T19:43:00Z,2026-05-15T19:36:00Z,2026-05-15T19:36:00Z,2026-05-15T20:14:21Z,105
amtrak,NER,148,2026-05-15,WAS,Washington Union Station,2026-05-15T18:55:00Z,2026-05-15T18:55:00Z,2026-05-15T18:55:00Z,2026-05-15T18:55:00Z,2026-05-15T20:14:21Z,105
amtrak,NER,171,2026-05-15,BAL,Baltimore Penn Station,2026-05-15T19:43:00Z,2026-05-15T19:43:00Z,2026-05-15T19:40:00Z,2026-05-15T19:28:00Z,2026-05-15T20:14:21Z,105
amtrak,NER,171,2026-05-15,WAS,Washington Union Station,2026-05-15T21:00:00Z,2026-05-15T20:35:00Z,2026-05-15T20:35:00Z,2026-05-15T20:35:00Z,2026-05-15T20:14:21Z,105
amtrak,NER,173,2026-05-15,BAL,Baltimore Penn Station,2026-05-15T22:48:00Z,2026-05-15T22:45:00Z,2026-05-15T22:45:00Z,2026-05-15T22:45:00Z,2026-05-15T20:14:21Z,105
amtrak,NER,173,2026-05-15,WAS,Washington Union Station,2026-05-15T23:32:00Z,2026-05-15T23:24:00Z,2026-05-15T23:32:00Z,2026-05-15T23:24:00Z,2026-05-15T20:14:21Z,105
amtrak,NER,174,2026-05-15,BAL,Baltimore Penn Station,2026-05-15T15:18:00Z,2026-05-15T15:23:00Z,2026-05-15T15:16:00Z,2026-05-15T15:18:00Z,2026-05-15T20:14:21Z,105
amtrak,NER,174,2026-05-15,WAS,Washington Union Station,2026-05-15T14:35:00Z,2026-05-15T14:35:00Z,2026-05-15T14:35:00Z,2026-05-15T14:35:00Z,2026-05-15T20:14:21Z,105
amtrak,NER,175,2026-05-15,BAL,Baltimore Penn Station,2026-05-16T02:42:00Z,2026-05-16T02:39:00Z,2026-05-16T02:39:00Z,2026-05-16T02:39:00Z,2026-05-15T20:14:21Z,105
amtrak,NER,175,2026-05-15,WAS,Washington Union Station,2026-05-16T03:23:00Z,2026-05-16T03:19:00Z,2026-05-16T03:23:00Z,2026-05-16T03:19:00Z,2026-05-15T20:14:21Z,105
amtrak,NER,176,2026-05-15,BAL,Baltimore Penn Station,2026-05-15T20:08:00Z,2026-05-15T20:15:00Z,2026-05-15T20:06:00Z,2026-05-15T20:15:00Z,2026-05-15T20:14:21Z,105
amtrak,NER,176,2026-05-15,WAS,Washington Union Station,2026-05-15T19:30:00Z,2026-05-15T19:30:00Z,2026-05-15T19:30:00Z,2026-05-15T19:30:00Z,2026-05-15T20:14:21Z,105
amtrak,NER,178,2026-05-15,BAL,Baltimore Penn Station,2026-05-15T20:45:00Z,2026-05-15T20:43:00Z,2026-05-15T20:43:00Z,2026-05-15T20:43:00Z,2026-05-15T20:14:21Z,105
amtrak,NER,178,2026-05-15,WAS,Washington Union Station,2026-05-15T20:02:00Z,2026-05-15T20:02:00Z,2026-05-15T18:55:00Z,2026-05-15T19:03:00Z,2026-05-15T20:14:21Z,105
amtrak,NER,184,2026-05-15,BAL,Baltimore Penn Station,2026-05-15T18:07:00Z,2026-05-15T18:10:00Z,2026-05-15T18:05:00Z,2026-05-15T18:06:00Z,2026-05-15T20:14:21Z,105
amtrak,NER,184,2026-05-15,WAS,Washington Union Station,2026-05-15T17:25:00Z,2026-05-15T17:27:00Z,2026-05-15T17:25:00Z,2026-05-15T17:27:00Z,2026-05-15T20:14:21Z,105
amtrak,NER,186,2026-05-15,BAL,Baltimore Penn Station,2026-05-16T01:14:00Z,2026-05-16T01:12:00Z,2026-05-16T01:12:00Z,2026-05-16T01:12:00Z,2026-05-15T20:14:21Z,105
amtrak,NER,186,2026-05-15,WAS,Washington Union Station,2026-05-16T00:30:00Z,2026-05-15T23:59:00Z,2026-05-15T23:59:00Z,2026-05-15T23:59:00Z,2026-05-15T20:14:21Z,105
marc,11705,Train428,2026-05-15,11958,UNION STATION MARC Washington,2026-05-15T19:40:00Z,2026-05-15T19:42:01Z,NA,NA,2026-05-15T20:17:23Z,105.6
marc,11705,Train428,2026-05-15,12002,PENN STATION MARC nb,NA,NA,2026-05-15T20:40:00Z,2026-05-15T20:40:51Z,2026-05-15T20:17:23Z,105.6
marc,11705,Train439,2026-05-15,11980,PENN STATION MARC sb,2026-05-15T19:45:00Z,2026-05-15T19:45:00Z,NA,NA,2026-05-15T20:17:23Z,105.6
marc,11705,Train439,2026-05-15,11958,UNION STATION MARC Washington,NA,NA,2026-05-15T20:45:00Z,2026-05-15T20:48:07Z,2026-05-15T20:17:23Z,105.6
marc,11705,Train532,2026-05-15,11958,UNION STATION MARC Washington,2026-05-15T20:10:00Z,2026-05-15T20:11:37Z,NA,NA,2026-05-15T20:17:23Z,105.6
marc,11705,Train532,2026-05-15,12002,PENN STATION MARC nb,2026-05-15T21:01:00Z,2026-05-15T21:03:15Z,2026-05-15T21:00:30Z,2026-05-15T21:02:45Z,2026-05-15T20:17:23Z,105.6
marc,11705,Train641,2026-05-15,11980,PENN STATION MARC sb,2026-05-15T20:08:00Z,2026-05-15T20:08:00Z,2026-05-15T20:07:00Z,2026-05-15T20:03:07Z,2026-05-15T20:17:23Z,105.6
marc,11705,Train641,2026-05-15,11958,UNION STATION MARC Washington,NA,NA,2026-05-15T21:01:00Z,2026-05-15T21:09:53Z,2026-05-15T20:17:23Z,105.6
amtrak,NER,66,2026-05-15,BAL,Baltimore Penn Station,2026-05-16T02:51:00Z,2026-05-16T02:51:00Z,2026-05-16T02:49:00Z,2026-05-16T03:17:00Z,2026-05-15T20:17:23Z,105.6
amtrak,NER,66,2026-05-15,WAS,Washington Union Station,2026-05-16T02:00:00Z,2026-05-16T02:00:00Z,2026-05-16T01:28:00Z,2026-05-16T02:07:00Z,2026-05-15T20:17:23Z,105.6
amtrak,NER,85,2026-05-15,BAL,Baltimore Penn Station,2026-05-15T21:54:00Z,2026-05-15T21:51:00Z,2026-05-15T21:51:00Z,2026-05-15T21:51:00Z,2026-05-15T20:17:23Z,105.6
amtrak,NER,85,2026-05-15,WAS,Washington Union Station,2026-05-15T22:38:00Z,2026-05-15T22:32:00Z,2026-05-15T22:38:00Z,2026-05-15T22:32:00Z,2026-05-15T20:17:23Z,105.6
amtrak,NER,86,2026-05-15,BAL,Baltimore Penn Station,2026-05-15T13:33:00Z,2026-05-15T13:37:00Z,2026-05-15T13:31:00Z,2026-05-15T13:33:00Z,2026-05-15T20:17:23Z,105.6
amtrak,NER,86,2026-05-15,WAS,Washington Union Station,2026-05-15T12:50:00Z,2026-05-15T12:50:00Z,2026-05-15T12:18:00Z,2026-05-15T12:28:00Z,2026-05-15T20:17:23Z,105.6
amtrak,NER,93,2026-05-15,BAL,Baltimore Penn Station,2026-05-15T20:39:00Z,2026-05-15T21:00:00Z,2026-05-15T20:37:00Z,2026-05-15T21:00:00Z,2026-05-15T20:17:23Z,105.6
amtrak,NER,93,2026-05-15,WAS,Washington Union Station,2026-05-15T21:55:00Z,2026-05-15T21:42:00Z,2026-05-15T21:25:00Z,2026-05-15T21:42:00Z,2026-05-15T20:17:23Z,105.6
amtrak,NER,94,2026-05-15,BAL,Baltimore Penn Station,2026-05-15T18:43:00Z,2026-05-15T18:46:00Z,2026-05-15T18:41:00Z,2026-05-15T18:44:00Z,2026-05-15T20:17:23Z,105.6
amtrak,NER,94,2026-05-15,WAS,Washington Union Station,2026-05-15T18:00:00Z,2026-05-15T18:00:00Z,2026-05-15T17:28:00Z,2026-05-15T17:33:00Z,2026-05-15T20:17:23Z,105.6
amtrak,NER,95,2026-05-15,BAL,Baltimore Penn Station,2026-05-15T17:27:00Z,2026-05-15T17:27:00Z,2026-05-15T17:18:00Z,2026-05-15T17:19:00Z,2026-05-15T20:17:23Z,105.6
amtrak,NER,95,2026-05-15,WAS,Washington Union Station,2026-05-15T18:35:00Z,2026-05-15T18:41:00Z,2026-05-15T18:05:00Z,2026-05-15T18:14:00Z,2026-05-15T20:17:23Z,105.6
amtrak,NER,125,2026-05-15,BAL,Baltimore Penn Station,2026-05-15T18:28:00Z,2026-05-15T18:31:00Z,2026-05-15T18:25:00Z,2026-05-15T18:27:00Z,2026-05-15T20:17:23Z,105.6
amtrak,NER,125,2026-05-15,WAS,Washington Union Station,2026-05-15T19:50:00Z,2026-05-15T19:50:00Z,2026-05-15T19:11:00Z,2026-05-15T19:11:00Z,2026-05-15T20:17:23Z,105.6
amtrak,NER,129,2026-05-15,BAL,Baltimore Penn Station,2026-05-15T23:19:00Z,2026-05-15T23:19:00Z,2026-05-15T23:16:00Z,2026-05-15T23:16:00Z,2026-05-15T20:17:23Z,105.6
amtrak,NER,129,2026-05-15,WAS,Washington Union Station,2026-05-16T00:02:00Z,2026-05-16T00:02:00Z,2026-05-16T00:02:00Z,2026-05-15T23:56:00Z,2026-05-15T20:17:23Z,105.6
amtrak,NER,136,2026-05-15,BAL,Baltimore Penn Station,2026-05-15T21:48:00Z,2026-05-15T21:48:00Z,2026-05-15T21:46:00Z,2026-05-15T21:46:00Z,2026-05-15T20:17:23Z,105.6
amtrak,NER,136,2026-05-15,WAS,Washington Union Station,2026-05-15T21:05:00Z,2026-05-15T21:05:00Z,2026-05-15T21:05:00Z,2026-05-15T21:05:00Z,2026-05-15T20:17:23Z,105.6
amtrak,NER,137,2026-05-15,BAL,Baltimore Penn Station,2026-05-16T01:07:00Z,2026-05-16T01:06:00Z,2026-05-16T01:05:00Z,2026-05-16T01:06:00Z,2026-05-15T20:17:23Z,105.6
amtrak,NER,137,2026-05-15,WAS,Washington Union Station,2026-05-16T01:58:00Z,2026-05-16T01:44:00Z,2026-05-16T01:58:00Z,2026-05-16T01:44:00Z,2026-05-15T20:17:23Z,105.6
amtrak,NER,138,2026-05-15,BAL,Baltimore Penn Station,2026-05-15T23:18:00Z,2026-05-15T23:16:00Z,2026-05-15T23:16:00Z,2026-05-15T23:16:00Z,2026-05-15T20:17:23Z,105.6
amtrak,NER,138,2026-05-15,WAS,Washington Union Station,2026-05-15T22:35:00Z,2026-05-15T21:37:00Z,2026-05-15T21:37:00Z,2026-05-15T21:37:00Z,2026-05-15T20:17:23Z,105.6
amtrak,NER,148,2026-05-15,BAL,Baltimore Penn Station,2026-05-15T19:38:00Z,2026-05-15T19:43:00Z,2026-05-15T19:36:00Z,2026-05-15T19:36:00Z,2026-05-15T20:17:23Z,105.6
amtrak,NER,148,2026-05-15,WAS,Washington Union Station,2026-05-15T18:55:00Z,2026-05-15T18:55:00Z,2026-05-15T18:55:00Z,2026-05-15T18:55:00Z,2026-05-15T20:17:23Z,105.6
amtrak,NER,171,2026-05-15,BAL,Baltimore Penn Station,2026-05-15T19:43:00Z,2026-05-15T19:43:00Z,2026-05-15T19:40:00Z,2026-05-15T19:28:00Z,2026-05-15T20:17:23Z,105.6
amtrak,NER,171,2026-05-15,WAS,Washington Union Station,2026-05-15T21:00:00Z,2026-05-15T20:35:00Z,2026-05-15T20:35:00Z,2026-05-15T20:35:00Z,2026-05-15T20:17:23Z,105.6
amtrak,NER,173,2026-05-15,BAL,Baltimore Penn Station,2026-05-15T22:48:00Z,2026-05-15T22:45:00Z,2026-05-15T22:45:00Z,2026-05-15T22:45:00Z,2026-05-15T20:17:23Z,105.6
amtrak,NER,173,2026-05-15,WAS,Washington Union Station,2026-05-15T23:32:00Z,2026-05-15T23:24:00Z,2026-05-15T23:32:00Z,2026-05-15T23:24:00Z,2026-05-15T20:17:23Z,105.6
amtrak,NER,174,2026-05-15,BAL,Baltimore Penn Station,2026-05-15T15:18:00Z,2026-05-15T15:23:00Z,2026-05-15T15:16:00Z,2026-05-15T15:18:00Z,2026-05-15T20:17:23Z,105.6
amtrak,NER,174,2026-05-15,WAS,Washington Union Station,2026-05-15T14:35:00Z,2026-05-15T14:35:00Z,2026-05-15T14:35:00Z,2026-05-15T14:35:00Z,2026-05-15T20:17:23Z,105.6
amtrak,NER,175,2026-05-15,BAL,Baltimore Penn Station,2026-05-16T02:42:00Z,2026-05-16T02:39:00Z,2026-05-16T02:39:00Z,2026-05-16T02:39:00Z,2026-05-15T20:17:23Z,105.6
amtrak,NER,175,2026-05-15,WAS,Washington Union Station,2026-05-16T03:23:00Z,2026-05-16T03:19:00Z,2026-05-16T03:23:00Z,2026-05-16T03:19:00Z,2026-05-15T20:17:23Z,105.6
amtrak,NER,176,2026-05-15,BAL,Baltimore Penn Station,2026-05-15T20:08:00Z,2026-05-15T20:15:00Z,2026-05-15T20:06:00Z,2026-05-15T20:12:00Z,2026-05-15T20:17:23Z,105.6
amtrak,NER,176,2026-05-15,WAS,Washington Union Station,2026-05-15T19:30:00Z,2026-05-15T19:30:00Z,2026-05-15T19:30:00Z,2026-05-15T19:30:00Z,2026-05-15T20:17:23Z,105.6
amtrak,NER,178,2026-05-15,BAL,Baltimore Penn Station,2026-05-15T20:45:00Z,2026-05-15T20:43:00Z,2026-05-15T20:43:00Z,2026-05-15T20:43:00Z,2026-05-15T20:17:23Z,105.6
amtrak,NER,178,2026-05-15,WAS,Washington Union Station,2026-05-15T20:02:00Z,2026-05-15T20:02:00Z,2026-05-15T18:55:00Z,2026-05-15T19:03:00Z,2026-05-15T20:17:23Z,105.6
amtrak,NER,184,2026-05-15,BAL,Baltimore Penn Station,2026-05-15T18:07:00Z,2026-05-15T18:10:00Z,2026-05-15T18:05:00Z,2026-05-15T18:06:00Z,2026-05-15T20:17:23Z,105.6
amtrak,NER,184,2026-05-15,WAS,Washington Union Station,2026-05-15T17:25:00Z,2026-05-15T17:27:00Z,2026-05-15T17:25:00Z,2026-05-15T17:27:00Z,2026-05-15T20:17:23Z,105.6
amtrak,NER,186,2026-05-15,BAL,Baltimore Penn Station,2026-05-16T01:14:00Z,2026-05-16T01:12:00Z,2026-05-16T01:12:00Z,2026-05-16T01:12:00Z,2026-05-15T20:17:23Z,105.6
amtrak,NER,186,2026-05-15,WAS,Washington Union Station,2026-05-16T00:30:00Z,2026-05-15T23:59:00Z,2026-05-15T23:59:00Z,2026-05-15T23:59:00Z,2026-05-15T20:17:23Z,105.6
marc,11705,Train428,2026-05-15,11958,UNION STATION MARC Washington,2026-05-15T19:40:00Z,2026-05-15T19:42:01Z,NA,NA,2026-05-15T20:20:24Z,105.3
marc,11705,Train428,2026-05-15,12002,PENN STATION MARC nb,NA,NA,2026-05-15T20:40:00Z,2026-05-15T20:40:06Z,2026-05-15T20:20:24Z,105.3
marc,11705,Train439,2026-05-15,11980,PENN STATION MARC sb,2026-05-15T19:45:00Z,2026-05-15T19:45:00Z,NA,NA,2026-05-15T20:20:24Z,105.3
marc,11705,Train439,2026-05-15,11958,UNION STATION MARC Washington,NA,NA,2026-05-15T20:45:00Z,2026-05-15T20:48:06Z,2026-05-15T20:20:24Z,105.3
marc,11705,Train532,2026-05-15,11958,UNION STATION MARC Washington,2026-05-15T20:10:00Z,2026-05-15T20:11:37Z,NA,NA,2026-05-15T20:20:24Z,105.3
marc,11705,Train532,2026-05-15,12002,PENN STATION MARC nb,2026-05-15T21:01:00Z,2026-05-15T21:02:57Z,2026-05-15T21:00:30Z,2026-05-15T21:02:27Z,2026-05-15T20:20:24Z,105.3
marc,11705,Train641,2026-05-15,11980,PENN STATION MARC sb,2026-05-15T20:08:00Z,2026-05-15T20:08:00Z,2026-05-15T20:07:00Z,2026-05-15T20:03:07Z,2026-05-15T20:20:24Z,105.3
marc,11705,Train641,2026-05-15,11958,UNION STATION MARC Washington,NA,NA,2026-05-15T21:01:00Z,2026-05-15T21:13:04Z,2026-05-15T20:20:24Z,105.3
amtrak,NER,66,2026-05-15,BAL,Baltimore Penn Station,2026-05-16T02:51:00Z,2026-05-16T02:51:00Z,2026-05-16T02:49:00Z,2026-05-16T03:17:00Z,2026-05-15T20:20:24Z,105.3
amtrak,NER,66,2026-05-15,WAS,Washington Union Station,2026-05-16T02:00:00Z,2026-05-16T02:00:00Z,2026-05-16T01:28:00Z,2026-05-16T02:07:00Z,2026-05-15T20:20:24Z,105.3
amtrak,NER,85,2026-05-15,BAL,Baltimore Penn Station,2026-05-15T21:54:00Z,2026-05-15T21:51:00Z,2026-05-15T21:51:00Z,2026-05-15T21:51:00Z,2026-05-15T20:20:24Z,105.3
amtrak,NER,85,2026-05-15,WAS,Washington Union Station,2026-05-15T22:38:00Z,2026-05-15T22:32:00Z,2026-05-15T22:38:00Z,2026-05-15T22:32:00Z,2026-05-15T20:20:24Z,105.3
amtrak,NER,86,2026-05-15,BAL,Baltimore Penn Station,2026-05-15T13:33:00Z,2026-05-15T13:37:00Z,2026-05-15T13:31:00Z,2026-05-15T13:33:00Z,2026-05-15T20:20:24Z,105.3
amtrak,NER,86,2026-05-15,WAS,Washington Union Station,2026-05-15T12:50:00Z,2026-05-15T12:50:00Z,2026-05-15T12:18:00Z,2026-05-15T12:28:00Z,2026-05-15T20:20:24Z,105.3
amtrak,NER,93,2026-05-15,BAL,Baltimore Penn Station,2026-05-15T20:39:00Z,2026-05-15T21:00:00Z,2026-05-15T20:37:00Z,2026-05-15T21:00:00Z,2026-05-15T20:20:24Z,105.3
amtrak,NER,93,2026-05-15,WAS,Washington Union Station,2026-05-15T21:55:00Z,2026-05-15T21:42:00Z,2026-05-15T21:25:00Z,2026-05-15T21:42:00Z,2026-05-15T20:20:24Z,105.3
amtrak,NER,94,2026-05-15,BAL,Baltimore Penn Station,2026-05-15T18:43:00Z,2026-05-15T18:46:00Z,2026-05-15T18:41:00Z,2026-05-15T18:44:00Z,2026-05-15T20:20:24Z,105.3
amtrak,NER,94,2026-05-15,WAS,Washington Union Station,2026-05-15T18:00:00Z,2026-05-15T18:00:00Z,2026-05-15T17:28:00Z,2026-05-15T17:33:00Z,2026-05-15T20:20:24Z,105.3
amtrak,NER,95,2026-05-15,BAL,Baltimore Penn Station,2026-05-15T17:27:00Z,2026-05-15T17:27:00Z,2026-05-15T17:18:00Z,2026-05-15T17:19:00Z,2026-05-15T20:20:24Z,105.3
amtrak,NER,95,2026-05-15,WAS,Washington Union Station,2026-05-15T18:35:00Z,2026-05-15T18:41:00Z,2026-05-15T18:05:00Z,2026-05-15T18:14:00Z,2026-05-15T20:20:24Z,105.3
amtrak,NER,125,2026-05-15,BAL,Baltimore Penn Station,2026-05-15T18:28:00Z,2026-05-15T18:31:00Z,2026-05-15T18:25:00Z,2026-05-15T18:27:00Z,2026-05-15T20:20:24Z,105.3
amtrak,NER,125,2026-05-15,WAS,Washington Union Station,2026-05-15T19:50:00Z,2026-05-15T19:50:00Z,2026-05-15T19:11:00Z,2026-05-15T19:11:00Z,2026-05-15T20:20:24Z,105.3
amtrak,NER,129,2026-05-15,BAL,Baltimore Penn Station,2026-05-15T23:19:00Z,2026-05-15T23:19:00Z,2026-05-15T23:16:00Z,2026-05-15T23:16:00Z,2026-05-15T20:20:24Z,105.3
amtrak,NER,129,2026-05-15,WAS,Washington Union Station,2026-05-16T00:02:00Z,2026-05-16T00:02:00Z,2026-05-16T00:02:00Z,2026-05-15T23:56:00Z,2026-05-15T20:20:24Z,105.3
amtrak,NER,136,2026-05-15,BAL,Baltimore Penn Station,2026-05-15T21:48:00Z,2026-05-15T21:48:00Z,2026-05-15T21:46:00Z,2026-05-15T21:46:00Z,2026-05-15T20:20:24Z,105.3
amtrak,NER,136,2026-05-15,WAS,Washington Union Station,2026-05-15T21:05:00Z,2026-05-15T21:05:00Z,2026-05-15T21:05:00Z,2026-05-15T21:05:00Z,2026-05-15T20:20:24Z,105.3
amtrak,NER,137,2026-05-15,BAL,Baltimore Penn Station,2026-05-16T01:07:00Z,2026-05-16T01:06:00Z,2026-05-16T01:05:00Z,2026-05-16T01:06:00Z,2026-05-15T20:20:24Z,105.3
amtrak,NER,137,2026-05-15,WAS,Washington Union Station,2026-05-16T01:58:00Z,2026-05-16T01:44:00Z,2026-05-16T01:58:00Z,2026-05-16T01:44:00Z,2026-05-15T20:20:24Z,105.3
amtrak,NER,138,2026-05-15,BAL,Baltimore Penn Station,2026-05-15T23:18:00Z,2026-05-15T23:16:00Z,2026-05-15T23:16:00Z,2026-05-15T23:16:00Z,2026-05-15T20:20:24Z,105.3
amtrak,NER,138,2026-05-15,WAS,Washington Union Station,2026-05-15T22:35:00Z,2026-05-15T21:37:00Z,2026-05-15T21:37:00Z,2026-05-15T21:37:00Z,2026-05-15T20:20:24Z,105.3
amtrak,NER,148,2026-05-15,BAL,Baltimore Penn Station,2026-05-15T19:38:00Z,2026-05-15T19:43:00Z,2026-05-15T19:36:00Z,2026-05-15T19:36:00Z,2026-05-15T20:20:24Z,105.3
amtrak,NER,148,2026-05-15,WAS,Washington Union Station,2026-05-15T18:55:00Z,2026-05-15T18:55:00Z,2026-05-15T18:55:00Z,2026-05-15T18:55:00Z,2026-05-15T20:20:24Z,105.3
amtrak,NER,171,2026-05-15,BAL,Baltimore Penn Station,2026-05-15T19:43:00Z,2026-05-15T19:43:00Z,2026-05-15T19:40:00Z,2026-05-15T19:28:00Z,2026-05-15T20:20:24Z,105.3
amtrak,NER,171,2026-05-15,WAS,Washington Union Station,2026-05-15T21:00:00Z,2026-05-15T20:35:00Z,2026-05-15T20:35:00Z,2026-05-15T20:35:00Z,2026-05-15T20:20:24Z,105.3
amtrak,NER,173,2026-05-15,BAL,Baltimore Penn Station,2026-05-15T22:48:00Z,2026-05-15T22:45:00Z,2026-05-15T22:45:00Z,2026-05-15T22:45:00Z,2026-05-15T20:20:24Z,105.3
amtrak,NER,173,2026-05-15,WAS,Washington Union Station,2026-05-15T23:32:00Z,2026-05-15T23:24:00Z,2026-05-15T23:32:00Z,2026-05-15T23:24:00Z,2026-05-15T20:20:24Z,105.3
amtrak,NER,174,2026-05-15,BAL,Baltimore Penn Station,2026-05-15T15:18:00Z,2026-05-15T15:23:00Z,2026-05-15T15:16:00Z,2026-05-15T15:18:00Z,2026-05-15T20:20:24Z,105.3
amtrak,NER,174,2026-05-15,WAS,Washington Union Station,2026-05-15T14:35:00Z,2026-05-15T14:35:00Z,2026-05-15T14:35:00Z,2026-05-15T14:35:00Z,2026-05-15T20:20:24Z,105.3
amtrak,NER,175,2026-05-15,BAL,Baltimore Penn Station,2026-05-16T02:42:00Z,2026-05-16T02:39:00Z,2026-05-16T02:39:00Z,2026-05-16T02:39:00Z,2026-05-15T20:20:24Z,105.3
amtrak,NER,175,2026-05-15,WAS,Washington Union Station,2026-05-16T03:23:00Z,2026-05-16T03:19:00Z,2026-05-16T03:23:00Z,2026-05-16T03:19:00Z,2026-05-15T20:20:24Z,105.3
amtrak,NER,176,2026-05-15,BAL,Baltimore Penn Station,2026-05-15T20:08:00Z,2026-05-15T20:15:00Z,2026-05-15T20:06:00Z,2026-05-15T20:12:00Z,2026-05-15T20:20:24Z,105.3
amtrak,NER,176,2026-05-15,WAS,Washington Union Station,2026-05-15T19:30:00Z,2026-05-15T19:30:00Z,2026-05-15T19:30:00Z,2026-05-15T19:30:00Z,2026-05-15T20:20:24Z,105.3
amtrak,NER,178,2026-05-15,BAL,Baltimore Penn Station,2026-05-15T20:45:00Z,2026-05-15T20:43:00Z,2026-05-15T20:43:00Z,2026-05-15T20:43:00Z,2026-05-15T20:20:24Z,105.3
amtrak,NER,178,2026-05-15,WAS,Washington Union Station,2026-05-15T20:02:00Z,2026-05-15T20:02:00Z,2026-05-15T18:55:00Z,2026-05-15T19:03:00Z,2026-05-15T20:20:24Z,105.3
amtrak,NER,184,2026-05-15,BAL,Baltimore Penn Station,2026-05-15T18:07:00Z,2026-05-15T18:10:00Z,2026-05-15T18:05:00Z,2026-05-15T18:06:00Z,2026-05-15T20:20:24Z,105.3
amtrak,NER,184,2026-05-15,WAS,Washington Union Station,2026-05-15T17:25:00Z,2026-05-15T17:27:00Z,2026-05-15T17:25:00Z,2026-05-15T17:27:00Z,2026-05-15T20:20:24Z,105.3
amtrak,NER,186,2026-05-15,BAL,Baltimore Penn Station,2026-05-16T01:14:00Z,2026-05-16T01:12:00Z,2026-05-16T01:12:00Z,2026-05-16T01:12:00Z,2026-05-15T20:20:24Z,105.3
amtrak,NER,186,2026-05-15,WAS,Washington Union Station,2026-05-16T00:30:00Z,2026-05-15T23:59:00Z,2026-05-15T23:59:00Z,2026-05-15T23:59:00Z,2026-05-15T20:20:24Z,105.3
marc,11705,Train430,2026-05-15,11958,UNION STATION MARC Washington,2026-05-15T20:30:00Z,2026-05-15T20:33:33Z,NA,NA,2026-05-15T21:31:30Z,94.4
marc,11705,Train430,2026-05-15,12002,PENN STATION MARC nb,NA,NA,2026-05-15T21:29:00Z,2026-05-15T21:31:58Z,2026-05-15T21:31:30Z,94.4
marc,11705,Train438,2026-05-15,11958,UNION STATION MARC Washington,NA,NA,NA,NA,2026-05-15T21:31:30Z,94.4
marc,11705,Train438,2026-05-15,12002,PENN STATION MARC nb,NA,NA,NA,NA,2026-05-15T21:31:30Z,94.4
marc,11705,Train443,2026-05-15,11980,PENN STATION MARC sb,2026-05-15T20:52:00Z,2026-05-15T20:52:18Z,NA,NA,2026-05-15T21:31:30Z,94.4
marc,11705,Train443,2026-05-15,11958,UNION STATION MARC Washington,NA,NA,2026-05-15T21:51:00Z,2026-05-15T21:56:49Z,2026-05-15T21:31:30Z,94.4
marc,11705,Train445,2026-05-15,11958,UNION STATION MARC Washington,NA,NA,2026-05-15T22:35:00Z,2026-05-15T22:35:00Z,2026-05-15T21:31:30Z,94.4
marc,11705,Train532,2026-05-15,11958,UNION STATION MARC Washington,2026-05-15T20:10:00Z,2026-05-15T20:11:37Z,NA,NA,2026-05-15T21:31:30Z,94.4
marc,11705,Train532,2026-05-15,12002,PENN STATION MARC nb,2026-05-15T21:01:00Z,2026-05-15T21:00:23Z,2026-05-15T21:00:30Z,2026-05-15T21:00:02Z,2026-05-15T21:31:30Z,94.4
marc,11705,Train536,2026-05-15,11958,UNION STATION MARC Washington,2026-05-15T21:18:00Z,2026-05-15T21:20:17Z,NA,NA,2026-05-15T21:31:30Z,94.4
marc,11705,Train536,2026-05-15,12002,PENN STATION MARC nb,2026-05-15T22:05:00Z,2026-05-15T22:08:49Z,2026-05-15T22:04:00Z,2026-05-15T22:07:49Z,2026-05-15T21:31:30Z,94.4
marc,11705,Train634,2026-05-15,11958,UNION STATION MARC Washington,2026-05-15T20:45:00Z,2026-05-15T20:47:03Z,NA,NA,2026-05-15T21:31:30Z,94.4
marc,11705,Train634,2026-05-15,12002,PENN STATION MARC nb,2026-05-15T21:37:00Z,2026-05-15T21:41:02Z,2026-05-15T21:35:50Z,2026-05-15T21:39:52Z,2026-05-15T21:31:30Z,94.4
amtrak,NER,66,2026-05-15,BAL,Baltimore Penn Station,2026-05-16T02:51:00Z,2026-05-16T03:19:00Z,2026-05-16T02:49:00Z,2026-05-16T03:19:00Z,2026-05-15T21:31:30Z,94.4
amtrak,NER,66,2026-05-15,WAS,Washington Union Station,2026-05-16T02:00:00Z,2026-05-16T02:09:00Z,2026-05-16T01:28:00Z,2026-05-16T02:09:00Z,2026-05-15T21:31:30Z,94.4
amtrak,NER,85,2026-05-15,BAL,Baltimore Penn Station,2026-05-15T21:54:00Z,2026-05-15T21:51:00Z,2026-05-15T21:51:00Z,2026-05-15T21:51:00Z,2026-05-15T21:31:30Z,94.4
amtrak,NER,85,2026-05-15,WAS,Washington Union Station,2026-05-15T22:38:00Z,2026-05-15T22:38:00Z,2026-05-15T22:38:00Z,2026-05-15T22:38:00Z,2026-05-15T21:31:30Z,94.4
amtrak,NER,86,2026-05-15,BAL,Baltimore Penn Station,2026-05-15T13:33:00Z,2026-05-15T13:37:00Z,2026-05-15T13:31:00Z,2026-05-15T13:33:00Z,2026-05-15T21:31:30Z,94.4
amtrak,NER,86,2026-05-15,WAS,Washington Union Station,2026-05-15T12:50:00Z,2026-05-15T12:50:00Z,2026-05-15T12:18:00Z,2026-05-15T12:28:00Z,2026-05-15T21:31:30Z,94.4
amtrak,NER,93,2026-05-15,BAL,Baltimore Penn Station,2026-05-15T20:39:00Z,2026-05-15T21:01:00Z,2026-05-15T20:37:00Z,2026-05-15T20:58:00Z,2026-05-15T21:31:30Z,94.4
amtrak,NER,93,2026-05-15,WAS,Washington Union Station,2026-05-15T21:55:00Z,2026-05-15T21:48:00Z,2026-05-15T21:25:00Z,2026-05-15T21:48:00Z,2026-05-15T21:31:30Z,94.4
amtrak,NER,94,2026-05-15,BAL,Baltimore Penn Station,2026-05-15T18:43:00Z,2026-05-15T18:46:00Z,2026-05-15T18:41:00Z,2026-05-15T18:44:00Z,2026-05-15T21:31:30Z,94.4
amtrak,NER,94,2026-05-15,WAS,Washington Union Station,2026-05-15T18:00:00Z,2026-05-15T18:00:00Z,2026-05-15T17:28:00Z,2026-05-15T17:33:00Z,2026-05-15T21:31:30Z,94.4
amtrak,NER,95,2026-05-15,BAL,Baltimore Penn Station,2026-05-15T17:27:00Z,2026-05-15T17:27:00Z,2026-05-15T17:18:00Z,2026-05-15T17:19:00Z,2026-05-15T21:31:30Z,94.4
amtrak,NER,95,2026-05-15,WAS,Washington Union Station,2026-05-15T18:35:00Z,2026-05-15T18:41:00Z,2026-05-15T18:05:00Z,2026-05-15T18:14:00Z,2026-05-15T21:31:30Z,94.4
amtrak,NER,125,2026-05-15,BAL,Baltimore Penn Station,2026-05-15T18:28:00Z,2026-05-15T18:31:00Z,2026-05-15T18:25:00Z,2026-05-15T18:27:00Z,2026-05-15T21:31:30Z,94.4
amtrak,NER,125,2026-05-15,WAS,Washington Union Station,2026-05-15T19:50:00Z,2026-05-15T19:50:00Z,2026-05-15T19:11:00Z,2026-05-15T19:11:00Z,2026-05-15T21:31:30Z,94.4
amtrak,NER,129,2026-05-15,BAL,Baltimore Penn Station,2026-05-15T23:19:00Z,2026-05-15T23:16:00Z,2026-05-15T23:16:00Z,2026-05-15T23:16:00Z,2026-05-15T21:31:30Z,94.4
amtrak,NER,129,2026-05-15,WAS,Washington Union Station,2026-05-16T00:02:00Z,2026-05-15T23:56:00Z,2026-05-16T00:02:00Z,2026-05-15T23:56:00Z,2026-05-15T21:31:30Z,94.4
amtrak,NER,136,2026-05-15,BAL,Baltimore Penn Station,2026-05-15T21:48:00Z,2026-05-15T21:49:00Z,2026-05-15T21:46:00Z,2026-05-15T21:49:00Z,2026-05-15T21:31:30Z,94.4
amtrak,NER,136,2026-05-15,WAS,Washington Union Station,2026-05-15T21:05:00Z,2026-05-15T21:11:00Z,2026-05-15T21:05:00Z,2026-05-15T21:11:00Z,2026-05-15T21:31:30Z,94.4
amtrak,NER,137,2026-05-15,BAL,Baltimore Penn Station,2026-05-16T01:07:00Z,2026-05-16T01:06:00Z,2026-05-16T01:05:00Z,2026-05-16T01:06:00Z,2026-05-15T21:31:30Z,94.4
amtrak,NER,137,2026-05-15,WAS,Washington Union Station,2026-05-16T01:58:00Z,2026-05-16T01:44:00Z,2026-05-16T01:58:00Z,2026-05-16T01:44:00Z,2026-05-15T21:31:30Z,94.4
amtrak,NER,138,2026-05-15,BAL,Baltimore Penn Station,2026-05-15T23:18:00Z,2026-05-15T23:16:00Z,2026-05-15T23:16:00Z,2026-05-15T23:16:00Z,2026-05-15T21:31:30Z,94.4
amtrak,NER,138,2026-05-15,WAS,Washington Union Station,2026-05-15T22:35:00Z,2026-05-15T21:37:00Z,2026-05-15T21:37:00Z,2026-05-15T21:37:00Z,2026-05-15T21:31:30Z,94.4
amtrak,NER,148,2026-05-15,BAL,Baltimore Penn Station,2026-05-15T19:38:00Z,2026-05-15T19:43:00Z,2026-05-15T19:36:00Z,2026-05-15T19:36:00Z,2026-05-15T21:31:30Z,94.4
amtrak,NER,148,2026-05-15,WAS,Washington Union Station,2026-05-15T18:55:00Z,2026-05-15T18:55:00Z,2026-05-15T18:55:00Z,2026-05-15T18:55:00Z,2026-05-15T21:31:30Z,94.4
amtrak,NER,171,2026-05-15,BAL,Baltimore Penn Station,2026-05-15T19:43:00Z,2026-05-15T19:43:00Z,2026-05-15T19:40:00Z,2026-05-15T19:28:00Z,2026-05-15T21:31:30Z,94.4
amtrak,NER,171,2026-05-15,WAS,Washington Union Station,2026-05-15T21:00:00Z,2026-05-15T21:24:00Z,2026-05-15T20:35:00Z,2026-05-15T20:26:00Z,2026-05-15T21:31:30Z,94.4
amtrak,NER,173,2026-05-15,BAL,Baltimore Penn Station,2026-05-15T22:48:00Z,2026-05-15T22:54:00Z,2026-05-15T22:45:00Z,2026-05-15T22:54:00Z,2026-05-15T21:31:30Z,94.4
amtrak,NER,173,2026-05-15,WAS,Washington Union Station,2026-05-15T23:32:00Z,2026-05-15T23:34:00Z,2026-05-15T23:32:00Z,2026-05-15T23:34:00Z,2026-05-15T21:31:30Z,94.4
amtrak,NER,174,2026-05-15,BAL,Baltimore Penn Station,2026-05-15T15:18:00Z,2026-05-15T15:23:00Z,2026-05-15T15:16:00Z,2026-05-15T15:18:00Z,2026-05-15T21:31:30Z,94.4
amtrak,NER,174,2026-05-15,WAS,Washington Union Station,2026-05-15T14:35:00Z,2026-05-15T14:35:00Z,2026-05-15T14:35:00Z,2026-05-15T14:35:00Z,2026-05-15T21:31:30Z,94.4
amtrak,NER,175,2026-05-15,BAL,Baltimore Penn Station,2026-05-16T02:42:00Z,2026-05-16T02:39:00Z,2026-05-16T02:39:00Z,2026-05-16T02:39:00Z,2026-05-15T21:31:30Z,94.4
amtrak,NER,175,2026-05-15,WAS,Washington Union Station,2026-05-16T03:23:00Z,2026-05-16T03:19:00Z,2026-05-16T03:23:00Z,2026-05-16T03:19:00Z,2026-05-15T21:31:30Z,94.4
amtrak,NER,176,2026-05-15,BAL,Baltimore Penn Station,2026-05-15T20:08:00Z,2026-05-15T20:20:00Z,2026-05-15T20:06:00Z,2026-05-15T20:12:00Z,2026-05-15T21:31:30Z,94.4
amtrak,NER,176,2026-05-15,WAS,Washington Union Station,2026-05-15T19:30:00Z,2026-05-15T19:30:00Z,2026-05-15T19:30:00Z,2026-05-15T19:30:00Z,2026-05-15T21:31:30Z,94.4
amtrak,NER,178,2026-05-15,BAL,Baltimore Penn Station,2026-05-15T20:45:00Z,2026-05-15T20:46:00Z,2026-05-15T20:43:00Z,2026-05-15T20:42:00Z,2026-05-15T21:31:30Z,94.4
amtrak,NER,178,2026-05-15,WAS,Washington Union Station,2026-05-15T20:02:00Z,2026-05-15T20:02:00Z,2026-05-15T18:55:00Z,2026-05-15T19:03:00Z,2026-05-15T21:31:30Z,94.4
amtrak,NER,184,2026-05-15,BAL,Baltimore Penn Station,2026-05-15T18:07:00Z,2026-05-15T18:10:00Z,2026-05-15T18:05:00Z,2026-05-15T18:06:00Z,2026-05-15T21:31:30Z,94.4
amtrak,NER,184,2026-05-15,WAS,Washington Union Station,2026-05-15T17:25:00Z,2026-05-15T17:27:00Z,2026-05-15T17:25:00Z,2026-05-15T17:27:00Z,2026-05-15T21:31:30Z,94.4
amtrak,NER,186,2026-05-15,BAL,Baltimore Penn Station,2026-05-16T01:14:00Z,2026-05-16T01:12:00Z,2026-05-16T01:12:00Z,2026-05-16T01:12:00Z,2026-05-15T21:31:30Z,94.4
amtrak,NER,186,2026-05-15,WAS,Washington Union Station,2026-05-16T00:30:00Z,2026-05-15T23:59:00Z,2026-05-15T23:59:00Z,2026-05-15T23:59:00Z,2026-05-15T21:31:30Z,94.4
amtrak,NER,196,2026-05-15,BAL,Baltimore Penn Station,2026-05-15T22:49:00Z,2026-05-15T22:49:00Z,2026-05-15T22:46:00Z,2026-05-15T22:46:00Z,2026-05-15T21:31:30Z,94.4
amtrak,NER,196,2026-05-15,WAS,Washington Union Station,2026-05-15T22:08:00Z,2026-05-15T22:08:00Z,2026-05-15T22:08:00Z,2026-05-15T22:08:00Z,2026-05-15T21:31:30Z,94.4
amtrak,NER,197,2026-05-15,BAL,Baltimore Penn Station,2026-05-16T00:44:00Z,2026-05-16T00:44:00Z,2026-05-16T00:42:00Z,2026-05-16T00:42:00Z,2026-05-15T21:31:30Z,94.4
amtrak,NER,197,2026-05-15,WAS,Washington Union Station,2026-05-16T01:30:00Z,2026-05-16T01:30:00Z,2026-05-16T01:30:00Z,2026-05-16T01:18:00Z,2026-05-15T21:31:30Z,94.4
marc,11705,Train430,2026-05-15,11958,UNION STATION MARC Washington,2026-05-15T20:30:00Z,2026-05-15T20:33:33Z,NA,NA,2026-05-15T21:34:32Z,91.5
marc,11705,Train430,2026-05-15,12002,PENN STATION MARC nb,NA,NA,2026-05-15T21:29:00Z,2026-05-15T21:31:58Z,2026-05-15T21:34:32Z,91.5
marc,11705,Train438,2026-05-15,11958,UNION STATION MARC Washington,NA,NA,NA,NA,2026-05-15T21:34:32Z,91.5
marc,11705,Train438,2026-05-15,12002,PENN STATION MARC nb,NA,NA,NA,NA,2026-05-15T21:34:32Z,91.5
marc,11705,Train443,2026-05-15,11980,PENN STATION MARC sb,2026-05-15T20:52:00Z,2026-05-15T20:52:18Z,NA,NA,2026-05-15T21:34:32Z,91.5
marc,11705,Train443,2026-05-15,11958,UNION STATION MARC Washington,NA,NA,2026-05-15T21:51:00Z,2026-05-15T21:57:36Z,2026-05-15T21:34:32Z,91.5
marc,11705,Train445,2026-05-15,11958,UNION STATION MARC Washington,NA,NA,2026-05-15T22:35:00Z,2026-05-15T22:35:36Z,2026-05-15T21:34:32Z,91.5
marc,11705,Train532,2026-05-15,11958,UNION STATION MARC Washington,2026-05-15T20:10:00Z,2026-05-15T20:11:37Z,NA,NA,2026-05-15T21:34:32Z,91.5
marc,11705,Train532,2026-05-15,12002,PENN STATION MARC nb,2026-05-15T21:01:00Z,2026-05-15T21:00:23Z,2026-05-15T21:00:30Z,2026-05-15T21:00:02Z,2026-05-15T21:34:32Z,91.5
marc,11705,Train536,2026-05-15,11958,UNION STATION MARC Washington,2026-05-15T21:18:00Z,2026-05-15T21:20:17Z,NA,NA,2026-05-15T21:34:32Z,91.5
marc,11705,Train536,2026-05-15,12002,PENN STATION MARC nb,2026-05-15T22:05:00Z,2026-05-15T22:08:57Z,2026-05-15T22:04:00Z,2026-05-15T22:07:57Z,2026-05-15T21:34:32Z,91.5
marc,11705,Train634,2026-05-15,11958,UNION STATION MARC Washington,2026-05-15T20:45:00Z,2026-05-15T20:47:03Z,NA,NA,2026-05-15T21:34:32Z,91.5
marc,11705,Train634,2026-05-15,12002,PENN STATION MARC nb,2026-05-15T21:37:00Z,2026-05-15T21:41:02Z,2026-05-15T21:35:50Z,2026-05-15T21:39:52Z,2026-05-15T21:34:32Z,91.5
amtrak,NER,66,2026-05-15,BAL,Baltimore Penn Station,2026-05-16T02:51:00Z,2026-05-16T03:19:00Z,2026-05-16T02:49:00Z,2026-05-16T03:19:00Z,2026-05-15T21:34:32Z,91.5
amtrak,NER,66,2026-05-15,WAS,Washington Union Station,2026-05-16T02:00:00Z,2026-05-16T02:09:00Z,2026-05-16T01:28:00Z,2026-05-16T02:09:00Z,2026-05-15T21:34:32Z,91.5
amtrak,NER,85,2026-05-15,BAL,Baltimore Penn Station,2026-05-15T21:54:00Z,2026-05-15T21:51:00Z,2026-05-15T21:51:00Z,2026-05-15T21:51:00Z,2026-05-15T21:34:32Z,91.5
amtrak,NER,85,2026-05-15,WAS,Washington Union Station,2026-05-15T22:38:00Z,2026-05-15T22:38:00Z,2026-05-15T22:38:00Z,2026-05-15T22:38:00Z,2026-05-15T21:34:32Z,91.5
amtrak,NER,86,2026-05-15,BAL,Baltimore Penn Station,2026-05-15T13:33:00Z,2026-05-15T13:37:00Z,2026-05-15T13:31:00Z,2026-05-15T13:33:00Z,2026-05-15T21:34:32Z,91.5
amtrak,NER,86,2026-05-15,WAS,Washington Union Station,2026-05-15T12:50:00Z,2026-05-15T12:50:00Z,2026-05-15T12:18:00Z,2026-05-15T12:28:00Z,2026-05-15T21:34:32Z,91.5
amtrak,NER,93,2026-05-15,BAL,Baltimore Penn Station,2026-05-15T20:39:00Z,2026-05-15T21:01:00Z,2026-05-15T20:37:00Z,2026-05-15T20:58:00Z,2026-05-15T21:34:32Z,91.5
amtrak,NER,93,2026-05-15,WAS,Washington Union Station,2026-05-15T21:55:00Z,2026-05-15T21:48:00Z,2026-05-15T21:25:00Z,2026-05-15T21:48:00Z,2026-05-15T21:34:32Z,91.5
amtrak,NER,94,2026-05-15,BAL,Baltimore Penn Station,2026-05-15T18:43:00Z,2026-05-15T18:46:00Z,2026-05-15T18:41:00Z,2026-05-15T18:44:00Z,2026-05-15T21:34:32Z,91.5
amtrak,NER,94,2026-05-15,WAS,Washington Union Station,2026-05-15T18:00:00Z,2026-05-15T18:00:00Z,2026-05-15T17:28:00Z,2026-05-15T17:33:00Z,2026-05-15T21:34:32Z,91.5
amtrak,NER,95,2026-05-15,BAL,Baltimore Penn Station,2026-05-15T17:27:00Z,2026-05-15T17:27:00Z,2026-05-15T17:18:00Z,2026-05-15T17:19:00Z,2026-05-15T21:34:32Z,91.5
amtrak,NER,95,2026-05-15,WAS,Washington Union Station,2026-05-15T18:35:00Z,2026-05-15T18:41:00Z,2026-05-15T18:05:00Z,2026-05-15T18:14:00Z,2026-05-15T21:34:32Z,91.5
amtrak,NER,125,2026-05-15,BAL,Baltimore Penn Station,2026-05-15T18:28:00Z,2026-05-15T18:31:00Z,2026-05-15T18:25:00Z,2026-05-15T18:27:00Z,2026-05-15T21:34:32Z,91.5
amtrak,NER,125,2026-05-15,WAS,Washington Union Station,2026-05-15T19:50:00Z,2026-05-15T19:50:00Z,2026-05-15T19:11:00Z,2026-05-15T19:11:00Z,2026-05-15T21:34:32Z,91.5
amtrak,NER,129,2026-05-15,BAL,Baltimore Penn Station,2026-05-15T23:19:00Z,2026-05-15T23:16:00Z,2026-05-15T23:16:00Z,2026-05-15T23:16:00Z,2026-05-15T21:34:32Z,91.5
amtrak,NER,129,2026-05-15,WAS,Washington Union Station,2026-05-16T00:02:00Z,2026-05-15T23:56:00Z,2026-05-16T00:02:00Z,2026-05-15T23:56:00Z,2026-05-15T21:34:32Z,91.5
amtrak,NER,136,2026-05-15,BAL,Baltimore Penn Station,2026-05-15T21:48:00Z,2026-05-15T21:49:00Z,2026-05-15T21:46:00Z,2026-05-15T21:49:00Z,2026-05-15T21:34:32Z,91.5
amtrak,NER,136,2026-05-15,WAS,Washington Union Station,2026-05-15T21:05:00Z,2026-05-15T21:11:00Z,2026-05-15T21:05:00Z,2026-05-15T21:11:00Z,2026-05-15T21:34:32Z,91.5
amtrak,NER,137,2026-05-15,BAL,Baltimore Penn Station,2026-05-16T01:07:00Z,2026-05-16T01:06:00Z,2026-05-16T01:05:00Z,2026-05-16T01:06:00Z,2026-05-15T21:34:32Z,91.5
amtrak,NER,137,2026-05-15,WAS,Washington Union Station,2026-05-16T01:58:00Z,2026-05-16T01:44:00Z,2026-05-16T01:58:00Z,2026-05-16T01:44:00Z,2026-05-15T21:34:32Z,91.5
amtrak,NER,138,2026-05-15,BAL,Baltimore Penn Station,2026-05-15T23:18:00Z,2026-05-15T23:16:00Z,2026-05-15T23:16:00Z,2026-05-15T23:16:00Z,2026-05-15T21:34:32Z,91.5
amtrak,NER,138,2026-05-15,WAS,Washington Union Station,2026-05-15T22:35:00Z,2026-05-15T21:37:00Z,2026-05-15T21:37:00Z,2026-05-15T21:37:00Z,2026-05-15T21:34:32Z,91.5
amtrak,NER,148,2026-05-15,BAL,Baltimore Penn Station,2026-05-15T19:38:00Z,2026-05-15T19:43:00Z,2026-05-15T19:36:00Z,2026-05-15T19:36:00Z,2026-05-15T21:34:32Z,91.5
amtrak,NER,148,2026-05-15,WAS,Washington Union Station,2026-05-15T18:55:00Z,2026-05-15T18:55:00Z,2026-05-15T18:55:00Z,2026-05-15T18:55:00Z,2026-05-15T21:34:32Z,91.5
amtrak,NER,171,2026-05-15,BAL,Baltimore Penn Station,2026-05-15T19:43:00Z,2026-05-15T19:43:00Z,2026-05-15T19:40:00Z,2026-05-15T19:28:00Z,2026-05-15T21:34:32Z,91.5
amtrak,NER,171,2026-05-15,WAS,Washington Union Station,2026-05-15T21:00:00Z,2026-05-15T21:24:00Z,2026-05-15T20:35:00Z,2026-05-15T20:26:00Z,2026-05-15T21:34:32Z,91.5
amtrak,NER,173,2026-05-15,BAL,Baltimore Penn Station,2026-05-15T22:48:00Z,2026-05-15T22:54:00Z,2026-05-15T22:45:00Z,2026-05-15T22:54:00Z,2026-05-15T21:34:32Z,91.5
amtrak,NER,173,2026-05-15,WAS,Washington Union Station,2026-05-15T23:32:00Z,2026-05-15T23:34:00Z,2026-05-15T23:32:00Z,2026-05-15T23:34:00Z,2026-05-15T21:34:32Z,91.5
amtrak,NER,174,2026-05-15,BAL,Baltimore Penn Station,2026-05-15T15:18:00Z,2026-05-15T15:23:00Z,2026-05-15T15:16:00Z,2026-05-15T15:18:00Z,2026-05-15T21:34:32Z,91.5
amtrak,NER,174,2026-05-15,WAS,Washington Union Station,2026-05-15T14:35:00Z,2026-05-15T14:35:00Z,2026-05-15T14:35:00Z,2026-05-15T14:35:00Z,2026-05-15T21:34:32Z,91.5
amtrak,NER,175,2026-05-15,BAL,Baltimore Penn Station,2026-05-16T02:42:00Z,2026-05-16T02:39:00Z,2026-05-16T02:39:00Z,2026-05-16T02:39:00Z,2026-05-15T21:34:32Z,91.5
amtrak,NER,175,2026-05-15,WAS,Washington Union Station,2026-05-16T03:23:00Z,2026-05-16T03:19:00Z,2026-05-16T03:23:00Z,2026-05-16T03:19:00Z,2026-05-15T21:34:32Z,91.5
amtrak,NER,176,2026-05-15,BAL,Baltimore Penn Station,2026-05-15T20:08:00Z,2026-05-15T20:20:00Z,2026-05-15T20:06:00Z,2026-05-15T20:12:00Z,2026-05-15T21:34:32Z,91.5
amtrak,NER,176,2026-05-15,WAS,Washington Union Station,2026-05-15T19:30:00Z,2026-05-15T19:30:00Z,2026-05-15T19:30:00Z,2026-05-15T19:30:00Z,2026-05-15T21:34:32Z,91.5
amtrak,NER,178,2026-05-15,BAL,Baltimore Penn Station,2026-05-15T20:45:00Z,2026-05-15T20:46:00Z,2026-05-15T20:43:00Z,2026-05-15T20:42:00Z,2026-05-15T21:34:32Z,91.5
amtrak,NER,178,2026-05-15,WAS,Washington Union Station,2026-05-15T20:02:00Z,2026-05-15T20:02:00Z,2026-05-15T18:55:00Z,2026-05-15T19:03:00Z,2026-05-15T21:34:32Z,91.5
amtrak,NER,184,2026-05-15,BAL,Baltimore Penn Station,2026-05-15T18:07:00Z,2026-05-15T18:10:00Z,2026-05-15T18:05:00Z,2026-05-15T18:06:00Z,2026-05-15T21:34:32Z,91.5
amtrak,NER,184,2026-05-15,WAS,Washington Union Station,2026-05-15T17:25:00Z,2026-05-15T17:27:00Z,2026-05-15T17:25:00Z,2026-05-15T17:27:00Z,2026-05-15T21:34:32Z,91.5
amtrak,NER,186,2026-05-15,BAL,Baltimore Penn Station,2026-05-16T01:14:00Z,2026-05-16T01:12:00Z,2026-05-16T01:12:00Z,2026-05-16T01:12:00Z,2026-05-15T21:34:32Z,91.5
amtrak,NER,186,2026-05-15,WAS,Washington Union Station,2026-05-16T00:30:00Z,2026-05-15T23:59:00Z,2026-05-15T23:59:00Z,2026-05-15T23:59:00Z,2026-05-15T21:34:32Z,91.5
amtrak,NER,196,2026-05-15,BAL,Baltimore Penn Station,2026-05-15T22:49:00Z,2026-05-15T22:49:00Z,2026-05-15T22:46:00Z,2026-05-15T22:46:00Z,2026-05-15T21:34:32Z,91.5
amtrak,NER,196,2026-05-15,WAS,Washington Union Station,2026-05-15T22:08:00Z,2026-05-15T22:08:00Z,2026-05-15T22:08:00Z,2026-05-15T22:08:00Z,2026-05-15T21:34:32Z,91.5
amtrak,NER,197,2026-05-15,BAL,Baltimore Penn Station,2026-05-16T00:44:00Z,2026-05-16T00:44:00Z,2026-05-16T00:42:00Z,2026-05-16T00:42:00Z,2026-05-15T21:34:32Z,91.5
amtrak,NER,197,2026-05-15,WAS,Washington Union Station,2026-05-16T01:30:00Z,2026-05-16T01:30:00Z,2026-05-16T01:30:00Z,2026-05-16T01:18:00Z,2026-05-15T21:34:32Z,91.5
marc,11705,Train440,2026-05-15,11958,UNION STATION MARC Washington,2026-05-15T21:35:00Z,2026-05-15T21:35:34Z,NA,NA,2026-05-15T21:37:34Z,90.6
marc,11705,Train440,2026-05-15,12002,PENN STATION MARC nb,NA,NA,2026-05-15T22:42:00Z,2026-05-15T22:42:32Z,2026-05-15T21:37:34Z,90.6
marc,11705,Train438,2026-05-15,11958,UNION STATION MARC Washington,NA,NA,NA,NA,2026-05-15T21:37:34Z,90.6
marc,11705,Train438,2026-05-15,12002,PENN STATION MARC nb,NA,NA,NA,NA,2026-05-15T21:37:34Z,90.6
marc,11705,Train443,2026-05-15,11980,PENN STATION MARC sb,2026-05-15T20:52:00Z,2026-05-15T20:52:18Z,NA,NA,2026-05-15T21:37:34Z,90.6
marc,11705,Train443,2026-05-15,11958,UNION STATION MARC Washington,NA,NA,2026-05-15T21:51:00Z,2026-05-15T21:57:23Z,2026-05-15T21:37:34Z,90.6
marc,11705,Train445,2026-05-15,11980,PENN STATION MARC sb,2026-05-15T21:30:00Z,2026-05-15T21:30:00Z,NA,NA,2026-05-15T21:37:34Z,90.6
marc,11705,Train445,2026-05-15,11958,UNION STATION MARC Washington,NA,NA,2026-05-15T22:35:00Z,2026-05-15T22:35:36Z,2026-05-15T21:37:34Z,90.6
marc,11705,Train532,2026-05-15,11958,UNION STATION MARC Washington,2026-05-15T20:10:00Z,2026-05-15T20:11:37Z,NA,NA,2026-05-15T21:37:34Z,90.6
marc,11705,Train532,2026-05-15,12002,PENN STATION MARC nb,2026-05-15T21:01:00Z,2026-05-15T21:00:23Z,2026-05-15T21:00:30Z,2026-05-15T21:00:02Z,2026-05-15T21:37:34Z,90.6
marc,11705,Train536,2026-05-15,11958,UNION STATION MARC Washington,2026-05-15T21:18:00Z,2026-05-15T21:20:17Z,NA,NA,2026-05-15T21:37:34Z,90.6
marc,11705,Train536,2026-05-15,12002,PENN STATION MARC nb,2026-05-15T22:05:00Z,2026-05-15T22:08:26Z,2026-05-15T22:04:00Z,2026-05-15T22:07:26Z,2026-05-15T21:37:34Z,90.6
marc,11705,Train634,2026-05-15,11958,UNION STATION MARC Washington,2026-05-15T20:45:00Z,2026-05-15T20:47:03Z,NA,NA,2026-05-15T21:37:34Z,90.6
marc,11705,Train634,2026-05-15,12002,PENN STATION MARC nb,2026-05-15T21:37:00Z,2026-05-15T21:43:29Z,2026-05-15T21:35:50Z,2026-05-15T21:42:19Z,2026-05-15T21:37:34Z,90.6
amtrak,NER,66,2026-05-15,BAL,Baltimore Penn Station,2026-05-16T02:51:00Z,2026-05-16T03:19:00Z,2026-05-16T02:49:00Z,2026-05-16T03:19:00Z,2026-05-15T21:37:34Z,90.6
amtrak,NER,66,2026-05-15,WAS,Washington Union Station,2026-05-16T02:00:00Z,2026-05-16T02:09:00Z,2026-05-16T01:28:00Z,2026-05-16T02:09:00Z,2026-05-15T21:37:34Z,90.6
amtrak,NER,85,2026-05-15,BAL,Baltimore Penn Station,2026-05-15T21:54:00Z,2026-05-15T21:54:00Z,2026-05-15T21:51:00Z,2026-05-15T21:54:00Z,2026-05-15T21:37:34Z,90.6
amtrak,NER,85,2026-05-15,WAS,Washington Union Station,2026-05-15T22:38:00Z,2026-05-15T22:38:00Z,2026-05-15T22:38:00Z,2026-05-15T22:38:00Z,2026-05-15T21:37:34Z,90.6
amtrak,NER,86,2026-05-15,BAL,Baltimore Penn Station,2026-05-15T13:33:00Z,2026-05-15T13:37:00Z,2026-05-15T13:31:00Z,2026-05-15T13:33:00Z,2026-05-15T21:37:34Z,90.6
amtrak,NER,86,2026-05-15,WAS,Washington Union Station,2026-05-15T12:50:00Z,2026-05-15T12:50:00Z,2026-05-15T12:18:00Z,2026-05-15T12:28:00Z,2026-05-15T21:37:34Z,90.6
amtrak,NER,93,2026-05-15,BAL,Baltimore Penn Station,2026-05-15T20:39:00Z,2026-05-15T21:01:00Z,2026-05-15T20:37:00Z,2026-05-15T20:58:00Z,2026-05-15T21:37:34Z,90.6
amtrak,NER,93,2026-05-15,WAS,Washington Union Station,2026-05-15T21:55:00Z,2026-05-15T21:51:00Z,2026-05-15T21:25:00Z,2026-05-15T21:51:00Z,2026-05-15T21:37:34Z,90.6
amtrak,NER,94,2026-05-15,BAL,Baltimore Penn Station,2026-05-15T18:43:00Z,2026-05-15T18:46:00Z,2026-05-15T18:41:00Z,2026-05-15T18:44:00Z,2026-05-15T21:37:34Z,90.6
amtrak,NER,94,2026-05-15,WAS,Washington Union Station,2026-05-15T18:00:00Z,2026-05-15T18:00:00Z,2026-05-15T17:28:00Z,2026-05-15T17:33:00Z,2026-05-15T21:37:34Z,90.6
amtrak,NER,95,2026-05-15,BAL,Baltimore Penn Station,2026-05-15T17:27:00Z,2026-05-15T17:27:00Z,2026-05-15T17:18:00Z,2026-05-15T17:19:00Z,2026-05-15T21:37:34Z,90.6
amtrak,NER,95,2026-05-15,WAS,Washington Union Station,2026-05-15T18:35:00Z,2026-05-15T18:41:00Z,2026-05-15T18:05:00Z,2026-05-15T18:14:00Z,2026-05-15T21:37:34Z,90.6
amtrak,NER,125,2026-05-15,BAL,Baltimore Penn Station,2026-05-15T18:28:00Z,2026-05-15T18:31:00Z,2026-05-15T18:25:00Z,2026-05-15T18:27:00Z,2026-05-15T21:37:34Z,90.6
amtrak,NER,125,2026-05-15,WAS,Washington Union Station,2026-05-15T19:50:00Z,2026-05-15T19:50:00Z,2026-05-15T19:11:00Z,2026-05-15T19:11:00Z,2026-05-15T21:37:34Z,90.6
amtrak,NER,129,2026-05-15,BAL,Baltimore Penn Station,2026-05-15T23:19:00Z,2026-05-15T23:16:00Z,2026-05-15T23:16:00Z,2026-05-15T23:16:00Z,2026-05-15T21:37:34Z,90.6
amtrak,NER,129,2026-05-15,WAS,Washington Union Station,2026-05-16T00:02:00Z,2026-05-15T23:56:00Z,2026-05-16T00:02:00Z,2026-05-15T23:56:00Z,2026-05-15T21:37:34Z,90.6
amtrak,NER,136,2026-05-15,BAL,Baltimore Penn Station,2026-05-15T21:48:00Z,2026-05-15T21:49:00Z,2026-05-15T21:46:00Z,2026-05-15T21:49:00Z,2026-05-15T21:37:34Z,90.6
amtrak,NER,136,2026-05-15,WAS,Washington Union Station,2026-05-15T21:05:00Z,2026-05-15T21:11:00Z,2026-05-15T21:05:00Z,2026-05-15T21:11:00Z,2026-05-15T21:37:34Z,90.6
amtrak,NER,137,2026-05-15,BAL,Baltimore Penn Station,2026-05-16T01:07:00Z,2026-05-16T01:06:00Z,2026-05-16T01:05:00Z,2026-05-16T01:06:00Z,2026-05-15T21:37:34Z,90.6
amtrak,NER,137,2026-05-15,WAS,Washington Union Station,2026-05-16T01:58:00Z,2026-05-16T01:44:00Z,2026-05-16T01:58:00Z,2026-05-16T01:44:00Z,2026-05-15T21:37:34Z,90.6
amtrak,NER,138,2026-05-15,BAL,Baltimore Penn Station,2026-05-15T23:18:00Z,2026-05-15T23:16:00Z,2026-05-15T23:16:00Z,2026-05-15T23:16:00Z,2026-05-15T21:37:34Z,90.6
amtrak,NER,138,2026-05-15,WAS,Washington Union Station,2026-05-15T22:35:00Z,2026-05-15T21:40:00Z,2026-05-15T21:37:00Z,2026-05-15T21:40:00Z,2026-05-15T21:37:34Z,90.6
amtrak,NER,148,2026-05-15,BAL,Baltimore Penn Station,2026-05-15T19:38:00Z,2026-05-15T19:43:00Z,2026-05-15T19:36:00Z,2026-05-15T19:36:00Z,2026-05-15T21:37:34Z,90.6
amtrak,NER,148,2026-05-15,WAS,Washington Union Station,2026-05-15T18:55:00Z,2026-05-15T18:55:00Z,2026-05-15T18:55:00Z,2026-05-15T18:55:00Z,2026-05-15T21:37:34Z,90.6
amtrak,NER,171,2026-05-15,BAL,Baltimore Penn Station,2026-05-15T19:43:00Z,2026-05-15T19:43:00Z,2026-05-15T19:40:00Z,2026-05-15T19:28:00Z,2026-05-15T21:37:34Z,90.6
amtrak,NER,171,2026-05-15,WAS,Washington Union Station,2026-05-15T21:00:00Z,2026-05-15T21:24:00Z,2026-05-15T20:35:00Z,2026-05-15T20:26:00Z,2026-05-15T21:37:34Z,90.6
amtrak,NER,173,2026-05-15,BAL,Baltimore Penn Station,2026-05-15T22:48:00Z,2026-05-15T22:54:00Z,2026-05-15T22:45:00Z,2026-05-15T22:54:00Z,2026-05-15T21:37:34Z,90.6
amtrak,NER,173,2026-05-15,WAS,Washington Union Station,2026-05-15T23:32:00Z,2026-05-15T23:34:00Z,2026-05-15T23:32:00Z,2026-05-15T23:34:00Z,2026-05-15T21:37:34Z,90.6
amtrak,NER,174,2026-05-15,BAL,Baltimore Penn Station,2026-05-15T15:18:00Z,2026-05-15T15:23:00Z,2026-05-15T15:16:00Z,2026-05-15T15:18:00Z,2026-05-15T21:37:34Z,90.6
amtrak,NER,174,2026-05-15,WAS,Washington Union Station,2026-05-15T14:35:00Z,2026-05-15T14:35:00Z,2026-05-15T14:35:00Z,2026-05-15T14:35:00Z,2026-05-15T21:37:34Z,90.6
amtrak,NER,175,2026-05-15,BAL,Baltimore Penn Station,2026-05-16T02:42:00Z,2026-05-16T02:39:00Z,2026-05-16T02:39:00Z,2026-05-16T02:39:00Z,2026-05-15T21:37:34Z,90.6
amtrak,NER,175,2026-05-15,WAS,Washington Union Station,2026-05-16T03:23:00Z,2026-05-16T03:19:00Z,2026-05-16T03:23:00Z,2026-05-16T03:19:00Z,2026-05-15T21:37:34Z,90.6
amtrak,NER,176,2026-05-15,BAL,Baltimore Penn Station,2026-05-15T20:08:00Z,2026-05-15T20:20:00Z,2026-05-15T20:06:00Z,2026-05-15T20:12:00Z,2026-05-15T21:37:34Z,90.6
amtrak,NER,176,2026-05-15,WAS,Washington Union Station,2026-05-15T19:30:00Z,2026-05-15T19:30:00Z,2026-05-15T19:30:00Z,2026-05-15T19:30:00Z,2026-05-15T21:37:34Z,90.6
amtrak,NER,178,2026-05-15,BAL,Baltimore Penn Station,2026-05-15T20:45:00Z,2026-05-15T20:46:00Z,2026-05-15T20:43:00Z,2026-05-15T20:42:00Z,2026-05-15T21:37:34Z,90.6
amtrak,NER,178,2026-05-15,WAS,Washington Union Station,2026-05-15T20:02:00Z,2026-05-15T20:02:00Z,2026-05-15T18:55:00Z,2026-05-15T19:03:00Z,2026-05-15T21:37:34Z,90.6
amtrak,NER,184,2026-05-15,BAL,Baltimore Penn Station,2026-05-15T18:07:00Z,2026-05-15T18:10:00Z,2026-05-15T18:05:00Z,2026-05-15T18:06:00Z,2026-05-15T21:37:34Z,90.6
amtrak,NER,184,2026-05-15,WAS,Washington Union Station,2026-05-15T17:25:00Z,2026-05-15T17:27:00Z,2026-05-15T17:25:00Z,2026-05-15T17:27:00Z,2026-05-15T21:37:34Z,90.6
amtrak,NER,186,2026-05-15,BAL,Baltimore Penn Station,2026-05-16T01:14:00Z,2026-05-16T01:12:00Z,2026-05-16T01:12:00Z,2026-05-16T01:12:00Z,2026-05-15T21:37:34Z,90.6
amtrak,NER,186,2026-05-15,WAS,Washington Union Station,2026-05-16T00:30:00Z,2026-05-15T23:59:00Z,2026-05-15T23:59:00Z,2026-05-15T23:59:00Z,2026-05-15T21:37:34Z,90.6
amtrak,NER,196,2026-05-15,BAL,Baltimore Penn Station,2026-05-15T22:49:00Z,2026-05-15T22:49:00Z,2026-05-15T22:46:00Z,2026-05-15T22:46:00Z,2026-05-15T21:37:34Z,90.6
amtrak,NER,196,2026-05-15,WAS,Washington Union Station,2026-05-15T22:08:00Z,2026-05-15T22:08:00Z,2026-05-15T22:08:00Z,2026-05-15T22:08:00Z,2026-05-15T21:37:34Z,90.6
amtrak,NER,197,2026-05-15,BAL,Baltimore Penn Station,2026-05-16T00:44:00Z,2026-05-16T00:44:00Z,2026-05-16T00:42:00Z,2026-05-16T00:42:00Z,2026-05-15T21:37:34Z,90.6
amtrak,NER,197,2026-05-15,WAS,Washington Union Station,2026-05-16T01:30:00Z,2026-05-16T01:30:00Z,2026-05-16T01:30:00Z,2026-05-16T01:18:00Z,2026-05-15T21:37:34Z,90.6
marc,11705,Train440,2026-05-15,11958,UNION STATION MARC Washington,2026-05-15T21:35:00Z,2026-05-15T21:35:34Z,NA,NA,2026-05-15T22:32:46Z,74.2
marc,11705,Train440,2026-05-15,12002,PENN STATION MARC nb,NA,NA,2026-05-15T22:42:00Z,2026-05-15T22:42:28Z,2026-05-15T22:32:46Z,74.2
marc,11705,Train438,2026-05-15,11958,UNION STATION MARC Washington,NA,NA,NA,NA,2026-05-15T22:32:46Z,74.2
marc,11705,Train438,2026-05-15,12002,PENN STATION MARC nb,NA,NA,NA,NA,2026-05-15T22:32:46Z,74.2
marc,11705,Train447,2026-05-15,11980,PENN STATION MARC sb,2026-05-15T22:00:00Z,2026-05-15T22:00:40Z,NA,NA,2026-05-15T22:32:46Z,74.2
marc,11705,Train447,2026-05-15,11958,UNION STATION MARC Washington,NA,NA,2026-05-15T22:50:00Z,2026-05-15T22:56:27Z,2026-05-15T22:32:46Z,74.2
marc,11705,Train544,2026-05-15,11958,UNION STATION MARC Washington,2026-05-15T22:27:00Z,2026-05-15T22:28:13Z,NA,NA,2026-05-15T22:32:46Z,74.2
marc,11705,Train544,2026-05-15,12002,PENN STATION MARC nb,2026-05-15T23:29:00Z,2026-05-15T23:30:32Z,2026-05-15T23:27:00Z,2026-05-15T23:28:32Z,2026-05-15T22:32:46Z,74.2
marc,11705,Train536,2026-05-15,11958,UNION STATION MARC Washington,2026-05-15T21:18:00Z,2026-05-15T21:20:17Z,NA,NA,2026-05-15T22:32:46Z,74.2
marc,11705,Train536,2026-05-15,12002,PENN STATION MARC nb,2026-05-15T22:05:00Z,2026-05-15T22:07:22Z,2026-05-15T22:04:00Z,2026-05-15T22:06:10Z,2026-05-15T22:32:46Z,74.2
marc,11705,Train642,2026-05-15,11958,UNION STATION MARC Washington,2026-05-15T22:00:00Z,2026-05-15T22:00:44Z,NA,NA,2026-05-15T22:32:46Z,74.2
marc,11705,Train642,2026-05-15,12002,PENN STATION MARC nb,2026-05-15T23:10:00Z,2026-05-15T23:10:00Z,2026-05-15T23:05:00Z,2026-05-15T23:05:00Z,2026-05-15T22:32:46Z,74.2
amtrak,NER,65,2026-05-15,BAL,Baltimore Penn Station,2026-05-16T09:39:00Z,2026-05-16T09:39:00Z,2026-05-16T09:36:00Z,2026-05-16T09:36:00Z,2026-05-15T22:32:46Z,74.2
amtrak,NER,65,2026-05-15,WAS,Washington Union Station,2026-05-16T11:00:00Z,2026-05-16T11:00:00Z,2026-05-16T10:29:00Z,2026-05-16T10:29:00Z,2026-05-15T22:32:46Z,74.2
amtrak,NER,66,2026-05-15,BAL,Baltimore Penn Station,2026-05-16T02:51:00Z,2026-05-16T03:52:00Z,2026-05-16T02:49:00Z,2026-05-16T03:52:00Z,2026-05-15T22:32:46Z,74.2
amtrak,NER,66,2026-05-15,WAS,Washington Union Station,2026-05-16T02:00:00Z,2026-05-16T02:42:00Z,2026-05-16T01:28:00Z,2026-05-16T02:42:00Z,2026-05-15T22:32:46Z,74.2
amtrak,NER,85,2026-05-15,BAL,Baltimore Penn Station,2026-05-15T21:54:00Z,2026-05-15T21:56:00Z,2026-05-15T21:51:00Z,2026-05-15T21:54:00Z,2026-05-15T22:32:46Z,74.2
amtrak,NER,85,2026-05-15,WAS,Washington Union Station,2026-05-15T22:38:00Z,2026-05-15T22:38:00Z,2026-05-15T22:38:00Z,2026-05-15T22:38:00Z,2026-05-15T22:32:46Z,74.2
amtrak,NER,93,2026-05-15,BAL,Baltimore Penn Station,2026-05-15T20:39:00Z,2026-05-15T21:01:00Z,2026-05-15T20:37:00Z,2026-05-15T20:58:00Z,2026-05-15T22:32:46Z,74.2
amtrak,NER,93,2026-05-15,WAS,Washington Union Station,2026-05-15T21:55:00Z,2026-05-15T22:24:00Z,2026-05-15T21:25:00Z,2026-05-15T21:55:00Z,2026-05-15T22:32:46Z,74.2
amtrak,NER,94,2026-05-15,BAL,Baltimore Penn Station,2026-05-15T18:43:00Z,2026-05-15T18:46:00Z,2026-05-15T18:41:00Z,2026-05-15T18:44:00Z,2026-05-15T22:32:46Z,74.2
amtrak,NER,94,2026-05-15,WAS,Washington Union Station,2026-05-15T18:00:00Z,2026-05-15T18:00:00Z,2026-05-15T17:28:00Z,2026-05-15T17:33:00Z,2026-05-15T22:32:46Z,74.2
amtrak,NER,95,2026-05-15,BAL,Baltimore Penn Station,2026-05-15T17:27:00Z,2026-05-15T17:27:00Z,2026-05-15T17:18:00Z,2026-05-15T17:19:00Z,2026-05-15T22:32:46Z,74.2
amtrak,NER,95,2026-05-15,WAS,Washington Union Station,2026-05-15T18:35:00Z,2026-05-15T18:41:00Z,2026-05-15T18:05:00Z,2026-05-15T18:14:00Z,2026-05-15T22:32:46Z,74.2
amtrak,NER,125,2026-05-15,BAL,Baltimore Penn Station,2026-05-15T18:28:00Z,2026-05-15T18:31:00Z,2026-05-15T18:25:00Z,2026-05-15T18:27:00Z,2026-05-15T22:32:46Z,74.2
amtrak,NER,125,2026-05-15,WAS,Washington Union Station,2026-05-15T19:50:00Z,2026-05-15T19:50:00Z,2026-05-15T19:11:00Z,2026-05-15T19:11:00Z,2026-05-15T22:32:46Z,74.2
amtrak,NER,129,2026-05-15,BAL,Baltimore Penn Station,2026-05-15T23:19:00Z,2026-05-15T23:50:00Z,2026-05-15T23:16:00Z,2026-05-15T23:50:00Z,2026-05-15T22:32:46Z,74.2
amtrak,NER,129,2026-05-15,WAS,Washington Union Station,2026-05-16T00:02:00Z,2026-05-16T00:29:00Z,2026-05-16T00:02:00Z,2026-05-16T00:29:00Z,2026-05-15T22:32:46Z,74.2
amtrak,NER,136,2026-05-15,BAL,Baltimore Penn Station,2026-05-15T21:48:00Z,2026-05-15T21:54:00Z,2026-05-15T21:46:00Z,2026-05-15T21:52:00Z,2026-05-15T22:32:46Z,74.2
amtrak,NER,136,2026-05-15,WAS,Washington Union Station,2026-05-15T21:05:00Z,2026-05-15T21:11:00Z,2026-05-15T21:05:00Z,2026-05-15T21:11:00Z,2026-05-15T22:32:46Z,74.2
amtrak,NER,137,2026-05-15,BAL,Baltimore Penn Station,2026-05-16T01:07:00Z,2026-05-16T01:06:00Z,2026-05-16T01:05:00Z,2026-05-16T01:06:00Z,2026-05-15T22:32:46Z,74.2
amtrak,NER,137,2026-05-15,WAS,Washington Union Station,2026-05-16T01:58:00Z,2026-05-16T01:44:00Z,2026-05-16T01:58:00Z,2026-05-16T01:44:00Z,2026-05-15T22:32:46Z,74.2
amtrak,NER,138,2026-05-15,BAL,Baltimore Penn Station,2026-05-15T23:18:00Z,2026-05-15T23:16:00Z,2026-05-15T23:16:00Z,2026-05-15T23:16:00Z,2026-05-15T22:32:46Z,74.2
amtrak,NER,138,2026-05-15,WAS,Washington Union Station,2026-05-15T22:35:00Z,2026-05-15T22:41:00Z,2026-05-15T21:37:00Z,2026-05-15T22:18:00Z,2026-05-15T22:32:46Z,74.2
amtrak,NER,148,2026-05-15,BAL,Baltimore Penn Station,2026-05-15T19:38:00Z,2026-05-15T19:43:00Z,2026-05-15T19:36:00Z,2026-05-15T19:36:00Z,2026-05-15T22:32:46Z,74.2
amtrak,NER,148,2026-05-15,WAS,Washington Union Station,2026-05-15T18:55:00Z,2026-05-15T18:55:00Z,2026-05-15T18:55:00Z,2026-05-15T18:55:00Z,2026-05-15T22:32:46Z,74.2
amtrak,NER,171,2026-05-15,BAL,Baltimore Penn Station,2026-05-15T19:43:00Z,2026-05-15T19:43:00Z,2026-05-15T19:40:00Z,2026-05-15T19:28:00Z,2026-05-15T22:32:46Z,74.2
amtrak,NER,171,2026-05-15,WAS,Washington Union Station,2026-05-15T21:00:00Z,2026-05-15T21:24:00Z,2026-05-15T20:35:00Z,2026-05-15T20:26:00Z,2026-05-15T22:32:46Z,74.2
amtrak,NER,173,2026-05-15,BAL,Baltimore Penn Station,2026-05-15T22:48:00Z,2026-05-15T23:03:00Z,2026-05-15T22:45:00Z,2026-05-15T23:03:00Z,2026-05-15T22:32:46Z,74.2
amtrak,NER,173,2026-05-15,WAS,Washington Union Station,2026-05-15T23:32:00Z,2026-05-15T23:43:00Z,2026-05-15T23:32:00Z,2026-05-15T23:43:00Z,2026-05-15T22:32:46Z,74.2
amtrak,NER,174,2026-05-15,BAL,Baltimore Penn Station,2026-05-15T15:18:00Z,2026-05-15T15:23:00Z,2026-05-15T15:16:00Z,2026-05-15T15:18:00Z,2026-05-15T22:32:46Z,74.2
amtrak,NER,174,2026-05-15,WAS,Washington Union Station,2026-05-15T14:35:00Z,2026-05-15T14:35:00Z,2026-05-15T14:35:00Z,2026-05-15T14:35:00Z,2026-05-15T22:32:46Z,74.2
amtrak,NER,175,2026-05-15,BAL,Baltimore Penn Station,2026-05-16T02:42:00Z,2026-05-16T02:39:00Z,2026-05-16T02:39:00Z,2026-05-16T02:39:00Z,2026-05-15T22:32:46Z,74.2
amtrak,NER,175,2026-05-15,WAS,Washington Union Station,2026-05-16T03:23:00Z,2026-05-16T03:19:00Z,2026-05-16T03:23:00Z,2026-05-16T03:19:00Z,2026-05-15T22:32:46Z,74.2
amtrak,NER,176,2026-05-15,BAL,Baltimore Penn Station,2026-05-15T20:08:00Z,2026-05-15T20:20:00Z,2026-05-15T20:06:00Z,2026-05-15T20:12:00Z,2026-05-15T22:32:46Z,74.2
amtrak,NER,176,2026-05-15,WAS,Washington Union Station,2026-05-15T19:30:00Z,2026-05-15T19:30:00Z,2026-05-15T19:30:00Z,2026-05-15T19:30:00Z,2026-05-15T22:32:46Z,74.2
amtrak,NER,178,2026-05-15,BAL,Baltimore Penn Station,2026-05-15T20:45:00Z,2026-05-15T20:46:00Z,2026-05-15T20:43:00Z,2026-05-15T20:42:00Z,2026-05-15T22:32:46Z,74.2
amtrak,NER,178,2026-05-15,WAS,Washington Union Station,2026-05-15T20:02:00Z,2026-05-15T20:02:00Z,2026-05-15T18:55:00Z,2026-05-15T19:03:00Z,2026-05-15T22:32:46Z,74.2
amtrak,NER,184,2026-05-15,BAL,Baltimore Penn Station,2026-05-15T18:07:00Z,2026-05-15T18:10:00Z,2026-05-15T18:05:00Z,2026-05-15T18:06:00Z,2026-05-15T22:32:46Z,74.2
amtrak,NER,184,2026-05-15,WAS,Washington Union Station,2026-05-15T17:25:00Z,2026-05-15T17:27:00Z,2026-05-15T17:25:00Z,2026-05-15T17:27:00Z,2026-05-15T22:32:46Z,74.2
amtrak,NER,186,2026-05-15,BAL,Baltimore Penn Station,2026-05-16T01:14:00Z,2026-05-16T01:12:00Z,2026-05-16T01:12:00Z,2026-05-16T01:12:00Z,2026-05-15T22:32:46Z,74.2
amtrak,NER,186,2026-05-15,WAS,Washington Union Station,2026-05-16T00:30:00Z,2026-05-15T23:59:00Z,2026-05-15T23:59:00Z,2026-05-15T23:59:00Z,2026-05-15T22:32:46Z,74.2
amtrak,NER,192,2026-05-15,BAL,Baltimore Penn Station,2026-05-15T23:54:00Z,2026-05-15T23:54:00Z,2026-05-15T23:52:00Z,2026-05-15T23:52:00Z,2026-05-15T22:32:46Z,74.2
amtrak,NER,192,2026-05-15,WAS,Washington Union Station,2026-05-15T23:12:00Z,2026-05-15T23:12:00Z,2026-05-15T23:12:00Z,2026-05-15T23:12:00Z,2026-05-15T22:32:46Z,74.2
amtrak,NER,196,2026-05-15,BAL,Baltimore Penn Station,2026-05-15T22:49:00Z,2026-05-15T22:44:00Z,2026-05-15T22:46:00Z,2026-05-15T22:44:00Z,2026-05-15T22:32:46Z,74.2
amtrak,NER,196,2026-05-15,WAS,Washington Union Station,2026-05-15T22:08:00Z,2026-05-15T22:12:00Z,2026-05-15T22:08:00Z,2026-05-15T22:12:00Z,2026-05-15T22:32:46Z,74.2
amtrak,NER,197,2026-05-15,BAL,Baltimore Penn Station,2026-05-16T00:44:00Z,2026-05-16T00:42:00Z,2026-05-16T00:42:00Z,2026-05-16T00:42:00Z,2026-05-15T22:32:46Z,74.2
amtrak,NER,197,2026-05-15,WAS,Washington Union Station,2026-05-16T01:30:00Z,2026-05-16T01:18:00Z,2026-05-16T01:30:00Z,2026-05-16T01:18:00Z,2026-05-15T22:32:46Z,74.2
marc,11705,Train440,2026-05-15,11958,UNION STATION MARC Washington,2026-05-15T21:35:00Z,2026-05-15T21:35:34Z,NA,NA,2026-05-15T22:35:47Z,73.5
marc,11705,Train440,2026-05-15,12002,PENN STATION MARC nb,NA,NA,2026-05-15T22:42:00Z,2026-05-15T22:42:42Z,2026-05-15T22:35:47Z,73.5
marc,11705,Train438,2026-05-15,11958,UNION STATION MARC Washington,NA,NA,NA,NA,2026-05-15T22:35:47Z,73.5
marc,11705,Train438,2026-05-15,12002,PENN STATION MARC nb,NA,NA,NA,NA,2026-05-15T22:35:47Z,73.5
marc,11705,Train447,2026-05-15,11980,PENN STATION MARC sb,2026-05-15T22:00:00Z,2026-05-15T22:00:40Z,NA,NA,2026-05-15T22:35:47Z,73.5
marc,11705,Train447,2026-05-15,11958,UNION STATION MARC Washington,NA,NA,2026-05-15T22:50:00Z,2026-05-15T22:55:58Z,2026-05-15T22:35:47Z,73.5
marc,11705,Train544,2026-05-15,11958,UNION STATION MARC Washington,2026-05-15T22:27:00Z,2026-05-15T22:28:13Z,NA,NA,2026-05-15T22:35:47Z,73.5
marc,11705,Train544,2026-05-15,12002,PENN STATION MARC nb,2026-05-15T23:29:00Z,2026-05-15T23:30:41Z,2026-05-15T23:27:00Z,2026-05-15T23:28:41Z,2026-05-15T22:35:47Z,73.5
marc,11705,Train536,2026-05-15,11958,UNION STATION MARC Washington,2026-05-15T21:18:00Z,2026-05-15T21:20:17Z,NA,NA,2026-05-15T22:35:47Z,73.5
marc,11705,Train536,2026-05-15,12002,PENN STATION MARC nb,2026-05-15T22:05:00Z,2026-05-15T22:07:22Z,2026-05-15T22:04:00Z,2026-05-15T22:06:10Z,2026-05-15T22:35:47Z,73.5
marc,11705,Train642,2026-05-15,11958,UNION STATION MARC Washington,2026-05-15T22:00:00Z,2026-05-15T22:00:44Z,NA,NA,2026-05-15T22:35:47Z,73.5
marc,11705,Train642,2026-05-15,12002,PENN STATION MARC nb,2026-05-15T23:10:00Z,2026-05-15T23:10:00Z,2026-05-15T23:05:00Z,2026-05-15T23:05:00Z,2026-05-15T22:35:47Z,73.5
amtrak,NER,65,2026-05-15,BAL,Baltimore Penn Station,2026-05-16T09:39:00Z,2026-05-16T09:39:00Z,2026-05-16T09:36:00Z,2026-05-16T09:36:00Z,2026-05-15T22:35:47Z,73.5
amtrak,NER,65,2026-05-15,WAS,Washington Union Station,2026-05-16T11:00:00Z,2026-05-16T11:00:00Z,2026-05-16T10:29:00Z,2026-05-16T10:29:00Z,2026-05-15T22:35:47Z,73.5
amtrak,NER,66,2026-05-15,BAL,Baltimore Penn Station,2026-05-16T02:51:00Z,2026-05-16T03:52:00Z,2026-05-16T02:49:00Z,2026-05-16T03:52:00Z,2026-05-15T22:35:47Z,73.5
amtrak,NER,66,2026-05-15,WAS,Washington Union Station,2026-05-16T02:00:00Z,2026-05-16T02:42:00Z,2026-05-16T01:28:00Z,2026-05-16T02:42:00Z,2026-05-15T22:35:47Z,73.5
amtrak,NER,85,2026-05-15,BAL,Baltimore Penn Station,2026-05-15T21:54:00Z,2026-05-15T21:56:00Z,2026-05-15T21:51:00Z,2026-05-15T21:54:00Z,2026-05-15T22:35:47Z,73.5
amtrak,NER,85,2026-05-15,WAS,Washington Union Station,2026-05-15T22:38:00Z,2026-05-15T22:38:00Z,2026-05-15T22:38:00Z,2026-05-15T22:38:00Z,2026-05-15T22:35:47Z,73.5
amtrak,NER,93,2026-05-15,BAL,Baltimore Penn Station,2026-05-15T20:39:00Z,2026-05-15T21:01:00Z,2026-05-15T20:37:00Z,2026-05-15T20:58:00Z,2026-05-15T22:35:47Z,73.5
amtrak,NER,93,2026-05-15,WAS,Washington Union Station,2026-05-15T21:55:00Z,2026-05-15T22:24:00Z,2026-05-15T21:25:00Z,2026-05-15T21:55:00Z,2026-05-15T22:35:47Z,73.5
amtrak,NER,94,2026-05-15,BAL,Baltimore Penn Station,2026-05-15T18:43:00Z,2026-05-15T18:46:00Z,2026-05-15T18:41:00Z,2026-05-15T18:44:00Z,2026-05-15T22:35:47Z,73.5
amtrak,NER,94,2026-05-15,WAS,Washington Union Station,2026-05-15T18:00:00Z,2026-05-15T18:00:00Z,2026-05-15T17:28:00Z,2026-05-15T17:33:00Z,2026-05-15T22:35:47Z,73.5
amtrak,NER,95,2026-05-15,BAL,Baltimore Penn Station,2026-05-15T17:27:00Z,2026-05-15T17:27:00Z,2026-05-15T17:18:00Z,2026-05-15T17:19:00Z,2026-05-15T22:35:47Z,73.5
amtrak,NER,95,2026-05-15,WAS,Washington Union Station,2026-05-15T18:35:00Z,2026-05-15T18:41:00Z,2026-05-15T18:05:00Z,2026-05-15T18:14:00Z,2026-05-15T22:35:47Z,73.5
amtrak,NER,125,2026-05-15,BAL,Baltimore Penn Station,2026-05-15T18:28:00Z,2026-05-15T18:31:00Z,2026-05-15T18:25:00Z,2026-05-15T18:27:00Z,2026-05-15T22:35:47Z,73.5
amtrak,NER,125,2026-05-15,WAS,Washington Union Station,2026-05-15T19:50:00Z,2026-05-15T19:50:00Z,2026-05-15T19:11:00Z,2026-05-15T19:11:00Z,2026-05-15T22:35:47Z,73.5
amtrak,NER,129,2026-05-15,BAL,Baltimore Penn Station,2026-05-15T23:19:00Z,2026-05-15T23:53:00Z,2026-05-15T23:16:00Z,2026-05-15T23:53:00Z,2026-05-15T22:35:47Z,73.5
amtrak,NER,129,2026-05-15,WAS,Washington Union Station,2026-05-16T00:02:00Z,2026-05-16T00:33:00Z,2026-05-16T00:02:00Z,2026-05-16T00:33:00Z,2026-05-15T22:35:47Z,73.5
amtrak,NER,136,2026-05-15,BAL,Baltimore Penn Station,2026-05-15T21:48:00Z,2026-05-15T21:54:00Z,2026-05-15T21:46:00Z,2026-05-15T21:52:00Z,2026-05-15T22:35:47Z,73.5
amtrak,NER,136,2026-05-15,WAS,Washington Union Station,2026-05-15T21:05:00Z,2026-05-15T21:11:00Z,2026-05-15T21:05:00Z,2026-05-15T21:11:00Z,2026-05-15T22:35:47Z,73.5
amtrak,NER,137,2026-05-15,BAL,Baltimore Penn Station,2026-05-16T01:07:00Z,2026-05-16T01:06:00Z,2026-05-16T01:05:00Z,2026-05-16T01:06:00Z,2026-05-15T22:35:47Z,73.5
amtrak,NER,137,2026-05-15,WAS,Washington Union Station,2026-05-16T01:58:00Z,2026-05-16T01:44:00Z,2026-05-16T01:58:00Z,2026-05-16T01:44:00Z,2026-05-15T22:35:47Z,73.5
amtrak,NER,138,2026-05-15,BAL,Baltimore Penn Station,2026-05-15T23:18:00Z,2026-05-15T23:16:00Z,2026-05-15T23:16:00Z,2026-05-15T23:16:00Z,2026-05-15T22:35:47Z,73.5
amtrak,NER,138,2026-05-15,WAS,Washington Union Station,2026-05-15T22:35:00Z,2026-05-15T22:41:00Z,2026-05-15T21:37:00Z,2026-05-15T22:18:00Z,2026-05-15T22:35:47Z,73.5
amtrak,NER,148,2026-05-15,BAL,Baltimore Penn Station,2026-05-15T19:38:00Z,2026-05-15T19:43:00Z,2026-05-15T19:36:00Z,2026-05-15T19:36:00Z,2026-05-15T22:35:47Z,73.5
amtrak,NER,148,2026-05-15,WAS,Washington Union Station,2026-05-15T18:55:00Z,2026-05-15T18:55:00Z,2026-05-15T18:55:00Z,2026-05-15T18:55:00Z,2026-05-15T22:35:47Z,73.5
amtrak,NER,171,2026-05-15,BAL,Baltimore Penn Station,2026-05-15T19:43:00Z,2026-05-15T19:43:00Z,2026-05-15T19:40:00Z,2026-05-15T19:28:00Z,2026-05-15T22:35:47Z,73.5
amtrak,NER,171,2026-05-15,WAS,Washington Union Station,2026-05-15T21:00:00Z,2026-05-15T21:24:00Z,2026-05-15T20:35:00Z,2026-05-15T20:26:00Z,2026-05-15T22:35:47Z,73.5
amtrak,NER,173,2026-05-15,BAL,Baltimore Penn Station,2026-05-15T22:48:00Z,2026-05-15T23:03:00Z,2026-05-15T22:45:00Z,2026-05-15T23:03:00Z,2026-05-15T22:35:47Z,73.5
amtrak,NER,173,2026-05-15,WAS,Washington Union Station,2026-05-15T23:32:00Z,2026-05-15T23:43:00Z,2026-05-15T23:32:00Z,2026-05-15T23:43:00Z,2026-05-15T22:35:47Z,73.5
amtrak,NER,174,2026-05-15,BAL,Baltimore Penn Station,2026-05-15T15:18:00Z,2026-05-15T15:23:00Z,2026-05-15T15:16:00Z,2026-05-15T15:18:00Z,2026-05-15T22:35:47Z,73.5
amtrak,NER,174,2026-05-15,WAS,Washington Union Station,2026-05-15T14:35:00Z,2026-05-15T14:35:00Z,2026-05-15T14:35:00Z,2026-05-15T14:35:00Z,2026-05-15T22:35:47Z,73.5
amtrak,NER,175,2026-05-15,BAL,Baltimore Penn Station,2026-05-16T02:42:00Z,2026-05-16T02:39:00Z,2026-05-16T02:39:00Z,2026-05-16T02:39:00Z,2026-05-15T22:35:47Z,73.5
amtrak,NER,175,2026-05-15,WAS,Washington Union Station,2026-05-16T03:23:00Z,2026-05-16T03:19:00Z,2026-05-16T03:23:00Z,2026-05-16T03:19:00Z,2026-05-15T22:35:47Z,73.5
amtrak,NER,176,2026-05-15,BAL,Baltimore Penn Station,2026-05-15T20:08:00Z,2026-05-15T20:20:00Z,2026-05-15T20:06:00Z,2026-05-15T20:12:00Z,2026-05-15T22:35:47Z,73.5
amtrak,NER,176,2026-05-15,WAS,Washington Union Station,2026-05-15T19:30:00Z,2026-05-15T19:30:00Z,2026-05-15T19:30:00Z,2026-05-15T19:30:00Z,2026-05-15T22:35:47Z,73.5
amtrak,NER,178,2026-05-15,BAL,Baltimore Penn Station,2026-05-15T20:45:00Z,2026-05-15T20:46:00Z,2026-05-15T20:43:00Z,2026-05-15T20:42:00Z,2026-05-15T22:35:47Z,73.5
amtrak,NER,178,2026-05-15,WAS,Washington Union Station,2026-05-15T20:02:00Z,2026-05-15T20:02:00Z,2026-05-15T18:55:00Z,2026-05-15T19:03:00Z,2026-05-15T22:35:47Z,73.5
amtrak,NER,184,2026-05-15,BAL,Baltimore Penn Station,2026-05-15T18:07:00Z,2026-05-15T18:10:00Z,2026-05-15T18:05:00Z,2026-05-15T18:06:00Z,2026-05-15T22:35:47Z,73.5
amtrak,NER,184,2026-05-15,WAS,Washington Union Station,2026-05-15T17:25:00Z,2026-05-15T17:27:00Z,2026-05-15T17:25:00Z,2026-05-15T17:27:00Z,2026-05-15T22:35:47Z,73.5
amtrak,NER,186,2026-05-15,BAL,Baltimore Penn Station,2026-05-16T01:14:00Z,2026-05-16T01:12:00Z,2026-05-16T01:12:00Z,2026-05-16T01:12:00Z,2026-05-15T22:35:47Z,73.5
amtrak,NER,186,2026-05-15,WAS,Washington Union Station,2026-05-16T00:30:00Z,2026-05-15T23:59:00Z,2026-05-15T23:59:00Z,2026-05-15T23:59:00Z,2026-05-15T22:35:47Z,73.5
amtrak,NER,192,2026-05-15,BAL,Baltimore Penn Station,2026-05-15T23:54:00Z,2026-05-15T23:54:00Z,2026-05-15T23:52:00Z,2026-05-15T23:52:00Z,2026-05-15T22:35:47Z,73.5
amtrak,NER,192,2026-05-15,WAS,Washington Union Station,2026-05-15T23:12:00Z,2026-05-15T23:12:00Z,2026-05-15T23:12:00Z,2026-05-15T23:12:00Z,2026-05-15T22:35:47Z,73.5
amtrak,NER,196,2026-05-15,BAL,Baltimore Penn Station,2026-05-15T22:49:00Z,2026-05-15T22:44:00Z,2026-05-15T22:46:00Z,2026-05-15T22:44:00Z,2026-05-15T22:35:47Z,73.5
amtrak,NER,196,2026-05-15,WAS,Washington Union Station,2026-05-15T22:08:00Z,2026-05-15T22:12:00Z,2026-05-15T22:08:00Z,2026-05-15T22:12:00Z,2026-05-15T22:35:47Z,73.5
amtrak,NER,197,2026-05-15,BAL,Baltimore Penn Station,2026-05-16T00:44:00Z,2026-05-16T00:42:00Z,2026-05-16T00:42:00Z,2026-05-16T00:42:00Z,2026-05-15T22:35:47Z,73.5
amtrak,NER,197,2026-05-15,WAS,Washington Union Station,2026-05-16T01:30:00Z,2026-05-16T01:18:00Z,2026-05-16T01:30:00Z,2026-05-16T01:18:00Z,2026-05-15T22:35:47Z,73.5
marc,11705,Train440,2026-05-15,11958,UNION STATION MARC Washington,2026-05-15T21:35:00Z,2026-05-15T21:35:34Z,NA,NA,2026-05-15T22:38:49Z,73.8
marc,11705,Train440,2026-05-15,12002,PENN STATION MARC nb,NA,NA,2026-05-15T22:42:00Z,2026-05-15T22:38:30Z,2026-05-15T22:38:49Z,73.8
marc,11705,Train438,2026-05-15,11958,UNION STATION MARC Washington,NA,NA,NA,NA,2026-05-15T22:38:49Z,73.8
marc,11705,Train438,2026-05-15,12002,PENN STATION MARC nb,NA,NA,NA,NA,2026-05-15T22:38:49Z,73.8
marc,11705,Train447,2026-05-15,11980,PENN STATION MARC sb,2026-05-15T22:00:00Z,2026-05-15T22:00:40Z,NA,NA,2026-05-15T22:38:49Z,73.8
marc,11705,Train447,2026-05-15,11958,UNION STATION MARC Washington,NA,NA,2026-05-15T22:50:00Z,2026-05-15T22:54:03Z,2026-05-15T22:38:49Z,73.8
marc,11705,Train544,2026-05-15,11958,UNION STATION MARC Washington,2026-05-15T22:27:00Z,2026-05-15T22:28:13Z,NA,NA,2026-05-15T22:38:49Z,73.8
marc,11705,Train544,2026-05-15,12002,PENN STATION MARC nb,2026-05-15T23:29:00Z,2026-05-15T23:29:36Z,2026-05-15T23:27:00Z,2026-05-15T23:27:36Z,2026-05-15T22:38:49Z,73.8
marc,11705,Train536,2026-05-15,11958,UNION STATION MARC Washington,2026-05-15T21:18:00Z,2026-05-15T21:20:17Z,NA,NA,2026-05-15T22:38:49Z,73.8
marc,11705,Train536,2026-05-15,12002,PENN STATION MARC nb,2026-05-15T22:05:00Z,2026-05-15T22:07:22Z,2026-05-15T22:04:00Z,2026-05-15T22:06:10Z,2026-05-15T22:38:49Z,73.8
marc,11705,Train642,2026-05-15,11958,UNION STATION MARC Washington,2026-05-15T22:00:00Z,2026-05-15T22:00:44Z,NA,NA,2026-05-15T22:38:49Z,73.8
marc,11705,Train642,2026-05-15,12002,PENN STATION MARC nb,2026-05-15T23:10:00Z,2026-05-15T23:10:00Z,2026-05-15T23:05:00Z,2026-05-15T23:05:00Z,2026-05-15T22:38:49Z,73.8
amtrak,NER,65,2026-05-15,BAL,Baltimore Penn Station,2026-05-16T09:39:00Z,2026-05-16T09:39:00Z,2026-05-16T09:36:00Z,2026-05-16T09:36:00Z,2026-05-15T22:38:49Z,73.8
amtrak,NER,65,2026-05-15,WAS,Washington Union Station,2026-05-16T11:00:00Z,2026-05-16T11:00:00Z,2026-05-16T10:29:00Z,2026-05-16T10:29:00Z,2026-05-15T22:38:49Z,73.8
amtrak,NER,66,2026-05-15,BAL,Baltimore Penn Station,2026-05-16T02:51:00Z,2026-05-16T03:48:00Z,2026-05-16T02:49:00Z,2026-05-16T03:48:00Z,2026-05-15T22:38:49Z,73.8
amtrak,NER,66,2026-05-15,WAS,Washington Union Station,2026-05-16T02:00:00Z,2026-05-16T02:38:00Z,2026-05-16T01:28:00Z,2026-05-16T02:38:00Z,2026-05-15T22:38:49Z,73.8
amtrak,NER,85,2026-05-15,BAL,Baltimore Penn Station,2026-05-15T21:54:00Z,2026-05-15T21:56:00Z,2026-05-15T21:51:00Z,2026-05-15T21:54:00Z,2026-05-15T22:38:49Z,73.8
amtrak,NER,85,2026-05-15,WAS,Washington Union Station,2026-05-15T22:38:00Z,2026-05-15T22:38:00Z,2026-05-15T22:38:00Z,2026-05-15T22:38:00Z,2026-05-15T22:38:49Z,73.8
amtrak,NER,93,2026-05-15,BAL,Baltimore Penn Station,2026-05-15T20:39:00Z,2026-05-15T21:01:00Z,2026-05-15T20:37:00Z,2026-05-15T20:58:00Z,2026-05-15T22:38:49Z,73.8
amtrak,NER,93,2026-05-15,WAS,Washington Union Station,2026-05-15T21:55:00Z,2026-05-15T22:24:00Z,2026-05-15T21:25:00Z,2026-05-15T21:55:00Z,2026-05-15T22:38:49Z,73.8
amtrak,NER,94,2026-05-15,BAL,Baltimore Penn Station,2026-05-15T18:43:00Z,2026-05-15T18:46:00Z,2026-05-15T18:41:00Z,2026-05-15T18:44:00Z,2026-05-15T22:38:49Z,73.8
amtrak,NER,94,2026-05-15,WAS,Washington Union Station,2026-05-15T18:00:00Z,2026-05-15T18:00:00Z,2026-05-15T17:28:00Z,2026-05-15T17:33:00Z,2026-05-15T22:38:49Z,73.8
amtrak,NER,95,2026-05-15,BAL,Baltimore Penn Station,2026-05-15T17:27:00Z,2026-05-15T17:27:00Z,2026-05-15T17:18:00Z,2026-05-15T17:19:00Z,2026-05-15T22:38:49Z,73.8
amtrak,NER,95,2026-05-15,WAS,Washington Union Station,2026-05-15T18:35:00Z,2026-05-15T18:41:00Z,2026-05-15T18:05:00Z,2026-05-15T18:14:00Z,2026-05-15T22:38:49Z,73.8
amtrak,NER,125,2026-05-15,BAL,Baltimore Penn Station,2026-05-15T18:28:00Z,2026-05-15T18:31:00Z,2026-05-15T18:25:00Z,2026-05-15T18:27:00Z,2026-05-15T22:38:49Z,73.8
amtrak,NER,125,2026-05-15,WAS,Washington Union Station,2026-05-15T19:50:00Z,2026-05-15T19:50:00Z,2026-05-15T19:11:00Z,2026-05-15T19:11:00Z,2026-05-15T22:38:49Z,73.8
amtrak,NER,129,2026-05-15,BAL,Baltimore Penn Station,2026-05-15T23:19:00Z,2026-05-15T23:56:00Z,2026-05-15T23:16:00Z,2026-05-15T23:56:00Z,2026-05-15T22:38:49Z,73.8
amtrak,NER,129,2026-05-15,WAS,Washington Union Station,2026-05-16T00:02:00Z,2026-05-16T00:36:00Z,2026-05-16T00:02:00Z,2026-05-16T00:36:00Z,2026-05-15T22:38:49Z,73.8
amtrak,NER,136,2026-05-15,BAL,Baltimore Penn Station,2026-05-15T21:48:00Z,2026-05-15T21:54:00Z,2026-05-15T21:46:00Z,2026-05-15T21:52:00Z,2026-05-15T22:38:49Z,73.8
amtrak,NER,136,2026-05-15,WAS,Washington Union Station,2026-05-15T21:05:00Z,2026-05-15T21:11:00Z,2026-05-15T21:05:00Z,2026-05-15T21:11:00Z,2026-05-15T22:38:49Z,73.8
amtrak,NER,137,2026-05-15,BAL,Baltimore Penn Station,2026-05-16T01:07:00Z,2026-05-16T01:06:00Z,2026-05-16T01:05:00Z,2026-05-16T01:06:00Z,2026-05-15T22:38:49Z,73.8
amtrak,NER,137,2026-05-15,WAS,Washington Union Station,2026-05-16T01:58:00Z,2026-05-16T01:44:00Z,2026-05-16T01:58:00Z,2026-05-16T01:44:00Z,2026-05-15T22:38:49Z,73.8
amtrak,NER,138,2026-05-15,BAL,Baltimore Penn Station,2026-05-15T23:18:00Z,2026-05-15T23:16:00Z,2026-05-15T23:16:00Z,2026-05-15T23:16:00Z,2026-05-15T22:38:49Z,73.8
amtrak,NER,138,2026-05-15,WAS,Washington Union Station,2026-05-15T22:35:00Z,2026-05-15T22:38:00Z,2026-05-15T21:37:00Z,2026-05-15T22:18:00Z,2026-05-15T22:38:49Z,73.8
amtrak,NER,148,2026-05-15,BAL,Baltimore Penn Station,2026-05-15T19:38:00Z,2026-05-15T19:43:00Z,2026-05-15T19:36:00Z,2026-05-15T19:36:00Z,2026-05-15T22:38:49Z,73.8
amtrak,NER,148,2026-05-15,WAS,Washington Union Station,2026-05-15T18:55:00Z,2026-05-15T18:55:00Z,2026-05-15T18:55:00Z,2026-05-15T18:55:00Z,2026-05-15T22:38:49Z,73.8
amtrak,NER,171,2026-05-15,BAL,Baltimore Penn Station,2026-05-15T19:43:00Z,2026-05-15T19:43:00Z,2026-05-15T19:40:00Z,2026-05-15T19:28:00Z,2026-05-15T22:38:49Z,73.8
amtrak,NER,171,2026-05-15,WAS,Washington Union Station,2026-05-15T21:00:00Z,2026-05-15T21:24:00Z,2026-05-15T20:35:00Z,2026-05-15T20:26:00Z,2026-05-15T22:38:49Z,73.8
amtrak,NER,173,2026-05-15,BAL,Baltimore Penn Station,2026-05-15T22:48:00Z,2026-05-15T23:03:00Z,2026-05-15T22:45:00Z,2026-05-15T23:03:00Z,2026-05-15T22:38:49Z,73.8
amtrak,NER,173,2026-05-15,WAS,Washington Union Station,2026-05-15T23:32:00Z,2026-05-15T23:43:00Z,2026-05-15T23:32:00Z,2026-05-15T23:43:00Z,2026-05-15T22:38:49Z,73.8
amtrak,NER,174,2026-05-15,BAL,Baltimore Penn Station,2026-05-15T15:18:00Z,2026-05-15T15:23:00Z,2026-05-15T15:16:00Z,2026-05-15T15:18:00Z,2026-05-15T22:38:49Z,73.8
amtrak,NER,174,2026-05-15,WAS,Washington Union Station,2026-05-15T14:35:00Z,2026-05-15T14:35:00Z,2026-05-15T14:35:00Z,2026-05-15T14:35:00Z,2026-05-15T22:38:49Z,73.8
amtrak,NER,175,2026-05-15,BAL,Baltimore Penn Station,2026-05-16T02:42:00Z,2026-05-16T02:39:00Z,2026-05-16T02:39:00Z,2026-05-16T02:39:00Z,2026-05-15T22:38:49Z,73.8
amtrak,NER,175,2026-05-15,WAS,Washington Union Station,2026-05-16T03:23:00Z,2026-05-16T03:19:00Z,2026-05-16T03:23:00Z,2026-05-16T03:19:00Z,2026-05-15T22:38:49Z,73.8
amtrak,NER,176,2026-05-15,BAL,Baltimore Penn Station,2026-05-15T20:08:00Z,2026-05-15T20:20:00Z,2026-05-15T20:06:00Z,2026-05-15T20:12:00Z,2026-05-15T22:38:49Z,73.8
amtrak,NER,176,2026-05-15,WAS,Washington Union Station,2026-05-15T19:30:00Z,2026-05-15T19:30:00Z,2026-05-15T19:30:00Z,2026-05-15T19:30:00Z,2026-05-15T22:38:49Z,73.8
amtrak,NER,178,2026-05-15,BAL,Baltimore Penn Station,2026-05-15T20:45:00Z,2026-05-15T20:46:00Z,2026-05-15T20:43:00Z,2026-05-15T20:42:00Z,2026-05-15T22:38:49Z,73.8
amtrak,NER,178,2026-05-15,WAS,Washington Union Station,2026-05-15T20:02:00Z,2026-05-15T20:02:00Z,2026-05-15T18:55:00Z,2026-05-15T19:03:00Z,2026-05-15T22:38:49Z,73.8
amtrak,NER,184,2026-05-15,BAL,Baltimore Penn Station,2026-05-15T18:07:00Z,2026-05-15T18:10:00Z,2026-05-15T18:05:00Z,2026-05-15T18:06:00Z,2026-05-15T22:38:49Z,73.8
amtrak,NER,184,2026-05-15,WAS,Washington Union Station,2026-05-15T17:25:00Z,2026-05-15T17:27:00Z,2026-05-15T17:25:00Z,2026-05-15T17:27:00Z,2026-05-15T22:38:49Z,73.8
amtrak,NER,186,2026-05-15,BAL,Baltimore Penn Station,2026-05-16T01:14:00Z,2026-05-16T01:12:00Z,2026-05-16T01:12:00Z,2026-05-16T01:12:00Z,2026-05-15T22:38:49Z,73.8
amtrak,NER,186,2026-05-15,WAS,Washington Union Station,2026-05-16T00:30:00Z,2026-05-15T23:59:00Z,2026-05-15T23:59:00Z,2026-05-15T23:59:00Z,2026-05-15T22:38:49Z,73.8
amtrak,NER,192,2026-05-15,BAL,Baltimore Penn Station,2026-05-15T23:54:00Z,2026-05-15T23:54:00Z,2026-05-15T23:52:00Z,2026-05-15T23:52:00Z,2026-05-15T22:38:49Z,73.8
amtrak,NER,192,2026-05-15,WAS,Washington Union Station,2026-05-15T23:12:00Z,2026-05-15T23:12:00Z,2026-05-15T23:12:00Z,2026-05-15T23:12:00Z,2026-05-15T22:38:49Z,73.8
amtrak,NER,196,2026-05-15,BAL,Baltimore Penn Station,2026-05-15T22:49:00Z,2026-05-15T22:44:00Z,2026-05-15T22:46:00Z,2026-05-15T22:44:00Z,2026-05-15T22:38:49Z,73.8
amtrak,NER,196,2026-05-15,WAS,Washington Union Station,2026-05-15T22:08:00Z,2026-05-15T22:12:00Z,2026-05-15T22:08:00Z,2026-05-15T22:12:00Z,2026-05-15T22:38:49Z,73.8
amtrak,NER,197,2026-05-15,BAL,Baltimore Penn Station,2026-05-16T00:44:00Z,2026-05-16T00:42:00Z,2026-05-16T00:42:00Z,2026-05-16T00:42:00Z,2026-05-15T22:38:49Z,73.8
amtrak,NER,197,2026-05-15,WAS,Washington Union Station,2026-05-16T01:30:00Z,2026-05-16T01:18:00Z,2026-05-16T01:30:00Z,2026-05-16T01:18:00Z,2026-05-15T22:38:49Z,73.8
