service,route_id,trip_id,trip_date,stop_id,stop_name,sched_dep,pred_dep,sched_arr,pred_arr,collected_at,drive_min
marc,11705,Train404,2026-08-07,12002,PENN STATION MARC nb,NA,NA,2026-08-07T11:36:00Z,2026-08-07T11:37:58Z,2026-08-07T10:43:02Z,63.3
marc,11705,Train409,2026-08-07,11980,PENN STATION MARC sb,2026-08-07T10:20:00Z,2026-08-07T10:24:05Z,NA,NA,2026-08-07T10:43:02Z,63.3
marc,11705,Train409,2026-08-07,11958,UNION STATION MARC Washington,NA,NA,2026-08-07T11:28:00Z,2026-08-07T11:30:13Z,2026-08-07T10:43:02Z,63.3
marc,11705,Train413,2026-08-07,11958,UNION STATION MARC Washington,NA,NA,2026-08-07T11:43:00Z,2026-08-07T11:43:00Z,2026-08-07T10:43:02Z,63.3
marc,11705,Train502,2026-08-07,11958,UNION STATION MARC Washington,2026-08-07T10:12:00Z,2026-08-07T10:13:47Z,NA,NA,2026-08-07T10:43:02Z,63.3
marc,11705,Train502,2026-08-07,12002,PENN STATION MARC nb,2026-08-07T11:26:00Z,2026-08-07T11:29:23Z,2026-08-07T11:24:00Z,2026-08-07T11:27:23Z,2026-08-07T10:43:02Z,63.3
marc,11705,Train511,2026-08-07,11980,PENN STATION MARC sb,2026-08-07T09:53:00Z,2026-08-07T09:56:44Z,2026-08-07T09:51:36Z,2026-08-07T09:54:05Z,2026-08-07T10:43:02Z,63.3
marc,11705,Train511,2026-08-07,11958,UNION STATION MARC Washington,NA,NA,2026-08-07T10:48:00Z,2026-08-07T10:53:10Z,2026-08-07T10:43:02Z,63.3
marc,11705,Train517,2026-08-07,11980,PENN STATION MARC sb,2026-08-07T11:20:00Z,2026-08-07T11:20:52Z,2026-08-07T11:16:05Z,2026-08-07T11:16:57Z,2026-08-07T10:43:02Z,63.3
marc,11705,Train517,2026-08-07,11958,UNION STATION MARC Washington,NA,NA,2026-08-07T12:19:00Z,2026-08-07T12:19:52Z,2026-08-07T10:43:02Z,63.3
amtrak,NER,66,2026-08-07,BAL,Baltimore Penn Station,2026-08-07T02:51:00Z,2026-08-07T02:51:00Z,2026-08-07T02:49:00Z,2026-08-07T02:47:00Z,2026-08-07T10:43:02Z,63.3
amtrak,NER,66,2026-08-07,WAS,Washington Union Station,2026-08-07T02:00:00Z,2026-08-07T02:09:00Z,2026-08-07T01:28:00Z,2026-08-07T01:43:00Z,2026-08-07T10:43:02Z,63.3
amtrak,NER,67,2026-08-07,BAL,Baltimore Penn Station,2026-08-07T10:04:00Z,2026-08-07T10:06:00Z,2026-08-07T10:02:00Z,2026-08-07T09:57:00Z,2026-08-07T10:43:02Z,63.3
amtrak,NER,67,2026-08-07,WAS,Washington Union Station,2026-08-07T11:20:00Z,2026-08-07T10:54:00Z,2026-08-07T10:54:00Z,2026-08-07T10:54:00Z,2026-08-07T10:43:02Z,63.3
amtrak,NER,86,2026-08-07,BAL,Baltimore Penn Station,2026-08-07T13:32:00Z,2026-08-07T13:30:00Z,2026-08-07T13:30:00Z,2026-08-07T13:30:00Z,2026-08-07T10:43:02Z,63.3
amtrak,NER,86,2026-08-07,WAS,Washington Union Station,2026-08-07T12:50:00Z,2026-08-07T12:18:00Z,2026-08-07T12:18:00Z,2026-08-07T12:18:00Z,2026-08-07T10:43:02Z,63.3
amtrak,NER,95,2026-08-07,BAL,Baltimore Penn Station,2026-08-07T17:23:00Z,2026-08-07T17:14:00Z,2026-08-07T17:14:00Z,2026-08-07T17:14:00Z,2026-08-07T10:43:02Z,63.3
amtrak,NER,95,2026-08-07,WAS,Washington Union Station,2026-08-07T18:35:00Z,2026-08-07T18:05:00Z,2026-08-07T18:05:00Z,2026-08-07T18:05:00Z,2026-08-07T10:43:02Z,63.3
amtrak,NER,111,2026-08-07,BAL,Baltimore Penn Station,2026-08-07T11:36:00Z,2026-08-07T11:34:00Z,2026-08-07T11:34:00Z,2026-08-07T11:34:00Z,2026-08-07T10:43:02Z,63.3
amtrak,NER,111,2026-08-07,WAS,Washington Union Station,2026-08-07T12:22:00Z,2026-08-07T12:19:00Z,2026-08-07T12:22:00Z,2026-08-07T12:19:00Z,2026-08-07T10:43:02Z,63.3
amtrak,NER,112,2026-08-07,BAL,Baltimore Penn Station,2026-08-07T12:22:00Z,2026-08-07T12:22:00Z,2026-08-07T12:20:00Z,2026-08-07T12:20:00Z,2026-08-07T10:43:02Z,63.3
amtrak,NER,112,2026-08-07,WAS,Washington Union Station,2026-08-07T11:40:00Z,2026-08-07T11:40:00Z,2026-08-07T11:40:00Z,2026-08-07T11:40:00Z,2026-08-07T10:43:02Z,63.3
amtrak,NER,113,2026-08-07,BAL,Baltimore Penn Station,2026-08-07T13:07:00Z,2026-08-07T13:07:00Z,2026-08-07T13:05:00Z,2026-08-07T13:05:00Z,2026-08-07T10:43:02Z,63.3
amtrak,NER,113,2026-08-07,WAS,Washington Union Station,2026-08-07T13:53:00Z,2026-08-07T13:53:00Z,2026-08-07T13:53:00Z,2026-08-07T13:53:00Z,2026-08-07T10:43:02Z,63.3
amtrak,NER,125,2026-08-07,BAL,Baltimore Penn Station,2026-08-07T18:28:00Z,2026-08-07T18:28:00Z,2026-08-07T18:25:00Z,2026-08-07T18:26:00Z,2026-08-07T10:43:02Z,63.3
amtrak,NER,125,2026-08-07,WAS,Washington Union Station,2026-08-07T19:50:00Z,2026-08-07T19:50:00Z,2026-08-07T19:11:00Z,2026-08-07T19:11:00Z,2026-08-07T10:43:02Z,63.3
amtrak,NER,130,2026-08-07,BAL,Baltimore Penn Station,2026-08-07T11:05:00Z,2026-08-07T10:58:00Z,2026-08-07T11:03:00Z,2026-08-07T10:58:00Z,2026-08-07T10:43:02Z,63.3
amtrak,NER,130,2026-08-07,WAS,Washington Union Station,2026-08-07T10:20:00Z,2026-08-07T10:20:00Z,2026-08-07T10:20:00Z,2026-08-07T10:20:00Z,2026-08-07T10:43:02Z,63.3
amtrak,NER,141,2026-08-07,BAL,Baltimore Penn Station,2026-08-07T15:00:00Z,2026-08-07T14:58:00Z,2026-08-07T14:58:00Z,2026-08-07T14:58:00Z,2026-08-07T10:43:02Z,63.3
amtrak,NER,141,2026-08-07,WAS,Washington Union Station,2026-08-07T15:41:00Z,2026-08-07T15:40:00Z,2026-08-07T15:41:00Z,2026-08-07T15:40:00Z,2026-08-07T10:43:02Z,63.3
amtrak,NER,151,2026-08-07,BAL,Baltimore Penn Station,2026-08-07T10:10:00Z,2026-08-07T10:12:00Z,2026-08-07T10:08:00Z,2026-08-07T10:10:00Z,2026-08-07T10:43:02Z,63.3
amtrak,NER,151,2026-08-07,WAS,Washington Union Station,2026-08-07T11:30:00Z,2026-08-07T10:58:00Z,2026-08-07T10:58:00Z,2026-08-07T10:58:00Z,2026-08-07T10:43:02Z,63.3
amtrak,NER,170,2026-08-07,BAL,Baltimore Penn Station,2026-08-07T09:44:00Z,2026-08-07T09:44:00Z,2026-08-07T09:42:00Z,2026-08-07T09:42:00Z,2026-08-07T10:43:02Z,63.3
amtrak,NER,170,2026-08-07,WAS,Washington Union Station,2026-08-07T09:05:00Z,2026-08-07T09:05:00Z,2026-08-07T09:05:00Z,2026-08-07T09:05:00Z,2026-08-07T10:43:02Z,63.3
amtrak,NER,172,2026-08-07,BAL,Baltimore Penn Station,2026-08-07T11:50:00Z,2026-08-07T11:50:00Z,2026-08-07T11:48:00Z,2026-08-07T11:48:00Z,2026-08-07T10:43:02Z,63.3
amtrak,NER,172,2026-08-07,WAS,Washington Union Station,2026-08-07T11:06:00Z,2026-08-07T11:06:00Z,2026-08-07T11:06:00Z,2026-08-07T11:06:00Z,2026-08-07T10:43:02Z,63.3
amtrak,NER,181,2026-08-07,BAL,Baltimore Penn Station,2026-08-07T12:22:00Z,2026-08-07T12:19:00Z,2026-08-07T12:19:00Z,2026-08-07T12:19:00Z,2026-08-07T10:43:02Z,63.3
amtrak,NER,181,2026-08-07,WAS,Washington Union Station,2026-08-07T13:02:00Z,2026-08-07T12:55:00Z,2026-08-07T13:02:00Z,2026-08-07T12:55:00Z,2026-08-07T10:43:02Z,63.3
amtrak,NER,183,2026-08-07,BAL,Baltimore Penn Station,2026-08-07T14:20:00Z,2026-08-07T14:20:00Z,2026-08-07T14:17:00Z,2026-08-07T14:17:00Z,2026-08-07T10:43:02Z,63.3
amtrak,NER,183,2026-08-07,WAS,Washington Union Station,2026-08-07T15:04:00Z,2026-08-07T15:04:00Z,2026-08-07T15:04:00Z,2026-08-07T15:00:00Z,2026-08-07T10:43:02Z,63.3
marc,11705,Train404,2026-08-07,11958,UNION STATION MARC Washington,2026-08-07T10:40:00Z,2026-08-07T10:41:38Z,NA,NA,2026-08-07T10:46:04Z,64.7
marc,11705,Train404,2026-08-07,12002,PENN STATION MARC nb,NA,NA,2026-08-07T11:36:00Z,2026-08-07T11:39:51Z,2026-08-07T10:46:04Z,64.7
marc,11705,Train409,2026-08-07,11980,PENN STATION MARC sb,2026-08-07T10:20:00Z,2026-08-07T10:24:05Z,NA,NA,2026-08-07T10:46:04Z,64.7
marc,11705,Train409,2026-08-07,11958,UNION STATION MARC Washington,NA,NA,2026-08-07T11:28:00Z,2026-08-07T11:30:32Z,2026-08-07T10:46:04Z,64.7
marc,11705,Train413,2026-08-07,11958,UNION STATION MARC Washington,NA,NA,2026-08-07T11:43:00Z,2026-08-07T11:48:35Z,2026-08-07T10:46:04Z,64.7
marc,11705,Train502,2026-08-07,11958,UNION STATION MARC Washington,2026-08-07T10:12:00Z,2026-08-07T10:13:47Z,NA,NA,2026-08-07T10:46:04Z,64.7
marc,11705,Train502,2026-08-07,12002,PENN STATION MARC nb,2026-08-07T11:26:00Z,2026-08-07T11:26:12Z,2026-08-07T11:24:00Z,2026-08-07T11:24:12Z,2026-08-07T10:46:04Z,64.7
marc,11705,Train517,2026-08-07,11980,PENN STATION MARC sb,2026-08-07T11:20:00Z,2026-08-07T11:20:47Z,2026-08-07T11:16:05Z,2026-08-07T11:16:52Z,2026-08-07T10:46:04Z,64.7
marc,11705,Train517,2026-08-07,11958,UNION STATION MARC Washington,NA,NA,2026-08-07T12:19:00Z,2026-08-07T12:19:47Z,2026-08-07T10:46:04Z,64.7
amtrak,NER,66,2026-08-07,BAL,Baltimore Penn Station,2026-08-07T02:51:00Z,2026-08-07T02:51:00Z,2026-08-07T02:49:00Z,2026-08-07T02:47:00Z,2026-08-07T10:46:04Z,64.7
amtrak,NER,66,2026-08-07,WAS,Washington Union Station,2026-08-07T02:00:00Z,2026-08-07T02:09:00Z,2026-08-07T01:28:00Z,2026-08-07T01:43:00Z,2026-08-07T10:46:04Z,64.7
amtrak,NER,67,2026-08-07,BAL,Baltimore Penn Station,2026-08-07T10:04:00Z,2026-08-07T10:06:00Z,2026-08-07T10:02:00Z,2026-08-07T09:57:00Z,2026-08-07T10:46:04Z,64.7
amtrak,NER,67,2026-08-07,WAS,Washington Union Station,2026-08-07T11:20:00Z,2026-08-07T10:54:00Z,2026-08-07T10:54:00Z,2026-08-07T10:54:00Z,2026-08-07T10:46:04Z,64.7
amtrak,NER,86,2026-08-07,BAL,Baltimore Penn Station,2026-08-07T13:32:00Z,2026-08-07T13:30:00Z,2026-08-07T13:30:00Z,2026-08-07T13:30:00Z,2026-08-07T10:46:04Z,64.7
amtrak,NER,86,2026-08-07,WAS,Washington Union Station,2026-08-07T12:50:00Z,2026-08-07T12:18:00Z,2026-08-07T12:18:00Z,2026-08-07T12:18:00Z,2026-08-07T10:46:04Z,64.7
amtrak,NER,95,2026-08-07,BAL,Baltimore Penn Station,2026-08-07T17:23:00Z,2026-08-07T17:14:00Z,2026-08-07T17:14:00Z,2026-08-07T17:14:00Z,2026-08-07T10:46:04Z,64.7
amtrak,NER,95,2026-08-07,WAS,Washington Union Station,2026-08-07T18:35:00Z,2026-08-07T18:05:00Z,2026-08-07T18:05:00Z,2026-08-07T18:05:00Z,2026-08-07T10:46:04Z,64.7
amtrak,NER,111,2026-08-07,BAL,Baltimore Penn Station,2026-08-07T11:36:00Z,2026-08-07T11:34:00Z,2026-08-07T11:34:00Z,2026-08-07T11:34:00Z,2026-08-07T10:46:04Z,64.7
amtrak,NER,111,2026-08-07,WAS,Washington Union Station,2026-08-07T12:22:00Z,2026-08-07T12:19:00Z,2026-08-07T12:22:00Z,2026-08-07T12:19:00Z,2026-08-07T10:46:04Z,64.7
amtrak,NER,112,2026-08-07,BAL,Baltimore Penn Station,2026-08-07T12:22:00Z,2026-08-07T12:22:00Z,2026-08-07T12:20:00Z,2026-08-07T12:20:00Z,2026-08-07T10:46:04Z,64.7
amtrak,NER,112,2026-08-07,WAS,Washington Union Station,2026-08-07T11:40:00Z,2026-08-07T11:40:00Z,2026-08-07T11:40:00Z,2026-08-07T11:40:00Z,2026-08-07T10:46:04Z,64.7
amtrak,NER,113,2026-08-07,BAL,Baltimore Penn Station,2026-08-07T13:07:00Z,NA,2026-08-07T13:05:00Z,NA,2026-08-07T10:46:04Z,64.7
amtrak,NER,113,2026-08-07,WAS,Washington Union Station,2026-08-07T13:53:00Z,NA,2026-08-07T13:53:00Z,NA,2026-08-07T10:46:04Z,64.7
amtrak,NER,125,2026-08-07,BAL,Baltimore Penn Station,2026-08-07T18:28:00Z,2026-08-07T18:28:00Z,2026-08-07T18:25:00Z,2026-08-07T18:26:00Z,2026-08-07T10:46:04Z,64.7
amtrak,NER,125,2026-08-07,WAS,Washington Union Station,2026-08-07T19:50:00Z,2026-08-07T19:50:00Z,2026-08-07T19:11:00Z,2026-08-07T19:11:00Z,2026-08-07T10:46:04Z,64.7
amtrak,NER,130,2026-08-07,BAL,Baltimore Penn Station,2026-08-07T11:05:00Z,2026-08-07T10:58:00Z,2026-08-07T11:03:00Z,2026-08-07T10:58:00Z,2026-08-07T10:46:04Z,64.7
amtrak,NER,130,2026-08-07,WAS,Washington Union Station,2026-08-07T10:20:00Z,2026-08-07T10:20:00Z,2026-08-07T10:20:00Z,2026-08-07T10:20:00Z,2026-08-07T10:46:04Z,64.7
amtrak,NER,141,2026-08-07,BAL,Baltimore Penn Station,2026-08-07T15:00:00Z,2026-08-07T14:58:00Z,2026-08-07T14:58:00Z,2026-08-07T14:58:00Z,2026-08-07T10:46:04Z,64.7
amtrak,NER,141,2026-08-07,WAS,Washington Union Station,2026-08-07T15:41:00Z,2026-08-07T15:40:00Z,2026-08-07T15:41:00Z,2026-08-07T15:40:00Z,2026-08-07T10:46:04Z,64.7
amtrak,NER,151,2026-08-07,BAL,Baltimore Penn Station,2026-08-07T10:10:00Z,2026-08-07T10:12:00Z,2026-08-07T10:08:00Z,2026-08-07T10:10:00Z,2026-08-07T10:46:04Z,64.7
amtrak,NER,151,2026-08-07,WAS,Washington Union Station,2026-08-07T11:30:00Z,2026-08-07T10:58:00Z,2026-08-07T10:58:00Z,2026-08-07T10:58:00Z,2026-08-07T10:46:04Z,64.7
amtrak,NER,170,2026-08-07,BAL,Baltimore Penn Station,2026-08-07T09:44:00Z,2026-08-07T09:44:00Z,2026-08-07T09:42:00Z,2026-08-07T09:42:00Z,2026-08-07T10:46:04Z,64.7
amtrak,NER,170,2026-08-07,WAS,Washington Union Station,2026-08-07T09:05:00Z,2026-08-07T09:05:00Z,2026-08-07T09:05:00Z,2026-08-07T09:05:00Z,2026-08-07T10:46:04Z,64.7
amtrak,NER,172,2026-08-07,BAL,Baltimore Penn Station,2026-08-07T11:50:00Z,2026-08-07T11:50:00Z,2026-08-07T11:48:00Z,2026-08-07T11:48:00Z,2026-08-07T10:46:04Z,64.7
amtrak,NER,172,2026-08-07,WAS,Washington Union Station,2026-08-07T11:06:00Z,2026-08-07T11:06:00Z,2026-08-07T11:06:00Z,2026-08-07T11:06:00Z,2026-08-07T10:46:04Z,64.7
amtrak,NER,181,2026-08-07,BAL,Baltimore Penn Station,2026-08-07T12:22:00Z,2026-08-07T12:19:00Z,2026-08-07T12:19:00Z,2026-08-07T12:19:00Z,2026-08-07T10:46:04Z,64.7
amtrak,NER,181,2026-08-07,WAS,Washington Union Station,2026-08-07T13:02:00Z,2026-08-07T12:55:00Z,2026-08-07T13:02:00Z,2026-08-07T12:55:00Z,2026-08-07T10:46:04Z,64.7
amtrak,NER,183,2026-08-07,BAL,Baltimore Penn Station,2026-08-07T14:20:00Z,2026-08-07T14:20:00Z,2026-08-07T14:17:00Z,2026-08-07T14:17:00Z,2026-08-07T10:46:04Z,64.7
amtrak,NER,183,2026-08-07,WAS,Washington Union Station,2026-08-07T15:04:00Z,2026-08-07T15:04:00Z,2026-08-07T15:04:00Z,2026-08-07T15:00:00Z,2026-08-07T10:46:04Z,64.7
marc,11705,Train404,2026-08-07,11958,UNION STATION MARC Washington,2026-08-07T10:40:00Z,2026-08-07T10:41:38Z,NA,NA,2026-08-07T10:49:05Z,62.6
marc,11705,Train404,2026-08-07,12002,PENN STATION MARC nb,NA,NA,2026-08-07T11:36:00Z,2026-08-07T11:38:03Z,2026-08-07T10:49:05Z,62.6
marc,11705,Train409,2026-08-07,11980,PENN STATION MARC sb,2026-08-07T10:20:00Z,2026-08-07T10:24:05Z,NA,NA,2026-08-07T10:49:05Z,62.6
marc,11705,Train409,2026-08-07,11958,UNION STATION MARC Washington,NA,NA,2026-08-07T11:28:00Z,2026-08-07T11:30:31Z,2026-08-07T10:49:05Z,62.6
marc,11705,Train413,2026-08-07,11980,PENN STATION MARC sb,2026-08-07T10:40:00Z,2026-08-07T10:42:19Z,NA,NA,2026-08-07T10:49:05Z,62.6
marc,11705,Train413,2026-08-07,11958,UNION STATION MARC Washington,NA,NA,2026-08-07T11:43:00Z,2026-08-07T11:46:18Z,2026-08-07T10:49:05Z,62.6
marc,11705,Train502,2026-08-07,11958,UNION STATION MARC Washington,2026-08-07T10:12:00Z,2026-08-07T10:13:47Z,NA,NA,2026-08-07T10:49:05Z,62.6
marc,11705,Train502,2026-08-07,12002,PENN STATION MARC nb,2026-08-07T11:26:00Z,2026-08-07T11:26:08Z,2026-08-07T11:24:00Z,2026-08-07T11:24:08Z,2026-08-07T10:49:05Z,62.6
marc,11705,Train517,2026-08-07,11980,PENN STATION MARC sb,2026-08-07T11:20:00Z,2026-08-07T11:20:43Z,2026-08-07T11:16:05Z,2026-08-07T11:16:48Z,2026-08-07T10:49:05Z,62.6
marc,11705,Train517,2026-08-07,11958,UNION STATION MARC Washington,NA,NA,2026-08-07T12:19:00Z,2026-08-07T12:19:43Z,2026-08-07T10:49:05Z,62.6
amtrak,NER,66,2026-08-07,BAL,Baltimore Penn Station,2026-08-07T02:51:00Z,2026-08-07T02:51:00Z,2026-08-07T02:49:00Z,2026-08-07T02:47:00Z,2026-08-07T10:49:05Z,62.6
amtrak,NER,66,2026-08-07,WAS,Washington Union Station,2026-08-07T02:00:00Z,2026-08-07T02:09:00Z,2026-08-07T01:28:00Z,2026-08-07T01:43:00Z,2026-08-07T10:49:05Z,62.6
amtrak,NER,67,2026-08-07,BAL,Baltimore Penn Station,2026-08-07T10:04:00Z,2026-08-07T10:06:00Z,2026-08-07T10:02:00Z,2026-08-07T09:57:00Z,2026-08-07T10:49:05Z,62.6
amtrak,NER,67,2026-08-07,WAS,Washington Union Station,2026-08-07T11:20:00Z,2026-08-07T10:54:00Z,2026-08-07T10:54:00Z,2026-08-07T10:54:00Z,2026-08-07T10:49:05Z,62.6
amtrak,NER,86,2026-08-07,BAL,Baltimore Penn Station,2026-08-07T13:32:00Z,2026-08-07T13:30:00Z,2026-08-07T13:30:00Z,2026-08-07T13:30:00Z,2026-08-07T10:49:05Z,62.6
amtrak,NER,86,2026-08-07,WAS,Washington Union Station,2026-08-07T12:50:00Z,2026-08-07T12:18:00Z,2026-08-07T12:18:00Z,2026-08-07T12:18:00Z,2026-08-07T10:49:05Z,62.6
amtrak,NER,95,2026-08-07,BAL,Baltimore Penn Station,2026-08-07T17:23:00Z,2026-08-07T17:14:00Z,2026-08-07T17:14:00Z,2026-08-07T17:14:00Z,2026-08-07T10:49:05Z,62.6
amtrak,NER,95,2026-08-07,WAS,Washington Union Station,2026-08-07T18:35:00Z,2026-08-07T18:05:00Z,2026-08-07T18:05:00Z,2026-08-07T18:05:00Z,2026-08-07T10:49:05Z,62.6
amtrak,NER,111,2026-08-07,BAL,Baltimore Penn Station,2026-08-07T11:36:00Z,2026-08-07T11:34:00Z,2026-08-07T11:34:00Z,2026-08-07T11:34:00Z,2026-08-07T10:49:05Z,62.6
amtrak,NER,111,2026-08-07,WAS,Washington Union Station,2026-08-07T12:22:00Z,2026-08-07T12:19:00Z,2026-08-07T12:22:00Z,2026-08-07T12:19:00Z,2026-08-07T10:49:05Z,62.6
amtrak,NER,112,2026-08-07,BAL,Baltimore Penn Station,2026-08-07T12:22:00Z,2026-08-07T12:22:00Z,2026-08-07T12:20:00Z,2026-08-07T12:20:00Z,2026-08-07T10:49:05Z,62.6
amtrak,NER,112,2026-08-07,WAS,Washington Union Station,2026-08-07T11:40:00Z,2026-08-07T11:40:00Z,2026-08-07T11:40:00Z,2026-08-07T11:40:00Z,2026-08-07T10:49:05Z,62.6
amtrak,NER,113,2026-08-07,BAL,Baltimore Penn Station,2026-08-07T13:07:00Z,NA,2026-08-07T13:05:00Z,NA,2026-08-07T10:49:05Z,62.6
amtrak,NER,113,2026-08-07,WAS,Washington Union Station,2026-08-07T13:53:00Z,NA,2026-08-07T13:53:00Z,NA,2026-08-07T10:49:05Z,62.6
amtrak,NER,125,2026-08-07,BAL,Baltimore Penn Station,2026-08-07T18:28:00Z,2026-08-07T18:28:00Z,2026-08-07T18:25:00Z,2026-08-07T18:26:00Z,2026-08-07T10:49:05Z,62.6
amtrak,NER,125,2026-08-07,WAS,Washington Union Station,2026-08-07T19:50:00Z,2026-08-07T19:50:00Z,2026-08-07T19:11:00Z,2026-08-07T19:11:00Z,2026-08-07T10:49:05Z,62.6
amtrak,NER,130,2026-08-07,BAL,Baltimore Penn Station,2026-08-07T11:05:00Z,2026-08-07T10:58:00Z,2026-08-07T11:03:00Z,2026-08-07T10:58:00Z,2026-08-07T10:49:05Z,62.6
amtrak,NER,130,2026-08-07,WAS,Washington Union Station,2026-08-07T10:20:00Z,2026-08-07T10:20:00Z,2026-08-07T10:20:00Z,2026-08-07T10:20:00Z,2026-08-07T10:49:05Z,62.6
amtrak,NER,141,2026-08-07,BAL,Baltimore Penn Station,2026-08-07T15:00:00Z,2026-08-07T14:58:00Z,2026-08-07T14:58:00Z,2026-08-07T14:58:00Z,2026-08-07T10:49:05Z,62.6
amtrak,NER,141,2026-08-07,WAS,Washington Union Station,2026-08-07T15:41:00Z,2026-08-07T15:40:00Z,2026-08-07T15:41:00Z,2026-08-07T15:40:00Z,2026-08-07T10:49:05Z,62.6
amtrak,NER,151,2026-08-07,BAL,Baltimore Penn Station,2026-08-07T10:10:00Z,2026-08-07T10:12:00Z,2026-08-07T10:08:00Z,2026-08-07T10:10:00Z,2026-08-07T10:49:05Z,62.6
amtrak,NER,151,2026-08-07,WAS,Washington Union Station,2026-08-07T11:30:00Z,2026-08-07T10:58:00Z,2026-08-07T10:58:00Z,2026-08-07T10:58:00Z,2026-08-07T10:49:05Z,62.6
amtrak,NER,170,2026-08-07,BAL,Baltimore Penn Station,2026-08-07T09:44:00Z,2026-08-07T09:44:00Z,2026-08-07T09:42:00Z,2026-08-07T09:42:00Z,2026-08-07T10:49:05Z,62.6
amtrak,NER,170,2026-08-07,WAS,Washington Union Station,2026-08-07T09:05:00Z,2026-08-07T09:05:00Z,2026-08-07T09:05:00Z,2026-08-07T09:05:00Z,2026-08-07T10:49:05Z,62.6
amtrak,NER,172,2026-08-07,BAL,Baltimore Penn Station,2026-08-07T11:50:00Z,2026-08-07T11:50:00Z,2026-08-07T11:48:00Z,2026-08-07T11:48:00Z,2026-08-07T10:49:05Z,62.6
amtrak,NER,172,2026-08-07,WAS,Washington Union Station,2026-08-07T11:06:00Z,2026-08-07T11:06:00Z,2026-08-07T11:06:00Z,2026-08-07T11:06:00Z,2026-08-07T10:49:05Z,62.6
amtrak,NER,181,2026-08-07,BAL,Baltimore Penn Station,2026-08-07T12:22:00Z,2026-08-07T12:19:00Z,2026-08-07T12:19:00Z,2026-08-07T12:19:00Z,2026-08-07T10:49:05Z,62.6
amtrak,NER,181,2026-08-07,WAS,Washington Union Station,2026-08-07T13:02:00Z,2026-08-07T12:55:00Z,2026-08-07T13:02:00Z,2026-08-07T12:55:00Z,2026-08-07T10:49:05Z,62.6
amtrak,NER,183,2026-08-07,BAL,Baltimore Penn Station,2026-08-07T14:20:00Z,2026-08-07T14:20:00Z,2026-08-07T14:17:00Z,2026-08-07T14:17:00Z,2026-08-07T10:49:05Z,62.6
amtrak,NER,183,2026-08-07,WAS,Washington Union Station,2026-08-07T15:04:00Z,2026-08-07T15:04:00Z,2026-08-07T15:04:00Z,2026-08-07T15:00:00Z,2026-08-07T10:49:05Z,62.6
marc,11705,Train404,2026-08-07,11958,UNION STATION MARC Washington,2026-08-07T10:40:00Z,2026-08-07T10:41:38Z,NA,NA,2026-08-07T11:33:06Z,69.7
marc,11705,Train404,2026-08-07,12002,PENN STATION MARC nb,NA,NA,2026-08-07T11:36:00Z,2026-08-07T11:31:43Z,2026-08-07T11:33:06Z,69.7
marc,11705,Train408,2026-08-07,11958,UNION STATION MARC Washington,2026-08-07T11:00:00Z,2026-08-07T11:01:39Z,NA,NA,2026-08-07T11:33:06Z,69.7
marc,11705,Train408,2026-08-07,12002,PENN STATION MARC nb,NA,NA,2026-08-07T11:44:00Z,2026-08-07T11:38:07Z,2026-08-07T11:33:06Z,69.7
marc,11705,Train409,2026-08-07,11980,PENN STATION MARC sb,2026-08-07T10:20:00Z,2026-08-07T10:24:05Z,NA,NA,2026-08-07T11:33:06Z,69.7
marc,11705,Train409,2026-08-07,11958,UNION STATION MARC Washington,NA,NA,2026-08-07T11:28:00Z,2026-08-07T11:33:15Z,2026-08-07T11:33:06Z,69.7
marc,11705,Train410,2026-08-07,11958,UNION STATION MARC Washington,2026-08-07T11:15:00Z,2026-08-07T11:16:42Z,NA,NA,2026-08-07T11:33:06Z,69.7
marc,11705,Train410,2026-08-07,12002,PENN STATION MARC nb,NA,NA,2026-08-07T12:17:00Z,2026-08-07T12:18:52Z,2026-08-07T11:33:06Z,69.7
marc,11705,Train413,2026-08-07,11980,PENN STATION MARC sb,2026-08-07T10:40:00Z,2026-08-07T10:42:19Z,NA,NA,2026-08-07T11:33:06Z,69.7
marc,11705,Train413,2026-08-07,11958,UNION STATION MARC Washington,NA,NA,2026-08-07T11:43:00Z,2026-08-07T11:44:14Z,2026-08-07T11:33:06Z,69.7
marc,11705,Train415,2026-08-07,11980,PENN STATION MARC sb,2026-08-07T11:00:00Z,2026-08-07T11:03:11Z,NA,NA,2026-08-07T11:33:06Z,69.7
marc,11705,Train415,2026-08-07,11958,UNION STATION MARC Washington,NA,NA,2026-08-07T12:02:00Z,2026-08-07T12:05:01Z,2026-08-07T11:33:06Z,69.7
marc,11705,Train502,2026-08-07,11958,UNION STATION MARC Washington,2026-08-07T10:12:00Z,2026-08-07T10:13:47Z,NA,NA,2026-08-07T11:33:06Z,69.7
marc,11705,Train502,2026-08-07,12002,PENN STATION MARC nb,2026-08-07T11:26:00Z,2026-08-07T11:24:52Z,2026-08-07T11:24:00Z,2026-08-07T11:11:43Z,2026-08-07T11:33:06Z,69.7
marc,11705,Train517,2026-08-07,11980,PENN STATION MARC sb,2026-08-07T11:20:00Z,2026-08-07T11:22:03Z,2026-08-07T11:16:05Z,2026-08-07T11:14:18Z,2026-08-07T11:33:06Z,69.7
marc,11705,Train517,2026-08-07,11958,UNION STATION MARC Washington,NA,NA,2026-08-07T12:19:00Z,2026-08-07T12:23:34Z,2026-08-07T11:33:06Z,69.7
amtrak,NER,66,2026-08-07,BAL,Baltimore Penn Station,2026-08-07T02:51:00Z,2026-08-07T02:51:00Z,2026-08-07T02:49:00Z,2026-08-07T02:47:00Z,2026-08-07T11:33:06Z,69.7
amtrak,NER,66,2026-08-07,WAS,Washington Union Station,2026-08-07T02:00:00Z,2026-08-07T02:09:00Z,2026-08-07T01:28:00Z,2026-08-07T01:43:00Z,2026-08-07T11:33:06Z,69.7
amtrak,NER,67,2026-08-07,BAL,Baltimore Penn Station,2026-08-07T10:04:00Z,2026-08-07T10:06:00Z,2026-08-07T10:02:00Z,2026-08-07T09:57:00Z,2026-08-07T11:33:06Z,69.7
amtrak,NER,67,2026-08-07,WAS,Washington Union Station,2026-08-07T11:20:00Z,2026-08-07T11:23:00Z,2026-08-07T10:54:00Z,2026-08-07T10:57:00Z,2026-08-07T11:33:06Z,69.7
amtrak,NER,86,2026-08-07,BAL,Baltimore Penn Station,2026-08-07T13:32:00Z,2026-08-07T13:30:00Z,2026-08-07T13:30:00Z,2026-08-07T13:30:00Z,2026-08-07T11:33:06Z,69.7
amtrak,NER,86,2026-08-07,WAS,Washington Union Station,2026-08-07T12:50:00Z,2026-08-07T12:18:00Z,2026-08-07T12:18:00Z,2026-08-07T12:18:00Z,2026-08-07T11:33:06Z,69.7
amtrak,NER,95,2026-08-07,BAL,Baltimore Penn Station,2026-08-07T17:23:00Z,2026-08-07T17:14:00Z,2026-08-07T17:14:00Z,2026-08-07T17:14:00Z,2026-08-07T11:33:06Z,69.7
amtrak,NER,95,2026-08-07,WAS,Washington Union Station,2026-08-07T18:35:00Z,2026-08-07T18:05:00Z,2026-08-07T18:05:00Z,2026-08-07T18:05:00Z,2026-08-07T11:33:06Z,69.7
amtrak,NER,111,2026-08-07,BAL,Baltimore Penn Station,2026-08-07T11:36:00Z,2026-08-07T11:37:00Z,2026-08-07T11:34:00Z,2026-08-07T11:37:00Z,2026-08-07T11:33:06Z,69.7
amtrak,NER,111,2026-08-07,WAS,Washington Union Station,2026-08-07T12:22:00Z,2026-08-07T12:19:00Z,2026-08-07T12:22:00Z,2026-08-07T12:19:00Z,2026-08-07T11:33:06Z,69.7
amtrak,NER,112,2026-08-07,BAL,Baltimore Penn Station,2026-08-07T12:22:00Z,2026-08-07T12:22:00Z,2026-08-07T12:20:00Z,2026-08-07T12:20:00Z,2026-08-07T11:33:06Z,69.7
amtrak,NER,112,2026-08-07,WAS,Washington Union Station,2026-08-07T11:40:00Z,2026-08-07T11:40:00Z,2026-08-07T11:40:00Z,2026-08-07T11:40:00Z,2026-08-07T11:33:06Z,69.7
amtrak,NER,113,2026-08-07,BAL,Baltimore Penn Station,2026-08-07T13:07:00Z,NA,2026-08-07T13:05:00Z,NA,2026-08-07T11:33:06Z,69.7
amtrak,NER,113,2026-08-07,WAS,Washington Union Station,2026-08-07T13:53:00Z,NA,2026-08-07T13:53:00Z,NA,2026-08-07T11:33:06Z,69.7
amtrak,NER,125,2026-08-07,BAL,Baltimore Penn Station,2026-08-07T18:28:00Z,2026-08-07T18:26:00Z,2026-08-07T18:25:00Z,2026-08-07T18:26:00Z,2026-08-07T11:33:06Z,69.7
amtrak,NER,125,2026-08-07,WAS,Washington Union Station,2026-08-07T19:50:00Z,2026-08-07T19:11:00Z,2026-08-07T19:11:00Z,2026-08-07T19:11:00Z,2026-08-07T11:33:06Z,69.7
amtrak,NER,130,2026-08-07,BAL,Baltimore Penn Station,2026-08-07T11:05:00Z,2026-08-07T11:05:00Z,2026-08-07T11:03:00Z,2026-08-07T10:56:00Z,2026-08-07T11:33:06Z,69.7
amtrak,NER,130,2026-08-07,WAS,Washington Union Station,2026-08-07T10:20:00Z,2026-08-07T10:20:00Z,2026-08-07T10:20:00Z,2026-08-07T10:20:00Z,2026-08-07T11:33:06Z,69.7
amtrak,NER,141,2026-08-07,BAL,Baltimore Penn Station,2026-08-07T15:00:00Z,2026-08-07T14:58:00Z,2026-08-07T14:58:00Z,2026-08-07T14:58:00Z,2026-08-07T11:33:06Z,69.7
amtrak,NER,141,2026-08-07,WAS,Washington Union Station,2026-08-07T15:41:00Z,2026-08-07T15:40:00Z,2026-08-07T15:41:00Z,2026-08-07T15:40:00Z,2026-08-07T11:33:06Z,69.7
amtrak,NER,151,2026-08-07,BAL,Baltimore Penn Station,2026-08-07T10:10:00Z,2026-08-07T10:12:00Z,2026-08-07T10:08:00Z,2026-08-07T10:10:00Z,2026-08-07T11:33:06Z,69.7
amtrak,NER,151,2026-08-07,WAS,Washington Union Station,2026-08-07T11:30:00Z,2026-08-07T11:30:00Z,2026-08-07T10:58:00Z,2026-08-07T10:58:00Z,2026-08-07T11:33:06Z,69.7
amtrak,NER,170,2026-08-07,BAL,Baltimore Penn Station,2026-08-07T09:44:00Z,2026-08-07T09:44:00Z,2026-08-07T09:42:00Z,2026-08-07T09:42:00Z,2026-08-07T11:33:06Z,69.7
amtrak,NER,170,2026-08-07,WAS,Washington Union Station,2026-08-07T09:05:00Z,2026-08-07T09:05:00Z,2026-08-07T09:05:00Z,2026-08-07T09:05:00Z,2026-08-07T11:33:06Z,69.7
amtrak,NER,171,2026-08-07,BAL,Baltimore Penn Station,2026-08-07T19:33:00Z,2026-08-07T19:33:00Z,2026-08-07T19:30:00Z,2026-08-07T19:30:00Z,2026-08-07T11:33:06Z,69.7
amtrak,NER,171,2026-08-07,WAS,Washington Union Station,2026-08-07T21:00:00Z,2026-08-07T21:00:00Z,2026-08-07T20:25:00Z,2026-08-07T20:25:00Z,2026-08-07T11:33:06Z,69.7
amtrak,NER,172,2026-08-07,BAL,Baltimore Penn Station,2026-08-07T11:50:00Z,2026-08-07T11:48:00Z,2026-08-07T11:48:00Z,2026-08-07T11:48:00Z,2026-08-07T11:33:06Z,69.7
amtrak,NER,172,2026-08-07,WAS,Washington Union Station,2026-08-07T11:06:00Z,2026-08-07T11:06:00Z,2026-08-07T11:06:00Z,2026-08-07T11:06:00Z,2026-08-07T11:33:06Z,69.7
amtrak,NER,181,2026-08-07,BAL,Baltimore Penn Station,2026-08-07T12:22:00Z,2026-08-07T12:36:00Z,2026-08-07T12:19:00Z,2026-08-07T12:36:00Z,2026-08-07T11:33:06Z,69.7
amtrak,NER,181,2026-08-07,WAS,Washington Union Station,2026-08-07T13:02:00Z,2026-08-07T13:11:00Z,2026-08-07T13:02:00Z,2026-08-07T13:11:00Z,2026-08-07T11:33:06Z,69.7
amtrak,NER,183,2026-08-07,BAL,Baltimore Penn Station,2026-08-07T14:20:00Z,2026-08-07T14:17:00Z,2026-08-07T14:17:00Z,2026-08-07T14:17:00Z,2026-08-07T11:33:06Z,69.7
amtrak,NER,183,2026-08-07,WAS,Washington Union Station,2026-08-07T15:04:00Z,2026-08-07T15:00:00Z,2026-08-07T15:04:00Z,2026-08-07T15:00:00Z,2026-08-07T11:33:06Z,69.7
marc,11705,Train404,2026-08-07,11958,UNION STATION MARC Washington,2026-08-07T10:40:00Z,2026-08-07T10:41:38Z,NA,NA,2026-08-07T11:36:07Z,68.4
marc,11705,Train404,2026-08-07,12002,PENN STATION MARC nb,NA,NA,2026-08-07T11:36:00Z,2026-08-07T11:31:43Z,2026-08-07T11:36:07Z,68.4
marc,11705,Train408,2026-08-07,11958,UNION STATION MARC Washington,2026-08-07T11:00:00Z,2026-08-07T11:01:39Z,NA,NA,2026-08-07T11:36:07Z,68.4
marc,11705,Train408,2026-08-07,12002,PENN STATION MARC nb,NA,NA,2026-08-07T11:44:00Z,2026-08-07T11:39:04Z,2026-08-07T11:36:07Z,68.4
marc,11705,Train410,2026-08-07,11958,UNION STATION MARC Washington,2026-08-07T11:15:00Z,2026-08-07T11:16:42Z,NA,NA,2026-08-07T11:36:07Z,68.4
marc,11705,Train410,2026-08-07,12002,PENN STATION MARC nb,NA,NA,2026-08-07T12:17:00Z,2026-08-07T12:20:21Z,2026-08-07T11:36:07Z,68.4
marc,11705,Train413,2026-08-07,11980,PENN STATION MARC sb,2026-08-07T10:40:00Z,2026-08-07T10:42:19Z,NA,NA,2026-08-07T11:36:07Z,68.4
marc,11705,Train413,2026-08-07,11958,UNION STATION MARC Washington,NA,NA,2026-08-07T11:43:00Z,2026-08-07T11:45:32Z,2026-08-07T11:36:07Z,68.4
marc,11705,Train415,2026-08-07,11980,PENN STATION MARC sb,2026-08-07T11:00:00Z,2026-08-07T11:03:11Z,NA,NA,2026-08-07T11:36:07Z,68.4
marc,11705,Train415,2026-08-07,11958,UNION STATION MARC Washington,NA,NA,2026-08-07T12:02:00Z,2026-08-07T12:06:41Z,2026-08-07T11:36:07Z,68.4
marc,11705,Train502,2026-08-07,11958,UNION STATION MARC Washington,2026-08-07T10:12:00Z,2026-08-07T10:13:47Z,NA,NA,2026-08-07T11:36:07Z,68.4
marc,11705,Train502,2026-08-07,12002,PENN STATION MARC nb,2026-08-07T11:26:00Z,2026-08-07T11:24:52Z,2026-08-07T11:24:00Z,2026-08-07T11:11:43Z,2026-08-07T11:36:07Z,68.4
marc,11705,Train517,2026-08-07,11980,PENN STATION MARC sb,2026-08-07T11:20:00Z,2026-08-07T11:22:03Z,2026-08-07T11:16:05Z,2026-08-07T11:14:18Z,2026-08-07T11:36:07Z,68.4
marc,11705,Train517,2026-08-07,11958,UNION STATION MARC Washington,NA,NA,2026-08-07T12:19:00Z,2026-08-07T12:21:43Z,2026-08-07T11:36:07Z,68.4
amtrak,NER,66,2026-08-07,BAL,Baltimore Penn Station,2026-08-07T02:51:00Z,2026-08-07T02:51:00Z,2026-08-07T02:49:00Z,2026-08-07T02:47:00Z,2026-08-07T11:36:07Z,68.4
amtrak,NER,66,2026-08-07,WAS,Washington Union Station,2026-08-07T02:00:00Z,2026-08-07T02:09:00Z,2026-08-07T01:28:00Z,2026-08-07T01:43:00Z,2026-08-07T11:36:07Z,68.4
amtrak,NER,67,2026-08-07,BAL,Baltimore Penn Station,2026-08-07T10:04:00Z,2026-08-07T10:06:00Z,2026-08-07T10:02:00Z,2026-08-07T09:57:00Z,2026-08-07T11:36:07Z,68.4
amtrak,NER,67,2026-08-07,WAS,Washington Union Station,2026-08-07T11:20:00Z,2026-08-07T11:23:00Z,2026-08-07T10:54:00Z,2026-08-07T10:57:00Z,2026-08-07T11:36:07Z,68.4
amtrak,NER,86,2026-08-07,BAL,Baltimore Penn Station,2026-08-07T13:32:00Z,2026-08-07T13:30:00Z,2026-08-07T13:30:00Z,2026-08-07T13:30:00Z,2026-08-07T11:36:07Z,68.4
amtrak,NER,86,2026-08-07,WAS,Washington Union Station,2026-08-07T12:50:00Z,2026-08-07T12:18:00Z,2026-08-07T12:18:00Z,2026-08-07T12:18:00Z,2026-08-07T11:36:07Z,68.4
amtrak,NER,95,2026-08-07,BAL,Baltimore Penn Station,2026-08-07T17:23:00Z,2026-08-07T17:14:00Z,2026-08-07T17:14:00Z,2026-08-07T17:14:00Z,2026-08-07T11:36:07Z,68.4
amtrak,NER,95,2026-08-07,WAS,Washington Union Station,2026-08-07T18:35:00Z,2026-08-07T18:05:00Z,2026-08-07T18:05:00Z,2026-08-07T18:05:00Z,2026-08-07T11:36:07Z,68.4
amtrak,NER,111,2026-08-07,BAL,Baltimore Penn Station,2026-08-07T11:36:00Z,2026-08-07T11:37:00Z,2026-08-07T11:34:00Z,2026-08-07T11:37:00Z,2026-08-07T11:36:07Z,68.4
amtrak,NER,111,2026-08-07,WAS,Washington Union Station,2026-08-07T12:22:00Z,2026-08-07T12:19:00Z,2026-08-07T12:22:00Z,2026-08-07T12:19:00Z,2026-08-07T11:36:07Z,68.4
amtrak,NER,112,2026-08-07,BAL,Baltimore Penn Station,2026-08-07T12:22:00Z,2026-08-07T12:22:00Z,2026-08-07T12:20:00Z,2026-08-07T12:20:00Z,2026-08-07T11:36:07Z,68.4
amtrak,NER,112,2026-08-07,WAS,Washington Union Station,2026-08-07T11:40:00Z,2026-08-07T11:40:00Z,2026-08-07T11:40:00Z,2026-08-07T11:40:00Z,2026-08-07T11:36:07Z,68.4
amtrak,NER,113,2026-08-07,BAL,Baltimore Penn Station,2026-08-07T13:07:00Z,NA,2026-08-07T13:05:00Z,NA,2026-08-07T11:36:07Z,68.4
amtrak,NER,113,2026-08-07,WAS,Washington Union Station,2026-08-07T13:53:00Z,NA,2026-08-07T13:53:00Z,NA,2026-08-07T11:36:07Z,68.4
amtrak,NER,125,2026-08-07,BAL,Baltimore Penn Station,2026-08-07T18:28:00Z,2026-08-07T18:26:00Z,2026-08-07T18:25:00Z,2026-08-07T18:26:00Z,2026-08-07T11:36:07Z,68.4
amtrak,NER,125,2026-08-07,WAS,Washington Union Station,2026-08-07T19:50:00Z,2026-08-07T19:11:00Z,2026-08-07T19:11:00Z,2026-08-07T19:11:00Z,2026-08-07T11:36:07Z,68.4
amtrak,NER,130,2026-08-07,BAL,Baltimore Penn Station,2026-08-07T11:05:00Z,2026-08-07T11:05:00Z,2026-08-07T11:03:00Z,2026-08-07T10:56:00Z,2026-08-07T11:36:07Z,68.4
amtrak,NER,130,2026-08-07,WAS,Washington Union Station,2026-08-07T10:20:00Z,2026-08-07T10:20:00Z,2026-08-07T10:20:00Z,2026-08-07T10:20:00Z,2026-08-07T11:36:07Z,68.4
amtrak,NER,141,2026-08-07,BAL,Baltimore Penn Station,2026-08-07T15:00:00Z,2026-08-07T14:58:00Z,2026-08-07T14:58:00Z,2026-08-07T14:58:00Z,2026-08-07T11:36:07Z,68.4
amtrak,NER,141,2026-08-07,WAS,Washington Union Station,2026-08-07T15:41:00Z,2026-08-07T15:40:00Z,2026-08-07T15:41:00Z,2026-08-07T15:40:00Z,2026-08-07T11:36:07Z,68.4
amtrak,NER,151,2026-08-07,BAL,Baltimore Penn Station,2026-08-07T10:10:00Z,2026-08-07T10:12:00Z,2026-08-07T10:08:00Z,2026-08-07T10:10:00Z,2026-08-07T11:36:07Z,68.4
amtrak,NER,151,2026-08-07,WAS,Washington Union Station,2026-08-07T11:30:00Z,2026-08-07T11:30:00Z,2026-08-07T10:58:00Z,2026-08-07T10:58:00Z,2026-08-07T11:36:07Z,68.4
amtrak,NER,170,2026-08-07,BAL,Baltimore Penn Station,2026-08-07T09:44:00Z,2026-08-07T09:44:00Z,2026-08-07T09:42:00Z,2026-08-07T09:42:00Z,2026-08-07T11:36:07Z,68.4
amtrak,NER,170,2026-08-07,WAS,Washington Union Station,2026-08-07T09:05:00Z,2026-08-07T09:05:00Z,2026-08-07T09:05:00Z,2026-08-07T09:05:00Z,2026-08-07T11:36:07Z,68.4
amtrak,NER,171,2026-08-07,BAL,Baltimore Penn Station,2026-08-07T19:33:00Z,2026-08-07T19:33:00Z,2026-08-07T19:30:00Z,2026-08-07T19:30:00Z,2026-08-07T11:36:07Z,68.4
amtrak,NER,171,2026-08-07,WAS,Washington Union Station,2026-08-07T21:00:00Z,2026-08-07T21:00:00Z,2026-08-07T20:25:00Z,2026-08-07T20:25:00Z,2026-08-07T11:36:07Z,68.4
amtrak,NER,172,2026-08-07,BAL,Baltimore Penn Station,2026-08-07T11:50:00Z,2026-08-07T11:48:00Z,2026-08-07T11:48:00Z,2026-08-07T11:48:00Z,2026-08-07T11:36:07Z,68.4
amtrak,NER,172,2026-08-07,WAS,Washington Union Station,2026-08-07T11:06:00Z,2026-08-07T11:06:00Z,2026-08-07T11:06:00Z,2026-08-07T11:06:00Z,2026-08-07T11:36:07Z,68.4
amtrak,NER,181,2026-08-07,BAL,Baltimore Penn Station,2026-08-07T12:22:00Z,2026-08-07T12:36:00Z,2026-08-07T12:19:00Z,2026-08-07T12:36:00Z,2026-08-07T11:36:07Z,68.4
amtrak,NER,181,2026-08-07,WAS,Washington Union Station,2026-08-07T13:02:00Z,2026-08-07T13:08:00Z,2026-08-07T13:02:00Z,2026-08-07T13:08:00Z,2026-08-07T11:36:07Z,68.4
amtrak,NER,183,2026-08-07,BAL,Baltimore Penn Station,2026-08-07T14:20:00Z,2026-08-07T14:17:00Z,2026-08-07T14:17:00Z,2026-08-07T14:17:00Z,2026-08-07T11:36:07Z,68.4
amtrak,NER,183,2026-08-07,WAS,Washington Union Station,2026-08-07T15:04:00Z,2026-08-07T15:00:00Z,2026-08-07T15:04:00Z,2026-08-07T15:00:00Z,2026-08-07T11:36:07Z,68.4
marc,11705,Train408,2026-08-07,11958,UNION STATION MARC Washington,2026-08-07T11:00:00Z,2026-08-07T11:01:39Z,NA,NA,2026-08-07T11:39:09Z,69.9
marc,11705,Train408,2026-08-07,12002,PENN STATION MARC nb,NA,NA,2026-08-07T11:44:00Z,2026-08-07T11:39:04Z,2026-08-07T11:39:09Z,69.9
marc,11705,Train410,2026-08-07,11958,UNION STATION MARC Washington,2026-08-07T11:15:00Z,2026-08-07T11:16:42Z,NA,NA,2026-08-07T11:39:09Z,69.9
marc,11705,Train410,2026-08-07,12002,PENN STATION MARC nb,NA,NA,2026-08-07T12:17:00Z,2026-08-07T12:19:45Z,2026-08-07T11:39:09Z,69.9
marc,11705,Train413,2026-08-07,11980,PENN STATION MARC sb,2026-08-07T10:40:00Z,2026-08-07T10:42:19Z,NA,NA,2026-08-07T11:39:09Z,69.9
marc,11705,Train413,2026-08-07,11958,UNION STATION MARC Washington,NA,NA,2026-08-07T11:43:00Z,2026-08-07T11:44:03Z,2026-08-07T11:39:09Z,69.9
marc,11705,Train415,2026-08-07,11980,PENN STATION MARC sb,2026-08-07T11:00:00Z,2026-08-07T11:03:11Z,NA,NA,2026-08-07T11:39:09Z,69.9
marc,11705,Train415,2026-08-07,11958,UNION STATION MARC Washington,NA,NA,2026-08-07T12:02:00Z,2026-08-07T12:06:35Z,2026-08-07T11:39:09Z,69.9
marc,11705,Train502,2026-08-07,11958,UNION STATION MARC Washington,2026-08-07T10:12:00Z,2026-08-07T10:13:47Z,NA,NA,2026-08-07T11:39:09Z,69.9
marc,11705,Train502,2026-08-07,12002,PENN STATION MARC nb,2026-08-07T11:26:00Z,2026-08-07T11:24:52Z,2026-08-07T11:24:00Z,2026-08-07T11:11:43Z,2026-08-07T11:39:09Z,69.9
marc,11705,Train517,2026-08-07,11980,PENN STATION MARC sb,2026-08-07T11:20:00Z,2026-08-07T11:22:03Z,2026-08-07T11:16:05Z,2026-08-07T11:14:18Z,2026-08-07T11:39:09Z,69.9
marc,11705,Train517,2026-08-07,11958,UNION STATION MARC Washington,NA,NA,2026-08-07T12:19:00Z,2026-08-07T12:21:18Z,2026-08-07T11:39:09Z,69.9
amtrak,NER,66,2026-08-07,BAL,Baltimore Penn Station,2026-08-07T02:51:00Z,2026-08-07T02:51:00Z,2026-08-07T02:49:00Z,2026-08-07T02:47:00Z,2026-08-07T11:39:09Z,69.9
amtrak,NER,66,2026-08-07,WAS,Washington Union Station,2026-08-07T02:00:00Z,2026-08-07T02:09:00Z,2026-08-07T01:28:00Z,2026-08-07T01:43:00Z,2026-08-07T11:39:09Z,69.9
amtrak,NER,67,2026-08-07,BAL,Baltimore Penn Station,2026-08-07T10:04:00Z,2026-08-07T10:06:00Z,2026-08-07T10:02:00Z,2026-08-07T09:57:00Z,2026-08-07T11:39:09Z,69.9
amtrak,NER,67,2026-08-07,WAS,Washington Union Station,2026-08-07T11:20:00Z,2026-08-07T11:23:00Z,2026-08-07T10:54:00Z,2026-08-07T10:57:00Z,2026-08-07T11:39:09Z,69.9
amtrak,NER,86,2026-08-07,BAL,Baltimore Penn Station,2026-08-07T13:32:00Z,2026-08-07T13:30:00Z,2026-08-07T13:30:00Z,2026-08-07T13:30:00Z,2026-08-07T11:39:09Z,69.9
amtrak,NER,86,2026-08-07,WAS,Washington Union Station,2026-08-07T12:50:00Z,2026-08-07T12:18:00Z,2026-08-07T12:18:00Z,2026-08-07T12:18:00Z,2026-08-07T11:39:09Z,69.9
amtrak,NER,95,2026-08-07,BAL,Baltimore Penn Station,2026-08-07T17:23:00Z,2026-08-07T17:14:00Z,2026-08-07T17:14:00Z,2026-08-07T17:14:00Z,2026-08-07T11:39:09Z,69.9
amtrak,NER,95,2026-08-07,WAS,Washington Union Station,2026-08-07T18:35:00Z,2026-08-07T18:05:00Z,2026-08-07T18:05:00Z,2026-08-07T18:05:00Z,2026-08-07T11:39:09Z,69.9
amtrak,NER,111,2026-08-07,BAL,Baltimore Penn Station,2026-08-07T11:36:00Z,2026-08-07T11:36:00Z,2026-08-07T11:34:00Z,2026-08-07T11:35:00Z,2026-08-07T11:39:09Z,69.9
amtrak,NER,111,2026-08-07,WAS,Washington Union Station,2026-08-07T12:22:00Z,2026-08-07T12:22:00Z,2026-08-07T12:22:00Z,2026-08-07T12:22:00Z,2026-08-07T11:39:09Z,69.9
amtrak,NER,112,2026-08-07,BAL,Baltimore Penn Station,2026-08-07T12:22:00Z,2026-08-07T12:22:00Z,2026-08-07T12:20:00Z,2026-08-07T12:20:00Z,2026-08-07T11:39:09Z,69.9
amtrak,NER,112,2026-08-07,WAS,Washington Union Station,2026-08-07T11:40:00Z,2026-08-07T11:40:00Z,2026-08-07T11:40:00Z,2026-08-07T11:40:00Z,2026-08-07T11:39:09Z,69.9
amtrak,NER,113,2026-08-07,BAL,Baltimore Penn Station,2026-08-07T13:07:00Z,2026-08-07T13:05:00Z,2026-08-07T13:05:00Z,2026-08-07T13:05:00Z,2026-08-07T11:39:09Z,69.9
amtrak,NER,113,2026-08-07,WAS,Washington Union Station,2026-08-07T13:53:00Z,NA,2026-08-07T13:53:00Z,NA,2026-08-07T11:39:09Z,69.9
amtrak,NER,125,2026-08-07,BAL,Baltimore Penn Station,2026-08-07T18:28:00Z,2026-08-07T18:26:00Z,2026-08-07T18:25:00Z,2026-08-07T18:26:00Z,2026-08-07T11:39:09Z,69.9
amtrak,NER,125,2026-08-07,WAS,Washington Union Station,2026-08-07T19:50:00Z,2026-08-07T19:11:00Z,2026-08-07T19:11:00Z,2026-08-07T19:11:00Z,2026-08-07T11:39:09Z,69.9
amtrak,NER,130,2026-08-07,BAL,Baltimore Penn Station,2026-08-07T11:05:00Z,2026-08-07T11:05:00Z,2026-08-07T11:03:00Z,2026-08-07T10:56:00Z,2026-08-07T11:39:09Z,69.9
amtrak,NER,130,2026-08-07,WAS,Washington Union Station,2026-08-07T10:20:00Z,2026-08-07T10:20:00Z,2026-08-07T10:20:00Z,2026-08-07T10:20:00Z,2026-08-07T11:39:09Z,69.9
amtrak,NER,141,2026-08-07,BAL,Baltimore Penn Station,2026-08-07T15:00:00Z,2026-08-07T14:58:00Z,2026-08-07T14:58:00Z,2026-08-07T14:58:00Z,2026-08-07T11:39:09Z,69.9
amtrak,NER,141,2026-08-07,WAS,Washington Union Station,2026-08-07T15:41:00Z,2026-08-07T15:40:00Z,2026-08-07T15:41:00Z,2026-08-07T15:40:00Z,2026-08-07T11:39:09Z,69.9
amtrak,NER,151,2026-08-07,BAL,Baltimore Penn Station,2026-08-07T10:10:00Z,2026-08-07T10:12:00Z,2026-08-07T10:08:00Z,2026-08-07T10:10:00Z,2026-08-07T11:39:09Z,69.9
amtrak,NER,151,2026-08-07,WAS,Washington Union Station,2026-08-07T11:30:00Z,2026-08-07T11:30:00Z,2026-08-07T10:58:00Z,2026-08-07T10:58:00Z,2026-08-07T11:39:09Z,69.9
amtrak,NER,170,2026-08-07,BAL,Baltimore Penn Station,2026-08-07T09:44:00Z,2026-08-07T09:44:00Z,2026-08-07T09:42:00Z,2026-08-07T09:42:00Z,2026-08-07T11:39:09Z,69.9
amtrak,NER,170,2026-08-07,WAS,Washington Union Station,2026-08-07T09:05:00Z,2026-08-07T09:05:00Z,2026-08-07T09:05:00Z,2026-08-07T09:05:00Z,2026-08-07T11:39:09Z,69.9
amtrak,NER,171,2026-08-07,BAL,Baltimore Penn Station,2026-08-07T19:33:00Z,2026-08-07T19:33:00Z,2026-08-07T19:30:00Z,2026-08-07T19:30:00Z,2026-08-07T11:39:09Z,69.9
amtrak,NER,171,2026-08-07,WAS,Washington Union Station,2026-08-07T21:00:00Z,2026-08-07T21:00:00Z,2026-08-07T20:25:00Z,2026-08-07T20:25:00Z,2026-08-07T11:39:09Z,69.9
amtrak,NER,172,2026-08-07,BAL,Baltimore Penn Station,2026-08-07T11:50:00Z,2026-08-07T11:48:00Z,2026-08-07T11:48:00Z,2026-08-07T11:48:00Z,2026-08-07T11:39:09Z,69.9
amtrak,NER,172,2026-08-07,WAS,Washington Union Station,2026-08-07T11:06:00Z,2026-08-07T11:06:00Z,2026-08-07T11:06:00Z,2026-08-07T11:06:00Z,2026-08-07T11:39:09Z,69.9
amtrak,NER,181,2026-08-07,BAL,Baltimore Penn Station,2026-08-07T12:22:00Z,2026-08-07T12:36:00Z,2026-08-07T12:19:00Z,2026-08-07T12:36:00Z,2026-08-07T11:39:09Z,69.9
amtrak,NER,181,2026-08-07,WAS,Washington Union Station,2026-08-07T13:02:00Z,2026-08-07T13:08:00Z,2026-08-07T13:02:00Z,2026-08-07T13:08:00Z,2026-08-07T11:39:09Z,69.9
amtrak,NER,183,2026-08-07,BAL,Baltimore Penn Station,2026-08-07T14:20:00Z,2026-08-07T14:17:00Z,2026-08-07T14:17:00Z,2026-08-07T14:17:00Z,2026-08-07T11:39:09Z,69.9
amtrak,NER,183,2026-08-07,WAS,Washington Union Station,2026-08-07T15:04:00Z,2026-08-07T15:00:00Z,2026-08-07T15:04:00Z,2026-08-07T15:00:00Z,2026-08-07T11:39:09Z,69.9
marc,11705,Train419,2026-08-07,11980,PENN STATION MARC sb,2026-08-07T11:50:00Z,2026-08-07T11:56:04Z,NA,NA,2026-08-07T12:25:45Z,64.7
marc,11705,Train419,2026-08-07,11958,UNION STATION MARC Washington,NA,NA,2026-08-07T12:53:00Z,2026-08-07T12:57:59Z,2026-08-07T12:25:45Z,64.7
marc,11705,Train610,2026-08-07,11958,UNION STATION MARC Washington,2026-08-07T11:50:00Z,2026-08-07T11:53:26Z,NA,NA,2026-08-07T12:25:45Z,64.7
marc,11705,Train610,2026-08-07,12002,PENN STATION MARC nb,2026-08-07T12:46:00Z,2026-08-07T12:46:00Z,2026-08-07T12:40:15Z,2026-08-07T12:38:13Z,2026-08-07T12:25:45Z,64.7
marc,11705,Train612,2026-08-07,11958,UNION STATION MARC Washington,2026-08-07T12:20:00Z,2026-08-07T12:23:58Z,NA,NA,2026-08-07T12:25:45Z,64.7
marc,11705,Train612,2026-08-07,12002,PENN STATION MARC nb,2026-08-07T13:20:00Z,2026-08-07T13:24:23Z,2026-08-07T13:17:00Z,2026-08-07T13:21:23Z,2026-08-07T12:25:45Z,64.7
amtrak,NER,66,2026-08-07,BAL,Baltimore Penn Station,2026-08-07T02:51:00Z,2026-08-07T02:51:00Z,2026-08-07T02:49:00Z,2026-08-07T02:47:00Z,2026-08-07T12:25:45Z,64.7
amtrak,NER,66,2026-08-07,WAS,Washington Union Station,2026-08-07T02:00:00Z,2026-08-07T02:09:00Z,2026-08-07T01:28:00Z,2026-08-07T01:43:00Z,2026-08-07T12:25:45Z,64.7
amtrak,NER,67,2026-08-07,BAL,Baltimore Penn Station,2026-08-07T10:04:00Z,2026-08-07T10:06:00Z,2026-08-07T10:02:00Z,2026-08-07T09:57:00Z,2026-08-07T12:25:45Z,64.7
amtrak,NER,67,2026-08-07,WAS,Washington Union Station,2026-08-07T11:20:00Z,2026-08-07T11:23:00Z,2026-08-07T10:54:00Z,2026-08-07T10:57:00Z,2026-08-07T12:25:45Z,64.7
amtrak,NER,86,2026-08-07,BAL,Baltimore Penn Station,2026-08-07T13:32:00Z,2026-08-07T13:30:00Z,2026-08-07T13:30:00Z,2026-08-07T13:30:00Z,2026-08-07T12:25:45Z,64.7
amtrak,NER,86,2026-08-07,WAS,Washington Union Station,2026-08-07T12:50:00Z,2026-08-07T12:32:00Z,2026-08-07T12:18:00Z,2026-08-07T12:32:00Z,2026-08-07T12:25:45Z,64.7
amtrak,NER,93,2026-08-07,BAL,Baltimore Penn Station,2026-08-07T20:39:00Z,2026-08-07T20:39:00Z,2026-08-07T20:37:00Z,2026-08-07T20:37:00Z,2026-08-07T12:25:45Z,64.7
amtrak,NER,93,2026-08-07,WAS,Washington Union Station,2026-08-07T22:05:00Z,2026-08-07T22:05:00Z,2026-08-07T21:25:00Z,2026-08-07T21:25:00Z,2026-08-07T12:25:45Z,64.7
amtrak,NER,94,2026-08-07,BAL,Baltimore Penn Station,2026-08-07T18:43:00Z,2026-08-07T18:43:00Z,2026-08-07T18:41:00Z,2026-08-07T18:41:00Z,2026-08-07T12:25:45Z,64.7
amtrak,NER,94,2026-08-07,WAS,Washington Union Station,2026-08-07T18:00:00Z,2026-08-07T18:00:00Z,2026-08-07T17:23:00Z,2026-08-07T17:23:00Z,2026-08-07T12:25:45Z,64.7
amtrak,NER,95,2026-08-07,BAL,Baltimore Penn Station,2026-08-07T17:23:00Z,2026-08-07T17:14:00Z,2026-08-07T17:14:00Z,2026-08-07T17:14:00Z,2026-08-07T12:25:45Z,64.7
amtrak,NER,95,2026-08-07,WAS,Washington Union Station,2026-08-07T18:35:00Z,2026-08-07T18:05:00Z,2026-08-07T18:05:00Z,2026-08-07T18:05:00Z,2026-08-07T12:25:45Z,64.7
amtrak,NER,111,2026-08-07,BAL,Baltimore Penn Station,2026-08-07T11:36:00Z,2026-08-07T11:40:00Z,2026-08-07T11:34:00Z,2026-08-07T11:35:00Z,2026-08-07T12:25:45Z,64.7
amtrak,NER,111,2026-08-07,WAS,Washington Union Station,2026-08-07T12:22:00Z,2026-08-07T12:22:00Z,2026-08-07T12:22:00Z,2026-08-07T12:22:00Z,2026-08-07T12:25:45Z,64.7
amtrak,NER,112,2026-08-07,BAL,Baltimore Penn Station,2026-08-07T12:22:00Z,2026-08-07T12:25:00Z,2026-08-07T12:20:00Z,2026-08-07T12:23:00Z,2026-08-07T12:25:45Z,64.7
amtrak,NER,112,2026-08-07,WAS,Washington Union Station,2026-08-07T11:40:00Z,2026-08-07T11:42:00Z,2026-08-07T11:40:00Z,2026-08-07T11:42:00Z,2026-08-07T12:25:45Z,64.7
amtrak,NER,113,2026-08-07,BAL,Baltimore Penn Station,2026-08-07T13:07:00Z,2026-08-07T13:05:00Z,2026-08-07T13:05:00Z,2026-08-07T13:05:00Z,2026-08-07T12:25:45Z,64.7
amtrak,NER,113,2026-08-07,WAS,Washington Union Station,2026-08-07T13:53:00Z,NA,2026-08-07T13:53:00Z,NA,2026-08-07T12:25:45Z,64.7
amtrak,NER,125,2026-08-07,BAL,Baltimore Penn Station,2026-08-07T18:28:00Z,2026-08-07T18:26:00Z,2026-08-07T18:25:00Z,2026-08-07T18:26:00Z,2026-08-07T12:25:45Z,64.7
amtrak,NER,125,2026-08-07,WAS,Washington Union Station,2026-08-07T19:50:00Z,2026-08-07T19:11:00Z,2026-08-07T19:11:00Z,2026-08-07T19:11:00Z,2026-08-07T12:25:45Z,64.7
amtrak,NER,130,2026-08-07,BAL,Baltimore Penn Station,2026-08-07T11:05:00Z,2026-08-07T11:05:00Z,2026-08-07T11:03:00Z,2026-08-07T10:56:00Z,2026-08-07T12:25:45Z,64.7
amtrak,NER,130,2026-08-07,WAS,Washington Union Station,2026-08-07T10:20:00Z,2026-08-07T10:20:00Z,2026-08-07T10:20:00Z,2026-08-07T10:20:00Z,2026-08-07T12:25:45Z,64.7
amtrak,NER,141,2026-08-07,BAL,Baltimore Penn Station,2026-08-07T15:00:00Z,2026-08-07T14:58:00Z,2026-08-07T14:58:00Z,2026-08-07T14:58:00Z,2026-08-07T12:25:45Z,64.7
amtrak,NER,141,2026-08-07,WAS,Washington Union Station,2026-08-07T15:41:00Z,2026-08-07T15:40:00Z,2026-08-07T15:41:00Z,2026-08-07T15:40:00Z,2026-08-07T12:25:45Z,64.7
amtrak,NER,151,2026-08-07,BAL,Baltimore Penn Station,2026-08-07T10:10:00Z,2026-08-07T10:12:00Z,2026-08-07T10:08:00Z,2026-08-07T10:10:00Z,2026-08-07T12:25:45Z,64.7
amtrak,NER,151,2026-08-07,WAS,Washington Union Station,2026-08-07T11:30:00Z,2026-08-07T11:39:00Z,2026-08-07T10:58:00Z,2026-08-07T11:00:00Z,2026-08-07T12:25:45Z,64.7
amtrak,NER,170,2026-08-07,BAL,Baltimore Penn Station,2026-08-07T09:44:00Z,2026-08-07T09:44:00Z,2026-08-07T09:42:00Z,2026-08-07T09:42:00Z,2026-08-07T12:25:45Z,64.7
amtrak,NER,170,2026-08-07,WAS,Washington Union Station,2026-08-07T09:05:00Z,2026-08-07T09:05:00Z,2026-08-07T09:05:00Z,2026-08-07T09:05:00Z,2026-08-07T12:25:45Z,64.7
amtrak,NER,171,2026-08-07,BAL,Baltimore Penn Station,2026-08-07T19:33:00Z,2026-08-07T19:30:00Z,2026-08-07T19:30:00Z,2026-08-07T19:30:00Z,2026-08-07T12:25:45Z,64.7
amtrak,NER,171,2026-08-07,WAS,Washington Union Station,2026-08-07T21:00:00Z,2026-08-07T20:25:00Z,2026-08-07T20:25:00Z,2026-08-07T20:25:00Z,2026-08-07T12:25:45Z,64.7
amtrak,NER,172,2026-08-07,BAL,Baltimore Penn Station,2026-08-07T11:50:00Z,2026-08-07T11:56:00Z,2026-08-07T11:48:00Z,2026-08-07T11:52:00Z,2026-08-07T12:25:45Z,64.7
amtrak,NER,172,2026-08-07,WAS,Washington Union Station,2026-08-07T11:06:00Z,2026-08-07T11:06:00Z,2026-08-07T11:06:00Z,2026-08-07T11:06:00Z,2026-08-07T12:25:45Z,64.7
amtrak,NER,181,2026-08-07,BAL,Baltimore Penn Station,2026-08-07T12:22:00Z,2026-08-07T12:39:00Z,2026-08-07T12:19:00Z,2026-08-07T12:39:00Z,2026-08-07T12:25:45Z,64.7
amtrak,NER,181,2026-08-07,WAS,Washington Union Station,2026-08-07T13:02:00Z,2026-08-07T13:11:00Z,2026-08-07T13:02:00Z,2026-08-07T13:11:00Z,2026-08-07T12:25:45Z,64.7
amtrak,NER,183,2026-08-07,BAL,Baltimore Penn Station,2026-08-07T14:20:00Z,2026-08-07T14:17:00Z,2026-08-07T14:17:00Z,2026-08-07T14:17:00Z,2026-08-07T12:25:45Z,64.7
amtrak,NER,183,2026-08-07,WAS,Washington Union Station,2026-08-07T15:04:00Z,2026-08-07T15:00:00Z,2026-08-07T15:04:00Z,2026-08-07T15:00:00Z,2026-08-07T12:25:45Z,64.7
amtrak,NER,185,2026-08-07,BAL,Baltimore Penn Station,2026-08-07T16:07:00Z,2026-08-07T16:07:00Z,2026-08-07T16:05:00Z,2026-08-07T16:05:00Z,2026-08-07T12:25:45Z,64.7
amtrak,NER,185,2026-08-07,WAS,Washington Union Station,2026-08-07T16:52:00Z,2026-08-07T16:52:00Z,2026-08-07T16:52:00Z,2026-08-07T16:47:00Z,2026-08-07T12:25:45Z,64.7
marc,11705,Train419,2026-08-07,11980,PENN STATION MARC sb,2026-08-07T11:50:00Z,2026-08-07T11:56:04Z,NA,NA,2026-08-07T12:28:47Z,64
marc,11705,Train419,2026-08-07,11958,UNION STATION MARC Washington,NA,NA,2026-08-07T12:53:00Z,2026-08-07T12:59:52Z,2026-08-07T12:28:47Z,64
marc,11705,Train610,2026-08-07,11958,UNION STATION MARC Washington,2026-08-07T11:50:00Z,2026-08-07T11:53:26Z,NA,NA,2026-08-07T12:28:47Z,64
marc,11705,Train610,2026-08-07,12002,PENN STATION MARC nb,2026-08-07T12:46:00Z,2026-08-07T12:46:00Z,2026-08-07T12:40:15Z,2026-08-07T12:38:13Z,2026-08-07T12:28:47Z,64
marc,11705,Train612,2026-08-07,11958,UNION STATION MARC Washington,2026-08-07T12:20:00Z,2026-08-07T12:23:58Z,NA,NA,2026-08-07T12:28:47Z,64
marc,11705,Train612,2026-08-07,12002,PENN STATION MARC nb,2026-08-07T13:20:00Z,2026-08-07T13:22:23Z,2026-08-07T13:17:00Z,2026-08-07T13:19:23Z,2026-08-07T12:28:47Z,64
amtrak,NER,66,2026-08-07,BAL,Baltimore Penn Station,2026-08-07T02:51:00Z,2026-08-07T02:51:00Z,2026-08-07T02:49:00Z,2026-08-07T02:47:00Z,2026-08-07T12:28:47Z,64
amtrak,NER,66,2026-08-07,WAS,Washington Union Station,2026-08-07T02:00:00Z,2026-08-07T02:09:00Z,2026-08-07T01:28:00Z,2026-08-07T01:43:00Z,2026-08-07T12:28:47Z,64
amtrak,NER,67,2026-08-07,BAL,Baltimore Penn Station,2026-08-07T10:04:00Z,2026-08-07T10:06:00Z,2026-08-07T10:02:00Z,2026-08-07T09:57:00Z,2026-08-07T12:28:47Z,64
amtrak,NER,67,2026-08-07,WAS,Washington Union Station,2026-08-07T11:20:00Z,2026-08-07T11:23:00Z,2026-08-07T10:54:00Z,2026-08-07T10:57:00Z,2026-08-07T12:28:47Z,64
amtrak,NER,86,2026-08-07,BAL,Baltimore Penn Station,2026-08-07T13:32:00Z,2026-08-07T13:30:00Z,2026-08-07T13:30:00Z,2026-08-07T13:30:00Z,2026-08-07T12:28:47Z,64
amtrak,NER,86,2026-08-07,WAS,Washington Union Station,2026-08-07T12:50:00Z,2026-08-07T12:32:00Z,2026-08-07T12:18:00Z,2026-08-07T12:32:00Z,2026-08-07T12:28:47Z,64
amtrak,NER,93,2026-08-07,BAL,Baltimore Penn Station,2026-08-07T20:39:00Z,2026-08-07T20:39:00Z,2026-08-07T20:37:00Z,2026-08-07T20:37:00Z,2026-08-07T12:28:47Z,64
amtrak,NER,93,2026-08-07,WAS,Washington Union Station,2026-08-07T22:05:00Z,2026-08-07T22:05:00Z,2026-08-07T21:25:00Z,2026-08-07T21:25:00Z,2026-08-07T12:28:47Z,64
amtrak,NER,94,2026-08-07,BAL,Baltimore Penn Station,2026-08-07T18:43:00Z,2026-08-07T18:43:00Z,2026-08-07T18:41:00Z,2026-08-07T18:41:00Z,2026-08-07T12:28:47Z,64
amtrak,NER,94,2026-08-07,WAS,Washington Union Station,2026-08-07T18:00:00Z,2026-08-07T18:00:00Z,2026-08-07T17:23:00Z,2026-08-07T17:23:00Z,2026-08-07T12:28:47Z,64
amtrak,NER,95,2026-08-07,BAL,Baltimore Penn Station,2026-08-07T17:23:00Z,2026-08-07T17:14:00Z,2026-08-07T17:14:00Z,2026-08-07T17:14:00Z,2026-08-07T12:28:47Z,64
amtrak,NER,95,2026-08-07,WAS,Washington Union Station,2026-08-07T18:35:00Z,2026-08-07T18:05:00Z,2026-08-07T18:05:00Z,2026-08-07T18:05:00Z,2026-08-07T12:28:47Z,64
amtrak,NER,111,2026-08-07,BAL,Baltimore Penn Station,2026-08-07T11:36:00Z,2026-08-07T11:40:00Z,2026-08-07T11:34:00Z,2026-08-07T11:35:00Z,2026-08-07T12:28:47Z,64
amtrak,NER,111,2026-08-07,WAS,Washington Union Station,2026-08-07T12:22:00Z,2026-08-07T12:22:00Z,2026-08-07T12:22:00Z,2026-08-07T12:22:00Z,2026-08-07T12:28:47Z,64
amtrak,NER,112,2026-08-07,BAL,Baltimore Penn Station,2026-08-07T12:22:00Z,2026-08-07T12:26:00Z,2026-08-07T12:20:00Z,2026-08-07T12:23:00Z,2026-08-07T12:28:47Z,64
amtrak,NER,112,2026-08-07,WAS,Washington Union Station,2026-08-07T11:40:00Z,2026-08-07T11:42:00Z,2026-08-07T11:40:00Z,2026-08-07T11:42:00Z,2026-08-07T12:28:47Z,64
amtrak,NER,113,2026-08-07,BAL,Baltimore Penn Station,2026-08-07T13:07:00Z,2026-08-07T13:08:00Z,2026-08-07T13:05:00Z,2026-08-07T13:08:00Z,2026-08-07T12:28:47Z,64
amtrak,NER,113,2026-08-07,WAS,Washington Union Station,2026-08-07T13:53:00Z,2026-08-07T13:45:00Z,2026-08-07T13:53:00Z,2026-08-07T13:45:00Z,2026-08-07T12:28:47Z,64
amtrak,NER,125,2026-08-07,BAL,Baltimore Penn Station,2026-08-07T18:28:00Z,2026-08-07T18:26:00Z,2026-08-07T18:25:00Z,2026-08-07T18:26:00Z,2026-08-07T12:28:47Z,64
amtrak,NER,125,2026-08-07,WAS,Washington Union Station,2026-08-07T19:50:00Z,2026-08-07T19:11:00Z,2026-08-07T19:11:00Z,2026-08-07T19:11:00Z,2026-08-07T12:28:47Z,64
amtrak,NER,130,2026-08-07,BAL,Baltimore Penn Station,2026-08-07T11:05:00Z,2026-08-07T11:05:00Z,2026-08-07T11:03:00Z,2026-08-07T10:56:00Z,2026-08-07T12:28:47Z,64
amtrak,NER,130,2026-08-07,WAS,Washington Union Station,2026-08-07T10:20:00Z,2026-08-07T10:20:00Z,2026-08-07T10:20:00Z,2026-08-07T10:20:00Z,2026-08-07T12:28:47Z,64
amtrak,NER,141,2026-08-07,BAL,Baltimore Penn Station,2026-08-07T15:00:00Z,2026-08-07T14:58:00Z,2026-08-07T14:58:00Z,2026-08-07T14:58:00Z,2026-08-07T12:28:47Z,64
amtrak,NER,141,2026-08-07,WAS,Washington Union Station,2026-08-07T15:41:00Z,2026-08-07T15:40:00Z,2026-08-07T15:41:00Z,2026-08-07T15:40:00Z,2026-08-07T12:28:47Z,64
amtrak,NER,151,2026-08-07,BAL,Baltimore Penn Station,2026-08-07T10:10:00Z,2026-08-07T10:12:00Z,2026-08-07T10:08:00Z,2026-08-07T10:10:00Z,2026-08-07T12:28:47Z,64
amtrak,NER,151,2026-08-07,WAS,Washington Union Station,2026-08-07T11:30:00Z,2026-08-07T11:39:00Z,2026-08-07T10:58:00Z,2026-08-07T11:00:00Z,2026-08-07T12:28:47Z,64
amtrak,NER,170,2026-08-07,BAL,Baltimore Penn Station,2026-08-07T09:44:00Z,2026-08-07T09:44:00Z,2026-08-07T09:42:00Z,2026-08-07T09:42:00Z,2026-08-07T12:28:47Z,64
amtrak,NER,170,2026-08-07,WAS,Washington Union Station,2026-08-07T09:05:00Z,2026-08-07T09:05:00Z,2026-08-07T09:05:00Z,2026-08-07T09:05:00Z,2026-08-07T12:28:47Z,64
amtrak,NER,171,2026-08-07,BAL,Baltimore Penn Station,2026-08-07T19:33:00Z,2026-08-07T19:30:00Z,2026-08-07T19:30:00Z,2026-08-07T19:30:00Z,2026-08-07T12:28:47Z,64
amtrak,NER,171,2026-08-07,WAS,Washington Union Station,2026-08-07T21:00:00Z,2026-08-07T20:25:00Z,2026-08-07T20:25:00Z,2026-08-07T20:25:00Z,2026-08-07T12:28:47Z,64
amtrak,NER,172,2026-08-07,BAL,Baltimore Penn Station,2026-08-07T11:50:00Z,2026-08-07T11:56:00Z,2026-08-07T11:48:00Z,2026-08-07T11:52:00Z,2026-08-07T12:28:47Z,64
amtrak,NER,172,2026-08-07,WAS,Washington Union Station,2026-08-07T11:06:00Z,2026-08-07T11:06:00Z,2026-08-07T11:06:00Z,2026-08-07T11:06:00Z,2026-08-07T12:28:47Z,64
amtrak,NER,181,2026-08-07,BAL,Baltimore Penn Station,2026-08-07T12:22:00Z,2026-08-07T12:39:00Z,2026-08-07T12:19:00Z,2026-08-07T12:39:00Z,2026-08-07T12:28:47Z,64
amtrak,NER,181,2026-08-07,WAS,Washington Union Station,2026-08-07T13:02:00Z,2026-08-07T13:11:00Z,2026-08-07T13:02:00Z,2026-08-07T13:11:00Z,2026-08-07T12:28:47Z,64
amtrak,NER,183,2026-08-07,BAL,Baltimore Penn Station,2026-08-07T14:20:00Z,2026-08-07T14:17:00Z,2026-08-07T14:17:00Z,2026-08-07T14:17:00Z,2026-08-07T12:28:47Z,64
amtrak,NER,183,2026-08-07,WAS,Washington Union Station,2026-08-07T15:04:00Z,2026-08-07T15:00:00Z,2026-08-07T15:04:00Z,2026-08-07T15:00:00Z,2026-08-07T12:28:47Z,64
amtrak,NER,185,2026-08-07,BAL,Baltimore Penn Station,2026-08-07T16:07:00Z,2026-08-07T16:07:00Z,2026-08-07T16:05:00Z,2026-08-07T16:05:00Z,2026-08-07T12:28:47Z,64
amtrak,NER,185,2026-08-07,WAS,Washington Union Station,2026-08-07T16:52:00Z,2026-08-07T16:52:00Z,2026-08-07T16:52:00Z,2026-08-07T16:47:00Z,2026-08-07T12:28:47Z,64
marc,11705,Train419,2026-08-07,11980,PENN STATION MARC sb,2026-08-07T11:50:00Z,2026-08-07T11:56:04Z,NA,NA,2026-08-07T12:31:48Z,63.6
marc,11705,Train419,2026-08-07,11958,UNION STATION MARC Washington,NA,NA,2026-08-07T12:53:00Z,2026-08-07T12:59:49Z,2026-08-07T12:31:48Z,63.6
marc,11705,Train421,2026-08-07,11958,UNION STATION MARC Washington,NA,NA,2026-08-07T13:32:00Z,2026-08-07T13:32:00Z,2026-08-07T12:31:48Z,63.6
marc,11705,Train610,2026-08-07,11958,UNION STATION MARC Washington,2026-08-07T11:50:00Z,2026-08-07T11:53:26Z,NA,NA,2026-08-07T12:31:48Z,63.6
marc,11705,Train610,2026-08-07,12002,PENN STATION MARC nb,2026-08-07T12:46:00Z,2026-08-07T12:48:12Z,2026-08-07T12:40:15Z,2026-08-07T12:42:27Z,2026-08-07T12:31:48Z,63.6
marc,11705,Train612,2026-08-07,11958,UNION STATION MARC Washington,2026-08-07T12:20:00Z,2026-08-07T12:23:58Z,NA,NA,2026-08-07T12:31:48Z,63.6
marc,11705,Train612,2026-08-07,12002,PENN STATION MARC nb,2026-08-07T13:20:00Z,2026-08-07T13:23:32Z,2026-08-07T13:17:00Z,2026-08-07T13:20:32Z,2026-08-07T12:31:48Z,63.6
amtrak,NER,66,2026-08-07,BAL,Baltimore Penn Station,2026-08-07T02:51:00Z,2026-08-07T02:51:00Z,2026-08-07T02:49:00Z,2026-08-07T02:47:00Z,2026-08-07T12:31:48Z,63.6
amtrak,NER,66,2026-08-07,WAS,Washington Union Station,2026-08-07T02:00:00Z,2026-08-07T02:09:00Z,2026-08-07T01:28:00Z,2026-08-07T01:43:00Z,2026-08-07T12:31:48Z,63.6
amtrak,NER,67,2026-08-07,BAL,Baltimore Penn Station,2026-08-07T10:04:00Z,2026-08-07T10:06:00Z,2026-08-07T10:02:00Z,2026-08-07T09:57:00Z,2026-08-07T12:31:48Z,63.6
amtrak,NER,67,2026-08-07,WAS,Washington Union Station,2026-08-07T11:20:00Z,2026-08-07T11:23:00Z,2026-08-07T10:54:00Z,2026-08-07T10:57:00Z,2026-08-07T12:31:48Z,63.6
amtrak,NER,86,2026-08-07,BAL,Baltimore Penn Station,2026-08-07T13:32:00Z,2026-08-07T13:30:00Z,2026-08-07T13:30:00Z,2026-08-07T13:30:00Z,2026-08-07T12:31:48Z,63.6
amtrak,NER,86,2026-08-07,WAS,Washington Union Station,2026-08-07T12:50:00Z,2026-08-07T12:32:00Z,2026-08-07T12:18:00Z,2026-08-07T12:32:00Z,2026-08-07T12:31:48Z,63.6
amtrak,NER,93,2026-08-07,BAL,Baltimore Penn Station,2026-08-07T20:39:00Z,2026-08-07T20:39:00Z,2026-08-07T20:37:00Z,2026-08-07T20:37:00Z,2026-08-07T12:31:48Z,63.6
amtrak,NER,93,2026-08-07,WAS,Washington Union Station,2026-08-07T22:05:00Z,2026-08-07T22:05:00Z,2026-08-07T21:25:00Z,2026-08-07T21:25:00Z,2026-08-07T12:31:48Z,63.6
amtrak,NER,94,2026-08-07,BAL,Baltimore Penn Station,2026-08-07T18:43:00Z,2026-08-07T18:43:00Z,2026-08-07T18:41:00Z,2026-08-07T18:41:00Z,2026-08-07T12:31:48Z,63.6
amtrak,NER,94,2026-08-07,WAS,Washington Union Station,2026-08-07T18:00:00Z,2026-08-07T18:00:00Z,2026-08-07T17:23:00Z,2026-08-07T17:23:00Z,2026-08-07T12:31:48Z,63.6
amtrak,NER,95,2026-08-07,BAL,Baltimore Penn Station,2026-08-07T17:23:00Z,2026-08-07T17:14:00Z,2026-08-07T17:14:00Z,2026-08-07T17:14:00Z,2026-08-07T12:31:48Z,63.6
amtrak,NER,95,2026-08-07,WAS,Washington Union Station,2026-08-07T18:35:00Z,2026-08-07T18:05:00Z,2026-08-07T18:05:00Z,2026-08-07T18:05:00Z,2026-08-07T12:31:48Z,63.6
amtrak,NER,111,2026-08-07,BAL,Baltimore Penn Station,2026-08-07T11:36:00Z,2026-08-07T11:40:00Z,2026-08-07T11:34:00Z,2026-08-07T11:35:00Z,2026-08-07T12:31:48Z,63.6
amtrak,NER,111,2026-08-07,WAS,Washington Union Station,2026-08-07T12:22:00Z,2026-08-07T12:22:00Z,2026-08-07T12:22:00Z,2026-08-07T12:22:00Z,2026-08-07T12:31:48Z,63.6
amtrak,NER,112,2026-08-07,BAL,Baltimore Penn Station,2026-08-07T12:22:00Z,2026-08-07T12:26:00Z,2026-08-07T12:20:00Z,2026-08-07T12:23:00Z,2026-08-07T12:31:48Z,63.6
amtrak,NER,112,2026-08-07,WAS,Washington Union Station,2026-08-07T11:40:00Z,2026-08-07T11:42:00Z,2026-08-07T11:40:00Z,2026-08-07T11:42:00Z,2026-08-07T12:31:48Z,63.6
amtrak,NER,113,2026-08-07,BAL,Baltimore Penn Station,2026-08-07T13:07:00Z,2026-08-07T13:08:00Z,2026-08-07T13:05:00Z,2026-08-07T13:08:00Z,2026-08-07T12:31:48Z,63.6
amtrak,NER,113,2026-08-07,WAS,Washington Union Station,2026-08-07T13:53:00Z,2026-08-07T13:45:00Z,2026-08-07T13:53:00Z,2026-08-07T13:45:00Z,2026-08-07T12:31:48Z,63.6
amtrak,NER,125,2026-08-07,BAL,Baltimore Penn Station,2026-08-07T18:28:00Z,2026-08-07T18:26:00Z,2026-08-07T18:25:00Z,2026-08-07T18:26:00Z,2026-08-07T12:31:48Z,63.6
amtrak,NER,125,2026-08-07,WAS,Washington Union Station,2026-08-07T19:50:00Z,2026-08-07T19:11:00Z,2026-08-07T19:11:00Z,2026-08-07T19:11:00Z,2026-08-07T12:31:48Z,63.6
amtrak,NER,130,2026-08-07,BAL,Baltimore Penn Station,2026-08-07T11:05:00Z,2026-08-07T11:05:00Z,2026-08-07T11:03:00Z,2026-08-07T10:56:00Z,2026-08-07T12:31:48Z,63.6
amtrak,NER,130,2026-08-07,WAS,Washington Union Station,2026-08-07T10:20:00Z,2026-08-07T10:20:00Z,2026-08-07T10:20:00Z,2026-08-07T10:20:00Z,2026-08-07T12:31:48Z,63.6
amtrak,NER,141,2026-08-07,BAL,Baltimore Penn Station,2026-08-07T15:00:00Z,2026-08-07T14:58:00Z,2026-08-07T14:58:00Z,2026-08-07T14:58:00Z,2026-08-07T12:31:48Z,63.6
amtrak,NER,141,2026-08-07,WAS,Washington Union Station,2026-08-07T15:41:00Z,2026-08-07T15:40:00Z,2026-08-07T15:41:00Z,2026-08-07T15:40:00Z,2026-08-07T12:31:48Z,63.6
amtrak,NER,151,2026-08-07,BAL,Baltimore Penn Station,2026-08-07T10:10:00Z,2026-08-07T10:12:00Z,2026-08-07T10:08:00Z,2026-08-07T10:10:00Z,2026-08-07T12:31:48Z,63.6
amtrak,NER,151,2026-08-07,WAS,Washington Union Station,2026-08-07T11:30:00Z,2026-08-07T11:39:00Z,2026-08-07T10:58:00Z,2026-08-07T11:00:00Z,2026-08-07T12:31:48Z,63.6
amtrak,NER,170,2026-08-07,BAL,Baltimore Penn Station,2026-08-07T09:44:00Z,2026-08-07T09:44:00Z,2026-08-07T09:42:00Z,2026-08-07T09:42:00Z,2026-08-07T12:31:48Z,63.6
amtrak,NER,170,2026-08-07,WAS,Washington Union Station,2026-08-07T09:05:00Z,2026-08-07T09:05:00Z,2026-08-07T09:05:00Z,2026-08-07T09:05:00Z,2026-08-07T12:31:48Z,63.6
amtrak,NER,171,2026-08-07,BAL,Baltimore Penn Station,2026-08-07T19:33:00Z,2026-08-07T19:30:00Z,2026-08-07T19:30:00Z,2026-08-07T19:30:00Z,2026-08-07T12:31:48Z,63.6
amtrak,NER,171,2026-08-07,WAS,Washington Union Station,2026-08-07T21:00:00Z,2026-08-07T20:25:00Z,2026-08-07T20:25:00Z,2026-08-07T20:25:00Z,2026-08-07T12:31:48Z,63.6
amtrak,NER,172,2026-08-07,BAL,Baltimore Penn Station,2026-08-07T11:50:00Z,2026-08-07T11:56:00Z,2026-08-07T11:48:00Z,2026-08-07T11:52:00Z,2026-08-07T12:31:48Z,63.6
amtrak,NER,172,2026-08-07,WAS,Washington Union Station,2026-08-07T11:06:00Z,2026-08-07T11:06:00Z,2026-08-07T11:06:00Z,2026-08-07T11:06:00Z,2026-08-07T12:31:48Z,63.6
amtrak,NER,181,2026-08-07,BAL,Baltimore Penn Station,2026-08-07T12:22:00Z,2026-08-07T12:42:00Z,2026-08-07T12:19:00Z,2026-08-07T12:42:00Z,2026-08-07T12:31:48Z,63.6
amtrak,NER,181,2026-08-07,WAS,Washington Union Station,2026-08-07T13:02:00Z,2026-08-07T13:14:00Z,2026-08-07T13:02:00Z,2026-08-07T13:14:00Z,2026-08-07T12:31:48Z,63.6
amtrak,NER,182,2026-08-07,BAL,Baltimore Penn Station,2026-08-07T14:13:00Z,2026-08-07T14:13:00Z,2026-08-07T14:11:00Z,2026-08-07T14:11:00Z,2026-08-07T12:31:48Z,63.6
amtrak,NER,182,2026-08-07,WAS,Washington Union Station,2026-08-07T13:29:00Z,2026-08-07T13:29:00Z,2026-08-07T13:29:00Z,2026-08-07T13:29:00Z,2026-08-07T12:31:48Z,63.6
amtrak,NER,183,2026-08-07,BAL,Baltimore Penn Station,2026-08-07T14:20:00Z,2026-08-07T14:17:00Z,2026-08-07T14:17:00Z,2026-08-07T14:17:00Z,2026-08-07T12:31:48Z,63.6
amtrak,NER,183,2026-08-07,WAS,Washington Union Station,2026-08-07T15:04:00Z,2026-08-07T15:00:00Z,2026-08-07T15:04:00Z,2026-08-07T15:00:00Z,2026-08-07T12:31:48Z,63.6
amtrak,NER,185,2026-08-07,BAL,Baltimore Penn Station,2026-08-07T16:07:00Z,2026-08-07T16:07:00Z,2026-08-07T16:05:00Z,2026-08-07T16:05:00Z,2026-08-07T12:31:48Z,63.6
amtrak,NER,185,2026-08-07,WAS,Washington Union Station,2026-08-07T16:52:00Z,2026-08-07T16:52:00Z,2026-08-07T16:52:00Z,2026-08-07T16:47:00Z,2026-08-07T12:31:48Z,63.6
marc,11705,Train412,2026-08-07,11958,UNION STATION MARC Washington,2026-08-07T13:00:00Z,2026-08-07T13:01:11Z,NA,NA,2026-08-07T13:46:52Z,64.2
marc,11705,Train412,2026-08-07,12002,PENN STATION MARC nb,NA,NA,2026-08-07T13:56:00Z,2026-08-07T13:57:34Z,2026-08-07T13:46:52Z,64.2
marc,11705,Train423,2026-08-07,11980,PENN STATION MARC sb,2026-08-07T13:00:00Z,2026-08-07T13:00:17Z,NA,NA,2026-08-07T13:46:52Z,64.2
marc,11705,Train423,2026-08-07,11958,UNION STATION MARC Washington,NA,NA,2026-08-07T14:03:00Z,2026-08-07T14:09:20Z,2026-08-07T13:46:52Z,64.2
marc,11705,Train414,2026-08-07,12002,PENN STATION MARC nb,NA,NA,2026-08-07T14:42:00Z,2026-08-07T14:42:00Z,2026-08-07T13:46:52Z,64.2
marc,11705,Train525,2026-08-07,11980,PENN STATION MARC sb,2026-08-07T13:30:00Z,2026-08-07T13:39:57Z,2026-08-07T13:28:00Z,2026-08-07T13:35:57Z,2026-08-07T13:46:52Z,64.2
marc,11705,Train525,2026-08-07,11958,UNION STATION MARC Washington,NA,NA,2026-08-07T14:28:00Z,2026-08-07T14:38:24Z,2026-08-07T13:46:52Z,64.2
marc,11705,Train612,2026-08-07,11958,UNION STATION MARC Washington,2026-08-07T12:20:00Z,2026-08-07T12:23:58Z,NA,NA,2026-08-07T13:46:52Z,64.2
marc,11705,Train612,2026-08-07,12002,PENN STATION MARC nb,2026-08-07T13:20:00Z,2026-08-07T13:21:22Z,2026-08-07T13:17:00Z,2026-08-07T13:21:10Z,2026-08-07T13:46:52Z,64.2
amtrak,NER,66,2026-08-07,BAL,Baltimore Penn Station,2026-08-07T02:51:00Z,2026-08-07T02:51:00Z,2026-08-07T02:49:00Z,2026-08-07T02:47:00Z,2026-08-07T13:46:52Z,64.2
amtrak,NER,66,2026-08-07,WAS,Washington Union Station,2026-08-07T02:00:00Z,2026-08-07T02:09:00Z,2026-08-07T01:28:00Z,2026-08-07T01:43:00Z,2026-08-07T13:46:52Z,64.2
amtrak,NER,67,2026-08-07,BAL,Baltimore Penn Station,2026-08-07T10:04:00Z,2026-08-07T10:06:00Z,2026-08-07T10:02:00Z,2026-08-07T09:57:00Z,2026-08-07T13:46:52Z,64.2
amtrak,NER,67,2026-08-07,WAS,Washington Union Station,2026-08-07T11:20:00Z,2026-08-07T11:23:00Z,2026-08-07T10:54:00Z,2026-08-07T10:57:00Z,2026-08-07T13:46:52Z,64.2
amtrak,NER,85,2026-08-07,BAL,Baltimore Penn Station,2026-08-07T21:50:00Z,2026-08-07T21:50:00Z,2026-08-07T21:47:00Z,2026-08-07T21:47:00Z,2026-08-07T13:46:52Z,64.2
amtrak,NER,85,2026-08-07,WAS,Washington Union Station,2026-08-07T22:39:00Z,2026-08-07T22:39:00Z,2026-08-07T22:39:00Z,2026-08-07T22:28:00Z,2026-08-07T13:46:52Z,64.2
amtrak,NER,86,2026-08-07,BAL,Baltimore Penn Station,2026-08-07T13:32:00Z,2026-08-07T13:36:00Z,2026-08-07T13:30:00Z,2026-08-07T13:34:00Z,2026-08-07T13:46:52Z,64.2
amtrak,NER,86,2026-08-07,WAS,Washington Union Station,2026-08-07T12:50:00Z,2026-08-07T12:53:00Z,2026-08-07T12:18:00Z,2026-08-07T12:34:00Z,2026-08-07T13:46:52Z,64.2
amtrak,NER,93,2026-08-07,BAL,Baltimore Penn Station,2026-08-07T20:39:00Z,2026-08-07T20:37:00Z,2026-08-07T20:37:00Z,2026-08-07T20:37:00Z,2026-08-07T13:46:52Z,64.2
amtrak,NER,93,2026-08-07,WAS,Washington Union Station,2026-08-07T22:05:00Z,2026-08-07T21:25:00Z,2026-08-07T21:25:00Z,2026-08-07T21:25:00Z,2026-08-07T13:46:52Z,64.2
amtrak,NER,94,2026-08-07,BAL,Baltimore Penn Station,2026-08-07T18:43:00Z,2026-08-07T18:41:00Z,2026-08-07T18:41:00Z,2026-08-07T18:41:00Z,2026-08-07T13:46:52Z,64.2
amtrak,NER,94,2026-08-07,WAS,Washington Union Station,2026-08-07T18:00:00Z,2026-08-07T17:23:00Z,2026-08-07T17:23:00Z,2026-08-07T17:23:00Z,2026-08-07T13:46:52Z,64.2
amtrak,NER,95,2026-08-07,BAL,Baltimore Penn Station,2026-08-07T17:23:00Z,2026-08-07T17:14:00Z,2026-08-07T17:14:00Z,2026-08-07T17:14:00Z,2026-08-07T13:46:52Z,64.2
amtrak,NER,95,2026-08-07,WAS,Washington Union Station,2026-08-07T18:35:00Z,2026-08-07T18:05:00Z,2026-08-07T18:05:00Z,2026-08-07T18:05:00Z,2026-08-07T13:46:52Z,64.2
amtrak,NER,112,2026-08-07,BAL,Baltimore Penn Station,2026-08-07T12:22:00Z,2026-08-07T12:26:00Z,2026-08-07T12:20:00Z,2026-08-07T12:23:00Z,2026-08-07T13:46:52Z,64.2
amtrak,NER,112,2026-08-07,WAS,Washington Union Station,2026-08-07T11:40:00Z,2026-08-07T11:42:00Z,2026-08-07T11:40:00Z,2026-08-07T11:42:00Z,2026-08-07T13:46:52Z,64.2
amtrak,NER,113,2026-08-07,BAL,Baltimore Penn Station,2026-08-07T13:07:00Z,2026-08-07T13:09:00Z,2026-08-07T13:05:00Z,2026-08-07T13:06:00Z,2026-08-07T13:46:52Z,64.2
amtrak,NER,113,2026-08-07,WAS,Washington Union Station,2026-08-07T13:53:00Z,2026-08-07T13:53:00Z,2026-08-07T13:53:00Z,2026-08-07T13:53:00Z,2026-08-07T13:46:52Z,64.2
amtrak,NER,125,2026-08-07,BAL,Baltimore Penn Station,2026-08-07T18:28:00Z,2026-08-07T18:26:00Z,2026-08-07T18:25:00Z,2026-08-07T18:26:00Z,2026-08-07T13:46:52Z,64.2
amtrak,NER,125,2026-08-07,WAS,Washington Union Station,2026-08-07T19:50:00Z,2026-08-07T19:11:00Z,2026-08-07T19:11:00Z,2026-08-07T19:11:00Z,2026-08-07T13:46:52Z,64.2
amtrak,NER,130,2026-08-07,BAL,Baltimore Penn Station,2026-08-07T11:05:00Z,2026-08-07T11:05:00Z,2026-08-07T11:03:00Z,2026-08-07T10:56:00Z,2026-08-07T13:46:52Z,64.2
amtrak,NER,130,2026-08-07,WAS,Washington Union Station,2026-08-07T10:20:00Z,2026-08-07T10:20:00Z,2026-08-07T10:20:00Z,2026-08-07T10:20:00Z,2026-08-07T13:46:52Z,64.2
amtrak,NER,141,2026-08-07,BAL,Baltimore Penn Station,2026-08-07T15:00:00Z,2026-08-07T14:58:00Z,2026-08-07T14:58:00Z,2026-08-07T14:58:00Z,2026-08-07T13:46:52Z,64.2
amtrak,NER,141,2026-08-07,WAS,Washington Union Station,2026-08-07T15:41:00Z,2026-08-07T15:40:00Z,2026-08-07T15:41:00Z,2026-08-07T15:40:00Z,2026-08-07T13:46:52Z,64.2
amtrak,NER,151,2026-08-07,BAL,Baltimore Penn Station,2026-08-07T10:10:00Z,2026-08-07T10:12:00Z,2026-08-07T10:08:00Z,2026-08-07T10:10:00Z,2026-08-07T13:46:52Z,64.2
amtrak,NER,151,2026-08-07,WAS,Washington Union Station,2026-08-07T11:30:00Z,2026-08-07T11:39:00Z,2026-08-07T10:58:00Z,2026-08-07T11:00:00Z,2026-08-07T13:46:52Z,64.2
amtrak,NER,170,2026-08-07,BAL,Baltimore Penn Station,2026-08-07T09:44:00Z,2026-08-07T09:44:00Z,2026-08-07T09:42:00Z,2026-08-07T09:42:00Z,2026-08-07T13:46:52Z,64.2
amtrak,NER,170,2026-08-07,WAS,Washington Union Station,2026-08-07T09:05:00Z,2026-08-07T09:05:00Z,2026-08-07T09:05:00Z,2026-08-07T09:05:00Z,2026-08-07T13:46:52Z,64.2
amtrak,NER,171,2026-08-07,BAL,Baltimore Penn Station,2026-08-07T19:33:00Z,2026-08-07T19:30:00Z,2026-08-07T19:30:00Z,2026-08-07T19:30:00Z,2026-08-07T13:46:52Z,64.2
amtrak,NER,171,2026-08-07,WAS,Washington Union Station,2026-08-07T21:00:00Z,2026-08-07T20:25:00Z,2026-08-07T20:25:00Z,2026-08-07T20:25:00Z,2026-08-07T13:46:52Z,64.2
amtrak,NER,172,2026-08-07,BAL,Baltimore Penn Station,2026-08-07T11:50:00Z,2026-08-07T11:56:00Z,2026-08-07T11:48:00Z,2026-08-07T11:52:00Z,2026-08-07T13:46:52Z,64.2
amtrak,NER,172,2026-08-07,WAS,Washington Union Station,2026-08-07T11:06:00Z,2026-08-07T11:06:00Z,2026-08-07T11:06:00Z,2026-08-07T11:06:00Z,2026-08-07T13:46:52Z,64.2
amtrak,NER,174,2026-08-07,BAL,Baltimore Penn Station,2026-08-07T15:18:00Z,2026-08-07T15:18:00Z,2026-08-07T15:16:00Z,2026-08-07T15:16:00Z,2026-08-07T13:46:52Z,64.2
amtrak,NER,174,2026-08-07,WAS,Washington Union Station,2026-08-07T14:35:00Z,2026-08-07T14:35:00Z,2026-08-07T14:35:00Z,2026-08-07T14:16:00Z,2026-08-07T13:46:52Z,64.2
amtrak,NER,178,2026-08-07,BAL,Baltimore Penn Station,2026-08-07T20:39:00Z,2026-08-07T20:37:00Z,2026-08-07T20:37:00Z,2026-08-07T20:37:00Z,2026-08-07T13:46:52Z,64.2
amtrak,NER,178,2026-08-07,WAS,Washington Union Station,2026-08-07T19:56:00Z,2026-08-07T18:55:00Z,2026-08-07T18:55:00Z,2026-08-07T18:55:00Z,2026-08-07T13:46:52Z,64.2
amtrak,NER,181,2026-08-07,BAL,Baltimore Penn Station,2026-08-07T12:22:00Z,2026-08-07T12:46:00Z,2026-08-07T12:19:00Z,2026-08-07T12:42:00Z,2026-08-07T13:46:52Z,64.2
amtrak,NER,181,2026-08-07,WAS,Washington Union Station,2026-08-07T13:02:00Z,2026-08-07T13:55:00Z,2026-08-07T13:02:00Z,2026-08-07T13:55:00Z,2026-08-07T13:46:52Z,64.2
amtrak,NER,182,2026-08-07,BAL,Baltimore Penn Station,2026-08-07T14:13:00Z,2026-08-07T14:11:00Z,2026-08-07T14:11:00Z,2026-08-07T14:11:00Z,2026-08-07T13:46:52Z,64.2
amtrak,NER,182,2026-08-07,WAS,Washington Union Station,2026-08-07T13:29:00Z,2026-08-07T13:29:00Z,2026-08-07T13:29:00Z,2026-08-07T13:29:00Z,2026-08-07T13:46:52Z,64.2
amtrak,NER,183,2026-08-07,BAL,Baltimore Penn Station,2026-08-07T14:20:00Z,2026-08-07T14:17:00Z,2026-08-07T14:17:00Z,2026-08-07T14:17:00Z,2026-08-07T13:46:52Z,64.2
amtrak,NER,183,2026-08-07,WAS,Washington Union Station,2026-08-07T15:04:00Z,2026-08-07T15:04:00Z,2026-08-07T15:04:00Z,2026-08-07T15:04:00Z,2026-08-07T13:46:52Z,64.2
amtrak,NER,185,2026-08-07,BAL,Baltimore Penn Station,2026-08-07T16:07:00Z,2026-08-07T16:05:00Z,2026-08-07T16:05:00Z,2026-08-07T16:05:00Z,2026-08-07T13:46:52Z,64.2
amtrak,NER,185,2026-08-07,WAS,Washington Union Station,2026-08-07T16:52:00Z,2026-08-07T16:47:00Z,2026-08-07T16:52:00Z,2026-08-07T16:47:00Z,2026-08-07T13:46:52Z,64.2
marc,11705,Train412,2026-08-07,11958,UNION STATION MARC Washington,2026-08-07T13:00:00Z,2026-08-07T13:01:11Z,NA,NA,2026-08-07T13:49:54Z,64.1
marc,11705,Train412,2026-08-07,12002,PENN STATION MARC nb,NA,NA,2026-08-07T13:56:00Z,2026-08-07T13:56:29Z,2026-08-07T13:49:54Z,64.1
marc,11705,Train423,2026-08-07,11980,PENN STATION MARC sb,2026-08-07T13:00:00Z,2026-08-07T13:00:17Z,NA,NA,2026-08-07T13:49:54Z,64.1
marc,11705,Train423,2026-08-07,11958,UNION STATION MARC Washington,NA,NA,2026-08-07T14:03:00Z,2026-08-07T14:09:34Z,2026-08-07T13:49:54Z,64.1
marc,11705,Train414,2026-08-07,11958,UNION STATION MARC Washington,2026-08-07T13:45:00Z,2026-08-07T13:47:10Z,NA,NA,2026-08-07T13:49:54Z,64.1
marc,11705,Train414,2026-08-07,12002,PENN STATION MARC nb,NA,NA,2026-08-07T14:42:00Z,2026-08-07T14:44:16Z,2026-08-07T13:49:54Z,64.1
marc,11705,Train525,2026-08-07,11980,PENN STATION MARC sb,2026-08-07T13:30:00Z,2026-08-07T13:39:57Z,2026-08-07T13:28:00Z,2026-08-07T13:35:57Z,2026-08-07T13:49:54Z,64.1
marc,11705,Train525,2026-08-07,11958,UNION STATION MARC Washington,NA,NA,2026-08-07T14:28:00Z,2026-08-07T14:38:24Z,2026-08-07T13:49:54Z,64.1
marc,11705,Train612,2026-08-07,11958,UNION STATION MARC Washington,2026-08-07T12:20:00Z,2026-08-07T12:23:58Z,NA,NA,2026-08-07T13:49:54Z,64.1
marc,11705,Train612,2026-08-07,12002,PENN STATION MARC nb,2026-08-07T13:20:00Z,2026-08-07T13:21:22Z,2026-08-07T13:17:00Z,2026-08-07T13:21:10Z,2026-08-07T13:49:54Z,64.1
amtrak,NER,66,2026-08-07,BAL,Baltimore Penn Station,2026-08-07T02:51:00Z,2026-08-07T02:51:00Z,2026-08-07T02:49:00Z,2026-08-07T02:47:00Z,2026-08-07T13:49:54Z,64.1
amtrak,NER,66,2026-08-07,WAS,Washington Union Station,2026-08-07T02:00:00Z,2026-08-07T02:09:00Z,2026-08-07T01:28:00Z,2026-08-07T01:43:00Z,2026-08-07T13:49:54Z,64.1
amtrak,NER,67,2026-08-07,BAL,Baltimore Penn Station,2026-08-07T10:04:00Z,2026-08-07T10:06:00Z,2026-08-07T10:02:00Z,2026-08-07T09:57:00Z,2026-08-07T13:49:54Z,64.1
amtrak,NER,67,2026-08-07,WAS,Washington Union Station,2026-08-07T11:20:00Z,2026-08-07T11:23:00Z,2026-08-07T10:54:00Z,2026-08-07T10:57:00Z,2026-08-07T13:49:54Z,64.1
amtrak,NER,85,2026-08-07,BAL,Baltimore Penn Station,2026-08-07T21:50:00Z,2026-08-07T21:50:00Z,2026-08-07T21:47:00Z,2026-08-07T21:47:00Z,2026-08-07T13:49:54Z,64.1
amtrak,NER,85,2026-08-07,WAS,Washington Union Station,2026-08-07T22:39:00Z,2026-08-07T22:39:00Z,2026-08-07T22:39:00Z,2026-08-07T22:28:00Z,2026-08-07T13:49:54Z,64.1
amtrak,NER,86,2026-08-07,BAL,Baltimore Penn Station,2026-08-07T13:32:00Z,2026-08-07T13:36:00Z,2026-08-07T13:30:00Z,2026-08-07T13:34:00Z,2026-08-07T13:49:54Z,64.1
amtrak,NER,86,2026-08-07,WAS,Washington Union Station,2026-08-07T12:50:00Z,2026-08-07T12:53:00Z,2026-08-07T12:18:00Z,2026-08-07T12:34:00Z,2026-08-07T13:49:54Z,64.1
amtrak,NER,93,2026-08-07,BAL,Baltimore Penn Station,2026-08-07T20:39:00Z,2026-08-07T20:37:00Z,2026-08-07T20:37:00Z,2026-08-07T20:37:00Z,2026-08-07T13:49:54Z,64.1
amtrak,NER,93,2026-08-07,WAS,Washington Union Station,2026-08-07T22:05:00Z,2026-08-07T21:25:00Z,2026-08-07T21:25:00Z,2026-08-07T21:25:00Z,2026-08-07T13:49:54Z,64.1
amtrak,NER,94,2026-08-07,BAL,Baltimore Penn Station,2026-08-07T18:43:00Z,2026-08-07T18:41:00Z,2026-08-07T18:41:00Z,2026-08-07T18:41:00Z,2026-08-07T13:49:54Z,64.1
amtrak,NER,94,2026-08-07,WAS,Washington Union Station,2026-08-07T18:00:00Z,2026-08-07T17:23:00Z,2026-08-07T17:23:00Z,2026-08-07T17:23:00Z,2026-08-07T13:49:54Z,64.1
amtrak,NER,95,2026-08-07,BAL,Baltimore Penn Station,2026-08-07T17:23:00Z,2026-08-07T17:14:00Z,2026-08-07T17:14:00Z,2026-08-07T17:14:00Z,2026-08-07T13:49:54Z,64.1
amtrak,NER,95,2026-08-07,WAS,Washington Union Station,2026-08-07T18:35:00Z,2026-08-07T18:05:00Z,2026-08-07T18:05:00Z,2026-08-07T18:05:00Z,2026-08-07T13:49:54Z,64.1
amtrak,NER,112,2026-08-07,BAL,Baltimore Penn Station,2026-08-07T12:22:00Z,2026-08-07T12:26:00Z,2026-08-07T12:20:00Z,2026-08-07T12:23:00Z,2026-08-07T13:49:54Z,64.1
amtrak,NER,112,2026-08-07,WAS,Washington Union Station,2026-08-07T11:40:00Z,2026-08-07T11:42:00Z,2026-08-07T11:40:00Z,2026-08-07T11:42:00Z,2026-08-07T13:49:54Z,64.1
amtrak,NER,113,2026-08-07,BAL,Baltimore Penn Station,2026-08-07T13:07:00Z,2026-08-07T13:09:00Z,2026-08-07T13:05:00Z,2026-08-07T13:06:00Z,2026-08-07T13:49:54Z,64.1
amtrak,NER,113,2026-08-07,WAS,Washington Union Station,2026-08-07T13:53:00Z,2026-08-07T13:53:00Z,2026-08-07T13:53:00Z,2026-08-07T13:53:00Z,2026-08-07T13:49:54Z,64.1
amtrak,NER,125,2026-08-07,BAL,Baltimore Penn Station,2026-08-07T18:28:00Z,2026-08-07T18:26:00Z,2026-08-07T18:25:00Z,2026-08-07T18:26:00Z,2026-08-07T13:49:54Z,64.1
amtrak,NER,125,2026-08-07,WAS,Washington Union Station,2026-08-07T19:50:00Z,2026-08-07T19:11:00Z,2026-08-07T19:11:00Z,2026-08-07T19:11:00Z,2026-08-07T13:49:54Z,64.1
amtrak,NER,130,2026-08-07,BAL,Baltimore Penn Station,2026-08-07T11:05:00Z,2026-08-07T11:05:00Z,2026-08-07T11:03:00Z,2026-08-07T10:56:00Z,2026-08-07T13:49:54Z,64.1
amtrak,NER,130,2026-08-07,WAS,Washington Union Station,2026-08-07T10:20:00Z,2026-08-07T10:20:00Z,2026-08-07T10:20:00Z,2026-08-07T10:20:00Z,2026-08-07T13:49:54Z,64.1
amtrak,NER,141,2026-08-07,BAL,Baltimore Penn Station,2026-08-07T15:00:00Z,2026-08-07T14:58:00Z,2026-08-07T14:58:00Z,2026-08-07T14:58:00Z,2026-08-07T13:49:54Z,64.1
amtrak,NER,141,2026-08-07,WAS,Washington Union Station,2026-08-07T15:41:00Z,2026-08-07T15:40:00Z,2026-08-07T15:41:00Z,2026-08-07T15:40:00Z,2026-08-07T13:49:54Z,64.1
amtrak,NER,151,2026-08-07,BAL,Baltimore Penn Station,2026-08-07T10:10:00Z,2026-08-07T10:12:00Z,2026-08-07T10:08:00Z,2026-08-07T10:10:00Z,2026-08-07T13:49:54Z,64.1
amtrak,NER,151,2026-08-07,WAS,Washington Union Station,2026-08-07T11:30:00Z,2026-08-07T11:39:00Z,2026-08-07T10:58:00Z,2026-08-07T11:00:00Z,2026-08-07T13:49:54Z,64.1
amtrak,NER,170,2026-08-07,BAL,Baltimore Penn Station,2026-08-07T09:44:00Z,2026-08-07T09:44:00Z,2026-08-07T09:42:00Z,2026-08-07T09:42:00Z,2026-08-07T13:49:54Z,64.1
amtrak,NER,170,2026-08-07,WAS,Washington Union Station,2026-08-07T09:05:00Z,2026-08-07T09:05:00Z,2026-08-07T09:05:00Z,2026-08-07T09:05:00Z,2026-08-07T13:49:54Z,64.1
amtrak,NER,171,2026-08-07,BAL,Baltimore Penn Station,2026-08-07T19:33:00Z,2026-08-07T19:30:00Z,2026-08-07T19:30:00Z,2026-08-07T19:30:00Z,2026-08-07T13:49:54Z,64.1
amtrak,NER,171,2026-08-07,WAS,Washington Union Station,2026-08-07T21:00:00Z,2026-08-07T20:25:00Z,2026-08-07T20:25:00Z,2026-08-07T20:25:00Z,2026-08-07T13:49:54Z,64.1
amtrak,NER,172,2026-08-07,BAL,Baltimore Penn Station,2026-08-07T11:50:00Z,2026-08-07T11:56:00Z,2026-08-07T11:48:00Z,2026-08-07T11:52:00Z,2026-08-07T13:49:54Z,64.1
amtrak,NER,172,2026-08-07,WAS,Washington Union Station,2026-08-07T11:06:00Z,2026-08-07T11:06:00Z,2026-08-07T11:06:00Z,2026-08-07T11:06:00Z,2026-08-07T13:49:54Z,64.1
amtrak,NER,174,2026-08-07,BAL,Baltimore Penn Station,2026-08-07T15:18:00Z,2026-08-07T15:18:00Z,2026-08-07T15:16:00Z,2026-08-07T15:16:00Z,2026-08-07T13:49:54Z,64.1
amtrak,NER,174,2026-08-07,WAS,Washington Union Station,2026-08-07T14:35:00Z,2026-08-07T14:35:00Z,2026-08-07T14:35:00Z,2026-08-07T14:16:00Z,2026-08-07T13:49:54Z,64.1
amtrak,NER,178,2026-08-07,BAL,Baltimore Penn Station,2026-08-07T20:39:00Z,2026-08-07T20:37:00Z,2026-08-07T20:37:00Z,2026-08-07T20:37:00Z,2026-08-07T13:49:54Z,64.1
amtrak,NER,178,2026-08-07,WAS,Washington Union Station,2026-08-07T19:56:00Z,2026-08-07T18:55:00Z,2026-08-07T18:55:00Z,2026-08-07T18:55:00Z,2026-08-07T13:49:54Z,64.1
amtrak,NER,181,2026-08-07,BAL,Baltimore Penn Station,2026-08-07T12:22:00Z,2026-08-07T12:46:00Z,2026-08-07T12:19:00Z,2026-08-07T12:42:00Z,2026-08-07T13:49:54Z,64.1
amtrak,NER,181,2026-08-07,WAS,Washington Union Station,2026-08-07T13:02:00Z,2026-08-07T14:00:00Z,2026-08-07T13:02:00Z,2026-08-07T14:00:00Z,2026-08-07T13:49:54Z,64.1
amtrak,NER,182,2026-08-07,BAL,Baltimore Penn Station,2026-08-07T14:13:00Z,2026-08-07T14:11:00Z,2026-08-07T14:11:00Z,2026-08-07T14:11:00Z,2026-08-07T13:49:54Z,64.1
amtrak,NER,182,2026-08-07,WAS,Washington Union Station,2026-08-07T13:29:00Z,2026-08-07T13:29:00Z,2026-08-07T13:29:00Z,2026-08-07T13:29:00Z,2026-08-07T13:49:54Z,64.1
amtrak,NER,183,2026-08-07,BAL,Baltimore Penn Station,2026-08-07T14:20:00Z,2026-08-07T14:17:00Z,2026-08-07T14:17:00Z,2026-08-07T14:17:00Z,2026-08-07T13:49:54Z,64.1
amtrak,NER,183,2026-08-07,WAS,Washington Union Station,2026-08-07T15:04:00Z,2026-08-07T15:04:00Z,2026-08-07T15:04:00Z,2026-08-07T15:04:00Z,2026-08-07T13:49:54Z,64.1
amtrak,NER,185,2026-08-07,BAL,Baltimore Penn Station,2026-08-07T16:07:00Z,2026-08-07T16:05:00Z,2026-08-07T16:05:00Z,2026-08-07T16:05:00Z,2026-08-07T13:49:54Z,64.1
amtrak,NER,185,2026-08-07,WAS,Washington Union Station,2026-08-07T16:52:00Z,2026-08-07T16:47:00Z,2026-08-07T16:52:00Z,2026-08-07T16:47:00Z,2026-08-07T13:49:54Z,64.1
marc,11705,Train412,2026-08-07,11958,UNION STATION MARC Washington,2026-08-07T13:00:00Z,2026-08-07T13:01:11Z,NA,NA,2026-08-07T13:52:55Z,63
marc,11705,Train412,2026-08-07,12002,PENN STATION MARC nb,NA,NA,2026-08-07T13:56:00Z,2026-08-07T13:56:29Z,2026-08-07T13:52:55Z,63
marc,11705,Train423,2026-08-07,11980,PENN STATION MARC sb,2026-08-07T13:00:00Z,2026-08-07T13:00:17Z,NA,NA,2026-08-07T13:52:55Z,63
marc,11705,Train423,2026-08-07,11958,UNION STATION MARC Washington,NA,NA,2026-08-07T14:03:00Z,2026-08-07T14:10:25Z,2026-08-07T13:52:55Z,63
marc,11705,Train414,2026-08-07,11958,UNION STATION MARC Washington,2026-08-07T13:45:00Z,2026-08-07T13:47:10Z,NA,NA,2026-08-07T13:52:55Z,63
marc,11705,Train414,2026-08-07,12002,PENN STATION MARC nb,NA,NA,2026-08-07T14:42:00Z,2026-08-07T14:44:09Z,2026-08-07T13:52:55Z,63
marc,11705,Train525,2026-08-07,11980,PENN STATION MARC sb,2026-08-07T13:30:00Z,2026-08-07T13:39:57Z,2026-08-07T13:28:00Z,2026-08-07T13:35:57Z,2026-08-07T13:52:55Z,63
marc,11705,Train525,2026-08-07,11958,UNION STATION MARC Washington,NA,NA,2026-08-07T14:28:00Z,2026-08-07T14:39:47Z,2026-08-07T13:52:55Z,63
amtrak,NER,66,2026-08-07,BAL,Baltimore Penn Station,2026-08-07T02:51:00Z,2026-08-07T02:51:00Z,2026-08-07T02:49:00Z,2026-08-07T02:47:00Z,2026-08-07T13:52:55Z,63
amtrak,NER,66,2026-08-07,WAS,Washington Union Station,2026-08-07T02:00:00Z,2026-08-07T02:09:00Z,2026-08-07T01:28:00Z,2026-08-07T01:43:00Z,2026-08-07T13:52:55Z,63
amtrak,NER,67,2026-08-07,BAL,Baltimore Penn Station,2026-08-07T10:04:00Z,2026-08-07T10:06:00Z,2026-08-07T10:02:00Z,2026-08-07T09:57:00Z,2026-08-07T13:52:55Z,63
amtrak,NER,67,2026-08-07,WAS,Washington Union Station,2026-08-07T11:20:00Z,2026-08-07T11:23:00Z,2026-08-07T10:54:00Z,2026-08-07T10:57:00Z,2026-08-07T13:52:55Z,63
amtrak,NER,85,2026-08-07,BAL,Baltimore Penn Station,2026-08-07T21:50:00Z,2026-08-07T21:50:00Z,2026-08-07T21:47:00Z,2026-08-07T21:47:00Z,2026-08-07T13:52:55Z,63
amtrak,NER,85,2026-08-07,WAS,Washington Union Station,2026-08-07T22:39:00Z,2026-08-07T22:39:00Z,2026-08-07T22:39:00Z,2026-08-07T22:28:00Z,2026-08-07T13:52:55Z,63
amtrak,NER,86,2026-08-07,BAL,Baltimore Penn Station,2026-08-07T13:32:00Z,2026-08-07T13:36:00Z,2026-08-07T13:30:00Z,2026-08-07T13:34:00Z,2026-08-07T13:52:55Z,63
amtrak,NER,86,2026-08-07,WAS,Washington Union Station,2026-08-07T12:50:00Z,2026-08-07T12:53:00Z,2026-08-07T12:18:00Z,2026-08-07T12:34:00Z,2026-08-07T13:52:55Z,63
amtrak,NER,93,2026-08-07,BAL,Baltimore Penn Station,2026-08-07T20:39:00Z,2026-08-07T20:37:00Z,2026-08-07T20:37:00Z,2026-08-07T20:37:00Z,2026-08-07T13:52:55Z,63
amtrak,NER,93,2026-08-07,WAS,Washington Union Station,2026-08-07T22:05:00Z,2026-08-07T21:25:00Z,2026-08-07T21:25:00Z,2026-08-07T21:25:00Z,2026-08-07T13:52:55Z,63
amtrak,NER,94,2026-08-07,BAL,Baltimore Penn Station,2026-08-07T18:43:00Z,2026-08-07T18:41:00Z,2026-08-07T18:41:00Z,2026-08-07T18:41:00Z,2026-08-07T13:52:55Z,63
amtrak,NER,94,2026-08-07,WAS,Washington Union Station,2026-08-07T18:00:00Z,2026-08-07T17:23:00Z,2026-08-07T17:23:00Z,2026-08-07T17:23:00Z,2026-08-07T13:52:55Z,63
amtrak,NER,95,2026-08-07,BAL,Baltimore Penn Station,2026-08-07T17:23:00Z,2026-08-07T17:14:00Z,2026-08-07T17:14:00Z,2026-08-07T17:14:00Z,2026-08-07T13:52:55Z,63
amtrak,NER,95,2026-08-07,WAS,Washington Union Station,2026-08-07T18:35:00Z,2026-08-07T18:05:00Z,2026-08-07T18:05:00Z,2026-08-07T18:05:00Z,2026-08-07T13:52:55Z,63
amtrak,NER,112,2026-08-07,BAL,Baltimore Penn Station,2026-08-07T12:22:00Z,2026-08-07T12:26:00Z,2026-08-07T12:20:00Z,2026-08-07T12:23:00Z,2026-08-07T13:52:55Z,63
amtrak,NER,112,2026-08-07,WAS,Washington Union Station,2026-08-07T11:40:00Z,2026-08-07T11:42:00Z,2026-08-07T11:40:00Z,2026-08-07T11:42:00Z,2026-08-07T13:52:55Z,63
amtrak,NER,113,2026-08-07,BAL,Baltimore Penn Station,2026-08-07T13:07:00Z,2026-08-07T13:09:00Z,2026-08-07T13:05:00Z,2026-08-07T13:06:00Z,2026-08-07T13:52:55Z,63
amtrak,NER,113,2026-08-07,WAS,Washington Union Station,2026-08-07T13:53:00Z,2026-08-07T13:53:00Z,2026-08-07T13:53:00Z,2026-08-07T13:53:00Z,2026-08-07T13:52:55Z,63
amtrak,NER,125,2026-08-07,BAL,Baltimore Penn Station,2026-08-07T18:28:00Z,2026-08-07T18:26:00Z,2026-08-07T18:25:00Z,2026-08-07T18:26:00Z,2026-08-07T13:52:55Z,63
amtrak,NER,125,2026-08-07,WAS,Washington Union Station,2026-08-07T19:50:00Z,2026-08-07T19:11:00Z,2026-08-07T19:11:00Z,2026-08-07T19:11:00Z,2026-08-07T13:52:55Z,63
amtrak,NER,130,2026-08-07,BAL,Baltimore Penn Station,2026-08-07T11:05:00Z,2026-08-07T11:05:00Z,2026-08-07T11:03:00Z,2026-08-07T10:56:00Z,2026-08-07T13:52:55Z,63
amtrak,NER,130,2026-08-07,WAS,Washington Union Station,2026-08-07T10:20:00Z,2026-08-07T10:20:00Z,2026-08-07T10:20:00Z,2026-08-07T10:20:00Z,2026-08-07T13:52:55Z,63
amtrak,NER,141,2026-08-07,BAL,Baltimore Penn Station,2026-08-07T15:00:00Z,2026-08-07T14:58:00Z,2026-08-07T14:58:00Z,2026-08-07T14:58:00Z,2026-08-07T13:52:55Z,63
amtrak,NER,141,2026-08-07,WAS,Washington Union Station,2026-08-07T15:41:00Z,2026-08-07T15:40:00Z,2026-08-07T15:41:00Z,2026-08-07T15:40:00Z,2026-08-07T13:52:55Z,63
amtrak,NER,151,2026-08-07,BAL,Baltimore Penn Station,2026-08-07T10:10:00Z,2026-08-07T10:12:00Z,2026-08-07T10:08:00Z,2026-08-07T10:10:00Z,2026-08-07T13:52:55Z,63
amtrak,NER,151,2026-08-07,WAS,Washington Union Station,2026-08-07T11:30:00Z,2026-08-07T11:39:00Z,2026-08-07T10:58:00Z,2026-08-07T11:00:00Z,2026-08-07T13:52:55Z,63
amtrak,NER,170,2026-08-07,BAL,Baltimore Penn Station,2026-08-07T09:44:00Z,2026-08-07T09:44:00Z,2026-08-07T09:42:00Z,2026-08-07T09:42:00Z,2026-08-07T13:52:55Z,63
amtrak,NER,170,2026-08-07,WAS,Washington Union Station,2026-08-07T09:05:00Z,2026-08-07T09:05:00Z,2026-08-07T09:05:00Z,2026-08-07T09:05:00Z,2026-08-07T13:52:55Z,63
amtrak,NER,171,2026-08-07,BAL,Baltimore Penn Station,2026-08-07T19:33:00Z,2026-08-07T19:30:00Z,2026-08-07T19:30:00Z,2026-08-07T19:30:00Z,2026-08-07T13:52:55Z,63
amtrak,NER,171,2026-08-07,WAS,Washington Union Station,2026-08-07T21:00:00Z,2026-08-07T20:25:00Z,2026-08-07T20:25:00Z,2026-08-07T20:25:00Z,2026-08-07T13:52:55Z,63
amtrak,NER,172,2026-08-07,BAL,Baltimore Penn Station,2026-08-07T11:50:00Z,2026-08-07T11:56:00Z,2026-08-07T11:48:00Z,2026-08-07T11:52:00Z,2026-08-07T13:52:55Z,63
amtrak,NER,172,2026-08-07,WAS,Washington Union Station,2026-08-07T11:06:00Z,2026-08-07T11:06:00Z,2026-08-07T11:06:00Z,2026-08-07T11:06:00Z,2026-08-07T13:52:55Z,63
amtrak,NER,174,2026-08-07,BAL,Baltimore Penn Station,2026-08-07T15:18:00Z,2026-08-07T15:18:00Z,2026-08-07T15:16:00Z,2026-08-07T15:16:00Z,2026-08-07T13:52:55Z,63
amtrak,NER,174,2026-08-07,WAS,Washington Union Station,2026-08-07T14:35:00Z,2026-08-07T14:35:00Z,2026-08-07T14:35:00Z,2026-08-07T14:16:00Z,2026-08-07T13:52:55Z,63
amtrak,NER,178,2026-08-07,BAL,Baltimore Penn Station,2026-08-07T20:39:00Z,2026-08-07T20:37:00Z,2026-08-07T20:37:00Z,2026-08-07T20:37:00Z,2026-08-07T13:52:55Z,63
amtrak,NER,178,2026-08-07,WAS,Washington Union Station,2026-08-07T19:56:00Z,2026-08-07T18:55:00Z,2026-08-07T18:55:00Z,2026-08-07T18:55:00Z,2026-08-07T13:52:55Z,63
amtrak,NER,181,2026-08-07,BAL,Baltimore Penn Station,2026-08-07T12:22:00Z,2026-08-07T12:46:00Z,2026-08-07T12:19:00Z,2026-08-07T12:42:00Z,2026-08-07T13:52:55Z,63
amtrak,NER,181,2026-08-07,WAS,Washington Union Station,2026-08-07T13:02:00Z,2026-08-07T14:05:00Z,2026-08-07T13:02:00Z,2026-08-07T14:05:00Z,2026-08-07T13:52:55Z,63
amtrak,NER,182,2026-08-07,BAL,Baltimore Penn Station,2026-08-07T14:13:00Z,2026-08-07T14:11:00Z,2026-08-07T14:11:00Z,2026-08-07T14:11:00Z,2026-08-07T13:52:55Z,63
amtrak,NER,182,2026-08-07,WAS,Washington Union Station,2026-08-07T13:29:00Z,2026-08-07T13:29:00Z,2026-08-07T13:29:00Z,2026-08-07T13:29:00Z,2026-08-07T13:52:55Z,63
amtrak,NER,183,2026-08-07,BAL,Baltimore Penn Station,2026-08-07T14:20:00Z,2026-08-07T14:17:00Z,2026-08-07T14:17:00Z,2026-08-07T14:17:00Z,2026-08-07T13:52:55Z,63
amtrak,NER,183,2026-08-07,WAS,Washington Union Station,2026-08-07T15:04:00Z,2026-08-07T15:04:00Z,2026-08-07T15:04:00Z,2026-08-07T15:04:00Z,2026-08-07T13:52:55Z,63
amtrak,NER,185,2026-08-07,BAL,Baltimore Penn Station,2026-08-07T16:07:00Z,2026-08-07T16:05:00Z,2026-08-07T16:05:00Z,2026-08-07T16:05:00Z,2026-08-07T13:52:55Z,63
amtrak,NER,185,2026-08-07,WAS,Washington Union Station,2026-08-07T16:52:00Z,2026-08-07T16:47:00Z,2026-08-07T16:52:00Z,2026-08-07T16:47:00Z,2026-08-07T13:52:55Z,63
marc,11705,Train426,2026-08-07,11958,UNION STATION MARC Washington,2026-08-07T19:00:00Z,2026-08-07T19:00:12Z,NA,NA,2026-08-07T19:50:08Z,105.7
marc,11705,Train426,2026-08-07,12002,PENN STATION MARC nb,NA,NA,2026-08-07T20:00:00Z,2026-08-07T20:12:56Z,2026-08-07T19:50:08Z,105.7
marc,11705,Train428,2026-08-07,11958,UNION STATION MARC Washington,2026-08-07T19:40:00Z,2026-08-07T19:40:45Z,NA,NA,2026-08-07T19:50:08Z,105.7
marc,11705,Train428,2026-08-07,12002,PENN STATION MARC nb,NA,NA,2026-08-07T20:40:00Z,2026-08-07T20:41:07Z,2026-08-07T19:50:08Z,105.7
marc,11705,Train435,2026-08-07,11980,PENN STATION MARC sb,2026-08-07T18:45:00Z,2026-08-07T18:49:24Z,NA,NA,2026-08-07T19:50:08Z,105.7
marc,11705,Train435,2026-08-07,11958,UNION STATION MARC Washington,NA,NA,2026-08-07T19:43:00Z,2026-08-07T19:49:44Z,2026-08-07T19:50:08Z,105.7
marc,11705,Train439,2026-08-07,11958,UNION STATION MARC Washington,NA,NA,2026-08-07T20:45:00Z,2026-08-07T20:45:00Z,2026-08-07T19:50:08Z,105.7
marc,11705,Train537,2026-08-07,11980,PENN STATION MARC sb,2026-08-07T19:28:00Z,2026-08-07T19:30:08Z,2026-08-07T19:18:30Z,2026-08-07T19:26:44Z,2026-08-07T19:50:08Z,105.7
marc,11705,Train537,2026-08-07,11958,UNION STATION MARC Washington,NA,NA,2026-08-07T20:17:00Z,2026-08-07T20:21:48Z,2026-08-07T19:50:08Z,105.7
marc,11705,Train641,2026-08-07,11980,PENN STATION MARC sb,2026-08-07T20:08:00Z,2026-08-07T20:08:00Z,2026-08-07T20:07:00Z,2026-08-07T19:54:49Z,2026-08-07T19:50:08Z,105.7
marc,11705,Train641,2026-08-07,11958,UNION STATION MARC Washington,NA,NA,2026-08-07T21:01:00Z,2026-08-07T21:01:00Z,2026-08-07T19:50:08Z,105.7
amtrak,NER,66,2026-08-07,BAL,Baltimore Penn Station,2026-08-08T02:51:00Z,2026-08-08T02:51:00Z,2026-08-08T02:49:00Z,2026-08-08T02:49:00Z,2026-08-07T19:50:08Z,105.7
amtrak,NER,66,2026-08-07,WAS,Washington Union Station,2026-08-08T02:00:00Z,2026-08-08T02:00:00Z,2026-08-08T01:28:00Z,2026-08-08T01:28:00Z,2026-08-07T19:50:08Z,105.7
amtrak,NER,85,2026-08-07,BAL,Baltimore Penn Station,2026-08-07T21:50:00Z,2026-08-07T21:47:00Z,2026-08-07T21:47:00Z,2026-08-07T21:47:00Z,2026-08-07T19:50:08Z,105.7
amtrak,NER,85,2026-08-07,WAS,Washington Union Station,2026-08-07T22:39:00Z,2026-08-07T22:28:00Z,2026-08-07T22:39:00Z,2026-08-07T22:28:00Z,2026-08-07T19:50:08Z,105.7
amtrak,NER,86,2026-08-07,BAL,Baltimore Penn Station,2026-08-07T13:32:00Z,2026-08-07T13:36:00Z,2026-08-07T13:30:00Z,2026-08-07T13:34:00Z,2026-08-07T19:50:08Z,105.7
amtrak,NER,86,2026-08-07,WAS,Washington Union Station,2026-08-07T12:50:00Z,2026-08-07T12:53:00Z,2026-08-07T12:18:00Z,2026-08-07T12:36:00Z,2026-08-07T19:50:08Z,105.7
amtrak,NER,93,2026-08-07,BAL,Baltimore Penn Station,2026-08-07T20:39:00Z,2026-08-07T20:54:00Z,2026-08-07T20:37:00Z,2026-08-07T20:54:00Z,2026-08-07T19:50:08Z,105.7
amtrak,NER,93,2026-08-07,WAS,Washington Union Station,2026-08-07T22:05:00Z,2026-08-07T21:36:00Z,2026-08-07T21:25:00Z,2026-08-07T21:36:00Z,2026-08-07T19:50:08Z,105.7
amtrak,NER,94,2026-08-07,BAL,Baltimore Penn Station,2026-08-07T18:43:00Z,2026-08-07T18:49:00Z,2026-08-07T18:41:00Z,2026-08-07T18:47:00Z,2026-08-07T19:50:08Z,105.7
amtrak,NER,94,2026-08-07,WAS,Washington Union Station,2026-08-07T18:00:00Z,2026-08-07T18:00:00Z,2026-08-07T17:23:00Z,2026-08-07T17:26:00Z,2026-08-07T19:50:08Z,105.7
amtrak,NER,95,2026-08-07,BAL,Baltimore Penn Station,2026-08-07T17:23:00Z,2026-08-07T17:29:00Z,2026-08-07T17:14:00Z,2026-08-07T17:11:00Z,2026-08-07T19:50:08Z,105.7
amtrak,NER,95,2026-08-07,WAS,Washington Union Station,2026-08-07T18:35:00Z,2026-08-07T18:41:00Z,2026-08-07T18:05:00Z,2026-08-07T18:16:00Z,2026-08-07T19:50:08Z,105.7
amtrak,NER,125,2026-08-07,BAL,Baltimore Penn Station,2026-08-07T18:28:00Z,2026-08-07T18:44:00Z,2026-08-07T18:25:00Z,2026-08-07T18:39:00Z,2026-08-07T19:50:08Z,105.7
amtrak,NER,125,2026-08-07,WAS,Washington Union Station,2026-08-07T19:50:00Z,2026-08-07T19:50:00Z,2026-08-07T19:11:00Z,2026-08-07T19:29:00Z,2026-08-07T19:50:08Z,105.7
amtrak,NER,129,2026-08-07,BAL,Baltimore Penn Station,2026-08-07T23:18:00Z,2026-08-07T23:18:00Z,2026-08-07T23:12:00Z,2026-08-07T23:12:00Z,2026-08-07T19:50:08Z,105.7
amtrak,NER,129,2026-08-07,WAS,Washington Union Station,2026-08-08T00:01:00Z,2026-08-08T00:01:00Z,2026-08-08T00:01:00Z,2026-08-07T23:55:00Z,2026-08-07T19:50:08Z,105.7
amtrak,NER,131,2026-08-07,BAL,Baltimore Penn Station,2026-08-07T19:00:00Z,2026-08-07T19:00:00Z,2026-08-07T18:58:00Z,2026-08-07T18:54:00Z,2026-08-07T19:50:08Z,105.7
amtrak,NER,131,2026-08-07,WAS,Washington Union Station,2026-08-07T19:48:00Z,2026-08-07T19:48:00Z,2026-08-07T19:48:00Z,2026-08-07T19:48:00Z,2026-08-07T19:50:08Z,105.7
amtrak,NER,137,2026-08-07,BAL,Baltimore Penn Station,2026-08-08T01:12:00Z,2026-08-08T01:10:00Z,2026-08-08T01:10:00Z,2026-08-08T01:10:00Z,2026-08-07T19:50:08Z,105.7
amtrak,NER,137,2026-08-07,WAS,Washington Union Station,2026-08-08T02:00:00Z,2026-08-08T01:49:00Z,2026-08-08T02:00:00Z,2026-08-08T01:49:00Z,2026-08-07T19:50:08Z,105.7
amtrak,NER,138,2026-08-07,BAL,Baltimore Penn Station,2026-08-07T23:18:00Z,2026-08-07T23:16:00Z,2026-08-07T23:16:00Z,2026-08-07T23:16:00Z,2026-08-07T19:50:08Z,105.7
amtrak,NER,138,2026-08-07,WAS,Washington Union Station,2026-08-07T22:35:00Z,2026-08-07T21:49:00Z,2026-08-07T21:42:00Z,2026-08-07T21:49:00Z,2026-08-07T19:50:08Z,105.7
amtrak,NER,148,2026-08-07,BAL,Baltimore Penn Station,2026-08-07T19:38:00Z,2026-08-07T19:50:00Z,2026-08-07T19:36:00Z,2026-08-07T19:46:00Z,2026-08-07T19:50:08Z,105.7
amtrak,NER,148,2026-08-07,WAS,Washington Union Station,2026-08-07T18:55:00Z,2026-08-07T19:05:00Z,2026-08-07T18:55:00Z,2026-08-07T19:05:00Z,2026-08-07T19:50:08Z,105.7
amtrak,NER,171,2026-08-07,BAL,Baltimore Penn Station,2026-08-07T19:33:00Z,2026-08-07T19:45:00Z,2026-08-07T19:30:00Z,2026-08-07T19:39:00Z,2026-08-07T19:50:08Z,105.7
amtrak,NER,171,2026-08-07,WAS,Washington Union Station,2026-08-07T21:00:00Z,2026-08-07T20:22:00Z,2026-08-07T20:25:00Z,2026-08-07T20:22:00Z,2026-08-07T19:50:08Z,105.7
amtrak,NER,172,2026-08-07,BAL,Baltimore Penn Station,2026-08-07T11:50:00Z,2026-08-07T11:56:00Z,2026-08-07T11:48:00Z,2026-08-07T11:52:00Z,2026-08-07T19:50:08Z,105.7
amtrak,NER,172,2026-08-07,WAS,Washington Union Station,2026-08-07T11:06:00Z,2026-08-07T11:06:00Z,2026-08-07T11:06:00Z,2026-08-07T11:06:00Z,2026-08-07T19:50:08Z,105.7
amtrak,NER,173,2026-08-07,BAL,Baltimore Penn Station,2026-08-07T22:49:00Z,2026-08-07T23:04:00Z,2026-08-07T22:46:00Z,2026-08-07T23:04:00Z,2026-08-07T19:50:08Z,105.7
amtrak,NER,173,2026-08-07,WAS,Washington Union Station,2026-08-07T23:38:00Z,2026-08-07T23:40:00Z,2026-08-07T23:38:00Z,2026-08-07T23:40:00Z,2026-08-07T19:50:08Z,105.7
amtrak,NER,174,2026-08-07,BAL,Baltimore Penn Station,2026-08-07T15:18:00Z,2026-08-07T15:55:00Z,2026-08-07T15:16:00Z,2026-08-07T15:54:00Z,2026-08-07T19:50:08Z,105.7
amtrak,NER,174,2026-08-07,WAS,Washington Union Station,2026-08-07T14:35:00Z,2026-08-07T15:08:00Z,2026-08-07T14:35:00Z,2026-08-07T15:08:00Z,2026-08-07T19:50:08Z,105.7
amtrak,NER,175,2026-08-07,BAL,Baltimore Penn Station,2026-08-08T02:43:00Z,2026-08-08T02:40:00Z,2026-08-08T02:40:00Z,2026-08-08T02:40:00Z,2026-08-07T19:50:08Z,105.7
amtrak,NER,175,2026-08-07,WAS,Washington Union Station,2026-08-08T03:24:00Z,2026-08-08T03:20:00Z,2026-08-08T03:24:00Z,2026-08-08T03:20:00Z,2026-08-07T19:50:08Z,105.7
amtrak,NER,176,2026-08-07,BAL,Baltimore Penn Station,2026-08-07T20:08:00Z,2026-08-07T20:14:00Z,2026-08-07T20:06:00Z,2026-08-07T20:14:00Z,2026-08-07T19:50:08Z,105.7
amtrak,NER,176,2026-08-07,WAS,Washington Union Station,2026-08-07T19:30:00Z,2026-08-07T19:36:00Z,2026-08-07T19:30:00Z,2026-08-07T19:36:00Z,2026-08-07T19:50:08Z,105.7
amtrak,NER,178,2026-08-07,BAL,Baltimore Penn Station,2026-08-07T20:39:00Z,2026-08-07T20:37:00Z,2026-08-07T20:37:00Z,2026-08-07T20:37:00Z,2026-08-07T19:50:08Z,105.7
amtrak,NER,178,2026-08-07,WAS,Washington Union Station,2026-08-07T19:56:00Z,2026-08-07T19:56:00Z,2026-08-07T18:55:00Z,2026-08-07T19:12:00Z,2026-08-07T19:50:08Z,105.7
amtrak,NER,184,2026-08-07,BAL,Baltimore Penn Station,2026-08-07T17:54:00Z,2026-08-07T17:55:00Z,2026-08-07T17:52:00Z,2026-08-07T17:50:00Z,2026-08-07T19:50:08Z,105.7
amtrak,NER,184,2026-08-07,WAS,Washington Union Station,2026-08-07T17:20:00Z,2026-08-07T17:20:00Z,2026-08-07T17:20:00Z,2026-08-07T17:20:00Z,2026-08-07T19:50:08Z,105.7
amtrak,NER,186,2026-08-07,BAL,Baltimore Penn Station,2026-08-08T01:14:00Z,2026-08-08T01:14:00Z,2026-08-08T01:12:00Z,2026-08-08T01:12:00Z,2026-08-07T19:50:08Z,105.7
amtrak,NER,186,2026-08-07,WAS,Washington Union Station,2026-08-08T00:30:00Z,2026-08-08T00:30:00Z,2026-08-07T23:55:00Z,2026-08-07T23:55:00Z,2026-08-07T19:50:08Z,105.7
marc,11705,Train426,2026-08-07,11958,UNION STATION MARC Washington,2026-08-07T19:00:00Z,2026-08-07T19:00:12Z,NA,NA,2026-08-07T19:53:10Z,104.6
marc,11705,Train426,2026-08-07,12002,PENN STATION MARC nb,NA,NA,2026-08-07T20:00:00Z,2026-08-07T20:08:55Z,2026-08-07T19:53:10Z,104.6
marc,11705,Train428,2026-08-07,11958,UNION STATION MARC Washington,2026-08-07T19:40:00Z,2026-08-07T19:40:45Z,NA,NA,2026-08-07T19:53:10Z,104.6
marc,11705,Train428,2026-08-07,12002,PENN STATION MARC nb,NA,NA,2026-08-07T20:40:00Z,2026-08-07T20:41:04Z,2026-08-07T19:53:10Z,104.6
marc,11705,Train439,2026-08-07,11958,UNION STATION MARC Washington,NA,NA,2026-08-07T20:45:00Z,2026-08-07T20:52:38Z,2026-08-07T19:53:10Z,104.6
marc,11705,Train537,2026-08-07,11980,PENN STATION MARC sb,2026-08-07T19:28:00Z,2026-08-07T19:30:08Z,2026-08-07T19:18:30Z,2026-08-07T19:26:44Z,2026-08-07T19:53:10Z,104.6
marc,11705,Train537,2026-08-07,11958,UNION STATION MARC Washington,NA,NA,2026-08-07T20:17:00Z,2026-08-07T20:23:08Z,2026-08-07T19:53:10Z,104.6
marc,11705,Train641,2026-08-07,11980,PENN STATION MARC sb,2026-08-07T20:08:00Z,2026-08-07T20:08:00Z,2026-08-07T20:07:00Z,2026-08-07T19:57:23Z,2026-08-07T19:53:10Z,104.6
marc,11705,Train641,2026-08-07,11958,UNION STATION MARC Washington,NA,NA,2026-08-07T21:01:00Z,2026-08-07T21:01:00Z,2026-08-07T19:53:10Z,104.6
amtrak,NER,66,2026-08-07,BAL,Baltimore Penn Station,2026-08-08T02:51:00Z,2026-08-08T02:51:00Z,2026-08-08T02:49:00Z,2026-08-08T02:49:00Z,2026-08-07T19:53:10Z,104.6
amtrak,NER,66,2026-08-07,WAS,Washington Union Station,2026-08-08T02:00:00Z,2026-08-08T02:00:00Z,2026-08-08T01:28:00Z,2026-08-08T01:28:00Z,2026-08-07T19:53:10Z,104.6
amtrak,NER,85,2026-08-07,BAL,Baltimore Penn Station,2026-08-07T21:50:00Z,2026-08-07T21:47:00Z,2026-08-07T21:47:00Z,2026-08-07T21:47:00Z,2026-08-07T19:53:10Z,104.6
amtrak,NER,85,2026-08-07,WAS,Washington Union Station,2026-08-07T22:39:00Z,2026-08-07T22:28:00Z,2026-08-07T22:39:00Z,2026-08-07T22:28:00Z,2026-08-07T19:53:10Z,104.6
amtrak,NER,86,2026-08-07,BAL,Baltimore Penn Station,2026-08-07T13:32:00Z,2026-08-07T13:36:00Z,2026-08-07T13:30:00Z,2026-08-07T13:34:00Z,2026-08-07T19:53:10Z,104.6
amtrak,NER,86,2026-08-07,WAS,Washington Union Station,2026-08-07T12:50:00Z,2026-08-07T12:53:00Z,2026-08-07T12:18:00Z,2026-08-07T12:36:00Z,2026-08-07T19:53:10Z,104.6
amtrak,NER,93,2026-08-07,BAL,Baltimore Penn Station,2026-08-07T20:39:00Z,2026-08-07T20:54:00Z,2026-08-07T20:37:00Z,2026-08-07T20:54:00Z,2026-08-07T19:53:10Z,104.6
amtrak,NER,93,2026-08-07,WAS,Washington Union Station,2026-08-07T22:05:00Z,2026-08-07T21:36:00Z,2026-08-07T21:25:00Z,2026-08-07T21:36:00Z,2026-08-07T19:53:10Z,104.6
amtrak,NER,94,2026-08-07,BAL,Baltimore Penn Station,2026-08-07T18:43:00Z,2026-08-07T18:49:00Z,2026-08-07T18:41:00Z,2026-08-07T18:47:00Z,2026-08-07T19:53:10Z,104.6
amtrak,NER,94,2026-08-07,WAS,Washington Union Station,2026-08-07T18:00:00Z,2026-08-07T18:00:00Z,2026-08-07T17:23:00Z,2026-08-07T17:26:00Z,2026-08-07T19:53:10Z,104.6
amtrak,NER,95,2026-08-07,BAL,Baltimore Penn Station,2026-08-07T17:23:00Z,2026-08-07T17:29:00Z,2026-08-07T17:14:00Z,2026-08-07T17:11:00Z,2026-08-07T19:53:10Z,104.6
amtrak,NER,95,2026-08-07,WAS,Washington Union Station,2026-08-07T18:35:00Z,2026-08-07T18:41:00Z,2026-08-07T18:05:00Z,2026-08-07T18:16:00Z,2026-08-07T19:53:10Z,104.6
amtrak,NER,125,2026-08-07,BAL,Baltimore Penn Station,2026-08-07T18:28:00Z,2026-08-07T18:44:00Z,2026-08-07T18:25:00Z,2026-08-07T18:39:00Z,2026-08-07T19:53:10Z,104.6
amtrak,NER,125,2026-08-07,WAS,Washington Union Station,2026-08-07T19:50:00Z,2026-08-07T19:50:00Z,2026-08-07T19:11:00Z,2026-08-07T19:29:00Z,2026-08-07T19:53:10Z,104.6
amtrak,NER,129,2026-08-07,BAL,Baltimore Penn Station,2026-08-07T23:18:00Z,2026-08-07T23:18:00Z,2026-08-07T23:12:00Z,2026-08-07T23:12:00Z,2026-08-07T19:53:10Z,104.6
amtrak,NER,129,2026-08-07,WAS,Washington Union Station,2026-08-08T00:01:00Z,2026-08-08T00:01:00Z,2026-08-08T00:01:00Z,2026-08-07T23:55:00Z,2026-08-07T19:53:10Z,104.6
amtrak,NER,131,2026-08-07,BAL,Baltimore Penn Station,2026-08-07T19:00:00Z,2026-08-07T19:00:00Z,2026-08-07T18:58:00Z,2026-08-07T18:54:00Z,2026-08-07T19:53:10Z,104.6
amtrak,NER,131,2026-08-07,WAS,Washington Union Station,2026-08-07T19:48:00Z,2026-08-07T19:51:00Z,2026-08-07T19:48:00Z,2026-08-07T19:51:00Z,2026-08-07T19:53:10Z,104.6
amtrak,NER,137,2026-08-07,BAL,Baltimore Penn Station,2026-08-08T01:12:00Z,2026-08-08T01:10:00Z,2026-08-08T01:10:00Z,2026-08-08T01:10:00Z,2026-08-07T19:53:10Z,104.6
amtrak,NER,137,2026-08-07,WAS,Washington Union Station,2026-08-08T02:00:00Z,2026-08-08T01:49:00Z,2026-08-08T02:00:00Z,2026-08-08T01:49:00Z,2026-08-07T19:53:10Z,104.6
amtrak,NER,138,2026-08-07,BAL,Baltimore Penn Station,2026-08-07T23:18:00Z,2026-08-07T23:16:00Z,2026-08-07T23:16:00Z,2026-08-07T23:16:00Z,2026-08-07T19:53:10Z,104.6
amtrak,NER,138,2026-08-07,WAS,Washington Union Station,2026-08-07T22:35:00Z,2026-08-07T21:49:00Z,2026-08-07T21:42:00Z,2026-08-07T21:49:00Z,2026-08-07T19:53:10Z,104.6
amtrak,NER,148,2026-08-07,BAL,Baltimore Penn Station,2026-08-07T19:38:00Z,2026-08-07T19:48:00Z,2026-08-07T19:36:00Z,2026-08-07T19:46:00Z,2026-08-07T19:53:10Z,104.6
amtrak,NER,148,2026-08-07,WAS,Washington Union Station,2026-08-07T18:55:00Z,2026-08-07T19:05:00Z,2026-08-07T18:55:00Z,2026-08-07T19:05:00Z,2026-08-07T19:53:10Z,104.6
amtrak,NER,171,2026-08-07,BAL,Baltimore Penn Station,2026-08-07T19:33:00Z,2026-08-07T19:45:00Z,2026-08-07T19:30:00Z,2026-08-07T19:39:00Z,2026-08-07T19:53:10Z,104.6
amtrak,NER,171,2026-08-07,WAS,Washington Union Station,2026-08-07T21:00:00Z,2026-08-07T20:22:00Z,2026-08-07T20:25:00Z,2026-08-07T20:22:00Z,2026-08-07T19:53:10Z,104.6
amtrak,NER,172,2026-08-07,BAL,Baltimore Penn Station,2026-08-07T11:50:00Z,2026-08-07T11:56:00Z,2026-08-07T11:48:00Z,2026-08-07T11:52:00Z,2026-08-07T19:53:10Z,104.6
amtrak,NER,172,2026-08-07,WAS,Washington Union Station,2026-08-07T11:06:00Z,2026-08-07T11:06:00Z,2026-08-07T11:06:00Z,2026-08-07T11:06:00Z,2026-08-07T19:53:10Z,104.6
amtrak,NER,173,2026-08-07,BAL,Baltimore Penn Station,2026-08-07T22:49:00Z,2026-08-07T23:04:00Z,2026-08-07T22:46:00Z,2026-08-07T23:04:00Z,2026-08-07T19:53:10Z,104.6
amtrak,NER,173,2026-08-07,WAS,Washington Union Station,2026-08-07T23:38:00Z,2026-08-07T23:40:00Z,2026-08-07T23:38:00Z,2026-08-07T23:40:00Z,2026-08-07T19:53:10Z,104.6
amtrak,NER,174,2026-08-07,BAL,Baltimore Penn Station,2026-08-07T15:18:00Z,2026-08-07T15:55:00Z,2026-08-07T15:16:00Z,2026-08-07T15:54:00Z,2026-08-07T19:53:10Z,104.6
amtrak,NER,174,2026-08-07,WAS,Washington Union Station,2026-08-07T14:35:00Z,2026-08-07T15:08:00Z,2026-08-07T14:35:00Z,2026-08-07T15:08:00Z,2026-08-07T19:53:10Z,104.6
amtrak,NER,175,2026-08-07,BAL,Baltimore Penn Station,2026-08-08T02:43:00Z,2026-08-08T02:40:00Z,2026-08-08T02:40:00Z,2026-08-08T02:40:00Z,2026-08-07T19:53:10Z,104.6
amtrak,NER,175,2026-08-07,WAS,Washington Union Station,2026-08-08T03:24:00Z,2026-08-08T03:20:00Z,2026-08-08T03:24:00Z,2026-08-08T03:20:00Z,2026-08-07T19:53:10Z,104.6
amtrak,NER,176,2026-08-07,BAL,Baltimore Penn Station,2026-08-07T20:08:00Z,2026-08-07T20:14:00Z,2026-08-07T20:06:00Z,2026-08-07T20:14:00Z,2026-08-07T19:53:10Z,104.6
amtrak,NER,176,2026-08-07,WAS,Washington Union Station,2026-08-07T19:30:00Z,2026-08-07T19:36:00Z,2026-08-07T19:30:00Z,2026-08-07T19:36:00Z,2026-08-07T19:53:10Z,104.6
amtrak,NER,178,2026-08-07,BAL,Baltimore Penn Station,2026-08-07T20:39:00Z,2026-08-07T20:37:00Z,2026-08-07T20:37:00Z,2026-08-07T20:37:00Z,2026-08-07T19:53:10Z,104.6
amtrak,NER,178,2026-08-07,WAS,Washington Union Station,2026-08-07T19:56:00Z,2026-08-07T19:56:00Z,2026-08-07T18:55:00Z,2026-08-07T19:12:00Z,2026-08-07T19:53:10Z,104.6
amtrak,NER,184,2026-08-07,BAL,Baltimore Penn Station,2026-08-07T17:54:00Z,2026-08-07T17:55:00Z,2026-08-07T17:52:00Z,2026-08-07T17:50:00Z,2026-08-07T19:53:10Z,104.6
amtrak,NER,184,2026-08-07,WAS,Washington Union Station,2026-08-07T17:20:00Z,2026-08-07T17:20:00Z,2026-08-07T17:20:00Z,2026-08-07T17:20:00Z,2026-08-07T19:53:10Z,104.6
amtrak,NER,186,2026-08-07,BAL,Baltimore Penn Station,2026-08-08T01:14:00Z,2026-08-08T01:14:00Z,2026-08-08T01:12:00Z,2026-08-08T01:12:00Z,2026-08-07T19:53:10Z,104.6
amtrak,NER,186,2026-08-07,WAS,Washington Union Station,2026-08-08T00:30:00Z,2026-08-08T00:30:00Z,2026-08-07T23:55:00Z,2026-08-07T23:55:00Z,2026-08-07T19:53:10Z,104.6
marc,11705,Train426,2026-08-07,11958,UNION STATION MARC Washington,2026-08-07T19:00:00Z,2026-08-07T19:00:12Z,NA,NA,2026-08-07T19:56:11Z,104.3
marc,11705,Train426,2026-08-07,12002,PENN STATION MARC nb,NA,NA,2026-08-07T20:00:00Z,2026-08-07T20:08:55Z,2026-08-07T19:56:11Z,104.3
marc,11705,Train428,2026-08-07,11958,UNION STATION MARC Washington,2026-08-07T19:40:00Z,2026-08-07T19:40:45Z,NA,NA,2026-08-07T19:56:11Z,104.3
marc,11705,Train428,2026-08-07,12002,PENN STATION MARC nb,NA,NA,2026-08-07T20:40:00Z,2026-08-07T20:40:38Z,2026-08-07T19:56:11Z,104.3
marc,11705,Train439,2026-08-07,11958,UNION STATION MARC Washington,NA,NA,2026-08-07T20:45:00Z,2026-08-07T20:55:29Z,2026-08-07T19:56:11Z,104.3
marc,11705,Train537,2026-08-07,11980,PENN STATION MARC sb,2026-08-07T19:28:00Z,2026-08-07T19:30:08Z,2026-08-07T19:18:30Z,2026-08-07T19:26:44Z,2026-08-07T19:56:11Z,104.3
marc,11705,Train537,2026-08-07,11958,UNION STATION MARC Washington,NA,NA,2026-08-07T20:17:00Z,2026-08-07T20:23:37Z,2026-08-07T19:56:11Z,104.3
marc,11705,Train641,2026-08-07,11980,PENN STATION MARC sb,2026-08-07T20:08:00Z,2026-08-07T20:08:00Z,2026-08-07T20:07:00Z,2026-08-07T20:00:23Z,2026-08-07T19:56:11Z,104.3
marc,11705,Train641,2026-08-07,11958,UNION STATION MARC Washington,NA,NA,2026-08-07T21:01:00Z,2026-08-07T21:01:00Z,2026-08-07T19:56:11Z,104.3
amtrak,NER,66,2026-08-07,BAL,Baltimore Penn Station,2026-08-08T02:51:00Z,2026-08-08T02:51:00Z,2026-08-08T02:49:00Z,2026-08-08T02:49:00Z,2026-08-07T19:56:11Z,104.3
amtrak,NER,66,2026-08-07,WAS,Washington Union Station,2026-08-08T02:00:00Z,2026-08-08T02:00:00Z,2026-08-08T01:28:00Z,2026-08-08T01:28:00Z,2026-08-07T19:56:11Z,104.3
amtrak,NER,85,2026-08-07,BAL,Baltimore Penn Station,2026-08-07T21:50:00Z,2026-08-07T21:47:00Z,2026-08-07T21:47:00Z,2026-08-07T21:47:00Z,2026-08-07T19:56:11Z,104.3
amtrak,NER,85,2026-08-07,WAS,Washington Union Station,2026-08-07T22:39:00Z,2026-08-07T22:28:00Z,2026-08-07T22:39:00Z,2026-08-07T22:28:00Z,2026-08-07T19:56:11Z,104.3
amtrak,NER,86,2026-08-07,BAL,Baltimore Penn Station,2026-08-07T13:32:00Z,2026-08-07T13:36:00Z,2026-08-07T13:30:00Z,2026-08-07T13:34:00Z,2026-08-07T19:56:11Z,104.3
amtrak,NER,86,2026-08-07,WAS,Washington Union Station,2026-08-07T12:50:00Z,2026-08-07T12:53:00Z,2026-08-07T12:18:00Z,2026-08-07T12:36:00Z,2026-08-07T19:56:11Z,104.3
amtrak,NER,93,2026-08-07,BAL,Baltimore Penn Station,2026-08-07T20:39:00Z,2026-08-07T20:54:00Z,2026-08-07T20:37:00Z,2026-08-07T20:54:00Z,2026-08-07T19:56:11Z,104.3
amtrak,NER,93,2026-08-07,WAS,Washington Union Station,2026-08-07T22:05:00Z,2026-08-07T21:36:00Z,2026-08-07T21:25:00Z,2026-08-07T21:36:00Z,2026-08-07T19:56:11Z,104.3
amtrak,NER,94,2026-08-07,BAL,Baltimore Penn Station,2026-08-07T18:43:00Z,2026-08-07T18:49:00Z,2026-08-07T18:41:00Z,2026-08-07T18:47:00Z,2026-08-07T19:56:11Z,104.3
amtrak,NER,94,2026-08-07,WAS,Washington Union Station,2026-08-07T18:00:00Z,2026-08-07T18:00:00Z,2026-08-07T17:23:00Z,2026-08-07T17:26:00Z,2026-08-07T19:56:11Z,104.3
amtrak,NER,95,2026-08-07,BAL,Baltimore Penn Station,2026-08-07T17:23:00Z,2026-08-07T17:29:00Z,2026-08-07T17:14:00Z,2026-08-07T17:11:00Z,2026-08-07T19:56:11Z,104.3
amtrak,NER,95,2026-08-07,WAS,Washington Union Station,2026-08-07T18:35:00Z,2026-08-07T18:41:00Z,2026-08-07T18:05:00Z,2026-08-07T18:16:00Z,2026-08-07T19:56:11Z,104.3
amtrak,NER,125,2026-08-07,BAL,Baltimore Penn Station,2026-08-07T18:28:00Z,2026-08-07T18:44:00Z,2026-08-07T18:25:00Z,2026-08-07T18:39:00Z,2026-08-07T19:56:11Z,104.3
amtrak,NER,125,2026-08-07,WAS,Washington Union Station,2026-08-07T19:50:00Z,2026-08-07T19:50:00Z,2026-08-07T19:11:00Z,2026-08-07T19:29:00Z,2026-08-07T19:56:11Z,104.3
amtrak,NER,129,2026-08-07,BAL,Baltimore Penn Station,2026-08-07T23:18:00Z,2026-08-07T23:18:00Z,2026-08-07T23:12:00Z,2026-08-07T23:12:00Z,2026-08-07T19:56:11Z,104.3
amtrak,NER,129,2026-08-07,WAS,Washington Union Station,2026-08-08T00:01:00Z,2026-08-08T00:01:00Z,2026-08-08T00:01:00Z,2026-08-07T23:55:00Z,2026-08-07T19:56:11Z,104.3
amtrak,NER,131,2026-08-07,BAL,Baltimore Penn Station,2026-08-07T19:00:00Z,2026-08-07T19:00:00Z,2026-08-07T18:58:00Z,2026-08-07T18:54:00Z,2026-08-07T19:56:11Z,104.3
amtrak,NER,131,2026-08-07,WAS,Washington Union Station,2026-08-07T19:48:00Z,2026-08-07T19:51:00Z,2026-08-07T19:48:00Z,2026-08-07T19:51:00Z,2026-08-07T19:56:11Z,104.3
amtrak,NER,137,2026-08-07,BAL,Baltimore Penn Station,2026-08-08T01:12:00Z,2026-08-08T01:10:00Z,2026-08-08T01:10:00Z,2026-08-08T01:10:00Z,2026-08-07T19:56:11Z,104.3
amtrak,NER,137,2026-08-07,WAS,Washington Union Station,2026-08-08T02:00:00Z,2026-08-08T01:49:00Z,2026-08-08T02:00:00Z,2026-08-08T01:49:00Z,2026-08-07T19:56:11Z,104.3
amtrak,NER,138,2026-08-07,BAL,Baltimore Penn Station,2026-08-07T23:18:00Z,2026-08-07T23:16:00Z,2026-08-07T23:16:00Z,2026-08-07T23:16:00Z,2026-08-07T19:56:11Z,104.3
amtrak,NER,138,2026-08-07,WAS,Washington Union Station,2026-08-07T22:35:00Z,2026-08-07T21:52:00Z,2026-08-07T21:42:00Z,2026-08-07T21:52:00Z,2026-08-07T19:56:11Z,104.3
amtrak,NER,148,2026-08-07,BAL,Baltimore Penn Station,2026-08-07T19:38:00Z,2026-08-07T19:48:00Z,2026-08-07T19:36:00Z,2026-08-07T19:46:00Z,2026-08-07T19:56:11Z,104.3
amtrak,NER,148,2026-08-07,WAS,Washington Union Station,2026-08-07T18:55:00Z,2026-08-07T19:05:00Z,2026-08-07T18:55:00Z,2026-08-07T19:05:00Z,2026-08-07T19:56:11Z,104.3
amtrak,NER,171,2026-08-07,BAL,Baltimore Penn Station,2026-08-07T19:33:00Z,2026-08-07T19:45:00Z,2026-08-07T19:30:00Z,2026-08-07T19:39:00Z,2026-08-07T19:56:11Z,104.3
amtrak,NER,171,2026-08-07,WAS,Washington Union Station,2026-08-07T21:00:00Z,2026-08-07T20:22:00Z,2026-08-07T20:25:00Z,2026-08-07T20:22:00Z,2026-08-07T19:56:11Z,104.3
amtrak,NER,172,2026-08-07,BAL,Baltimore Penn Station,2026-08-07T11:50:00Z,2026-08-07T11:56:00Z,2026-08-07T11:48:00Z,2026-08-07T11:52:00Z,2026-08-07T19:56:11Z,104.3
amtrak,NER,172,2026-08-07,WAS,Washington Union Station,2026-08-07T11:06:00Z,2026-08-07T11:06:00Z,2026-08-07T11:06:00Z,2026-08-07T11:06:00Z,2026-08-07T19:56:11Z,104.3
amtrak,NER,173,2026-08-07,BAL,Baltimore Penn Station,2026-08-07T22:49:00Z,2026-08-07T23:04:00Z,2026-08-07T22:46:00Z,2026-08-07T23:04:00Z,2026-08-07T19:56:11Z,104.3
amtrak,NER,173,2026-08-07,WAS,Washington Union Station,2026-08-07T23:38:00Z,2026-08-07T23:40:00Z,2026-08-07T23:38:00Z,2026-08-07T23:40:00Z,2026-08-07T19:56:11Z,104.3
amtrak,NER,174,2026-08-07,BAL,Baltimore Penn Station,2026-08-07T15:18:00Z,2026-08-07T15:55:00Z,2026-08-07T15:16:00Z,2026-08-07T15:54:00Z,2026-08-07T19:56:11Z,104.3
amtrak,NER,174,2026-08-07,WAS,Washington Union Station,2026-08-07T14:35:00Z,2026-08-07T15:08:00Z,2026-08-07T14:35:00Z,2026-08-07T15:08:00Z,2026-08-07T19:56:11Z,104.3
amtrak,NER,175,2026-08-07,BAL,Baltimore Penn Station,2026-08-08T02:43:00Z,2026-08-08T02:40:00Z,2026-08-08T02:40:00Z,2026-08-08T02:40:00Z,2026-08-07T19:56:11Z,104.3
amtrak,NER,175,2026-08-07,WAS,Washington Union Station,2026-08-08T03:24:00Z,2026-08-08T03:20:00Z,2026-08-08T03:24:00Z,2026-08-08T03:20:00Z,2026-08-07T19:56:11Z,104.3
amtrak,NER,176,2026-08-07,BAL,Baltimore Penn Station,2026-08-07T20:08:00Z,2026-08-07T20:14:00Z,2026-08-07T20:06:00Z,2026-08-07T20:14:00Z,2026-08-07T19:56:11Z,104.3
amtrak,NER,176,2026-08-07,WAS,Washington Union Station,2026-08-07T19:30:00Z,2026-08-07T19:36:00Z,2026-08-07T19:30:00Z,2026-08-07T19:36:00Z,2026-08-07T19:56:11Z,104.3
amtrak,NER,178,2026-08-07,BAL,Baltimore Penn Station,2026-08-07T20:39:00Z,2026-08-07T20:37:00Z,2026-08-07T20:37:00Z,2026-08-07T20:37:00Z,2026-08-07T19:56:11Z,104.3
amtrak,NER,178,2026-08-07,WAS,Washington Union Station,2026-08-07T19:56:00Z,2026-08-07T19:56:00Z,2026-08-07T18:55:00Z,2026-08-07T19:12:00Z,2026-08-07T19:56:11Z,104.3
amtrak,NER,184,2026-08-07,BAL,Baltimore Penn Station,2026-08-07T17:54:00Z,2026-08-07T17:55:00Z,2026-08-07T17:52:00Z,2026-08-07T17:50:00Z,2026-08-07T19:56:11Z,104.3
amtrak,NER,184,2026-08-07,WAS,Washington Union Station,2026-08-07T17:20:00Z,2026-08-07T17:20:00Z,2026-08-07T17:20:00Z,2026-08-07T17:20:00Z,2026-08-07T19:56:11Z,104.3
amtrak,NER,186,2026-08-07,BAL,Baltimore Penn Station,2026-08-08T01:14:00Z,2026-08-08T01:12:00Z,2026-08-08T01:12:00Z,2026-08-08T01:12:00Z,2026-08-07T19:56:11Z,104.3
amtrak,NER,186,2026-08-07,WAS,Washington Union Station,2026-08-08T00:30:00Z,2026-08-07T23:55:00Z,2026-08-07T23:55:00Z,2026-08-07T23:55:00Z,2026-08-07T19:56:11Z,104.3
