service,route_id,trip_id,trip_date,stop_id,stop_name,sched_dep,pred_dep,sched_arr,pred_arr,collected_at,drive_min
marc,11705,Train404,2026-08-14,11958,UNION STATION MARC Washington,2026-08-14T10:40:00Z,2026-08-14T10:41:23Z,NA,NA,2026-08-14T10:49:41Z,63.9
marc,11705,Train404,2026-08-14,12002,PENN STATION MARC nb,NA,NA,2026-08-14T11:36:00Z,2026-08-14T11:36:00Z,2026-08-14T10:49:41Z,63.9
marc,11705,Train409,2026-08-14,11980,PENN STATION MARC sb,2026-08-14T10:20:00Z,2026-08-14T10:20:00Z,NA,NA,2026-08-14T10:49:41Z,63.9
marc,11705,Train409,2026-08-14,11958,UNION STATION MARC Washington,NA,NA,2026-08-14T11:28:00Z,2026-08-14T11:28:53Z,2026-08-14T10:49:41Z,63.9
marc,11705,Train413,2026-08-14,11980,PENN STATION MARC sb,2026-08-14T10:40:00Z,2026-08-14T10:42:10Z,NA,NA,2026-08-14T10:49:41Z,63.9
marc,11705,Train413,2026-08-14,11958,UNION STATION MARC Washington,NA,NA,2026-08-14T11:43:00Z,2026-08-14T11:46:38Z,2026-08-14T10:49:41Z,63.9
marc,11705,Train517,2026-08-14,11980,PENN STATION MARC sb,2026-08-14T11:20:00Z,2026-08-14T11:20:38Z,2026-08-14T11:16:05Z,2026-08-14T11:16:43Z,2026-08-14T10:49:41Z,63.9
marc,11705,Train517,2026-08-14,11958,UNION STATION MARC Washington,NA,NA,2026-08-14T12:19:00Z,2026-08-14T12:19:38Z,2026-08-14T10:49:41Z,63.9
marc,11705,Train502,2026-08-14,11958,UNION STATION MARC Washington,2026-08-14T10:12:00Z,2026-08-14T10:13:37Z,NA,NA,2026-08-14T10:49:41Z,63.9
marc,11705,Train502,2026-08-14,12002,PENN STATION MARC nb,2026-08-14T11:26:00Z,2026-08-14T11:26:00Z,2026-08-14T11:24:00Z,2026-08-14T11:24:00Z,2026-08-14T10:49:41Z,63.9
marc,11705,Train511,2026-08-14,11980,PENN STATION MARC sb,2026-08-14T09:53:00Z,2026-08-14T09:54:05Z,2026-08-14T09:51:36Z,2026-08-14T09:53:53Z,2026-08-14T10:49:41Z,63.9
marc,11705,Train511,2026-08-14,11958,UNION STATION MARC Washington,NA,NA,2026-08-14T10:48:00Z,2026-08-14T10:50:59Z,2026-08-14T10:49:41Z,63.9
amtrak,NER,66,2026-08-14,BAL,Baltimore Penn Station,2026-08-14T02:51:00Z,2026-08-14T02:51:00Z,2026-08-14T02:49:00Z,2026-08-14T02:47:00Z,2026-08-14T10:49:41Z,63.9
amtrak,NER,66,2026-08-14,WAS,Washington Union Station,2026-08-14T02:00:00Z,2026-08-14T02:06:00Z,2026-08-14T01:28:00Z,2026-08-14T01:43:00Z,2026-08-14T10:49:41Z,63.9
amtrak,NER,67,2026-08-14,BAL,Baltimore Penn Station,2026-08-14T10:04:00Z,2026-08-14T10:05:00Z,2026-08-14T10:02:00Z,2026-08-14T09:57:00Z,2026-08-14T10:49:41Z,63.9
amtrak,NER,67,2026-08-14,WAS,Washington Union Station,2026-08-14T11:20:00Z,2026-08-14T10:54:00Z,2026-08-14T10:54:00Z,2026-08-14T10:54:00Z,2026-08-14T10:49:41Z,63.9
amtrak,NER,86,2026-08-14,BAL,Baltimore Penn Station,2026-08-14T13:32:00Z,2026-08-14T13:30:00Z,2026-08-14T13:30:00Z,2026-08-14T13:30:00Z,2026-08-14T10:49:41Z,63.9
amtrak,NER,86,2026-08-14,WAS,Washington Union Station,2026-08-14T12:55:00Z,2026-08-14T12:18:00Z,2026-08-14T12:18:00Z,2026-08-14T12:18:00Z,2026-08-14T10:49:41Z,63.9
amtrak,NER,95,2026-08-14,BAL,Baltimore Penn Station,2026-08-14T17:23:00Z,2026-08-14T17:14:00Z,2026-08-14T17:14:00Z,2026-08-14T17:14:00Z,2026-08-14T10:49:41Z,63.9
amtrak,NER,95,2026-08-14,WAS,Washington Union Station,2026-08-14T18:35:00Z,2026-08-14T18:05:00Z,2026-08-14T18:05:00Z,2026-08-14T18:05:00Z,2026-08-14T10:49:41Z,63.9
amtrak,NER,111,2026-08-14,BAL,Baltimore Penn Station,2026-08-14T11:36:00Z,2026-08-14T11:34:00Z,2026-08-14T11:34:00Z,2026-08-14T11:34:00Z,2026-08-14T10:49:41Z,63.9
amtrak,NER,111,2026-08-14,WAS,Washington Union Station,2026-08-14T12:22:00Z,2026-08-14T12:19:00Z,2026-08-14T12:22:00Z,2026-08-14T12:19:00Z,2026-08-14T10:49:41Z,63.9
amtrak,NER,112,2026-08-14,BAL,Baltimore Penn Station,2026-08-14T12:22:00Z,2026-08-14T12:22:00Z,2026-08-14T12:20:00Z,2026-08-14T12:20:00Z,2026-08-14T10:49:41Z,63.9
amtrak,NER,112,2026-08-14,WAS,Washington Union Station,2026-08-14T11:40:00Z,2026-08-14T11:40:00Z,2026-08-14T11:40:00Z,2026-08-14T11:40:00Z,2026-08-14T10:49:41Z,63.9
amtrak,NER,113,2026-08-14,BAL,Baltimore Penn Station,2026-08-14T13:07:00Z,NA,2026-08-14T13:05:00Z,NA,2026-08-14T10:49:41Z,63.9
amtrak,NER,113,2026-08-14,WAS,Washington Union Station,2026-08-14T13:53:00Z,NA,2026-08-14T13:53:00Z,NA,2026-08-14T10:49:41Z,63.9
amtrak,NER,125,2026-08-14,BAL,Baltimore Penn Station,2026-08-14T18:28:00Z,2026-08-14T18:28:00Z,2026-08-14T18:25:00Z,2026-08-14T18:26:00Z,2026-08-14T10:49:41Z,63.9
amtrak,NER,125,2026-08-14,WAS,Washington Union Station,2026-08-14T19:50:00Z,2026-08-14T19:50:00Z,2026-08-14T19:11:00Z,2026-08-14T19:11:00Z,2026-08-14T10:49:41Z,63.9
amtrak,NER,130,2026-08-14,BAL,Baltimore Penn Station,2026-08-14T11:05:00Z,2026-08-14T10:58:00Z,2026-08-14T11:03:00Z,2026-08-14T10:58:00Z,2026-08-14T10:49:41Z,63.9
amtrak,NER,130,2026-08-14,WAS,Washington Union Station,2026-08-14T10:20:00Z,2026-08-14T10:20:00Z,2026-08-14T10:20:00Z,2026-08-14T10:20:00Z,2026-08-14T10:49:41Z,63.9
amtrak,NER,141,2026-08-14,BAL,Baltimore Penn Station,2026-08-14T15:00:00Z,2026-08-14T14:58:00Z,2026-08-14T14:58:00Z,2026-08-14T14:58:00Z,2026-08-14T10:49:41Z,63.9
amtrak,NER,141,2026-08-14,WAS,Washington Union Station,2026-08-14T15:41:00Z,2026-08-14T15:40:00Z,2026-08-14T15:41:00Z,2026-08-14T15:40:00Z,2026-08-14T10:49:41Z,63.9
amtrak,NER,151,2026-08-14,BAL,Baltimore Penn Station,2026-08-14T10:10:00Z,2026-08-14T10:14:00Z,2026-08-14T10:08:00Z,2026-08-14T10:12:00Z,2026-08-14T10:49:41Z,63.9
amtrak,NER,151,2026-08-14,WAS,Washington Union Station,2026-08-14T11:30:00Z,2026-08-14T10:54:00Z,2026-08-14T10:58:00Z,2026-08-14T10:54:00Z,2026-08-14T10:49:41Z,63.9
amtrak,NER,170,2026-08-14,BAL,Baltimore Penn Station,2026-08-14T09:44:00Z,2026-08-14T09:44:00Z,2026-08-14T09:42:00Z,2026-08-14T09:41:00Z,2026-08-14T10:49:41Z,63.9
amtrak,NER,170,2026-08-14,WAS,Washington Union Station,2026-08-14T09:05:00Z,2026-08-14T09:05:00Z,2026-08-14T09:05:00Z,2026-08-14T09:05:00Z,2026-08-14T10:49:41Z,63.9
amtrak,NER,172,2026-08-14,BAL,Baltimore Penn Station,2026-08-14T11:50:00Z,2026-08-14T11:50:00Z,2026-08-14T11:48:00Z,2026-08-14T11:48:00Z,2026-08-14T10:49:41Z,63.9
amtrak,NER,172,2026-08-14,WAS,Washington Union Station,2026-08-14T11:06:00Z,2026-08-14T11:06:00Z,2026-08-14T11:06:00Z,2026-08-14T11:06:00Z,2026-08-14T10:49:41Z,63.9
amtrak,NER,181,2026-08-14,BAL,Baltimore Penn Station,2026-08-14T12:22:00Z,2026-08-14T12:19:00Z,2026-08-14T12:19:00Z,2026-08-14T12:19:00Z,2026-08-14T10:49:41Z,63.9
amtrak,NER,181,2026-08-14,WAS,Washington Union Station,2026-08-14T13:02:00Z,2026-08-14T12:55:00Z,2026-08-14T13:02:00Z,2026-08-14T12:55:00Z,2026-08-14T10:49:41Z,63.9
amtrak,NER,183,2026-08-14,BAL,Baltimore Penn Station,2026-08-14T14:20:00Z,2026-08-14T14:20:00Z,2026-08-14T14:17:00Z,2026-08-14T14:17:00Z,2026-08-14T10:49:41Z,63.9
amtrak,NER,183,2026-08-14,WAS,Washington Union Station,2026-08-14T15:04:00Z,2026-08-14T15:04:00Z,2026-08-14T15:04:00Z,2026-08-14T15:00:00Z,2026-08-14T10:49:41Z,63.9
marc,11705,Train404,2026-08-14,11958,UNION STATION MARC Washington,2026-08-14T10:40:00Z,2026-08-14T10:41:23Z,NA,NA,2026-08-14T10:52:43Z,64.2
marc,11705,Train404,2026-08-14,12002,PENN STATION MARC nb,NA,NA,2026-08-14T11:36:00Z,2026-08-14T11:36:00Z,2026-08-14T10:52:43Z,64.2
marc,11705,Train409,2026-08-14,11980,PENN STATION MARC sb,2026-08-14T10:20:00Z,2026-08-14T10:20:00Z,NA,NA,2026-08-14T10:52:43Z,64.2
marc,11705,Train409,2026-08-14,11958,UNION STATION MARC Washington,NA,NA,2026-08-14T11:28:00Z,2026-08-14T11:30:09Z,2026-08-14T10:52:43Z,64.2
marc,11705,Train413,2026-08-14,11980,PENN STATION MARC sb,2026-08-14T10:40:00Z,2026-08-14T10:42:10Z,NA,NA,2026-08-14T10:52:43Z,64.2
marc,11705,Train413,2026-08-14,11958,UNION STATION MARC Washington,NA,NA,2026-08-14T11:43:00Z,2026-08-14T11:46:38Z,2026-08-14T10:52:43Z,64.2
marc,11705,Train517,2026-08-14,11980,PENN STATION MARC sb,2026-08-14T11:20:00Z,2026-08-14T11:20:56Z,2026-08-14T11:16:05Z,2026-08-14T11:17:01Z,2026-08-14T10:52:43Z,64.2
marc,11705,Train517,2026-08-14,11958,UNION STATION MARC Washington,NA,NA,2026-08-14T12:19:00Z,2026-08-14T12:19:56Z,2026-08-14T10:52:43Z,64.2
marc,11705,Train502,2026-08-14,11958,UNION STATION MARC Washington,2026-08-14T10:12:00Z,2026-08-14T10:13:37Z,NA,NA,2026-08-14T10:52:43Z,64.2
marc,11705,Train502,2026-08-14,12002,PENN STATION MARC nb,2026-08-14T11:26:00Z,2026-08-14T11:26:00Z,2026-08-14T11:24:00Z,2026-08-14T11:24:00Z,2026-08-14T10:52:43Z,64.2
amtrak,NER,66,2026-08-14,BAL,Baltimore Penn Station,2026-08-14T02:51:00Z,2026-08-14T02:51:00Z,2026-08-14T02:49:00Z,2026-08-14T02:47:00Z,2026-08-14T10:52:43Z,64.2
amtrak,NER,66,2026-08-14,WAS,Washington Union Station,2026-08-14T02:00:00Z,2026-08-14T02:06:00Z,2026-08-14T01:28:00Z,2026-08-14T01:43:00Z,2026-08-14T10:52:43Z,64.2
amtrak,NER,67,2026-08-14,BAL,Baltimore Penn Station,2026-08-14T10:04:00Z,2026-08-14T10:05:00Z,2026-08-14T10:02:00Z,2026-08-14T09:57:00Z,2026-08-14T10:52:43Z,64.2
amtrak,NER,67,2026-08-14,WAS,Washington Union Station,2026-08-14T11:20:00Z,2026-08-14T10:54:00Z,2026-08-14T10:54:00Z,2026-08-14T10:54:00Z,2026-08-14T10:52:43Z,64.2
amtrak,NER,86,2026-08-14,BAL,Baltimore Penn Station,2026-08-14T13:32:00Z,2026-08-14T13:30:00Z,2026-08-14T13:30:00Z,2026-08-14T13:30:00Z,2026-08-14T10:52:43Z,64.2
amtrak,NER,86,2026-08-14,WAS,Washington Union Station,2026-08-14T12:55:00Z,2026-08-14T12:18:00Z,2026-08-14T12:18:00Z,2026-08-14T12:18:00Z,2026-08-14T10:52:43Z,64.2
amtrak,NER,95,2026-08-14,BAL,Baltimore Penn Station,2026-08-14T17:23:00Z,2026-08-14T17:14:00Z,2026-08-14T17:14:00Z,2026-08-14T17:14:00Z,2026-08-14T10:52:43Z,64.2
amtrak,NER,95,2026-08-14,WAS,Washington Union Station,2026-08-14T18:35:00Z,2026-08-14T18:05:00Z,2026-08-14T18:05:00Z,2026-08-14T18:05:00Z,2026-08-14T10:52:43Z,64.2
amtrak,NER,111,2026-08-14,BAL,Baltimore Penn Station,2026-08-14T11:36:00Z,2026-08-14T11:34:00Z,2026-08-14T11:34:00Z,2026-08-14T11:34:00Z,2026-08-14T10:52:43Z,64.2
amtrak,NER,111,2026-08-14,WAS,Washington Union Station,2026-08-14T12:22:00Z,2026-08-14T12:19:00Z,2026-08-14T12:22:00Z,2026-08-14T12:19:00Z,2026-08-14T10:52:43Z,64.2
amtrak,NER,112,2026-08-14,BAL,Baltimore Penn Station,2026-08-14T12:22:00Z,2026-08-14T12:22:00Z,2026-08-14T12:20:00Z,2026-08-14T12:20:00Z,2026-08-14T10:52:43Z,64.2
amtrak,NER,112,2026-08-14,WAS,Washington Union Station,2026-08-14T11:40:00Z,2026-08-14T11:40:00Z,2026-08-14T11:40:00Z,2026-08-14T11:40:00Z,2026-08-14T10:52:43Z,64.2
amtrak,NER,113,2026-08-14,BAL,Baltimore Penn Station,2026-08-14T13:07:00Z,NA,2026-08-14T13:05:00Z,NA,2026-08-14T10:52:43Z,64.2
amtrak,NER,113,2026-08-14,WAS,Washington Union Station,2026-08-14T13:53:00Z,NA,2026-08-14T13:53:00Z,NA,2026-08-14T10:52:43Z,64.2
amtrak,NER,125,2026-08-14,BAL,Baltimore Penn Station,2026-08-14T18:28:00Z,2026-08-14T18:28:00Z,2026-08-14T18:25:00Z,2026-08-14T18:26:00Z,2026-08-14T10:52:43Z,64.2
amtrak,NER,125,2026-08-14,WAS,Washington Union Station,2026-08-14T19:50:00Z,2026-08-14T19:50:00Z,2026-08-14T19:11:00Z,2026-08-14T19:11:00Z,2026-08-14T10:52:43Z,64.2
amtrak,NER,130,2026-08-14,BAL,Baltimore Penn Station,2026-08-14T11:05:00Z,2026-08-14T10:58:00Z,2026-08-14T11:03:00Z,2026-08-14T10:58:00Z,2026-08-14T10:52:43Z,64.2
amtrak,NER,130,2026-08-14,WAS,Washington Union Station,2026-08-14T10:20:00Z,2026-08-14T10:20:00Z,2026-08-14T10:20:00Z,2026-08-14T10:20:00Z,2026-08-14T10:52:43Z,64.2
amtrak,NER,141,2026-08-14,BAL,Baltimore Penn Station,2026-08-14T15:00:00Z,2026-08-14T14:58:00Z,2026-08-14T14:58:00Z,2026-08-14T14:58:00Z,2026-08-14T10:52:43Z,64.2
amtrak,NER,141,2026-08-14,WAS,Washington Union Station,2026-08-14T15:41:00Z,2026-08-14T15:40:00Z,2026-08-14T15:41:00Z,2026-08-14T15:40:00Z,2026-08-14T10:52:43Z,64.2
amtrak,NER,151,2026-08-14,BAL,Baltimore Penn Station,2026-08-14T10:10:00Z,2026-08-14T10:14:00Z,2026-08-14T10:08:00Z,2026-08-14T10:12:00Z,2026-08-14T10:52:43Z,64.2
amtrak,NER,151,2026-08-14,WAS,Washington Union Station,2026-08-14T11:30:00Z,2026-08-14T10:54:00Z,2026-08-14T10:58:00Z,2026-08-14T10:54:00Z,2026-08-14T10:52:43Z,64.2
amtrak,NER,170,2026-08-14,BAL,Baltimore Penn Station,2026-08-14T09:44:00Z,2026-08-14T09:44:00Z,2026-08-14T09:42:00Z,2026-08-14T09:41:00Z,2026-08-14T10:52:43Z,64.2
amtrak,NER,170,2026-08-14,WAS,Washington Union Station,2026-08-14T09:05:00Z,2026-08-14T09:05:00Z,2026-08-14T09:05:00Z,2026-08-14T09:05:00Z,2026-08-14T10:52:43Z,64.2
amtrak,NER,172,2026-08-14,BAL,Baltimore Penn Station,2026-08-14T11:50:00Z,2026-08-14T11:50:00Z,2026-08-14T11:48:00Z,2026-08-14T11:48:00Z,2026-08-14T10:52:43Z,64.2
amtrak,NER,172,2026-08-14,WAS,Washington Union Station,2026-08-14T11:06:00Z,2026-08-14T11:06:00Z,2026-08-14T11:06:00Z,2026-08-14T11:06:00Z,2026-08-14T10:52:43Z,64.2
amtrak,NER,181,2026-08-14,BAL,Baltimore Penn Station,2026-08-14T12:22:00Z,2026-08-14T12:19:00Z,2026-08-14T12:19:00Z,2026-08-14T12:19:00Z,2026-08-14T10:52:43Z,64.2
amtrak,NER,181,2026-08-14,WAS,Washington Union Station,2026-08-14T13:02:00Z,2026-08-14T12:55:00Z,2026-08-14T13:02:00Z,2026-08-14T12:55:00Z,2026-08-14T10:52:43Z,64.2
amtrak,NER,183,2026-08-14,BAL,Baltimore Penn Station,2026-08-14T14:20:00Z,2026-08-14T14:20:00Z,2026-08-14T14:17:00Z,2026-08-14T14:17:00Z,2026-08-14T10:52:43Z,64.2
amtrak,NER,183,2026-08-14,WAS,Washington Union Station,2026-08-14T15:04:00Z,2026-08-14T15:04:00Z,2026-08-14T15:04:00Z,2026-08-14T15:00:00Z,2026-08-14T10:52:43Z,64.2
marc,11705,Train404,2026-08-14,11958,UNION STATION MARC Washington,2026-08-14T10:40:00Z,2026-08-14T10:41:23Z,NA,NA,2026-08-14T10:55:44Z,65.8
marc,11705,Train404,2026-08-14,12002,PENN STATION MARC nb,NA,NA,2026-08-14T11:36:00Z,2026-08-14T11:37:30Z,2026-08-14T10:55:44Z,65.8
marc,11705,Train409,2026-08-14,11980,PENN STATION MARC sb,2026-08-14T10:20:00Z,2026-08-14T10:20:00Z,NA,NA,2026-08-14T10:55:44Z,65.8
marc,11705,Train409,2026-08-14,11958,UNION STATION MARC Washington,NA,NA,2026-08-14T11:28:00Z,2026-08-14T11:30:09Z,2026-08-14T10:55:44Z,65.8
marc,11705,Train413,2026-08-14,11980,PENN STATION MARC sb,2026-08-14T10:40:00Z,2026-08-14T10:42:10Z,NA,NA,2026-08-14T10:55:44Z,65.8
marc,11705,Train413,2026-08-14,11958,UNION STATION MARC Washington,NA,NA,2026-08-14T11:43:00Z,2026-08-14T11:46:44Z,2026-08-14T10:55:44Z,65.8
marc,11705,Train517,2026-08-14,11980,PENN STATION MARC sb,2026-08-14T11:20:00Z,2026-08-14T11:20:00Z,2026-08-14T11:16:05Z,2026-08-14T11:16:05Z,2026-08-14T10:55:44Z,65.8
marc,11705,Train517,2026-08-14,11958,UNION STATION MARC Washington,NA,NA,2026-08-14T12:19:00Z,2026-08-14T12:19:00Z,2026-08-14T10:55:44Z,65.8
marc,11705,Train502,2026-08-14,11958,UNION STATION MARC Washington,2026-08-14T10:12:00Z,2026-08-14T10:13:37Z,NA,NA,2026-08-14T10:55:44Z,65.8
marc,11705,Train502,2026-08-14,12002,PENN STATION MARC nb,2026-08-14T11:26:00Z,2026-08-14T11:26:00Z,2026-08-14T11:24:00Z,2026-08-14T11:24:00Z,2026-08-14T10:55:44Z,65.8
amtrak,NER,66,2026-08-14,BAL,Baltimore Penn Station,2026-08-14T02:51:00Z,2026-08-14T02:51:00Z,2026-08-14T02:49:00Z,2026-08-14T02:47:00Z,2026-08-14T10:55:44Z,65.8
amtrak,NER,66,2026-08-14,WAS,Washington Union Station,2026-08-14T02:00:00Z,2026-08-14T02:06:00Z,2026-08-14T01:28:00Z,2026-08-14T01:43:00Z,2026-08-14T10:55:44Z,65.8
amtrak,NER,67,2026-08-14,BAL,Baltimore Penn Station,2026-08-14T10:04:00Z,2026-08-14T10:05:00Z,2026-08-14T10:02:00Z,2026-08-14T09:57:00Z,2026-08-14T10:55:44Z,65.8
amtrak,NER,67,2026-08-14,WAS,Washington Union Station,2026-08-14T11:20:00Z,2026-08-14T11:20:00Z,2026-08-14T10:54:00Z,2026-08-14T10:52:00Z,2026-08-14T10:55:44Z,65.8
amtrak,NER,86,2026-08-14,BAL,Baltimore Penn Station,2026-08-14T13:32:00Z,2026-08-14T13:30:00Z,2026-08-14T13:30:00Z,2026-08-14T13:30:00Z,2026-08-14T10:55:44Z,65.8
amtrak,NER,86,2026-08-14,WAS,Washington Union Station,2026-08-14T12:55:00Z,2026-08-14T12:18:00Z,2026-08-14T12:18:00Z,2026-08-14T12:18:00Z,2026-08-14T10:55:44Z,65.8
amtrak,NER,95,2026-08-14,BAL,Baltimore Penn Station,2026-08-14T17:23:00Z,2026-08-14T17:14:00Z,2026-08-14T17:14:00Z,2026-08-14T17:14:00Z,2026-08-14T10:55:44Z,65.8
amtrak,NER,95,2026-08-14,WAS,Washington Union Station,2026-08-14T18:35:00Z,2026-08-14T18:05:00Z,2026-08-14T18:05:00Z,2026-08-14T18:05:00Z,2026-08-14T10:55:44Z,65.8
amtrak,NER,111,2026-08-14,BAL,Baltimore Penn Station,2026-08-14T11:36:00Z,2026-08-14T11:34:00Z,2026-08-14T11:34:00Z,2026-08-14T11:34:00Z,2026-08-14T10:55:44Z,65.8
amtrak,NER,111,2026-08-14,WAS,Washington Union Station,2026-08-14T12:22:00Z,2026-08-14T12:22:00Z,2026-08-14T12:22:00Z,2026-08-14T12:22:00Z,2026-08-14T10:55:44Z,65.8
amtrak,NER,112,2026-08-14,BAL,Baltimore Penn Station,2026-08-14T12:22:00Z,2026-08-14T12:22:00Z,2026-08-14T12:20:00Z,2026-08-14T12:20:00Z,2026-08-14T10:55:44Z,65.8
amtrak,NER,112,2026-08-14,WAS,Washington Union Station,2026-08-14T11:40:00Z,2026-08-14T11:40:00Z,2026-08-14T11:40:00Z,2026-08-14T11:40:00Z,2026-08-14T10:55:44Z,65.8
amtrak,NER,113,2026-08-14,BAL,Baltimore Penn Station,2026-08-14T13:07:00Z,NA,2026-08-14T13:05:00Z,NA,2026-08-14T10:55:44Z,65.8
amtrak,NER,113,2026-08-14,WAS,Washington Union Station,2026-08-14T13:53:00Z,NA,2026-08-14T13:53:00Z,NA,2026-08-14T10:55:44Z,65.8
amtrak,NER,125,2026-08-14,BAL,Baltimore Penn Station,2026-08-14T18:28:00Z,2026-08-14T18:28:00Z,2026-08-14T18:25:00Z,2026-08-14T18:26:00Z,2026-08-14T10:55:44Z,65.8
amtrak,NER,125,2026-08-14,WAS,Washington Union Station,2026-08-14T19:50:00Z,2026-08-14T19:50:00Z,2026-08-14T19:11:00Z,2026-08-14T19:11:00Z,2026-08-14T10:55:44Z,65.8
amtrak,NER,130,2026-08-14,BAL,Baltimore Penn Station,2026-08-14T11:05:00Z,2026-08-14T10:58:00Z,2026-08-14T11:03:00Z,2026-08-14T10:58:00Z,2026-08-14T10:55:44Z,65.8
amtrak,NER,130,2026-08-14,WAS,Washington Union Station,2026-08-14T10:20:00Z,2026-08-14T10:20:00Z,2026-08-14T10:20:00Z,2026-08-14T10:20:00Z,2026-08-14T10:55:44Z,65.8
amtrak,NER,141,2026-08-14,BAL,Baltimore Penn Station,2026-08-14T15:00:00Z,2026-08-14T14:58:00Z,2026-08-14T14:58:00Z,2026-08-14T14:58:00Z,2026-08-14T10:55:44Z,65.8
amtrak,NER,141,2026-08-14,WAS,Washington Union Station,2026-08-14T15:41:00Z,2026-08-14T15:40:00Z,2026-08-14T15:41:00Z,2026-08-14T15:40:00Z,2026-08-14T10:55:44Z,65.8
amtrak,NER,151,2026-08-14,BAL,Baltimore Penn Station,2026-08-14T10:10:00Z,2026-08-14T10:14:00Z,2026-08-14T10:08:00Z,2026-08-14T10:12:00Z,2026-08-14T10:55:44Z,65.8
amtrak,NER,151,2026-08-14,WAS,Washington Union Station,2026-08-14T11:30:00Z,2026-08-14T10:58:00Z,2026-08-14T10:58:00Z,2026-08-14T10:58:00Z,2026-08-14T10:55:44Z,65.8
amtrak,NER,170,2026-08-14,BAL,Baltimore Penn Station,2026-08-14T09:44:00Z,2026-08-14T09:44:00Z,2026-08-14T09:42:00Z,2026-08-14T09:41:00Z,2026-08-14T10:55:44Z,65.8
amtrak,NER,170,2026-08-14,WAS,Washington Union Station,2026-08-14T09:05:00Z,2026-08-14T09:05:00Z,2026-08-14T09:05:00Z,2026-08-14T09:05:00Z,2026-08-14T10:55:44Z,65.8
amtrak,NER,172,2026-08-14,BAL,Baltimore Penn Station,2026-08-14T11:50:00Z,2026-08-14T11:50:00Z,2026-08-14T11:48:00Z,2026-08-14T11:48:00Z,2026-08-14T10:55:44Z,65.8
amtrak,NER,172,2026-08-14,WAS,Washington Union Station,2026-08-14T11:06:00Z,2026-08-14T11:06:00Z,2026-08-14T11:06:00Z,2026-08-14T11:06:00Z,2026-08-14T10:55:44Z,65.8
amtrak,NER,181,2026-08-14,BAL,Baltimore Penn Station,2026-08-14T12:22:00Z,2026-08-14T12:19:00Z,2026-08-14T12:19:00Z,2026-08-14T12:19:00Z,2026-08-14T10:55:44Z,65.8
amtrak,NER,181,2026-08-14,WAS,Washington Union Station,2026-08-14T13:02:00Z,2026-08-14T12:55:00Z,2026-08-14T13:02:00Z,2026-08-14T12:55:00Z,2026-08-14T10:55:44Z,65.8
amtrak,NER,183,2026-08-14,BAL,Baltimore Penn Station,2026-08-14T14:20:00Z,2026-08-14T14:20:00Z,2026-08-14T14:17:00Z,2026-08-14T14:17:00Z,2026-08-14T10:55:44Z,65.8
amtrak,NER,183,2026-08-14,WAS,Washington Union Station,2026-08-14T15:04:00Z,2026-08-14T15:04:00Z,2026-08-14T15:04:00Z,2026-08-14T15:00:00Z,2026-08-14T10:55:44Z,65.8
marc,11705,Train404,2026-08-14,11958,UNION STATION MARC Washington,2026-08-14T10:40:00Z,2026-08-14T10:41:23Z,NA,NA,2026-08-14T11:32:53Z,70
marc,11705,Train404,2026-08-14,12002,PENN STATION MARC nb,NA,NA,2026-08-14T11:36:00Z,2026-08-14T11:29:30Z,2026-08-14T11:32:53Z,70
marc,11705,Train408,2026-08-14,11958,UNION STATION MARC Washington,2026-08-14T11:00:00Z,2026-08-14T11:01:12Z,NA,NA,2026-08-14T11:32:53Z,70
marc,11705,Train408,2026-08-14,12002,PENN STATION MARC nb,NA,NA,2026-08-14T11:44:00Z,2026-08-14T11:37:16Z,2026-08-14T11:32:53Z,70
marc,11705,Train410,2026-08-14,11958,UNION STATION MARC Washington,2026-08-14T11:15:00Z,2026-08-14T11:17:18Z,NA,NA,2026-08-14T11:32:53Z,70
marc,11705,Train410,2026-08-14,12002,PENN STATION MARC nb,NA,NA,2026-08-14T12:17:00Z,2026-08-14T12:18:55Z,2026-08-14T11:32:53Z,70
marc,11705,Train413,2026-08-14,11980,PENN STATION MARC sb,2026-08-14T10:40:00Z,2026-08-14T10:42:10Z,NA,NA,2026-08-14T11:32:53Z,70
marc,11705,Train413,2026-08-14,11958,UNION STATION MARC Washington,NA,NA,2026-08-14T11:43:00Z,2026-08-14T11:48:12Z,2026-08-14T11:32:53Z,70
marc,11705,Train415,2026-08-14,11980,PENN STATION MARC sb,2026-08-14T11:00:00Z,2026-08-14T11:00:00Z,NA,NA,2026-08-14T11:32:53Z,70
marc,11705,Train415,2026-08-14,11958,UNION STATION MARC Washington,NA,NA,2026-08-14T12:02:00Z,2026-08-14T12:02:59Z,2026-08-14T11:32:53Z,70
marc,11705,Train517,2026-08-14,11980,PENN STATION MARC sb,2026-08-14T11:20:00Z,2026-08-14T11:14:39Z,2026-08-14T11:16:05Z,2026-08-14T11:13:30Z,2026-08-14T11:32:53Z,70
marc,11705,Train517,2026-08-14,11958,UNION STATION MARC Washington,NA,NA,2026-08-14T12:19:00Z,2026-08-14T12:19:08Z,2026-08-14T11:32:53Z,70
marc,11705,Train502,2026-08-14,11958,UNION STATION MARC Washington,2026-08-14T10:12:00Z,2026-08-14T10:13:37Z,NA,NA,2026-08-14T11:32:53Z,70
marc,11705,Train502,2026-08-14,12002,PENN STATION MARC nb,2026-08-14T11:26:00Z,2026-08-14T11:23:12Z,2026-08-14T11:24:00Z,2026-08-14T11:09:36Z,2026-08-14T11:32:53Z,70
amtrak,NER,66,2026-08-14,BAL,Baltimore Penn Station,2026-08-14T02:51:00Z,2026-08-14T02:51:00Z,2026-08-14T02:49:00Z,2026-08-14T02:47:00Z,2026-08-14T11:32:53Z,70
amtrak,NER,66,2026-08-14,WAS,Washington Union Station,2026-08-14T02:00:00Z,2026-08-14T02:06:00Z,2026-08-14T01:28:00Z,2026-08-14T01:43:00Z,2026-08-14T11:32:53Z,70
amtrak,NER,67,2026-08-14,BAL,Baltimore Penn Station,2026-08-14T10:04:00Z,2026-08-14T10:05:00Z,2026-08-14T10:02:00Z,2026-08-14T09:57:00Z,2026-08-14T11:32:53Z,70
amtrak,NER,67,2026-08-14,WAS,Washington Union Station,2026-08-14T11:20:00Z,2026-08-14T11:20:00Z,2026-08-14T10:54:00Z,2026-08-14T10:53:00Z,2026-08-14T11:32:53Z,70
amtrak,NER,86,2026-08-14,BAL,Baltimore Penn Station,2026-08-14T13:32:00Z,2026-08-14T13:30:00Z,2026-08-14T13:30:00Z,2026-08-14T13:30:00Z,2026-08-14T11:32:53Z,70
amtrak,NER,86,2026-08-14,WAS,Washington Union Station,2026-08-14T12:55:00Z,2026-08-14T12:18:00Z,2026-08-14T12:18:00Z,2026-08-14T12:18:00Z,2026-08-14T11:32:53Z,70
amtrak,NER,95,2026-08-14,BAL,Baltimore Penn Station,2026-08-14T17:23:00Z,2026-08-14T17:14:00Z,2026-08-14T17:14:00Z,2026-08-14T17:14:00Z,2026-08-14T11:32:53Z,70
amtrak,NER,95,2026-08-14,WAS,Washington Union Station,2026-08-14T18:35:00Z,2026-08-14T18:05:00Z,2026-08-14T18:05:00Z,2026-08-14T18:05:00Z,2026-08-14T11:32:53Z,70
amtrak,NER,111,2026-08-14,BAL,Baltimore Penn Station,2026-08-14T11:36:00Z,2026-08-14T11:34:00Z,2026-08-14T11:34:00Z,2026-08-14T11:34:00Z,2026-08-14T11:32:53Z,70
amtrak,NER,111,2026-08-14,WAS,Washington Union Station,2026-08-14T12:22:00Z,2026-08-14T12:22:00Z,2026-08-14T12:22:00Z,2026-08-14T12:22:00Z,2026-08-14T11:32:53Z,70
amtrak,NER,112,2026-08-14,BAL,Baltimore Penn Station,2026-08-14T12:22:00Z,2026-08-14T12:22:00Z,2026-08-14T12:20:00Z,2026-08-14T12:20:00Z,2026-08-14T11:32:53Z,70
amtrak,NER,112,2026-08-14,WAS,Washington Union Station,2026-08-14T11:40:00Z,2026-08-14T11:40:00Z,2026-08-14T11:40:00Z,2026-08-14T11:40:00Z,2026-08-14T11:32:53Z,70
amtrak,NER,113,2026-08-14,BAL,Baltimore Penn Station,2026-08-14T13:07:00Z,NA,2026-08-14T13:05:00Z,NA,2026-08-14T11:32:53Z,70
amtrak,NER,113,2026-08-14,WAS,Washington Union Station,2026-08-14T13:53:00Z,NA,2026-08-14T13:53:00Z,NA,2026-08-14T11:32:53Z,70
amtrak,NER,125,2026-08-14,BAL,Baltimore Penn Station,2026-08-14T18:28:00Z,2026-08-14T18:26:00Z,2026-08-14T18:25:00Z,2026-08-14T18:26:00Z,2026-08-14T11:32:53Z,70
amtrak,NER,125,2026-08-14,WAS,Washington Union Station,2026-08-14T19:50:00Z,2026-08-14T19:11:00Z,2026-08-14T19:11:00Z,2026-08-14T19:11:00Z,2026-08-14T11:32:53Z,70
amtrak,NER,130,2026-08-14,BAL,Baltimore Penn Station,2026-08-14T11:05:00Z,2026-08-14T11:05:00Z,2026-08-14T11:03:00Z,2026-08-14T10:55:00Z,2026-08-14T11:32:53Z,70
amtrak,NER,130,2026-08-14,WAS,Washington Union Station,2026-08-14T10:20:00Z,2026-08-14T10:20:00Z,2026-08-14T10:20:00Z,2026-08-14T10:20:00Z,2026-08-14T11:32:53Z,70
amtrak,NER,141,2026-08-14,BAL,Baltimore Penn Station,2026-08-14T15:00:00Z,2026-08-14T14:58:00Z,2026-08-14T14:58:00Z,2026-08-14T14:58:00Z,2026-08-14T11:32:53Z,70
amtrak,NER,141,2026-08-14,WAS,Washington Union Station,2026-08-14T15:41:00Z,2026-08-14T15:40:00Z,2026-08-14T15:41:00Z,2026-08-14T15:40:00Z,2026-08-14T11:32:53Z,70
amtrak,NER,151,2026-08-14,BAL,Baltimore Penn Station,2026-08-14T10:10:00Z,2026-08-14T10:14:00Z,2026-08-14T10:08:00Z,2026-08-14T10:12:00Z,2026-08-14T11:32:53Z,70
amtrak,NER,151,2026-08-14,WAS,Washington Union Station,2026-08-14T11:30:00Z,2026-08-14T11:30:00Z,2026-08-14T10:58:00Z,2026-08-14T10:57:00Z,2026-08-14T11:32:53Z,70
amtrak,NER,170,2026-08-14,BAL,Baltimore Penn Station,2026-08-14T09:44:00Z,2026-08-14T09:44:00Z,2026-08-14T09:42:00Z,2026-08-14T09:41:00Z,2026-08-14T11:32:53Z,70
amtrak,NER,170,2026-08-14,WAS,Washington Union Station,2026-08-14T09:05:00Z,2026-08-14T09:05:00Z,2026-08-14T09:05:00Z,2026-08-14T09:05:00Z,2026-08-14T11:32:53Z,70
amtrak,NER,171,2026-08-14,BAL,Baltimore Penn Station,2026-08-14T19:33:00Z,2026-08-14T19:33:00Z,2026-08-14T19:30:00Z,2026-08-14T19:30:00Z,2026-08-14T11:32:53Z,70
amtrak,NER,171,2026-08-14,WAS,Washington Union Station,2026-08-14T21:00:00Z,2026-08-14T21:00:00Z,2026-08-14T20:25:00Z,2026-08-14T20:25:00Z,2026-08-14T11:32:53Z,70
amtrak,NER,172,2026-08-14,BAL,Baltimore Penn Station,2026-08-14T11:50:00Z,2026-08-14T11:48:00Z,2026-08-14T11:48:00Z,2026-08-14T11:48:00Z,2026-08-14T11:32:53Z,70
amtrak,NER,172,2026-08-14,WAS,Washington Union Station,2026-08-14T11:06:00Z,2026-08-14T11:06:00Z,2026-08-14T11:06:00Z,2026-08-14T11:06:00Z,2026-08-14T11:32:53Z,70
amtrak,NER,181,2026-08-14,BAL,Baltimore Penn Station,2026-08-14T12:22:00Z,2026-08-14T12:19:00Z,2026-08-14T12:19:00Z,2026-08-14T12:19:00Z,2026-08-14T11:32:53Z,70
amtrak,NER,181,2026-08-14,WAS,Washington Union Station,2026-08-14T13:02:00Z,2026-08-14T12:55:00Z,2026-08-14T13:02:00Z,2026-08-14T12:55:00Z,2026-08-14T11:32:53Z,70
amtrak,NER,183,2026-08-14,BAL,Baltimore Penn Station,2026-08-14T14:20:00Z,2026-08-14T14:17:00Z,2026-08-14T14:17:00Z,2026-08-14T14:17:00Z,2026-08-14T11:32:53Z,70
amtrak,NER,183,2026-08-14,WAS,Washington Union Station,2026-08-14T15:04:00Z,2026-08-14T15:00:00Z,2026-08-14T15:04:00Z,2026-08-14T15:00:00Z,2026-08-14T11:32:53Z,70
marc,11705,Train408,2026-08-14,11958,UNION STATION MARC Washington,2026-08-14T11:00:00Z,2026-08-14T11:01:12Z,NA,NA,2026-08-14T11:35:55Z,70
marc,11705,Train408,2026-08-14,12002,PENN STATION MARC nb,NA,NA,2026-08-14T11:44:00Z,2026-08-14T11:37:11Z,2026-08-14T11:35:55Z,70
marc,11705,Train410,2026-08-14,11958,UNION STATION MARC Washington,2026-08-14T11:15:00Z,2026-08-14T11:17:18Z,NA,NA,2026-08-14T11:35:55Z,70
marc,11705,Train410,2026-08-14,12002,PENN STATION MARC nb,NA,NA,2026-08-14T12:17:00Z,2026-08-14T12:20:27Z,2026-08-14T11:35:55Z,70
marc,11705,Train413,2026-08-14,11980,PENN STATION MARC sb,2026-08-14T10:40:00Z,2026-08-14T10:42:10Z,NA,NA,2026-08-14T11:35:55Z,70
marc,11705,Train413,2026-08-14,11958,UNION STATION MARC Washington,NA,NA,2026-08-14T11:43:00Z,2026-08-14T11:46:23Z,2026-08-14T11:35:55Z,70
marc,11705,Train415,2026-08-14,11980,PENN STATION MARC sb,2026-08-14T11:00:00Z,2026-08-14T11:00:00Z,NA,NA,2026-08-14T11:35:55Z,70
marc,11705,Train415,2026-08-14,11958,UNION STATION MARC Washington,NA,NA,2026-08-14T12:02:00Z,2026-08-14T12:04:14Z,2026-08-14T11:35:55Z,70
marc,11705,Train517,2026-08-14,11980,PENN STATION MARC sb,2026-08-14T11:20:00Z,2026-08-14T11:14:39Z,2026-08-14T11:16:05Z,2026-08-14T11:13:30Z,2026-08-14T11:35:55Z,70
marc,11705,Train517,2026-08-14,11958,UNION STATION MARC Washington,NA,NA,2026-08-14T12:19:00Z,2026-08-14T12:19:08Z,2026-08-14T11:35:55Z,70
marc,11705,Train502,2026-08-14,11958,UNION STATION MARC Washington,2026-08-14T10:12:00Z,2026-08-14T10:13:37Z,NA,NA,2026-08-14T11:35:55Z,70
marc,11705,Train502,2026-08-14,12002,PENN STATION MARC nb,2026-08-14T11:26:00Z,2026-08-14T11:23:12Z,2026-08-14T11:24:00Z,2026-08-14T11:09:36Z,2026-08-14T11:35:55Z,70
amtrak,NER,66,2026-08-14,BAL,Baltimore Penn Station,2026-08-14T02:51:00Z,2026-08-14T02:51:00Z,2026-08-14T02:49:00Z,2026-08-14T02:47:00Z,2026-08-14T11:35:55Z,70
amtrak,NER,66,2026-08-14,WAS,Washington Union Station,2026-08-14T02:00:00Z,2026-08-14T02:06:00Z,2026-08-14T01:28:00Z,2026-08-14T01:43:00Z,2026-08-14T11:35:55Z,70
amtrak,NER,67,2026-08-14,BAL,Baltimore Penn Station,2026-08-14T10:04:00Z,2026-08-14T10:05:00Z,2026-08-14T10:02:00Z,2026-08-14T09:57:00Z,2026-08-14T11:35:55Z,70
amtrak,NER,67,2026-08-14,WAS,Washington Union Station,2026-08-14T11:20:00Z,2026-08-14T11:20:00Z,2026-08-14T10:54:00Z,2026-08-14T10:53:00Z,2026-08-14T11:35:55Z,70
amtrak,NER,86,2026-08-14,BAL,Baltimore Penn Station,2026-08-14T13:32:00Z,2026-08-14T13:30:00Z,2026-08-14T13:30:00Z,2026-08-14T13:30:00Z,2026-08-14T11:35:55Z,70
amtrak,NER,86,2026-08-14,WAS,Washington Union Station,2026-08-14T12:55:00Z,2026-08-14T12:18:00Z,2026-08-14T12:18:00Z,2026-08-14T12:18:00Z,2026-08-14T11:35:55Z,70
amtrak,NER,95,2026-08-14,BAL,Baltimore Penn Station,2026-08-14T17:23:00Z,2026-08-14T17:14:00Z,2026-08-14T17:14:00Z,2026-08-14T17:14:00Z,2026-08-14T11:35:55Z,70
amtrak,NER,95,2026-08-14,WAS,Washington Union Station,2026-08-14T18:35:00Z,2026-08-14T18:05:00Z,2026-08-14T18:05:00Z,2026-08-14T18:05:00Z,2026-08-14T11:35:55Z,70
amtrak,NER,111,2026-08-14,BAL,Baltimore Penn Station,2026-08-14T11:36:00Z,2026-08-14T11:36:00Z,2026-08-14T11:34:00Z,2026-08-14T11:32:00Z,2026-08-14T11:35:55Z,70
amtrak,NER,111,2026-08-14,WAS,Washington Union Station,2026-08-14T12:22:00Z,2026-08-14T12:22:00Z,2026-08-14T12:22:00Z,2026-08-14T12:22:00Z,2026-08-14T11:35:55Z,70
amtrak,NER,112,2026-08-14,BAL,Baltimore Penn Station,2026-08-14T12:22:00Z,2026-08-14T12:22:00Z,2026-08-14T12:20:00Z,2026-08-14T12:20:00Z,2026-08-14T11:35:55Z,70
amtrak,NER,112,2026-08-14,WAS,Washington Union Station,2026-08-14T11:40:00Z,2026-08-14T11:40:00Z,2026-08-14T11:40:00Z,2026-08-14T11:40:00Z,2026-08-14T11:35:55Z,70
amtrak,NER,113,2026-08-14,BAL,Baltimore Penn Station,2026-08-14T13:07:00Z,NA,2026-08-14T13:05:00Z,NA,2026-08-14T11:35:55Z,70
amtrak,NER,113,2026-08-14,WAS,Washington Union Station,2026-08-14T13:53:00Z,NA,2026-08-14T13:53:00Z,NA,2026-08-14T11:35:55Z,70
amtrak,NER,125,2026-08-14,BAL,Baltimore Penn Station,2026-08-14T18:28:00Z,2026-08-14T18:26:00Z,2026-08-14T18:25:00Z,2026-08-14T18:26:00Z,2026-08-14T11:35:55Z,70
amtrak,NER,125,2026-08-14,WAS,Washington Union Station,2026-08-14T19:50:00Z,2026-08-14T19:11:00Z,2026-08-14T19:11:00Z,2026-08-14T19:11:00Z,2026-08-14T11:35:55Z,70
amtrak,NER,130,2026-08-14,BAL,Baltimore Penn Station,2026-08-14T11:05:00Z,2026-08-14T11:05:00Z,2026-08-14T11:03:00Z,2026-08-14T10:55:00Z,2026-08-14T11:35:55Z,70
amtrak,NER,130,2026-08-14,WAS,Washington Union Station,2026-08-14T10:20:00Z,2026-08-14T10:20:00Z,2026-08-14T10:20:00Z,2026-08-14T10:20:00Z,2026-08-14T11:35:55Z,70
amtrak,NER,141,2026-08-14,BAL,Baltimore Penn Station,2026-08-14T15:00:00Z,2026-08-14T14:58:00Z,2026-08-14T14:58:00Z,2026-08-14T14:58:00Z,2026-08-14T11:35:55Z,70
amtrak,NER,141,2026-08-14,WAS,Washington Union Station,2026-08-14T15:41:00Z,2026-08-14T15:40:00Z,2026-08-14T15:41:00Z,2026-08-14T15:40:00Z,2026-08-14T11:35:55Z,70
amtrak,NER,151,2026-08-14,BAL,Baltimore Penn Station,2026-08-14T10:10:00Z,2026-08-14T10:14:00Z,2026-08-14T10:08:00Z,2026-08-14T10:12:00Z,2026-08-14T11:35:55Z,70
amtrak,NER,151,2026-08-14,WAS,Washington Union Station,2026-08-14T11:30:00Z,2026-08-14T11:30:00Z,2026-08-14T10:58:00Z,2026-08-14T10:57:00Z,2026-08-14T11:35:55Z,70
amtrak,NER,170,2026-08-14,BAL,Baltimore Penn Station,2026-08-14T09:44:00Z,2026-08-14T09:44:00Z,2026-08-14T09:42:00Z,2026-08-14T09:41:00Z,2026-08-14T11:35:55Z,70
amtrak,NER,170,2026-08-14,WAS,Washington Union Station,2026-08-14T09:05:00Z,2026-08-14T09:05:00Z,2026-08-14T09:05:00Z,2026-08-14T09:05:00Z,2026-08-14T11:35:55Z,70
amtrak,NER,171,2026-08-14,BAL,Baltimore Penn Station,2026-08-14T19:33:00Z,2026-08-14T19:33:00Z,2026-08-14T19:30:00Z,2026-08-14T19:30:00Z,2026-08-14T11:35:55Z,70
amtrak,NER,171,2026-08-14,WAS,Washington Union Station,2026-08-14T21:00:00Z,2026-08-14T21:00:00Z,2026-08-14T20:25:00Z,2026-08-14T20:25:00Z,2026-08-14T11:35:55Z,70
amtrak,NER,172,2026-08-14,BAL,Baltimore Penn Station,2026-08-14T11:50:00Z,2026-08-14T11:48:00Z,2026-08-14T11:48:00Z,2026-08-14T11:48:00Z,2026-08-14T11:35:55Z,70
amtrak,NER,172,2026-08-14,WAS,Washington Union Station,2026-08-14T11:06:00Z,2026-08-14T11:06:00Z,2026-08-14T11:06:00Z,2026-08-14T11:06:00Z,2026-08-14T11:35:55Z,70
amtrak,NER,181,2026-08-14,BAL,Baltimore Penn Station,2026-08-14T12:22:00Z,2026-08-14T12:19:00Z,2026-08-14T12:19:00Z,2026-08-14T12:19:00Z,2026-08-14T11:35:55Z,70
amtrak,NER,181,2026-08-14,WAS,Washington Union Station,2026-08-14T13:02:00Z,2026-08-14T12:55:00Z,2026-08-14T13:02:00Z,2026-08-14T12:55:00Z,2026-08-14T11:35:55Z,70
amtrak,NER,183,2026-08-14,BAL,Baltimore Penn Station,2026-08-14T14:20:00Z,2026-08-14T14:17:00Z,2026-08-14T14:17:00Z,2026-08-14T14:17:00Z,2026-08-14T11:35:55Z,70
amtrak,NER,183,2026-08-14,WAS,Washington Union Station,2026-08-14T15:04:00Z,2026-08-14T15:00:00Z,2026-08-14T15:04:00Z,2026-08-14T15:00:00Z,2026-08-14T11:35:55Z,70
marc,11705,Train408,2026-08-14,11958,UNION STATION MARC Washington,2026-08-14T11:00:00Z,2026-08-14T11:01:12Z,NA,NA,2026-08-14T11:38:56Z,70
marc,11705,Train408,2026-08-14,12002,PENN STATION MARC nb,NA,NA,2026-08-14T11:44:00Z,2026-08-14T11:37:11Z,2026-08-14T11:38:56Z,70
marc,11705,Train410,2026-08-14,11958,UNION STATION MARC Washington,2026-08-14T11:15:00Z,2026-08-14T11:17:18Z,NA,NA,2026-08-14T11:38:56Z,70
marc,11705,Train410,2026-08-14,12002,PENN STATION MARC nb,NA,NA,2026-08-14T12:17:00Z,2026-08-14T12:19:51Z,2026-08-14T11:38:56Z,70
marc,11705,Train413,2026-08-14,11980,PENN STATION MARC sb,2026-08-14T10:40:00Z,2026-08-14T10:42:10Z,NA,NA,2026-08-14T11:38:56Z,70
marc,11705,Train413,2026-08-14,11958,UNION STATION MARC Washington,NA,NA,2026-08-14T11:43:00Z,2026-08-14T11:46:32Z,2026-08-14T11:38:56Z,70
marc,11705,Train415,2026-08-14,11980,PENN STATION MARC sb,2026-08-14T11:00:00Z,2026-08-14T11:00:00Z,NA,NA,2026-08-14T11:38:56Z,70
marc,11705,Train415,2026-08-14,11958,UNION STATION MARC Washington,NA,NA,2026-08-14T12:02:00Z,2026-08-14T12:04:12Z,2026-08-14T11:38:56Z,70
marc,11705,Train517,2026-08-14,11980,PENN STATION MARC sb,2026-08-14T11:20:00Z,2026-08-14T11:14:39Z,2026-08-14T11:16:05Z,2026-08-14T11:13:30Z,2026-08-14T11:38:56Z,70
marc,11705,Train517,2026-08-14,11958,UNION STATION MARC Washington,NA,NA,2026-08-14T12:19:00Z,2026-08-14T12:19:00Z,2026-08-14T11:38:56Z,70
marc,11705,Train502,2026-08-14,11958,UNION STATION MARC Washington,2026-08-14T10:12:00Z,2026-08-14T10:13:37Z,NA,NA,2026-08-14T11:38:56Z,70
marc,11705,Train502,2026-08-14,12002,PENN STATION MARC nb,2026-08-14T11:26:00Z,2026-08-14T11:23:12Z,2026-08-14T11:24:00Z,2026-08-14T11:09:36Z,2026-08-14T11:38:56Z,70
amtrak,NER,66,2026-08-14,BAL,Baltimore Penn Station,2026-08-14T02:51:00Z,2026-08-14T02:51:00Z,2026-08-14T02:49:00Z,2026-08-14T02:47:00Z,2026-08-14T11:38:56Z,70
amtrak,NER,66,2026-08-14,WAS,Washington Union Station,2026-08-14T02:00:00Z,2026-08-14T02:06:00Z,2026-08-14T01:28:00Z,2026-08-14T01:43:00Z,2026-08-14T11:38:56Z,70
amtrak,NER,67,2026-08-14,BAL,Baltimore Penn Station,2026-08-14T10:04:00Z,2026-08-14T10:05:00Z,2026-08-14T10:02:00Z,2026-08-14T09:57:00Z,2026-08-14T11:38:56Z,70
amtrak,NER,67,2026-08-14,WAS,Washington Union Station,2026-08-14T11:20:00Z,2026-08-14T11:20:00Z,2026-08-14T10:54:00Z,2026-08-14T10:53:00Z,2026-08-14T11:38:56Z,70
amtrak,NER,86,2026-08-14,BAL,Baltimore Penn Station,2026-08-14T13:32:00Z,2026-08-14T13:30:00Z,2026-08-14T13:30:00Z,2026-08-14T13:30:00Z,2026-08-14T11:38:56Z,70
amtrak,NER,86,2026-08-14,WAS,Washington Union Station,2026-08-14T12:55:00Z,2026-08-14T12:18:00Z,2026-08-14T12:18:00Z,2026-08-14T12:18:00Z,2026-08-14T11:38:56Z,70
amtrak,NER,95,2026-08-14,BAL,Baltimore Penn Station,2026-08-14T17:23:00Z,2026-08-14T17:14:00Z,2026-08-14T17:14:00Z,2026-08-14T17:14:00Z,2026-08-14T11:38:56Z,70
amtrak,NER,95,2026-08-14,WAS,Washington Union Station,2026-08-14T18:35:00Z,2026-08-14T18:05:00Z,2026-08-14T18:05:00Z,2026-08-14T18:05:00Z,2026-08-14T11:38:56Z,70
amtrak,NER,111,2026-08-14,BAL,Baltimore Penn Station,2026-08-14T11:36:00Z,2026-08-14T11:36:00Z,2026-08-14T11:34:00Z,2026-08-14T11:32:00Z,2026-08-14T11:38:56Z,70
amtrak,NER,111,2026-08-14,WAS,Washington Union Station,2026-08-14T12:22:00Z,2026-08-14T12:22:00Z,2026-08-14T12:22:00Z,2026-08-14T12:22:00Z,2026-08-14T11:38:56Z,70
amtrak,NER,112,2026-08-14,BAL,Baltimore Penn Station,2026-08-14T12:22:00Z,2026-08-14T12:22:00Z,2026-08-14T12:20:00Z,2026-08-14T12:20:00Z,2026-08-14T11:38:56Z,70
amtrak,NER,112,2026-08-14,WAS,Washington Union Station,2026-08-14T11:40:00Z,2026-08-14T11:40:00Z,2026-08-14T11:40:00Z,2026-08-14T11:40:00Z,2026-08-14T11:38:56Z,70
amtrak,NER,113,2026-08-14,BAL,Baltimore Penn Station,2026-08-14T13:07:00Z,2026-08-14T13:05:00Z,2026-08-14T13:05:00Z,2026-08-14T13:05:00Z,2026-08-14T11:38:56Z,70
amtrak,NER,113,2026-08-14,WAS,Washington Union Station,2026-08-14T13:53:00Z,NA,2026-08-14T13:53:00Z,NA,2026-08-14T11:38:56Z,70
amtrak,NER,125,2026-08-14,BAL,Baltimore Penn Station,2026-08-14T18:28:00Z,2026-08-14T18:26:00Z,2026-08-14T18:25:00Z,2026-08-14T18:26:00Z,2026-08-14T11:38:56Z,70
amtrak,NER,125,2026-08-14,WAS,Washington Union Station,2026-08-14T19:50:00Z,2026-08-14T19:11:00Z,2026-08-14T19:11:00Z,2026-08-14T19:11:00Z,2026-08-14T11:38:56Z,70
amtrak,NER,130,2026-08-14,BAL,Baltimore Penn Station,2026-08-14T11:05:00Z,2026-08-14T11:05:00Z,2026-08-14T11:03:00Z,2026-08-14T10:55:00Z,2026-08-14T11:38:56Z,70
amtrak,NER,130,2026-08-14,WAS,Washington Union Station,2026-08-14T10:20:00Z,2026-08-14T10:20:00Z,2026-08-14T10:20:00Z,2026-08-14T10:20:00Z,2026-08-14T11:38:56Z,70
amtrak,NER,141,2026-08-14,BAL,Baltimore Penn Station,2026-08-14T15:00:00Z,2026-08-14T14:58:00Z,2026-08-14T14:58:00Z,2026-08-14T14:58:00Z,2026-08-14T11:38:56Z,70
amtrak,NER,141,2026-08-14,WAS,Washington Union Station,2026-08-14T15:41:00Z,2026-08-14T15:40:00Z,2026-08-14T15:41:00Z,2026-08-14T15:40:00Z,2026-08-14T11:38:56Z,70
amtrak,NER,151,2026-08-14,BAL,Baltimore Penn Station,2026-08-14T10:10:00Z,2026-08-14T10:14:00Z,2026-08-14T10:08:00Z,2026-08-14T10:12:00Z,2026-08-14T11:38:56Z,70
amtrak,NER,151,2026-08-14,WAS,Washington Union Station,2026-08-14T11:30:00Z,2026-08-14T11:30:00Z,2026-08-14T10:58:00Z,2026-08-14T10:57:00Z,2026-08-14T11:38:56Z,70
amtrak,NER,170,2026-08-14,BAL,Baltimore Penn Station,2026-08-14T09:44:00Z,2026-08-14T09:44:00Z,2026-08-14T09:42:00Z,2026-08-14T09:41:00Z,2026-08-14T11:38:56Z,70
amtrak,NER,170,2026-08-14,WAS,Washington Union Station,2026-08-14T09:05:00Z,2026-08-14T09:05:00Z,2026-08-14T09:05:00Z,2026-08-14T09:05:00Z,2026-08-14T11:38:56Z,70
amtrak,NER,171,2026-08-14,BAL,Baltimore Penn Station,2026-08-14T19:33:00Z,2026-08-14T19:33:00Z,2026-08-14T19:30:00Z,2026-08-14T19:30:00Z,2026-08-14T11:38:56Z,70
amtrak,NER,171,2026-08-14,WAS,Washington Union Station,2026-08-14T21:00:00Z,2026-08-14T21:00:00Z,2026-08-14T20:25:00Z,2026-08-14T20:25:00Z,2026-08-14T11:38:56Z,70
amtrak,NER,172,2026-08-14,BAL,Baltimore Penn Station,2026-08-14T11:50:00Z,2026-08-14T11:48:00Z,2026-08-14T11:48:00Z,2026-08-14T11:48:00Z,2026-08-14T11:38:56Z,70
amtrak,NER,172,2026-08-14,WAS,Washington Union Station,2026-08-14T11:06:00Z,2026-08-14T11:06:00Z,2026-08-14T11:06:00Z,2026-08-14T11:06:00Z,2026-08-14T11:38:56Z,70
amtrak,NER,181,2026-08-14,BAL,Baltimore Penn Station,2026-08-14T12:22:00Z,2026-08-14T12:15:00Z,2026-08-14T12:19:00Z,2026-08-14T12:15:00Z,2026-08-14T11:38:56Z,70
amtrak,NER,181,2026-08-14,WAS,Washington Union Station,2026-08-14T13:02:00Z,2026-08-14T13:02:00Z,2026-08-14T13:02:00Z,2026-08-14T13:02:00Z,2026-08-14T11:38:56Z,70
amtrak,NER,183,2026-08-14,BAL,Baltimore Penn Station,2026-08-14T14:20:00Z,2026-08-14T14:17:00Z,2026-08-14T14:17:00Z,2026-08-14T14:17:00Z,2026-08-14T11:38:56Z,70
amtrak,NER,183,2026-08-14,WAS,Washington Union Station,2026-08-14T15:04:00Z,2026-08-14T15:00:00Z,2026-08-14T15:04:00Z,2026-08-14T15:00:00Z,2026-08-14T11:38:56Z,70
marc,11705,Train419,2026-08-14,11980,PENN STATION MARC sb,2026-08-14T11:50:00Z,2026-08-14T11:51:37Z,NA,NA,2026-08-14T12:26:07Z,62
marc,11705,Train419,2026-08-14,11958,UNION STATION MARC Washington,NA,NA,2026-08-14T12:53:00Z,2026-08-14T12:55:54Z,2026-08-14T12:26:07Z,62
marc,11705,Train610,2026-08-14,11958,UNION STATION MARC Washington,2026-08-14T11:50:00Z,2026-08-14T11:51:16Z,NA,NA,2026-08-14T12:26:07Z,62
marc,11705,Train610,2026-08-14,12002,PENN STATION MARC nb,2026-08-14T12:46:00Z,2026-08-14T12:46:00Z,2026-08-14T12:40:15Z,2026-08-14T12:38:12Z,2026-08-14T12:26:07Z,62
marc,11705,Train612,2026-08-14,11958,UNION STATION MARC Washington,2026-08-14T12:20:00Z,2026-08-14T12:21:37Z,NA,NA,2026-08-14T12:26:07Z,62
marc,11705,Train612,2026-08-14,12002,PENN STATION MARC nb,2026-08-14T13:20:00Z,2026-08-14T13:22:21Z,2026-08-14T13:17:00Z,2026-08-14T13:19:21Z,2026-08-14T12:26:07Z,62
amtrak,NER,66,2026-08-14,BAL,Baltimore Penn Station,2026-08-14T02:51:00Z,2026-08-14T02:51:00Z,2026-08-14T02:49:00Z,2026-08-14T02:47:00Z,2026-08-14T12:26:07Z,62
amtrak,NER,66,2026-08-14,WAS,Washington Union Station,2026-08-14T02:00:00Z,2026-08-14T02:06:00Z,2026-08-14T01:28:00Z,2026-08-14T01:43:00Z,2026-08-14T12:26:07Z,62
amtrak,NER,67,2026-08-14,BAL,Baltimore Penn Station,2026-08-14T10:04:00Z,2026-08-14T10:05:00Z,2026-08-14T10:02:00Z,2026-08-14T09:57:00Z,2026-08-14T12:26:07Z,62
amtrak,NER,67,2026-08-14,WAS,Washington Union Station,2026-08-14T11:20:00Z,2026-08-14T11:20:00Z,2026-08-14T10:54:00Z,2026-08-14T10:53:00Z,2026-08-14T12:26:07Z,62
amtrak,NER,86,2026-08-14,BAL,Baltimore Penn Station,2026-08-14T13:32:00Z,2026-08-14T13:30:00Z,2026-08-14T13:30:00Z,2026-08-14T13:30:00Z,2026-08-14T12:26:07Z,62
amtrak,NER,86,2026-08-14,WAS,Washington Union Station,2026-08-14T12:55:00Z,2026-08-14T12:29:00Z,2026-08-14T12:18:00Z,2026-08-14T12:29:00Z,2026-08-14T12:26:07Z,62
amtrak,NER,93,2026-08-14,BAL,Baltimore Penn Station,2026-08-14T20:39:00Z,2026-08-14T20:39:00Z,2026-08-14T20:37:00Z,2026-08-14T20:37:00Z,2026-08-14T12:26:07Z,62
amtrak,NER,93,2026-08-14,WAS,Washington Union Station,2026-08-14T22:05:00Z,2026-08-14T22:05:00Z,2026-08-14T21:25:00Z,2026-08-14T21:25:00Z,2026-08-14T12:26:07Z,62
amtrak,NER,94,2026-08-14,BAL,Baltimore Penn Station,2026-08-14T18:43:00Z,2026-08-14T18:43:00Z,2026-08-14T18:41:00Z,2026-08-14T18:41:00Z,2026-08-14T12:26:07Z,62
amtrak,NER,94,2026-08-14,WAS,Washington Union Station,2026-08-14T18:00:00Z,2026-08-14T18:00:00Z,2026-08-14T17:23:00Z,2026-08-14T17:23:00Z,2026-08-14T12:26:07Z,62
amtrak,NER,95,2026-08-14,BAL,Baltimore Penn Station,2026-08-14T17:23:00Z,2026-08-14T17:14:00Z,2026-08-14T17:14:00Z,2026-08-14T17:14:00Z,2026-08-14T12:26:07Z,62
amtrak,NER,95,2026-08-14,WAS,Washington Union Station,2026-08-14T18:35:00Z,2026-08-14T18:05:00Z,2026-08-14T18:05:00Z,2026-08-14T18:05:00Z,2026-08-14T12:26:07Z,62
amtrak,NER,111,2026-08-14,BAL,Baltimore Penn Station,2026-08-14T11:36:00Z,2026-08-14T11:36:00Z,2026-08-14T11:34:00Z,2026-08-14T11:32:00Z,2026-08-14T12:26:07Z,62
amtrak,NER,111,2026-08-14,WAS,Washington Union Station,2026-08-14T12:22:00Z,2026-08-14T12:19:00Z,2026-08-14T12:22:00Z,2026-08-14T12:19:00Z,2026-08-14T12:26:07Z,62
amtrak,NER,112,2026-08-14,BAL,Baltimore Penn Station,2026-08-14T12:22:00Z,2026-08-14T12:22:00Z,2026-08-14T12:20:00Z,2026-08-14T12:20:00Z,2026-08-14T12:26:07Z,62
amtrak,NER,112,2026-08-14,WAS,Washington Union Station,2026-08-14T11:40:00Z,2026-08-14T11:40:00Z,2026-08-14T11:40:00Z,2026-08-14T11:40:00Z,2026-08-14T12:26:07Z,62
amtrak,NER,113,2026-08-14,BAL,Baltimore Penn Station,2026-08-14T13:07:00Z,2026-08-14T13:08:00Z,2026-08-14T13:05:00Z,2026-08-14T13:08:00Z,2026-08-14T12:26:07Z,62
amtrak,NER,113,2026-08-14,WAS,Washington Union Station,2026-08-14T13:53:00Z,2026-08-14T13:45:00Z,2026-08-14T13:53:00Z,2026-08-14T13:45:00Z,2026-08-14T12:26:07Z,62
amtrak,NER,125,2026-08-14,BAL,Baltimore Penn Station,2026-08-14T18:28:00Z,2026-08-14T18:26:00Z,2026-08-14T18:25:00Z,2026-08-14T18:26:00Z,2026-08-14T12:26:07Z,62
amtrak,NER,125,2026-08-14,WAS,Washington Union Station,2026-08-14T19:50:00Z,2026-08-14T19:11:00Z,2026-08-14T19:11:00Z,2026-08-14T19:11:00Z,2026-08-14T12:26:07Z,62
amtrak,NER,130,2026-08-14,BAL,Baltimore Penn Station,2026-08-14T11:05:00Z,2026-08-14T11:05:00Z,2026-08-14T11:03:00Z,2026-08-14T10:55:00Z,2026-08-14T12:26:07Z,62
amtrak,NER,130,2026-08-14,WAS,Washington Union Station,2026-08-14T10:20:00Z,2026-08-14T10:20:00Z,2026-08-14T10:20:00Z,2026-08-14T10:20:00Z,2026-08-14T12:26:07Z,62
amtrak,NER,141,2026-08-14,BAL,Baltimore Penn Station,2026-08-14T15:00:00Z,2026-08-14T14:58:00Z,2026-08-14T14:58:00Z,2026-08-14T14:58:00Z,2026-08-14T12:26:07Z,62
amtrak,NER,141,2026-08-14,WAS,Washington Union Station,2026-08-14T15:41:00Z,2026-08-14T15:40:00Z,2026-08-14T15:41:00Z,2026-08-14T15:40:00Z,2026-08-14T12:26:07Z,62
amtrak,NER,151,2026-08-14,BAL,Baltimore Penn Station,2026-08-14T10:10:00Z,2026-08-14T10:14:00Z,2026-08-14T10:08:00Z,2026-08-14T10:12:00Z,2026-08-14T12:26:07Z,62
amtrak,NER,151,2026-08-14,WAS,Washington Union Station,2026-08-14T11:30:00Z,2026-08-14T12:06:00Z,2026-08-14T10:58:00Z,2026-08-14T10:57:00Z,2026-08-14T12:26:07Z,62
amtrak,NER,170,2026-08-14,BAL,Baltimore Penn Station,2026-08-14T09:44:00Z,2026-08-14T09:44:00Z,2026-08-14T09:42:00Z,2026-08-14T09:41:00Z,2026-08-14T12:26:07Z,62
amtrak,NER,170,2026-08-14,WAS,Washington Union Station,2026-08-14T09:05:00Z,2026-08-14T09:05:00Z,2026-08-14T09:05:00Z,2026-08-14T09:05:00Z,2026-08-14T12:26:07Z,62
amtrak,NER,171,2026-08-14,BAL,Baltimore Penn Station,2026-08-14T19:33:00Z,2026-08-14T19:30:00Z,2026-08-14T19:30:00Z,2026-08-14T19:30:00Z,2026-08-14T12:26:07Z,62
amtrak,NER,171,2026-08-14,WAS,Washington Union Station,2026-08-14T21:00:00Z,2026-08-14T20:25:00Z,2026-08-14T20:25:00Z,2026-08-14T20:25:00Z,2026-08-14T12:26:07Z,62
amtrak,NER,172,2026-08-14,BAL,Baltimore Penn Station,2026-08-14T11:50:00Z,2026-08-14T11:54:00Z,2026-08-14T11:48:00Z,2026-08-14T11:51:00Z,2026-08-14T12:26:07Z,62
amtrak,NER,172,2026-08-14,WAS,Washington Union Station,2026-08-14T11:06:00Z,2026-08-14T11:06:00Z,2026-08-14T11:06:00Z,2026-08-14T11:06:00Z,2026-08-14T12:26:07Z,62
amtrak,NER,181,2026-08-14,BAL,Baltimore Penn Station,2026-08-14T12:22:00Z,2026-08-14T12:22:00Z,2026-08-14T12:19:00Z,2026-08-14T12:17:00Z,2026-08-14T12:26:07Z,62
amtrak,NER,181,2026-08-14,WAS,Washington Union Station,2026-08-14T13:02:00Z,2026-08-14T12:53:00Z,2026-08-14T13:02:00Z,2026-08-14T12:53:00Z,2026-08-14T12:26:07Z,62
amtrak,NER,183,2026-08-14,BAL,Baltimore Penn Station,2026-08-14T14:20:00Z,2026-08-14T14:17:00Z,2026-08-14T14:17:00Z,2026-08-14T14:17:00Z,2026-08-14T12:26:07Z,62
amtrak,NER,183,2026-08-14,WAS,Washington Union Station,2026-08-14T15:04:00Z,2026-08-14T15:00:00Z,2026-08-14T15:04:00Z,2026-08-14T15:00:00Z,2026-08-14T12:26:07Z,62
amtrak,NER,185,2026-08-14,BAL,Baltimore Penn Station,2026-08-14T16:07:00Z,2026-08-14T16:07:00Z,2026-08-14T16:05:00Z,2026-08-14T16:05:00Z,2026-08-14T12:26:07Z,62
amtrak,NER,185,2026-08-14,WAS,Washington Union Station,2026-08-14T16:52:00Z,2026-08-14T16:52:00Z,2026-08-14T16:52:00Z,2026-08-14T16:47:00Z,2026-08-14T12:26:07Z,62
marc,11705,Train419,2026-08-14,11980,PENN STATION MARC sb,2026-08-14T11:50:00Z,2026-08-14T11:51:37Z,NA,NA,2026-08-14T12:29:09Z,60.7
marc,11705,Train419,2026-08-14,11958,UNION STATION MARC Washington,NA,NA,2026-08-14T12:53:00Z,2026-08-14T12:55:49Z,2026-08-14T12:29:09Z,60.7
marc,11705,Train610,2026-08-14,11958,UNION STATION MARC Washington,2026-08-14T11:50:00Z,2026-08-14T11:51:16Z,NA,NA,2026-08-14T12:29:09Z,60.7
marc,11705,Train610,2026-08-14,12002,PENN STATION MARC nb,2026-08-14T12:46:00Z,2026-08-14T12:46:00Z,2026-08-14T12:40:15Z,2026-08-14T12:38:48Z,2026-08-14T12:29:09Z,60.7
marc,11705,Train612,2026-08-14,11958,UNION STATION MARC Washington,2026-08-14T12:20:00Z,2026-08-14T12:21:37Z,NA,NA,2026-08-14T12:29:09Z,60.7
marc,11705,Train612,2026-08-14,12002,PENN STATION MARC nb,2026-08-14T13:20:00Z,2026-08-14T13:25:28Z,2026-08-14T13:17:00Z,2026-08-14T13:22:28Z,2026-08-14T12:29:09Z,60.7
amtrak,NER,66,2026-08-14,BAL,Baltimore Penn Station,2026-08-14T02:51:00Z,2026-08-14T02:51:00Z,2026-08-14T02:49:00Z,2026-08-14T02:47:00Z,2026-08-14T12:29:09Z,60.7
amtrak,NER,66,2026-08-14,WAS,Washington Union Station,2026-08-14T02:00:00Z,2026-08-14T02:06:00Z,2026-08-14T01:28:00Z,2026-08-14T01:43:00Z,2026-08-14T12:29:09Z,60.7
amtrak,NER,67,2026-08-14,BAL,Baltimore Penn Station,2026-08-14T10:04:00Z,2026-08-14T10:05:00Z,2026-08-14T10:02:00Z,2026-08-14T09:57:00Z,2026-08-14T12:29:09Z,60.7
amtrak,NER,67,2026-08-14,WAS,Washington Union Station,2026-08-14T11:20:00Z,2026-08-14T11:20:00Z,2026-08-14T10:54:00Z,2026-08-14T10:53:00Z,2026-08-14T12:29:09Z,60.7
amtrak,NER,86,2026-08-14,BAL,Baltimore Penn Station,2026-08-14T13:32:00Z,2026-08-14T13:30:00Z,2026-08-14T13:30:00Z,2026-08-14T13:30:00Z,2026-08-14T12:29:09Z,60.7
amtrak,NER,86,2026-08-14,WAS,Washington Union Station,2026-08-14T12:55:00Z,2026-08-14T12:29:00Z,2026-08-14T12:18:00Z,2026-08-14T12:29:00Z,2026-08-14T12:29:09Z,60.7
amtrak,NER,93,2026-08-14,BAL,Baltimore Penn Station,2026-08-14T20:39:00Z,2026-08-14T20:39:00Z,2026-08-14T20:37:00Z,2026-08-14T20:37:00Z,2026-08-14T12:29:09Z,60.7
amtrak,NER,93,2026-08-14,WAS,Washington Union Station,2026-08-14T22:05:00Z,2026-08-14T22:05:00Z,2026-08-14T21:25:00Z,2026-08-14T21:25:00Z,2026-08-14T12:29:09Z,60.7
amtrak,NER,94,2026-08-14,BAL,Baltimore Penn Station,2026-08-14T18:43:00Z,2026-08-14T18:43:00Z,2026-08-14T18:41:00Z,2026-08-14T18:41:00Z,2026-08-14T12:29:09Z,60.7
amtrak,NER,94,2026-08-14,WAS,Washington Union Station,2026-08-14T18:00:00Z,2026-08-14T18:00:00Z,2026-08-14T17:23:00Z,2026-08-14T17:23:00Z,2026-08-14T12:29:09Z,60.7
amtrak,NER,95,2026-08-14,BAL,Baltimore Penn Station,2026-08-14T17:23:00Z,2026-08-14T17:14:00Z,2026-08-14T17:14:00Z,2026-08-14T17:14:00Z,2026-08-14T12:29:09Z,60.7
amtrak,NER,95,2026-08-14,WAS,Washington Union Station,2026-08-14T18:35:00Z,2026-08-14T18:05:00Z,2026-08-14T18:05:00Z,2026-08-14T18:05:00Z,2026-08-14T12:29:09Z,60.7
amtrak,NER,111,2026-08-14,BAL,Baltimore Penn Station,2026-08-14T11:36:00Z,2026-08-14T11:36:00Z,2026-08-14T11:34:00Z,2026-08-14T11:32:00Z,2026-08-14T12:29:09Z,60.7
amtrak,NER,111,2026-08-14,WAS,Washington Union Station,2026-08-14T12:22:00Z,2026-08-14T12:19:00Z,2026-08-14T12:22:00Z,2026-08-14T12:19:00Z,2026-08-14T12:29:09Z,60.7
amtrak,NER,112,2026-08-14,BAL,Baltimore Penn Station,2026-08-14T12:22:00Z,2026-08-14T12:22:00Z,2026-08-14T12:20:00Z,2026-08-14T12:20:00Z,2026-08-14T12:29:09Z,60.7
amtrak,NER,112,2026-08-14,WAS,Washington Union Station,2026-08-14T11:40:00Z,2026-08-14T11:40:00Z,2026-08-14T11:40:00Z,2026-08-14T11:40:00Z,2026-08-14T12:29:09Z,60.7
amtrak,NER,113,2026-08-14,BAL,Baltimore Penn Station,2026-08-14T13:07:00Z,2026-08-14T13:08:00Z,2026-08-14T13:05:00Z,2026-08-14T13:08:00Z,2026-08-14T12:29:09Z,60.7
amtrak,NER,113,2026-08-14,WAS,Washington Union Station,2026-08-14T13:53:00Z,2026-08-14T13:45:00Z,2026-08-14T13:53:00Z,2026-08-14T13:45:00Z,2026-08-14T12:29:09Z,60.7
amtrak,NER,125,2026-08-14,BAL,Baltimore Penn Station,2026-08-14T18:28:00Z,2026-08-14T18:26:00Z,2026-08-14T18:25:00Z,2026-08-14T18:26:00Z,2026-08-14T12:29:09Z,60.7
amtrak,NER,125,2026-08-14,WAS,Washington Union Station,2026-08-14T19:50:00Z,2026-08-14T19:11:00Z,2026-08-14T19:11:00Z,2026-08-14T19:11:00Z,2026-08-14T12:29:09Z,60.7
amtrak,NER,130,2026-08-14,BAL,Baltimore Penn Station,2026-08-14T11:05:00Z,2026-08-14T11:05:00Z,2026-08-14T11:03:00Z,2026-08-14T10:55:00Z,2026-08-14T12:29:09Z,60.7
amtrak,NER,130,2026-08-14,WAS,Washington Union Station,2026-08-14T10:20:00Z,2026-08-14T10:20:00Z,2026-08-14T10:20:00Z,2026-08-14T10:20:00Z,2026-08-14T12:29:09Z,60.7
amtrak,NER,141,2026-08-14,BAL,Baltimore Penn Station,2026-08-14T15:00:00Z,2026-08-14T14:58:00Z,2026-08-14T14:58:00Z,2026-08-14T14:58:00Z,2026-08-14T12:29:09Z,60.7
amtrak,NER,141,2026-08-14,WAS,Washington Union Station,2026-08-14T15:41:00Z,2026-08-14T15:40:00Z,2026-08-14T15:41:00Z,2026-08-14T15:40:00Z,2026-08-14T12:29:09Z,60.7
amtrak,NER,151,2026-08-14,BAL,Baltimore Penn Station,2026-08-14T10:10:00Z,2026-08-14T10:14:00Z,2026-08-14T10:08:00Z,2026-08-14T10:12:00Z,2026-08-14T12:29:09Z,60.7
amtrak,NER,151,2026-08-14,WAS,Washington Union Station,2026-08-14T11:30:00Z,2026-08-14T12:06:00Z,2026-08-14T10:58:00Z,2026-08-14T10:57:00Z,2026-08-14T12:29:09Z,60.7
amtrak,NER,170,2026-08-14,BAL,Baltimore Penn Station,2026-08-14T09:44:00Z,2026-08-14T09:44:00Z,2026-08-14T09:42:00Z,2026-08-14T09:41:00Z,2026-08-14T12:29:09Z,60.7
amtrak,NER,170,2026-08-14,WAS,Washington Union Station,2026-08-14T09:05:00Z,2026-08-14T09:05:00Z,2026-08-14T09:05:00Z,2026-08-14T09:05:00Z,2026-08-14T12:29:09Z,60.7
amtrak,NER,171,2026-08-14,BAL,Baltimore Penn Station,2026-08-14T19:33:00Z,2026-08-14T19:30:00Z,2026-08-14T19:30:00Z,2026-08-14T19:30:00Z,2026-08-14T12:29:09Z,60.7
amtrak,NER,171,2026-08-14,WAS,Washington Union Station,2026-08-14T21:00:00Z,2026-08-14T20:25:00Z,2026-08-14T20:25:00Z,2026-08-14T20:25:00Z,2026-08-14T12:29:09Z,60.7
amtrak,NER,172,2026-08-14,BAL,Baltimore Penn Station,2026-08-14T11:50:00Z,2026-08-14T11:54:00Z,2026-08-14T11:48:00Z,2026-08-14T11:51:00Z,2026-08-14T12:29:09Z,60.7
amtrak,NER,172,2026-08-14,WAS,Washington Union Station,2026-08-14T11:06:00Z,2026-08-14T11:06:00Z,2026-08-14T11:06:00Z,2026-08-14T11:06:00Z,2026-08-14T12:29:09Z,60.7
amtrak,NER,181,2026-08-14,BAL,Baltimore Penn Station,2026-08-14T12:22:00Z,2026-08-14T12:22:00Z,2026-08-14T12:19:00Z,2026-08-14T12:17:00Z,2026-08-14T12:29:09Z,60.7
amtrak,NER,181,2026-08-14,WAS,Washington Union Station,2026-08-14T13:02:00Z,2026-08-14T12:53:00Z,2026-08-14T13:02:00Z,2026-08-14T12:53:00Z,2026-08-14T12:29:09Z,60.7
amtrak,NER,182,2026-08-14,BAL,Baltimore Penn Station,2026-08-14T14:13:00Z,2026-08-14T14:13:00Z,2026-08-14T14:11:00Z,2026-08-14T14:11:00Z,2026-08-14T12:29:09Z,60.7
amtrak,NER,182,2026-08-14,WAS,Washington Union Station,2026-08-14T13:29:00Z,2026-08-14T13:29:00Z,2026-08-14T13:29:00Z,2026-08-14T13:29:00Z,2026-08-14T12:29:09Z,60.7
amtrak,NER,183,2026-08-14,BAL,Baltimore Penn Station,2026-08-14T14:20:00Z,2026-08-14T14:17:00Z,2026-08-14T14:17:00Z,2026-08-14T14:17:00Z,2026-08-14T12:29:09Z,60.7
amtrak,NER,183,2026-08-14,WAS,Washington Union Station,2026-08-14T15:04:00Z,2026-08-14T15:00:00Z,2026-08-14T15:04:00Z,2026-08-14T15:00:00Z,2026-08-14T12:29:09Z,60.7
amtrak,NER,185,2026-08-14,BAL,Baltimore Penn Station,2026-08-14T16:07:00Z,2026-08-14T16:07:00Z,2026-08-14T16:05:00Z,2026-08-14T16:05:00Z,2026-08-14T12:29:09Z,60.7
amtrak,NER,185,2026-08-14,WAS,Washington Union Station,2026-08-14T16:52:00Z,2026-08-14T16:52:00Z,2026-08-14T16:52:00Z,2026-08-14T16:47:00Z,2026-08-14T12:29:09Z,60.7
marc,11705,Train419,2026-08-14,11980,PENN STATION MARC sb,2026-08-14T11:50:00Z,2026-08-14T11:51:37Z,NA,NA,2026-08-14T12:32:14Z,61.6
marc,11705,Train419,2026-08-14,11958,UNION STATION MARC Washington,NA,NA,2026-08-14T12:53:00Z,2026-08-14T12:56:02Z,2026-08-14T12:32:14Z,61.6
marc,11705,Train421,2026-08-14,11958,UNION STATION MARC Washington,NA,NA,2026-08-14T13:32:00Z,2026-08-14T13:32:00Z,2026-08-14T12:32:14Z,61.6
marc,11705,Train610,2026-08-14,11958,UNION STATION MARC Washington,2026-08-14T11:50:00Z,2026-08-14T11:51:16Z,NA,NA,2026-08-14T12:32:14Z,61.6
marc,11705,Train610,2026-08-14,12002,PENN STATION MARC nb,2026-08-14T12:46:00Z,2026-08-14T12:46:00Z,2026-08-14T12:40:15Z,2026-08-14T12:39:34Z,2026-08-14T12:32:14Z,61.6
marc,11705,Train612,2026-08-14,11958,UNION STATION MARC Washington,2026-08-14T12:20:00Z,2026-08-14T12:21:37Z,NA,NA,2026-08-14T12:32:14Z,61.6
marc,11705,Train612,2026-08-14,12002,PENN STATION MARC nb,2026-08-14T13:20:00Z,2026-08-14T13:28:33Z,2026-08-14T13:17:00Z,2026-08-14T13:25:33Z,2026-08-14T12:32:14Z,61.6
amtrak,NER,66,2026-08-14,BAL,Baltimore Penn Station,2026-08-14T02:51:00Z,2026-08-14T02:51:00Z,2026-08-14T02:49:00Z,2026-08-14T02:47:00Z,2026-08-14T12:32:14Z,61.6
amtrak,NER,66,2026-08-14,WAS,Washington Union Station,2026-08-14T02:00:00Z,2026-08-14T02:06:00Z,2026-08-14T01:28:00Z,2026-08-14T01:43:00Z,2026-08-14T12:32:14Z,61.6
amtrak,NER,67,2026-08-14,BAL,Baltimore Penn Station,2026-08-14T10:04:00Z,2026-08-14T10:05:00Z,2026-08-14T10:02:00Z,2026-08-14T09:57:00Z,2026-08-14T12:32:14Z,61.6
amtrak,NER,67,2026-08-14,WAS,Washington Union Station,2026-08-14T11:20:00Z,2026-08-14T11:20:00Z,2026-08-14T10:54:00Z,2026-08-14T10:53:00Z,2026-08-14T12:32:14Z,61.6
amtrak,NER,86,2026-08-14,BAL,Baltimore Penn Station,2026-08-14T13:32:00Z,2026-08-14T13:30:00Z,2026-08-14T13:30:00Z,2026-08-14T13:30:00Z,2026-08-14T12:32:14Z,61.6
amtrak,NER,86,2026-08-14,WAS,Washington Union Station,2026-08-14T12:55:00Z,2026-08-14T12:55:00Z,2026-08-14T12:18:00Z,2026-08-14T12:30:00Z,2026-08-14T12:32:14Z,61.6
amtrak,NER,93,2026-08-14,BAL,Baltimore Penn Station,2026-08-14T20:39:00Z,2026-08-14T20:39:00Z,2026-08-14T20:37:00Z,2026-08-14T20:37:00Z,2026-08-14T12:32:14Z,61.6
amtrak,NER,93,2026-08-14,WAS,Washington Union Station,2026-08-14T22:05:00Z,2026-08-14T22:05:00Z,2026-08-14T21:25:00Z,2026-08-14T21:25:00Z,2026-08-14T12:32:14Z,61.6
amtrak,NER,94,2026-08-14,BAL,Baltimore Penn Station,2026-08-14T18:43:00Z,2026-08-14T18:43:00Z,2026-08-14T18:41:00Z,2026-08-14T18:41:00Z,2026-08-14T12:32:14Z,61.6
amtrak,NER,94,2026-08-14,WAS,Washington Union Station,2026-08-14T18:00:00Z,2026-08-14T18:00:00Z,2026-08-14T17:23:00Z,2026-08-14T17:23:00Z,2026-08-14T12:32:14Z,61.6
amtrak,NER,95,2026-08-14,BAL,Baltimore Penn Station,2026-08-14T17:23:00Z,2026-08-14T17:14:00Z,2026-08-14T17:14:00Z,2026-08-14T17:14:00Z,2026-08-14T12:32:14Z,61.6
amtrak,NER,95,2026-08-14,WAS,Washington Union Station,2026-08-14T18:35:00Z,2026-08-14T18:05:00Z,2026-08-14T18:05:00Z,2026-08-14T18:05:00Z,2026-08-14T12:32:14Z,61.6
amtrak,NER,111,2026-08-14,BAL,Baltimore Penn Station,2026-08-14T11:36:00Z,2026-08-14T11:36:00Z,2026-08-14T11:34:00Z,2026-08-14T11:32:00Z,2026-08-14T12:32:14Z,61.6
amtrak,NER,111,2026-08-14,WAS,Washington Union Station,2026-08-14T12:22:00Z,2026-08-14T12:19:00Z,2026-08-14T12:22:00Z,2026-08-14T12:19:00Z,2026-08-14T12:32:14Z,61.6
amtrak,NER,112,2026-08-14,BAL,Baltimore Penn Station,2026-08-14T12:22:00Z,2026-08-14T12:22:00Z,2026-08-14T12:20:00Z,2026-08-14T12:20:00Z,2026-08-14T12:32:14Z,61.6
amtrak,NER,112,2026-08-14,WAS,Washington Union Station,2026-08-14T11:40:00Z,2026-08-14T11:40:00Z,2026-08-14T11:40:00Z,2026-08-14T11:40:00Z,2026-08-14T12:32:14Z,61.6
amtrak,NER,113,2026-08-14,BAL,Baltimore Penn Station,2026-08-14T13:07:00Z,2026-08-14T13:08:00Z,2026-08-14T13:05:00Z,2026-08-14T13:08:00Z,2026-08-14T12:32:14Z,61.6
amtrak,NER,113,2026-08-14,WAS,Washington Union Station,2026-08-14T13:53:00Z,2026-08-14T13:45:00Z,2026-08-14T13:53:00Z,2026-08-14T13:45:00Z,2026-08-14T12:32:14Z,61.6
amtrak,NER,125,2026-08-14,BAL,Baltimore Penn Station,2026-08-14T18:28:00Z,2026-08-14T18:26:00Z,2026-08-14T18:25:00Z,2026-08-14T18:26:00Z,2026-08-14T12:32:14Z,61.6
amtrak,NER,125,2026-08-14,WAS,Washington Union Station,2026-08-14T19:50:00Z,2026-08-14T19:11:00Z,2026-08-14T19:11:00Z,2026-08-14T19:11:00Z,2026-08-14T12:32:14Z,61.6
amtrak,NER,130,2026-08-14,BAL,Baltimore Penn Station,2026-08-14T11:05:00Z,2026-08-14T11:05:00Z,2026-08-14T11:03:00Z,2026-08-14T10:55:00Z,2026-08-14T12:32:14Z,61.6
amtrak,NER,130,2026-08-14,WAS,Washington Union Station,2026-08-14T10:20:00Z,2026-08-14T10:20:00Z,2026-08-14T10:20:00Z,2026-08-14T10:20:00Z,2026-08-14T12:32:14Z,61.6
amtrak,NER,141,2026-08-14,BAL,Baltimore Penn Station,2026-08-14T15:00:00Z,2026-08-14T14:58:00Z,2026-08-14T14:58:00Z,2026-08-14T14:58:00Z,2026-08-14T12:32:14Z,61.6
amtrak,NER,141,2026-08-14,WAS,Washington Union Station,2026-08-14T15:41:00Z,2026-08-14T15:40:00Z,2026-08-14T15:41:00Z,2026-08-14T15:40:00Z,2026-08-14T12:32:14Z,61.6
amtrak,NER,151,2026-08-14,BAL,Baltimore Penn Station,2026-08-14T10:10:00Z,2026-08-14T10:14:00Z,2026-08-14T10:08:00Z,2026-08-14T10:12:00Z,2026-08-14T12:32:14Z,61.6
amtrak,NER,151,2026-08-14,WAS,Washington Union Station,2026-08-14T11:30:00Z,2026-08-14T12:06:00Z,2026-08-14T10:58:00Z,2026-08-14T10:57:00Z,2026-08-14T12:32:14Z,61.6
amtrak,NER,170,2026-08-14,BAL,Baltimore Penn Station,2026-08-14T09:44:00Z,2026-08-14T09:44:00Z,2026-08-14T09:42:00Z,2026-08-14T09:41:00Z,2026-08-14T12:32:14Z,61.6
amtrak,NER,170,2026-08-14,WAS,Washington Union Station,2026-08-14T09:05:00Z,2026-08-14T09:05:00Z,2026-08-14T09:05:00Z,2026-08-14T09:05:00Z,2026-08-14T12:32:14Z,61.6
amtrak,NER,171,2026-08-14,BAL,Baltimore Penn Station,2026-08-14T19:33:00Z,2026-08-14T19:30:00Z,2026-08-14T19:30:00Z,2026-08-14T19:30:00Z,2026-08-14T12:32:14Z,61.6
amtrak,NER,171,2026-08-14,WAS,Washington Union Station,2026-08-14T21:00:00Z,2026-08-14T20:25:00Z,2026-08-14T20:25:00Z,2026-08-14T20:25:00Z,2026-08-14T12:32:14Z,61.6
amtrak,NER,172,2026-08-14,BAL,Baltimore Penn Station,2026-08-14T11:50:00Z,2026-08-14T11:54:00Z,2026-08-14T11:48:00Z,2026-08-14T11:51:00Z,2026-08-14T12:32:14Z,61.6
amtrak,NER,172,2026-08-14,WAS,Washington Union Station,2026-08-14T11:06:00Z,2026-08-14T11:06:00Z,2026-08-14T11:06:00Z,2026-08-14T11:06:00Z,2026-08-14T12:32:14Z,61.6
amtrak,NER,181,2026-08-14,BAL,Baltimore Penn Station,2026-08-14T12:22:00Z,2026-08-14T12:22:00Z,2026-08-14T12:19:00Z,2026-08-14T12:17:00Z,2026-08-14T12:32:14Z,61.6
amtrak,NER,181,2026-08-14,WAS,Washington Union Station,2026-08-14T13:02:00Z,2026-08-14T12:53:00Z,2026-08-14T13:02:00Z,2026-08-14T12:53:00Z,2026-08-14T12:32:14Z,61.6
amtrak,NER,182,2026-08-14,BAL,Baltimore Penn Station,2026-08-14T14:13:00Z,2026-08-14T14:13:00Z,2026-08-14T14:11:00Z,2026-08-14T14:11:00Z,2026-08-14T12:32:14Z,61.6
amtrak,NER,182,2026-08-14,WAS,Washington Union Station,2026-08-14T13:29:00Z,2026-08-14T13:29:00Z,2026-08-14T13:29:00Z,2026-08-14T13:29:00Z,2026-08-14T12:32:14Z,61.6
amtrak,NER,183,2026-08-14,BAL,Baltimore Penn Station,2026-08-14T14:20:00Z,2026-08-14T14:17:00Z,2026-08-14T14:17:00Z,2026-08-14T14:17:00Z,2026-08-14T12:32:14Z,61.6
amtrak,NER,183,2026-08-14,WAS,Washington Union Station,2026-08-14T15:04:00Z,2026-08-14T15:00:00Z,2026-08-14T15:04:00Z,2026-08-14T15:00:00Z,2026-08-14T12:32:14Z,61.6
amtrak,NER,185,2026-08-14,BAL,Baltimore Penn Station,2026-08-14T16:07:00Z,2026-08-14T16:07:00Z,2026-08-14T16:05:00Z,2026-08-14T16:05:00Z,2026-08-14T12:32:14Z,61.6
amtrak,NER,185,2026-08-14,WAS,Washington Union Station,2026-08-14T16:52:00Z,2026-08-14T16:52:00Z,2026-08-14T16:52:00Z,2026-08-14T16:47:00Z,2026-08-14T12:32:14Z,61.6
marc,11705,Train412,2026-08-14,11958,UNION STATION MARC Washington,2026-08-14T13:00:00Z,2026-08-14T13:01:30Z,NA,NA,2026-08-14T13:51:30Z,60.4
marc,11705,Train412,2026-08-14,12002,PENN STATION MARC nb,NA,NA,2026-08-14T13:56:00Z,2026-08-14T13:54:34Z,2026-08-14T13:51:30Z,60.4
marc,11705,Train414,2026-08-14,11958,UNION STATION MARC Washington,2026-08-14T13:45:00Z,2026-08-14T13:47:41Z,NA,NA,2026-08-14T13:51:30Z,60.4
marc,11705,Train414,2026-08-14,12002,PENN STATION MARC nb,NA,NA,2026-08-14T14:42:00Z,2026-08-14T14:45:17Z,2026-08-14T13:51:30Z,60.4
marc,11705,Train423,2026-08-14,11980,PENN STATION MARC sb,2026-08-14T13:00:00Z,2026-08-14T13:00:00Z,NA,NA,2026-08-14T13:51:30Z,60.4
marc,11705,Train423,2026-08-14,11958,UNION STATION MARC Washington,NA,NA,2026-08-14T14:03:00Z,2026-08-14T14:02:55Z,2026-08-14T13:51:30Z,60.4
marc,11705,Train525,2026-08-14,11980,PENN STATION MARC sb,2026-08-14T13:30:00Z,2026-08-14T13:29:50Z,2026-08-14T13:28:00Z,2026-08-14T13:28:05Z,2026-08-14T13:51:30Z,60.4
marc,11705,Train525,2026-08-14,11958,UNION STATION MARC Washington,NA,NA,2026-08-14T14:28:00Z,2026-08-14T14:28:10Z,2026-08-14T13:51:30Z,60.4
marc,11705,Train612,2026-08-14,11958,UNION STATION MARC Washington,2026-08-14T12:20:00Z,2026-08-14T12:21:37Z,NA,NA,2026-08-14T13:51:30Z,60.4
marc,11705,Train612,2026-08-14,12002,PENN STATION MARC nb,2026-08-14T13:20:00Z,2026-08-14T13:44:49Z,2026-08-14T13:17:00Z,2026-08-14T13:43:22Z,2026-08-14T13:51:30Z,60.4
amtrak,NER,66,2026-08-14,BAL,Baltimore Penn Station,2026-08-14T02:51:00Z,2026-08-14T02:51:00Z,2026-08-14T02:49:00Z,2026-08-14T02:47:00Z,2026-08-14T13:51:30Z,60.4
amtrak,NER,66,2026-08-14,WAS,Washington Union Station,2026-08-14T02:00:00Z,2026-08-14T02:06:00Z,2026-08-14T01:28:00Z,2026-08-14T01:43:00Z,2026-08-14T13:51:30Z,60.4
amtrak,NER,67,2026-08-14,BAL,Baltimore Penn Station,2026-08-14T10:04:00Z,2026-08-14T10:05:00Z,2026-08-14T10:02:00Z,2026-08-14T09:57:00Z,2026-08-14T13:51:30Z,60.4
amtrak,NER,67,2026-08-14,WAS,Washington Union Station,2026-08-14T11:20:00Z,2026-08-14T11:20:00Z,2026-08-14T10:54:00Z,2026-08-14T10:53:00Z,2026-08-14T13:51:30Z,60.4
amtrak,NER,85,2026-08-14,BAL,Baltimore Penn Station,2026-08-14T21:50:00Z,2026-08-14T21:50:00Z,2026-08-14T21:47:00Z,2026-08-14T21:47:00Z,2026-08-14T13:51:30Z,60.4
amtrak,NER,85,2026-08-14,WAS,Washington Union Station,2026-08-14T22:39:00Z,2026-08-14T22:39:00Z,2026-08-14T22:39:00Z,2026-08-14T22:28:00Z,2026-08-14T13:51:30Z,60.4
amtrak,NER,86,2026-08-14,BAL,Baltimore Penn Station,2026-08-14T13:32:00Z,2026-08-14T13:49:00Z,2026-08-14T13:30:00Z,2026-08-14T13:47:00Z,2026-08-14T13:51:30Z,60.4
amtrak,NER,86,2026-08-14,WAS,Washington Union Station,2026-08-14T12:55:00Z,2026-08-14T12:55:00Z,2026-08-14T12:18:00Z,2026-08-14T12:32:00Z,2026-08-14T13:51:30Z,60.4
amtrak,NER,93,2026-08-14,BAL,Baltimore Penn Station,2026-08-14T20:39:00Z,2026-08-14T20:37:00Z,2026-08-14T20:37:00Z,2026-08-14T20:37:00Z,2026-08-14T13:51:30Z,60.4
amtrak,NER,93,2026-08-14,WAS,Washington Union Station,2026-08-14T22:05:00Z,2026-08-14T21:25:00Z,2026-08-14T21:25:00Z,2026-08-14T21:25:00Z,2026-08-14T13:51:30Z,60.4
amtrak,NER,94,2026-08-14,BAL,Baltimore Penn Station,2026-08-14T18:43:00Z,2026-08-14T18:41:00Z,2026-08-14T18:41:00Z,2026-08-14T18:41:00Z,2026-08-14T13:51:30Z,60.4
amtrak,NER,94,2026-08-14,WAS,Washington Union Station,2026-08-14T18:00:00Z,2026-08-14T17:23:00Z,2026-08-14T17:23:00Z,2026-08-14T17:23:00Z,2026-08-14T13:51:30Z,60.4
amtrak,NER,95,2026-08-14,BAL,Baltimore Penn Station,2026-08-14T17:23:00Z,2026-08-14T17:14:00Z,2026-08-14T17:14:00Z,2026-08-14T17:14:00Z,2026-08-14T13:51:30Z,60.4
amtrak,NER,95,2026-08-14,WAS,Washington Union Station,2026-08-14T18:35:00Z,2026-08-14T18:05:00Z,2026-08-14T18:05:00Z,2026-08-14T18:05:00Z,2026-08-14T13:51:30Z,60.4
amtrak,NER,112,2026-08-14,BAL,Baltimore Penn Station,2026-08-14T12:22:00Z,2026-08-14T12:22:00Z,2026-08-14T12:20:00Z,2026-08-14T12:20:00Z,2026-08-14T13:51:30Z,60.4
amtrak,NER,112,2026-08-14,WAS,Washington Union Station,2026-08-14T11:40:00Z,2026-08-14T11:40:00Z,2026-08-14T11:40:00Z,2026-08-14T11:40:00Z,2026-08-14T13:51:30Z,60.4
amtrak,NER,113,2026-08-14,BAL,Baltimore Penn Station,2026-08-14T13:07:00Z,2026-08-14T13:08:00Z,2026-08-14T13:05:00Z,2026-08-14T13:06:00Z,2026-08-14T13:51:30Z,60.4
amtrak,NER,113,2026-08-14,WAS,Washington Union Station,2026-08-14T13:53:00Z,2026-08-14T13:39:00Z,2026-08-14T13:53:00Z,2026-08-14T13:39:00Z,2026-08-14T13:51:30Z,60.4
amtrak,NER,125,2026-08-14,BAL,Baltimore Penn Station,2026-08-14T18:28:00Z,2026-08-14T18:26:00Z,2026-08-14T18:25:00Z,2026-08-14T18:26:00Z,2026-08-14T13:51:30Z,60.4
amtrak,NER,125,2026-08-14,WAS,Washington Union Station,2026-08-14T19:50:00Z,2026-08-14T19:11:00Z,2026-08-14T19:11:00Z,2026-08-14T19:11:00Z,2026-08-14T13:51:30Z,60.4
amtrak,NER,130,2026-08-14,BAL,Baltimore Penn Station,2026-08-14T11:05:00Z,2026-08-14T11:05:00Z,2026-08-14T11:03:00Z,2026-08-14T10:55:00Z,2026-08-14T13:51:30Z,60.4
amtrak,NER,130,2026-08-14,WAS,Washington Union Station,2026-08-14T10:20:00Z,2026-08-14T10:20:00Z,2026-08-14T10:20:00Z,2026-08-14T10:20:00Z,2026-08-14T13:51:30Z,60.4
amtrak,NER,141,2026-08-14,BAL,Baltimore Penn Station,2026-08-14T15:00:00Z,2026-08-14T14:58:00Z,2026-08-14T14:58:00Z,2026-08-14T14:58:00Z,2026-08-14T13:51:30Z,60.4
amtrak,NER,141,2026-08-14,WAS,Washington Union Station,2026-08-14T15:41:00Z,2026-08-14T15:40:00Z,2026-08-14T15:41:00Z,2026-08-14T15:40:00Z,2026-08-14T13:51:30Z,60.4
amtrak,NER,151,2026-08-14,BAL,Baltimore Penn Station,2026-08-14T10:10:00Z,2026-08-14T10:14:00Z,2026-08-14T10:08:00Z,2026-08-14T10:12:00Z,2026-08-14T13:51:30Z,60.4
amtrak,NER,151,2026-08-14,WAS,Washington Union Station,2026-08-14T11:30:00Z,2026-08-14T12:06:00Z,2026-08-14T10:58:00Z,2026-08-14T10:57:00Z,2026-08-14T13:51:30Z,60.4
amtrak,NER,170,2026-08-14,BAL,Baltimore Penn Station,2026-08-14T09:44:00Z,2026-08-14T09:44:00Z,2026-08-14T09:42:00Z,2026-08-14T09:41:00Z,2026-08-14T13:51:30Z,60.4
amtrak,NER,170,2026-08-14,WAS,Washington Union Station,2026-08-14T09:05:00Z,2026-08-14T09:05:00Z,2026-08-14T09:05:00Z,2026-08-14T09:05:00Z,2026-08-14T13:51:30Z,60.4
amtrak,NER,171,2026-08-14,BAL,Baltimore Penn Station,2026-08-14T19:33:00Z,2026-08-14T19:30:00Z,2026-08-14T19:30:00Z,2026-08-14T19:30:00Z,2026-08-14T13:51:30Z,60.4
amtrak,NER,171,2026-08-14,WAS,Washington Union Station,2026-08-14T21:00:00Z,2026-08-14T20:25:00Z,2026-08-14T20:25:00Z,2026-08-14T20:25:00Z,2026-08-14T13:51:30Z,60.4
amtrak,NER,172,2026-08-14,BAL,Baltimore Penn Station,2026-08-14T11:50:00Z,2026-08-14T11:54:00Z,2026-08-14T11:48:00Z,2026-08-14T11:51:00Z,2026-08-14T13:51:30Z,60.4
amtrak,NER,172,2026-08-14,WAS,Washington Union Station,2026-08-14T11:06:00Z,2026-08-14T11:06:00Z,2026-08-14T11:06:00Z,2026-08-14T11:06:00Z,2026-08-14T13:51:30Z,60.4
amtrak,NER,174,2026-08-14,BAL,Baltimore Penn Station,2026-08-14T15:18:00Z,2026-08-14T15:18:00Z,2026-08-14T15:16:00Z,2026-08-14T15:16:00Z,2026-08-14T13:51:30Z,60.4
amtrak,NER,174,2026-08-14,WAS,Washington Union Station,2026-08-14T14:35:00Z,2026-08-14T14:35:00Z,2026-08-14T14:35:00Z,2026-08-14T14:16:00Z,2026-08-14T13:51:30Z,60.4
amtrak,NER,178,2026-08-14,BAL,Baltimore Penn Station,2026-08-14T20:39:00Z,2026-08-14T20:37:00Z,2026-08-14T20:37:00Z,2026-08-14T20:37:00Z,2026-08-14T13:51:30Z,60.4
amtrak,NER,178,2026-08-14,WAS,Washington Union Station,2026-08-14T19:56:00Z,2026-08-14T18:55:00Z,2026-08-14T18:55:00Z,2026-08-14T18:55:00Z,2026-08-14T13:51:30Z,60.4
amtrak,NER,182,2026-08-14,BAL,Baltimore Penn Station,2026-08-14T14:13:00Z,2026-08-14T14:11:00Z,2026-08-14T14:11:00Z,2026-08-14T14:11:00Z,2026-08-14T13:51:30Z,60.4
amtrak,NER,182,2026-08-14,WAS,Washington Union Station,2026-08-14T13:29:00Z,2026-08-14T13:29:00Z,2026-08-14T13:29:00Z,2026-08-14T13:29:00Z,2026-08-14T13:51:30Z,60.4
amtrak,NER,183,2026-08-14,BAL,Baltimore Penn Station,2026-08-14T14:20:00Z,2026-08-14T14:17:00Z,2026-08-14T14:17:00Z,2026-08-14T14:17:00Z,2026-08-14T13:51:30Z,60.4
amtrak,NER,183,2026-08-14,WAS,Washington Union Station,2026-08-14T15:04:00Z,2026-08-14T15:04:00Z,2026-08-14T15:04:00Z,2026-08-14T15:04:00Z,2026-08-14T13:51:30Z,60.4
amtrak,NER,185,2026-08-14,BAL,Baltimore Penn Station,2026-08-14T16:07:00Z,2026-08-14T16:05:00Z,2026-08-14T16:05:00Z,2026-08-14T16:05:00Z,2026-08-14T13:51:30Z,60.4
amtrak,NER,185,2026-08-14,WAS,Washington Union Station,2026-08-14T16:52:00Z,2026-08-14T16:47:00Z,2026-08-14T16:52:00Z,2026-08-14T16:47:00Z,2026-08-14T13:51:30Z,60.4
marc,11705,Train412,2026-08-14,11958,UNION STATION MARC Washington,2026-08-14T13:00:00Z,2026-08-14T13:01:30Z,NA,NA,2026-08-14T13:54:32Z,60.1
marc,11705,Train412,2026-08-14,12002,PENN STATION MARC nb,NA,NA,2026-08-14T13:56:00Z,2026-08-14T13:54:34Z,2026-08-14T13:54:32Z,60.1
marc,11705,Train414,2026-08-14,11958,UNION STATION MARC Washington,2026-08-14T13:45:00Z,2026-08-14T13:47:41Z,NA,NA,2026-08-14T13:54:32Z,60.1
marc,11705,Train414,2026-08-14,12002,PENN STATION MARC nb,NA,NA,2026-08-14T14:42:00Z,2026-08-14T14:45:10Z,2026-08-14T13:54:32Z,60.1
marc,11705,Train423,2026-08-14,11980,PENN STATION MARC sb,2026-08-14T13:00:00Z,2026-08-14T13:00:00Z,NA,NA,2026-08-14T13:54:32Z,60.1
marc,11705,Train423,2026-08-14,11958,UNION STATION MARC Washington,NA,NA,2026-08-14T14:03:00Z,2026-08-14T14:00:54Z,2026-08-14T13:54:32Z,60.1
marc,11705,Train525,2026-08-14,11980,PENN STATION MARC sb,2026-08-14T13:30:00Z,2026-08-14T13:29:50Z,2026-08-14T13:28:00Z,2026-08-14T13:28:05Z,2026-08-14T13:54:32Z,60.1
marc,11705,Train525,2026-08-14,11958,UNION STATION MARC Washington,NA,NA,2026-08-14T14:28:00Z,2026-08-14T14:28:29Z,2026-08-14T13:54:32Z,60.1
marc,11705,Train612,2026-08-14,11958,UNION STATION MARC Washington,2026-08-14T12:20:00Z,2026-08-14T12:21:37Z,NA,NA,2026-08-14T13:54:32Z,60.1
marc,11705,Train612,2026-08-14,12002,PENN STATION MARC nb,2026-08-14T13:20:00Z,2026-08-14T13:44:49Z,2026-08-14T13:17:00Z,2026-08-14T13:43:22Z,2026-08-14T13:54:32Z,60.1
amtrak,NER,66,2026-08-14,BAL,Baltimore Penn Station,2026-08-14T02:51:00Z,2026-08-14T02:51:00Z,2026-08-14T02:49:00Z,2026-08-14T02:47:00Z,2026-08-14T13:54:32Z,60.1
amtrak,NER,66,2026-08-14,WAS,Washington Union Station,2026-08-14T02:00:00Z,2026-08-14T02:06:00Z,2026-08-14T01:28:00Z,2026-08-14T01:43:00Z,2026-08-14T13:54:32Z,60.1
amtrak,NER,67,2026-08-14,BAL,Baltimore Penn Station,2026-08-14T10:04:00Z,2026-08-14T10:05:00Z,2026-08-14T10:02:00Z,2026-08-14T09:57:00Z,2026-08-14T13:54:32Z,60.1
amtrak,NER,67,2026-08-14,WAS,Washington Union Station,2026-08-14T11:20:00Z,2026-08-14T11:20:00Z,2026-08-14T10:54:00Z,2026-08-14T10:53:00Z,2026-08-14T13:54:32Z,60.1
amtrak,NER,85,2026-08-14,BAL,Baltimore Penn Station,2026-08-14T21:50:00Z,2026-08-14T21:50:00Z,2026-08-14T21:47:00Z,2026-08-14T21:47:00Z,2026-08-14T13:54:32Z,60.1
amtrak,NER,85,2026-08-14,WAS,Washington Union Station,2026-08-14T22:39:00Z,2026-08-14T22:39:00Z,2026-08-14T22:39:00Z,2026-08-14T22:28:00Z,2026-08-14T13:54:32Z,60.1
amtrak,NER,86,2026-08-14,BAL,Baltimore Penn Station,2026-08-14T13:32:00Z,2026-08-14T13:51:00Z,2026-08-14T13:30:00Z,2026-08-14T13:47:00Z,2026-08-14T13:54:32Z,60.1
amtrak,NER,86,2026-08-14,WAS,Washington Union Station,2026-08-14T12:55:00Z,2026-08-14T12:55:00Z,2026-08-14T12:18:00Z,2026-08-14T12:32:00Z,2026-08-14T13:54:32Z,60.1
amtrak,NER,93,2026-08-14,BAL,Baltimore Penn Station,2026-08-14T20:39:00Z,2026-08-14T20:37:00Z,2026-08-14T20:37:00Z,2026-08-14T20:37:00Z,2026-08-14T13:54:32Z,60.1
amtrak,NER,93,2026-08-14,WAS,Washington Union Station,2026-08-14T22:05:00Z,2026-08-14T21:25:00Z,2026-08-14T21:25:00Z,2026-08-14T21:25:00Z,2026-08-14T13:54:32Z,60.1
amtrak,NER,94,2026-08-14,BAL,Baltimore Penn Station,2026-08-14T18:43:00Z,2026-08-14T18:41:00Z,2026-08-14T18:41:00Z,2026-08-14T18:41:00Z,2026-08-14T13:54:32Z,60.1
amtrak,NER,94,2026-08-14,WAS,Washington Union Station,2026-08-14T18:00:00Z,2026-08-14T17:23:00Z,2026-08-14T17:23:00Z,2026-08-14T17:23:00Z,2026-08-14T13:54:32Z,60.1
amtrak,NER,95,2026-08-14,BAL,Baltimore Penn Station,2026-08-14T17:23:00Z,2026-08-14T17:14:00Z,2026-08-14T17:14:00Z,2026-08-14T17:14:00Z,2026-08-14T13:54:32Z,60.1
amtrak,NER,95,2026-08-14,WAS,Washington Union Station,2026-08-14T18:35:00Z,2026-08-14T18:05:00Z,2026-08-14T18:05:00Z,2026-08-14T18:05:00Z,2026-08-14T13:54:32Z,60.1
amtrak,NER,112,2026-08-14,BAL,Baltimore Penn Station,2026-08-14T12:22:00Z,2026-08-14T12:22:00Z,2026-08-14T12:20:00Z,2026-08-14T12:20:00Z,2026-08-14T13:54:32Z,60.1
amtrak,NER,112,2026-08-14,WAS,Washington Union Station,2026-08-14T11:40:00Z,2026-08-14T11:40:00Z,2026-08-14T11:40:00Z,2026-08-14T11:40:00Z,2026-08-14T13:54:32Z,60.1
amtrak,NER,113,2026-08-14,BAL,Baltimore Penn Station,2026-08-14T13:07:00Z,2026-08-14T13:08:00Z,2026-08-14T13:05:00Z,2026-08-14T13:06:00Z,2026-08-14T13:54:32Z,60.1
amtrak,NER,113,2026-08-14,WAS,Washington Union Station,2026-08-14T13:53:00Z,2026-08-14T13:39:00Z,2026-08-14T13:53:00Z,2026-08-14T13:39:00Z,2026-08-14T13:54:32Z,60.1
amtrak,NER,125,2026-08-14,BAL,Baltimore Penn Station,2026-08-14T18:28:00Z,2026-08-14T18:26:00Z,2026-08-14T18:25:00Z,2026-08-14T18:26:00Z,2026-08-14T13:54:32Z,60.1
amtrak,NER,125,2026-08-14,WAS,Washington Union Station,2026-08-14T19:50:00Z,2026-08-14T19:11:00Z,2026-08-14T19:11:00Z,2026-08-14T19:11:00Z,2026-08-14T13:54:32Z,60.1
amtrak,NER,130,2026-08-14,BAL,Baltimore Penn Station,2026-08-14T11:05:00Z,2026-08-14T11:05:00Z,2026-08-14T11:03:00Z,2026-08-14T10:55:00Z,2026-08-14T13:54:32Z,60.1
amtrak,NER,130,2026-08-14,WAS,Washington Union Station,2026-08-14T10:20:00Z,2026-08-14T10:20:00Z,2026-08-14T10:20:00Z,2026-08-14T10:20:00Z,2026-08-14T13:54:32Z,60.1
amtrak,NER,141,2026-08-14,BAL,Baltimore Penn Station,2026-08-14T15:00:00Z,2026-08-14T14:58:00Z,2026-08-14T14:58:00Z,2026-08-14T14:58:00Z,2026-08-14T13:54:32Z,60.1
amtrak,NER,141,2026-08-14,WAS,Washington Union Station,2026-08-14T15:41:00Z,2026-08-14T15:40:00Z,2026-08-14T15:41:00Z,2026-08-14T15:40:00Z,2026-08-14T13:54:32Z,60.1
amtrak,NER,151,2026-08-14,BAL,Baltimore Penn Station,2026-08-14T10:10:00Z,2026-08-14T10:14:00Z,2026-08-14T10:08:00Z,2026-08-14T10:12:00Z,2026-08-14T13:54:32Z,60.1
amtrak,NER,151,2026-08-14,WAS,Washington Union Station,2026-08-14T11:30:00Z,2026-08-14T12:06:00Z,2026-08-14T10:58:00Z,2026-08-14T10:57:00Z,2026-08-14T13:54:32Z,60.1
amtrak,NER,170,2026-08-14,BAL,Baltimore Penn Station,2026-08-14T09:44:00Z,2026-08-14T09:44:00Z,2026-08-14T09:42:00Z,2026-08-14T09:41:00Z,2026-08-14T13:54:32Z,60.1
amtrak,NER,170,2026-08-14,WAS,Washington Union Station,2026-08-14T09:05:00Z,2026-08-14T09:05:00Z,2026-08-14T09:05:00Z,2026-08-14T09:05:00Z,2026-08-14T13:54:32Z,60.1
amtrak,NER,171,2026-08-14,BAL,Baltimore Penn Station,2026-08-14T19:33:00Z,2026-08-14T19:30:00Z,2026-08-14T19:30:00Z,2026-08-14T19:30:00Z,2026-08-14T13:54:32Z,60.1
amtrak,NER,171,2026-08-14,WAS,Washington Union Station,2026-08-14T21:00:00Z,2026-08-14T20:25:00Z,2026-08-14T20:25:00Z,2026-08-14T20:25:00Z,2026-08-14T13:54:32Z,60.1
amtrak,NER,172,2026-08-14,BAL,Baltimore Penn Station,2026-08-14T11:50:00Z,2026-08-14T11:54:00Z,2026-08-14T11:48:00Z,2026-08-14T11:51:00Z,2026-08-14T13:54:32Z,60.1
amtrak,NER,172,2026-08-14,WAS,Washington Union Station,2026-08-14T11:06:00Z,2026-08-14T11:06:00Z,2026-08-14T11:06:00Z,2026-08-14T11:06:00Z,2026-08-14T13:54:32Z,60.1
amtrak,NER,174,2026-08-14,BAL,Baltimore Penn Station,2026-08-14T15:18:00Z,2026-08-14T15:18:00Z,2026-08-14T15:16:00Z,2026-08-14T15:16:00Z,2026-08-14T13:54:32Z,60.1
amtrak,NER,174,2026-08-14,WAS,Washington Union Station,2026-08-14T14:35:00Z,2026-08-14T14:35:00Z,2026-08-14T14:35:00Z,2026-08-14T14:16:00Z,2026-08-14T13:54:32Z,60.1
amtrak,NER,178,2026-08-14,BAL,Baltimore Penn Station,2026-08-14T20:39:00Z,2026-08-14T20:37:00Z,2026-08-14T20:37:00Z,2026-08-14T20:37:00Z,2026-08-14T13:54:32Z,60.1
amtrak,NER,178,2026-08-14,WAS,Washington Union Station,2026-08-14T19:56:00Z,2026-08-14T18:55:00Z,2026-08-14T18:55:00Z,2026-08-14T18:55:00Z,2026-08-14T13:54:32Z,60.1
amtrak,NER,182,2026-08-14,BAL,Baltimore Penn Station,2026-08-14T14:13:00Z,2026-08-14T14:11:00Z,2026-08-14T14:11:00Z,2026-08-14T14:11:00Z,2026-08-14T13:54:32Z,60.1
amtrak,NER,182,2026-08-14,WAS,Washington Union Station,2026-08-14T13:29:00Z,2026-08-14T13:29:00Z,2026-08-14T13:29:00Z,2026-08-14T13:29:00Z,2026-08-14T13:54:32Z,60.1
amtrak,NER,183,2026-08-14,BAL,Baltimore Penn Station,2026-08-14T14:20:00Z,2026-08-14T14:17:00Z,2026-08-14T14:17:00Z,2026-08-14T14:17:00Z,2026-08-14T13:54:32Z,60.1
amtrak,NER,183,2026-08-14,WAS,Washington Union Station,2026-08-14T15:04:00Z,2026-08-14T15:04:00Z,2026-08-14T15:04:00Z,2026-08-14T15:04:00Z,2026-08-14T13:54:32Z,60.1
amtrak,NER,185,2026-08-14,BAL,Baltimore Penn Station,2026-08-14T16:07:00Z,2026-08-14T16:05:00Z,2026-08-14T16:05:00Z,2026-08-14T16:05:00Z,2026-08-14T13:54:32Z,60.1
amtrak,NER,185,2026-08-14,WAS,Washington Union Station,2026-08-14T16:52:00Z,2026-08-14T16:47:00Z,2026-08-14T16:52:00Z,2026-08-14T16:47:00Z,2026-08-14T13:54:32Z,60.1
marc,11705,Train412,2026-08-14,11958,UNION STATION MARC Washington,2026-08-14T13:00:00Z,2026-08-14T13:01:30Z,NA,NA,2026-08-14T13:57:33Z,60.3
marc,11705,Train412,2026-08-14,12002,PENN STATION MARC nb,NA,NA,2026-08-14T13:56:00Z,2026-08-14T13:54:34Z,2026-08-14T13:57:33Z,60.3
marc,11705,Train414,2026-08-14,11958,UNION STATION MARC Washington,2026-08-14T13:45:00Z,2026-08-14T13:47:41Z,NA,NA,2026-08-14T13:57:33Z,60.3
marc,11705,Train414,2026-08-14,12002,PENN STATION MARC nb,NA,NA,2026-08-14T14:42:00Z,2026-08-14T14:44:55Z,2026-08-14T13:57:33Z,60.3
marc,11705,Train525,2026-08-14,11980,PENN STATION MARC sb,2026-08-14T13:30:00Z,2026-08-14T13:29:50Z,2026-08-14T13:28:00Z,2026-08-14T13:28:05Z,2026-08-14T13:57:33Z,60.3
marc,11705,Train525,2026-08-14,11958,UNION STATION MARC Washington,NA,NA,2026-08-14T14:28:00Z,2026-08-14T14:28:36Z,2026-08-14T13:57:33Z,60.3
marc,11705,Train612,2026-08-14,11958,UNION STATION MARC Washington,2026-08-14T12:20:00Z,2026-08-14T12:21:37Z,NA,NA,2026-08-14T13:57:33Z,60.3
marc,11705,Train612,2026-08-14,12002,PENN STATION MARC nb,2026-08-14T13:20:00Z,2026-08-14T13:52:10Z,2026-08-14T13:17:00Z,2026-08-14T13:43:22Z,2026-08-14T13:57:33Z,60.3
amtrak,NER,66,2026-08-14,BAL,Baltimore Penn Station,2026-08-14T02:51:00Z,2026-08-14T02:51:00Z,2026-08-14T02:49:00Z,2026-08-14T02:47:00Z,2026-08-14T13:57:33Z,60.3
amtrak,NER,66,2026-08-14,WAS,Washington Union Station,2026-08-14T02:00:00Z,2026-08-14T02:06:00Z,2026-08-14T01:28:00Z,2026-08-14T01:43:00Z,2026-08-14T13:57:33Z,60.3
amtrak,NER,67,2026-08-14,BAL,Baltimore Penn Station,2026-08-14T10:04:00Z,2026-08-14T10:05:00Z,2026-08-14T10:02:00Z,2026-08-14T09:57:00Z,2026-08-14T13:57:33Z,60.3
amtrak,NER,67,2026-08-14,WAS,Washington Union Station,2026-08-14T11:20:00Z,2026-08-14T11:20:00Z,2026-08-14T10:54:00Z,2026-08-14T10:53:00Z,2026-08-14T13:57:33Z,60.3
amtrak,NER,85,2026-08-14,BAL,Baltimore Penn Station,2026-08-14T21:50:00Z,2026-08-14T21:50:00Z,2026-08-14T21:47:00Z,2026-08-14T21:47:00Z,2026-08-14T13:57:33Z,60.3
amtrak,NER,85,2026-08-14,WAS,Washington Union Station,2026-08-14T22:39:00Z,2026-08-14T22:39:00Z,2026-08-14T22:39:00Z,2026-08-14T22:28:00Z,2026-08-14T13:57:33Z,60.3
amtrak,NER,86,2026-08-14,BAL,Baltimore Penn Station,2026-08-14T13:32:00Z,2026-08-14T13:51:00Z,2026-08-14T13:30:00Z,2026-08-14T13:47:00Z,2026-08-14T13:57:33Z,60.3
amtrak,NER,86,2026-08-14,WAS,Washington Union Station,2026-08-14T12:55:00Z,2026-08-14T12:55:00Z,2026-08-14T12:18:00Z,2026-08-14T12:32:00Z,2026-08-14T13:57:33Z,60.3
amtrak,NER,93,2026-08-14,BAL,Baltimore Penn Station,2026-08-14T20:39:00Z,2026-08-14T20:37:00Z,2026-08-14T20:37:00Z,2026-08-14T20:37:00Z,2026-08-14T13:57:33Z,60.3
amtrak,NER,93,2026-08-14,WAS,Washington Union Station,2026-08-14T22:05:00Z,2026-08-14T21:25:00Z,2026-08-14T21:25:00Z,2026-08-14T21:25:00Z,2026-08-14T13:57:33Z,60.3
amtrak,NER,94,2026-08-14,BAL,Baltimore Penn Station,2026-08-14T18:43:00Z,2026-08-14T18:41:00Z,2026-08-14T18:41:00Z,2026-08-14T18:41:00Z,2026-08-14T13:57:33Z,60.3
amtrak,NER,94,2026-08-14,WAS,Washington Union Station,2026-08-14T18:00:00Z,2026-08-14T17:23:00Z,2026-08-14T17:23:00Z,2026-08-14T17:23:00Z,2026-08-14T13:57:33Z,60.3
amtrak,NER,95,2026-08-14,BAL,Baltimore Penn Station,2026-08-14T17:23:00Z,2026-08-14T17:14:00Z,2026-08-14T17:14:00Z,2026-08-14T17:14:00Z,2026-08-14T13:57:33Z,60.3
amtrak,NER,95,2026-08-14,WAS,Washington Union Station,2026-08-14T18:35:00Z,2026-08-14T18:05:00Z,2026-08-14T18:05:00Z,2026-08-14T18:05:00Z,2026-08-14T13:57:33Z,60.3
amtrak,NER,112,2026-08-14,BAL,Baltimore Penn Station,2026-08-14T12:22:00Z,2026-08-14T12:22:00Z,2026-08-14T12:20:00Z,2026-08-14T12:20:00Z,2026-08-14T13:57:33Z,60.3
amtrak,NER,112,2026-08-14,WAS,Washington Union Station,2026-08-14T11:40:00Z,2026-08-14T11:40:00Z,2026-08-14T11:40:00Z,2026-08-14T11:40:00Z,2026-08-14T13:57:33Z,60.3
amtrak,NER,125,2026-08-14,BAL,Baltimore Penn Station,2026-08-14T18:28:00Z,2026-08-14T18:26:00Z,2026-08-14T18:25:00Z,2026-08-14T18:26:00Z,2026-08-14T13:57:33Z,60.3
amtrak,NER,125,2026-08-14,WAS,Washington Union Station,2026-08-14T19:50:00Z,2026-08-14T19:11:00Z,2026-08-14T19:11:00Z,2026-08-14T19:11:00Z,2026-08-14T13:57:33Z,60.3
amtrak,NER,130,2026-08-14,BAL,Baltimore Penn Station,2026-08-14T11:05:00Z,2026-08-14T11:05:00Z,2026-08-14T11:03:00Z,2026-08-14T10:55:00Z,2026-08-14T13:57:33Z,60.3
amtrak,NER,130,2026-08-14,WAS,Washington Union Station,2026-08-14T10:20:00Z,2026-08-14T10:20:00Z,2026-08-14T10:20:00Z,2026-08-14T10:20:00Z,2026-08-14T13:57:33Z,60.3
amtrak,NER,141,2026-08-14,BAL,Baltimore Penn Station,2026-08-14T15:00:00Z,2026-08-14T14:58:00Z,2026-08-14T14:58:00Z,2026-08-14T14:58:00Z,2026-08-14T13:57:33Z,60.3
amtrak,NER,141,2026-08-14,WAS,Washington Union Station,2026-08-14T15:41:00Z,2026-08-14T15:40:00Z,2026-08-14T15:41:00Z,2026-08-14T15:40:00Z,2026-08-14T13:57:33Z,60.3
amtrak,NER,151,2026-08-14,BAL,Baltimore Penn Station,2026-08-14T10:10:00Z,2026-08-14T10:14:00Z,2026-08-14T10:08:00Z,2026-08-14T10:12:00Z,2026-08-14T13:57:33Z,60.3
amtrak,NER,151,2026-08-14,WAS,Washington Union Station,2026-08-14T11:30:00Z,2026-08-14T12:06:00Z,2026-08-14T10:58:00Z,2026-08-14T10:57:00Z,2026-08-14T13:57:33Z,60.3
amtrak,NER,170,2026-08-14,BAL,Baltimore Penn Station,2026-08-14T09:44:00Z,2026-08-14T09:44:00Z,2026-08-14T09:42:00Z,2026-08-14T09:41:00Z,2026-08-14T13:57:33Z,60.3
amtrak,NER,170,2026-08-14,WAS,Washington Union Station,2026-08-14T09:05:00Z,2026-08-14T09:05:00Z,2026-08-14T09:05:00Z,2026-08-14T09:05:00Z,2026-08-14T13:57:33Z,60.3
amtrak,NER,171,2026-08-14,BAL,Baltimore Penn Station,2026-08-14T19:33:00Z,2026-08-14T19:30:00Z,2026-08-14T19:30:00Z,2026-08-14T19:30:00Z,2026-08-14T13:57:33Z,60.3
amtrak,NER,171,2026-08-14,WAS,Washington Union Station,2026-08-14T21:00:00Z,2026-08-14T20:25:00Z,2026-08-14T20:25:00Z,2026-08-14T20:25:00Z,2026-08-14T13:57:33Z,60.3
amtrak,NER,172,2026-08-14,BAL,Baltimore Penn Station,2026-08-14T11:50:00Z,2026-08-14T11:54:00Z,2026-08-14T11:48:00Z,2026-08-14T11:51:00Z,2026-08-14T13:57:33Z,60.3
amtrak,NER,172,2026-08-14,WAS,Washington Union Station,2026-08-14T11:06:00Z,2026-08-14T11:06:00Z,2026-08-14T11:06:00Z,2026-08-14T11:06:00Z,2026-08-14T13:57:33Z,60.3
amtrak,NER,174,2026-08-14,BAL,Baltimore Penn Station,2026-08-14T15:18:00Z,2026-08-14T15:18:00Z,2026-08-14T15:16:00Z,2026-08-14T15:16:00Z,2026-08-14T13:57:33Z,60.3
amtrak,NER,174,2026-08-14,WAS,Washington Union Station,2026-08-14T14:35:00Z,2026-08-14T14:35:00Z,2026-08-14T14:35:00Z,2026-08-14T14:16:00Z,2026-08-14T13:57:33Z,60.3
amtrak,NER,178,2026-08-14,BAL,Baltimore Penn Station,2026-08-14T20:39:00Z,2026-08-14T20:37:00Z,2026-08-14T20:37:00Z,2026-08-14T20:37:00Z,2026-08-14T13:57:33Z,60.3
amtrak,NER,178,2026-08-14,WAS,Washington Union Station,2026-08-14T19:56:00Z,2026-08-14T18:55:00Z,2026-08-14T18:55:00Z,2026-08-14T18:55:00Z,2026-08-14T13:57:33Z,60.3
amtrak,NER,182,2026-08-14,BAL,Baltimore Penn Station,2026-08-14T14:13:00Z,2026-08-14T14:11:00Z,2026-08-14T14:11:00Z,2026-08-14T14:11:00Z,2026-08-14T13:57:33Z,60.3
amtrak,NER,182,2026-08-14,WAS,Washington Union Station,2026-08-14T13:29:00Z,2026-08-14T13:29:00Z,2026-08-14T13:29:00Z,2026-08-14T13:29:00Z,2026-08-14T13:57:33Z,60.3
amtrak,NER,183,2026-08-14,BAL,Baltimore Penn Station,2026-08-14T14:20:00Z,2026-08-14T14:13:00Z,2026-08-14T14:17:00Z,2026-08-14T14:13:00Z,2026-08-14T13:57:33Z,60.3
amtrak,NER,183,2026-08-14,WAS,Washington Union Station,2026-08-14T15:04:00Z,2026-08-14T15:04:00Z,2026-08-14T15:04:00Z,2026-08-14T15:04:00Z,2026-08-14T13:57:33Z,60.3
amtrak,NER,185,2026-08-14,BAL,Baltimore Penn Station,2026-08-14T16:07:00Z,2026-08-14T16:05:00Z,2026-08-14T16:05:00Z,2026-08-14T16:05:00Z,2026-08-14T13:57:33Z,60.3
amtrak,NER,185,2026-08-14,WAS,Washington Union Station,2026-08-14T16:52:00Z,2026-08-14T16:47:00Z,2026-08-14T16:52:00Z,2026-08-14T16:47:00Z,2026-08-14T13:57:33Z,60.3
marc,11705,Train426,2026-08-14,11958,UNION STATION MARC Washington,2026-08-14T19:00:00Z,2026-08-14T19:00:00Z,NA,NA,2026-08-14T19:45:05Z,102.9
marc,11705,Train426,2026-08-14,12002,PENN STATION MARC nb,NA,NA,2026-08-14T20:00:00Z,2026-08-14T20:10:53Z,2026-08-14T19:45:05Z,102.9
marc,11705,Train428,2026-08-14,11958,UNION STATION MARC Washington,2026-08-14T19:40:00Z,2026-08-14T19:40:59Z,NA,NA,2026-08-14T19:45:05Z,102.9
marc,11705,Train428,2026-08-14,12002,PENN STATION MARC nb,NA,NA,2026-08-14T20:40:00Z,2026-08-14T20:40:55Z,2026-08-14T19:45:05Z,102.9
marc,11705,Train537,2026-08-14,11980,PENN STATION MARC sb,2026-08-14T19:28:00Z,2026-08-14T19:23:48Z,2026-08-14T19:18:30Z,2026-08-14T19:23:48Z,2026-08-14T19:45:05Z,102.9
marc,11705,Train537,2026-08-14,11958,UNION STATION MARC Washington,NA,NA,2026-08-14T20:17:00Z,2026-08-14T20:17:00Z,2026-08-14T19:45:05Z,102.9
marc,11705,Train641,2026-08-14,11980,PENN STATION MARC sb,2026-08-14T20:08:00Z,2026-08-14T20:08:00Z,2026-08-14T20:07:00Z,2026-08-14T19:49:40Z,2026-08-14T19:45:05Z,102.9
marc,11705,Train641,2026-08-14,11958,UNION STATION MARC Washington,NA,NA,2026-08-14T21:01:00Z,2026-08-14T21:01:00Z,2026-08-14T19:45:05Z,102.9
amtrak,NER,66,2026-08-14,BAL,Baltimore Penn Station,2026-08-15T02:51:00Z,2026-08-15T02:51:00Z,2026-08-15T02:49:00Z,2026-08-15T02:49:00Z,2026-08-14T19:45:05Z,102.9
amtrak,NER,66,2026-08-14,WAS,Washington Union Station,2026-08-15T02:00:00Z,2026-08-15T02:00:00Z,2026-08-15T01:28:00Z,2026-08-15T01:28:00Z,2026-08-14T19:45:05Z,102.9
amtrak,NER,85,2026-08-14,BAL,Baltimore Penn Station,2026-08-14T21:50:00Z,2026-08-14T21:47:00Z,2026-08-14T21:47:00Z,2026-08-14T21:47:00Z,2026-08-14T19:45:05Z,102.9
amtrak,NER,85,2026-08-14,WAS,Washington Union Station,2026-08-14T22:39:00Z,2026-08-14T22:28:00Z,2026-08-14T22:39:00Z,2026-08-14T22:28:00Z,2026-08-14T19:45:05Z,102.9
amtrak,NER,93,2026-08-14,BAL,Baltimore Penn Station,2026-08-14T20:39:00Z,2026-08-14T20:53:00Z,2026-08-14T20:37:00Z,2026-08-14T20:53:00Z,2026-08-14T19:45:05Z,102.9
amtrak,NER,93,2026-08-14,WAS,Washington Union Station,2026-08-14T22:05:00Z,2026-08-14T21:35:00Z,2026-08-14T21:25:00Z,2026-08-14T21:35:00Z,2026-08-14T19:45:05Z,102.9
amtrak,NER,94,2026-08-14,BAL,Baltimore Penn Station,2026-08-14T18:43:00Z,2026-08-14T18:46:00Z,2026-08-14T18:41:00Z,2026-08-14T18:42:00Z,2026-08-14T19:45:05Z,102.9
amtrak,NER,94,2026-08-14,WAS,Washington Union Station,2026-08-14T18:00:00Z,2026-08-14T18:00:00Z,2026-08-14T17:23:00Z,2026-08-14T17:16:00Z,2026-08-14T19:45:05Z,102.9
amtrak,NER,95,2026-08-14,BAL,Baltimore Penn Station,2026-08-14T17:23:00Z,2026-08-14T17:31:00Z,2026-08-14T17:14:00Z,2026-08-14T17:28:00Z,2026-08-14T19:45:05Z,102.9
amtrak,NER,95,2026-08-14,WAS,Washington Union Station,2026-08-14T18:35:00Z,2026-08-14T18:46:00Z,2026-08-14T18:05:00Z,2026-08-14T18:17:00Z,2026-08-14T19:45:05Z,102.9
amtrak,NER,125,2026-08-14,BAL,Baltimore Penn Station,2026-08-14T18:28:00Z,2026-08-14T18:57:00Z,2026-08-14T18:25:00Z,2026-08-14T18:55:00Z,2026-08-14T19:45:05Z,102.9
amtrak,NER,125,2026-08-14,WAS,Washington Union Station,2026-08-14T19:50:00Z,2026-08-14T19:48:00Z,2026-08-14T19:11:00Z,2026-08-14T19:48:00Z,2026-08-14T19:45:05Z,102.9
amtrak,NER,129,2026-08-14,BAL,Baltimore Penn Station,2026-08-14T23:18:00Z,2026-08-14T23:18:00Z,2026-08-14T23:12:00Z,2026-08-14T23:12:00Z,2026-08-14T19:45:05Z,102.9
amtrak,NER,129,2026-08-14,WAS,Washington Union Station,2026-08-15T00:01:00Z,2026-08-15T00:01:00Z,2026-08-15T00:01:00Z,2026-08-14T23:55:00Z,2026-08-14T19:45:05Z,102.9
amtrak,NER,131,2026-08-14,BAL,Baltimore Penn Station,2026-08-14T19:00:00Z,2026-08-14T19:10:00Z,2026-08-14T18:58:00Z,2026-08-14T19:06:00Z,2026-08-14T19:45:05Z,102.9
amtrak,NER,131,2026-08-14,WAS,Washington Union Station,2026-08-14T19:48:00Z,2026-08-14T19:51:00Z,2026-08-14T19:48:00Z,2026-08-14T19:51:00Z,2026-08-14T19:45:05Z,102.9
amtrak,NER,137,2026-08-14,BAL,Baltimore Penn Station,2026-08-15T01:07:00Z,2026-08-15T01:05:00Z,2026-08-15T01:05:00Z,2026-08-15T01:05:00Z,2026-08-14T19:45:05Z,102.9
amtrak,NER,137,2026-08-14,WAS,Washington Union Station,2026-08-15T01:55:00Z,2026-08-15T01:44:00Z,2026-08-15T01:55:00Z,2026-08-15T01:44:00Z,2026-08-14T19:45:05Z,102.9
amtrak,NER,138,2026-08-14,BAL,Baltimore Penn Station,2026-08-14T23:18:00Z,2026-08-14T23:16:00Z,2026-08-14T23:16:00Z,2026-08-14T23:16:00Z,2026-08-14T19:45:05Z,102.9
amtrak,NER,138,2026-08-14,WAS,Washington Union Station,2026-08-14T22:35:00Z,2026-08-14T21:42:00Z,2026-08-14T21:42:00Z,2026-08-14T21:42:00Z,2026-08-14T19:45:05Z,102.9
amtrak,NER,148,2026-08-14,BAL,Baltimore Penn Station,2026-08-14T19:38:00Z,2026-08-14T19:42:00Z,2026-08-14T19:36:00Z,2026-08-14T19:41:00Z,2026-08-14T19:45:05Z,102.9
amtrak,NER,148,2026-08-14,WAS,Washington Union Station,2026-08-14T18:55:00Z,2026-08-14T18:59:00Z,2026-08-14T18:55:00Z,2026-08-14T18:59:00Z,2026-08-14T19:45:05Z,102.9
amtrak,NER,171,2026-08-14,BAL,Baltimore Penn Station,2026-08-14T19:33:00Z,2026-08-14T19:46:00Z,2026-08-14T19:30:00Z,2026-08-14T19:46:00Z,2026-08-14T19:45:05Z,102.9
amtrak,NER,171,2026-08-14,WAS,Washington Union Station,2026-08-14T21:00:00Z,2026-08-14T20:25:00Z,2026-08-14T20:25:00Z,2026-08-14T20:25:00Z,2026-08-14T19:45:05Z,102.9
amtrak,NER,172,2026-08-14,BAL,Baltimore Penn Station,2026-08-14T11:50:00Z,2026-08-14T11:54:00Z,2026-08-14T11:48:00Z,2026-08-14T11:51:00Z,2026-08-14T19:45:05Z,102.9
amtrak,NER,172,2026-08-14,WAS,Washington Union Station,2026-08-14T11:06:00Z,2026-08-14T11:06:00Z,2026-08-14T11:06:00Z,2026-08-14T11:06:00Z,2026-08-14T19:45:05Z,102.9
amtrak,NER,173,2026-08-14,BAL,Baltimore Penn Station,2026-08-14T22:49:00Z,2026-08-14T22:46:00Z,2026-08-14T22:46:00Z,2026-08-14T22:46:00Z,2026-08-14T19:45:05Z,102.9
amtrak,NER,173,2026-08-14,WAS,Washington Union Station,2026-08-14T23:38:00Z,2026-08-14T23:25:00Z,2026-08-14T23:38:00Z,2026-08-14T23:25:00Z,2026-08-14T19:45:05Z,102.9
amtrak,NER,174,2026-08-14,BAL,Baltimore Penn Station,2026-08-14T15:18:00Z,2026-08-14T15:20:00Z,2026-08-14T15:16:00Z,2026-08-14T15:18:00Z,2026-08-14T19:45:05Z,102.9
amtrak,NER,174,2026-08-14,WAS,Washington Union Station,2026-08-14T14:35:00Z,2026-08-14T14:35:00Z,2026-08-14T14:35:00Z,2026-08-14T14:35:00Z,2026-08-14T19:45:05Z,102.9
amtrak,NER,175,2026-08-14,BAL,Baltimore Penn Station,2026-08-15T02:38:00Z,2026-08-15T02:35:00Z,2026-08-15T02:35:00Z,2026-08-15T02:35:00Z,2026-08-14T19:45:05Z,102.9
amtrak,NER,175,2026-08-14,WAS,Washington Union Station,2026-08-15T03:19:00Z,2026-08-15T03:15:00Z,2026-08-15T03:19:00Z,2026-08-15T03:15:00Z,2026-08-14T19:45:05Z,102.9
amtrak,NER,176,2026-08-14,BAL,Baltimore Penn Station,2026-08-14T20:08:00Z,2026-08-14T20:06:00Z,2026-08-14T20:06:00Z,2026-08-14T20:06:00Z,2026-08-14T19:45:05Z,102.9
amtrak,NER,176,2026-08-14,WAS,Washington Union Station,2026-08-14T19:30:00Z,2026-08-14T19:30:00Z,2026-08-14T19:30:00Z,2026-08-14T19:30:00Z,2026-08-14T19:45:05Z,102.9
amtrak,NER,178,2026-08-14,BAL,Baltimore Penn Station,2026-08-14T20:39:00Z,2026-08-14T20:37:00Z,2026-08-14T20:37:00Z,2026-08-14T20:37:00Z,2026-08-14T19:45:05Z,102.9
amtrak,NER,178,2026-08-14,WAS,Washington Union Station,2026-08-14T19:56:00Z,2026-08-14T19:56:00Z,2026-08-14T18:55:00Z,2026-08-14T19:07:00Z,2026-08-14T19:45:05Z,102.9
amtrak,NER,182,2026-08-14,BAL,Baltimore Penn Station,2026-08-14T14:13:00Z,2026-08-14T14:13:00Z,2026-08-14T14:11:00Z,2026-08-14T14:09:00Z,2026-08-14T19:45:05Z,102.9
amtrak,NER,182,2026-08-14,WAS,Washington Union Station,2026-08-14T13:29:00Z,2026-08-14T13:29:00Z,2026-08-14T13:29:00Z,2026-08-14T13:29:00Z,2026-08-14T19:45:05Z,102.9
amtrak,NER,184,2026-08-14,BAL,Baltimore Penn Station,2026-08-14T17:54:00Z,2026-08-14T17:54:00Z,2026-08-14T17:52:00Z,2026-08-14T17:50:00Z,2026-08-14T19:45:05Z,102.9
amtrak,NER,184,2026-08-14,WAS,Washington Union Station,2026-08-14T17:20:00Z,2026-08-14T17:20:00Z,2026-08-14T17:20:00Z,2026-08-14T17:20:00Z,2026-08-14T19:45:05Z,102.9
amtrak,NER,186,2026-08-14,BAL,Baltimore Penn Station,2026-08-15T01:14:00Z,2026-08-15T01:14:00Z,2026-08-15T01:12:00Z,2026-08-15T01:12:00Z,2026-08-14T19:45:05Z,102.9
amtrak,NER,186,2026-08-14,WAS,Washington Union Station,2026-08-15T00:30:00Z,2026-08-15T00:30:00Z,2026-08-14T23:55:00Z,2026-08-14T23:55:00Z,2026-08-14T19:45:05Z,102.9
marc,11705,Train426,2026-08-14,11958,UNION STATION MARC Washington,2026-08-14T19:00:00Z,2026-08-14T19:00:00Z,NA,NA,2026-08-14T19:48:07Z,103.5
marc,11705,Train426,2026-08-14,12002,PENN STATION MARC nb,NA,NA,2026-08-14T20:00:00Z,2026-08-14T20:11:07Z,2026-08-14T19:48:07Z,103.5
marc,11705,Train428,2026-08-14,11958,UNION STATION MARC Washington,2026-08-14T19:40:00Z,2026-08-14T19:40:59Z,NA,NA,2026-08-14T19:48:07Z,103.5
marc,11705,Train428,2026-08-14,12002,PENN STATION MARC nb,NA,NA,2026-08-14T20:40:00Z,2026-08-14T20:40:39Z,2026-08-14T19:48:07Z,103.5
marc,11705,Train439,2026-08-14,11958,UNION STATION MARC Washington,NA,NA,2026-08-14T20:45:00Z,2026-08-14T20:45:00Z,2026-08-14T19:48:07Z,103.5
marc,11705,Train537,2026-08-14,11980,PENN STATION MARC sb,2026-08-14T19:28:00Z,2026-08-14T19:23:48Z,2026-08-14T19:18:30Z,2026-08-14T19:23:48Z,2026-08-14T19:48:07Z,103.5
marc,11705,Train537,2026-08-14,11958,UNION STATION MARC Washington,NA,NA,2026-08-14T20:17:00Z,2026-08-14T20:17:00Z,2026-08-14T19:48:07Z,103.5
marc,11705,Train641,2026-08-14,11980,PENN STATION MARC sb,2026-08-14T20:08:00Z,2026-08-14T20:08:00Z,2026-08-14T20:07:00Z,2026-08-14T19:50:37Z,2026-08-14T19:48:07Z,103.5
marc,11705,Train641,2026-08-14,11958,UNION STATION MARC Washington,NA,NA,2026-08-14T21:01:00Z,2026-08-14T21:01:00Z,2026-08-14T19:48:07Z,103.5
amtrak,NER,66,2026-08-14,BAL,Baltimore Penn Station,2026-08-15T02:51:00Z,2026-08-15T02:51:00Z,2026-08-15T02:49:00Z,2026-08-15T02:49:00Z,2026-08-14T19:48:07Z,103.5
amtrak,NER,66,2026-08-14,WAS,Washington Union Station,2026-08-15T02:00:00Z,2026-08-15T02:00:00Z,2026-08-15T01:28:00Z,2026-08-15T01:28:00Z,2026-08-14T19:48:07Z,103.5
amtrak,NER,85,2026-08-14,BAL,Baltimore Penn Station,2026-08-14T21:50:00Z,2026-08-14T21:47:00Z,2026-08-14T21:47:00Z,2026-08-14T21:47:00Z,2026-08-14T19:48:07Z,103.5
amtrak,NER,85,2026-08-14,WAS,Washington Union Station,2026-08-14T22:39:00Z,2026-08-14T22:28:00Z,2026-08-14T22:39:00Z,2026-08-14T22:28:00Z,2026-08-14T19:48:07Z,103.5
amtrak,NER,93,2026-08-14,BAL,Baltimore Penn Station,2026-08-14T20:39:00Z,2026-08-14T20:53:00Z,2026-08-14T20:37:00Z,2026-08-14T20:53:00Z,2026-08-14T19:48:07Z,103.5
amtrak,NER,93,2026-08-14,WAS,Washington Union Station,2026-08-14T22:05:00Z,2026-08-14T21:35:00Z,2026-08-14T21:25:00Z,2026-08-14T21:35:00Z,2026-08-14T19:48:07Z,103.5
amtrak,NER,94,2026-08-14,BAL,Baltimore Penn Station,2026-08-14T18:43:00Z,2026-08-14T18:46:00Z,2026-08-14T18:41:00Z,2026-08-14T18:42:00Z,2026-08-14T19:48:07Z,103.5
amtrak,NER,94,2026-08-14,WAS,Washington Union Station,2026-08-14T18:00:00Z,2026-08-14T18:00:00Z,2026-08-14T17:23:00Z,2026-08-14T17:16:00Z,2026-08-14T19:48:07Z,103.5
amtrak,NER,95,2026-08-14,BAL,Baltimore Penn Station,2026-08-14T17:23:00Z,2026-08-14T17:31:00Z,2026-08-14T17:14:00Z,2026-08-14T17:28:00Z,2026-08-14T19:48:07Z,103.5
amtrak,NER,95,2026-08-14,WAS,Washington Union Station,2026-08-14T18:35:00Z,2026-08-14T18:46:00Z,2026-08-14T18:05:00Z,2026-08-14T18:17:00Z,2026-08-14T19:48:07Z,103.5
amtrak,NER,125,2026-08-14,BAL,Baltimore Penn Station,2026-08-14T18:28:00Z,2026-08-14T18:57:00Z,2026-08-14T18:25:00Z,2026-08-14T18:55:00Z,2026-08-14T19:48:07Z,103.5
amtrak,NER,125,2026-08-14,WAS,Washington Union Station,2026-08-14T19:50:00Z,2026-08-14T19:48:00Z,2026-08-14T19:11:00Z,2026-08-14T19:48:00Z,2026-08-14T19:48:07Z,103.5
amtrak,NER,129,2026-08-14,BAL,Baltimore Penn Station,2026-08-14T23:18:00Z,2026-08-14T23:18:00Z,2026-08-14T23:12:00Z,2026-08-14T23:12:00Z,2026-08-14T19:48:07Z,103.5
amtrak,NER,129,2026-08-14,WAS,Washington Union Station,2026-08-15T00:01:00Z,2026-08-15T00:01:00Z,2026-08-15T00:01:00Z,2026-08-14T23:55:00Z,2026-08-14T19:48:07Z,103.5
amtrak,NER,131,2026-08-14,BAL,Baltimore Penn Station,2026-08-14T19:00:00Z,2026-08-14T19:10:00Z,2026-08-14T18:58:00Z,2026-08-14T19:06:00Z,2026-08-14T19:48:07Z,103.5
amtrak,NER,131,2026-08-14,WAS,Washington Union Station,2026-08-14T19:48:00Z,2026-08-14T19:54:00Z,2026-08-14T19:48:00Z,2026-08-14T19:54:00Z,2026-08-14T19:48:07Z,103.5
amtrak,NER,137,2026-08-14,BAL,Baltimore Penn Station,2026-08-15T01:07:00Z,2026-08-15T01:05:00Z,2026-08-15T01:05:00Z,2026-08-15T01:05:00Z,2026-08-14T19:48:07Z,103.5
amtrak,NER,137,2026-08-14,WAS,Washington Union Station,2026-08-15T01:55:00Z,2026-08-15T01:44:00Z,2026-08-15T01:55:00Z,2026-08-15T01:44:00Z,2026-08-14T19:48:07Z,103.5
amtrak,NER,138,2026-08-14,BAL,Baltimore Penn Station,2026-08-14T23:18:00Z,2026-08-14T23:16:00Z,2026-08-14T23:16:00Z,2026-08-14T23:16:00Z,2026-08-14T19:48:07Z,103.5
amtrak,NER,138,2026-08-14,WAS,Washington Union Station,2026-08-14T22:35:00Z,2026-08-14T21:42:00Z,2026-08-14T21:42:00Z,2026-08-14T21:42:00Z,2026-08-14T19:48:07Z,103.5
amtrak,NER,148,2026-08-14,BAL,Baltimore Penn Station,2026-08-14T19:38:00Z,2026-08-14T19:43:00Z,2026-08-14T19:36:00Z,2026-08-14T19:41:00Z,2026-08-14T19:48:07Z,103.5
amtrak,NER,148,2026-08-14,WAS,Washington Union Station,2026-08-14T18:55:00Z,2026-08-14T18:59:00Z,2026-08-14T18:55:00Z,2026-08-14T18:59:00Z,2026-08-14T19:48:07Z,103.5
amtrak,NER,171,2026-08-14,BAL,Baltimore Penn Station,2026-08-14T19:33:00Z,2026-08-14T19:46:00Z,2026-08-14T19:30:00Z,2026-08-14T19:43:00Z,2026-08-14T19:48:07Z,103.5
amtrak,NER,171,2026-08-14,WAS,Washington Union Station,2026-08-14T21:00:00Z,2026-08-14T20:25:00Z,2026-08-14T20:25:00Z,2026-08-14T20:25:00Z,2026-08-14T19:48:07Z,103.5
amtrak,NER,172,2026-08-14,BAL,Baltimore Penn Station,2026-08-14T11:50:00Z,2026-08-14T11:54:00Z,2026-08-14T11:48:00Z,2026-08-14T11:51:00Z,2026-08-14T19:48:07Z,103.5
amtrak,NER,172,2026-08-14,WAS,Washington Union Station,2026-08-14T11:06:00Z,2026-08-14T11:06:00Z,2026-08-14T11:06:00Z,2026-08-14T11:06:00Z,2026-08-14T19:48:07Z,103.5
amtrak,NER,173,2026-08-14,BAL,Baltimore Penn Station,2026-08-14T22:49:00Z,2026-08-14T22:46:00Z,2026-08-14T22:46:00Z,2026-08-14T22:46:00Z,2026-08-14T19:48:07Z,103.5
amtrak,NER,173,2026-08-14,WAS,Washington Union Station,2026-08-14T23:38:00Z,2026-08-14T23:25:00Z,2026-08-14T23:38:00Z,2026-08-14T23:25:00Z,2026-08-14T19:48:07Z,103.5
amtrak,NER,174,2026-08-14,BAL,Baltimore Penn Station,2026-08-14T15:18:00Z,2026-08-14T15:20:00Z,2026-08-14T15:16:00Z,2026-08-14T15:18:00Z,2026-08-14T19:48:07Z,103.5
amtrak,NER,174,2026-08-14,WAS,Washington Union Station,2026-08-14T14:35:00Z,2026-08-14T14:35:00Z,2026-08-14T14:35:00Z,2026-08-14T14:35:00Z,2026-08-14T19:48:07Z,103.5
amtrak,NER,175,2026-08-14,BAL,Baltimore Penn Station,2026-08-15T02:38:00Z,2026-08-15T02:35:00Z,2026-08-15T02:35:00Z,2026-08-15T02:35:00Z,2026-08-14T19:48:07Z,103.5
amtrak,NER,175,2026-08-14,WAS,Washington Union Station,2026-08-15T03:19:00Z,2026-08-15T03:15:00Z,2026-08-15T03:19:00Z,2026-08-15T03:15:00Z,2026-08-14T19:48:07Z,103.5
amtrak,NER,176,2026-08-14,BAL,Baltimore Penn Station,2026-08-14T20:08:00Z,2026-08-14T20:06:00Z,2026-08-14T20:06:00Z,2026-08-14T20:06:00Z,2026-08-14T19:48:07Z,103.5
amtrak,NER,176,2026-08-14,WAS,Washington Union Station,2026-08-14T19:30:00Z,2026-08-14T19:30:00Z,2026-08-14T19:30:00Z,2026-08-14T19:30:00Z,2026-08-14T19:48:07Z,103.5
amtrak,NER,178,2026-08-14,BAL,Baltimore Penn Station,2026-08-14T20:39:00Z,2026-08-14T20:37:00Z,2026-08-14T20:37:00Z,2026-08-14T20:37:00Z,2026-08-14T19:48:07Z,103.5
amtrak,NER,178,2026-08-14,WAS,Washington Union Station,2026-08-14T19:56:00Z,2026-08-14T19:56:00Z,2026-08-14T18:55:00Z,2026-08-14T19:07:00Z,2026-08-14T19:48:07Z,103.5
amtrak,NER,182,2026-08-14,BAL,Baltimore Penn Station,2026-08-14T14:13:00Z,2026-08-14T14:13:00Z,2026-08-14T14:11:00Z,2026-08-14T14:09:00Z,2026-08-14T19:48:07Z,103.5
amtrak,NER,182,2026-08-14,WAS,Washington Union Station,2026-08-14T13:29:00Z,2026-08-14T13:29:00Z,2026-08-14T13:29:00Z,2026-08-14T13:29:00Z,2026-08-14T19:48:07Z,103.5
amtrak,NER,184,2026-08-14,BAL,Baltimore Penn Station,2026-08-14T17:54:00Z,2026-08-14T17:54:00Z,2026-08-14T17:52:00Z,2026-08-14T17:50:00Z,2026-08-14T19:48:07Z,103.5
amtrak,NER,184,2026-08-14,WAS,Washington Union Station,2026-08-14T17:20:00Z,2026-08-14T17:20:00Z,2026-08-14T17:20:00Z,2026-08-14T17:20:00Z,2026-08-14T19:48:07Z,103.5
amtrak,NER,186,2026-08-14,BAL,Baltimore Penn Station,2026-08-15T01:14:00Z,2026-08-15T01:12:00Z,2026-08-15T01:12:00Z,2026-08-15T01:12:00Z,2026-08-14T19:48:07Z,103.5
amtrak,NER,186,2026-08-14,WAS,Washington Union Station,2026-08-15T00:30:00Z,2026-08-14T23:55:00Z,2026-08-14T23:55:00Z,2026-08-14T23:55:00Z,2026-08-14T19:48:07Z,103.5
marc,11705,Train426,2026-08-14,11958,UNION STATION MARC Washington,2026-08-14T19:00:00Z,2026-08-14T19:00:00Z,NA,NA,2026-08-14T19:51:09Z,104.1
marc,11705,Train426,2026-08-14,12002,PENN STATION MARC nb,NA,NA,2026-08-14T20:00:00Z,2026-08-14T20:07:24Z,2026-08-14T19:51:09Z,104.1
marc,11705,Train428,2026-08-14,11958,UNION STATION MARC Washington,2026-08-14T19:40:00Z,2026-08-14T19:40:59Z,NA,NA,2026-08-14T19:51:09Z,104.1
marc,11705,Train428,2026-08-14,12002,PENN STATION MARC nb,NA,NA,2026-08-14T20:40:00Z,2026-08-14T20:40:15Z,2026-08-14T19:51:09Z,104.1
marc,11705,Train439,2026-08-14,11958,UNION STATION MARC Washington,NA,NA,2026-08-14T20:45:00Z,2026-08-14T20:50:40Z,2026-08-14T19:51:09Z,104.1
marc,11705,Train537,2026-08-14,11980,PENN STATION MARC sb,2026-08-14T19:28:00Z,2026-08-14T19:23:48Z,2026-08-14T19:18:30Z,2026-08-14T19:23:48Z,2026-08-14T19:51:09Z,104.1
marc,11705,Train537,2026-08-14,11958,UNION STATION MARC Washington,NA,NA,2026-08-14T20:17:00Z,2026-08-14T20:17:00Z,2026-08-14T19:51:09Z,104.1
marc,11705,Train641,2026-08-14,11980,PENN STATION MARC sb,2026-08-14T20:08:00Z,2026-08-14T20:08:00Z,2026-08-14T20:07:00Z,2026-08-14T19:51:38Z,2026-08-14T19:51:09Z,104.1
marc,11705,Train641,2026-08-14,11958,UNION STATION MARC Washington,NA,NA,2026-08-14T21:01:00Z,2026-08-14T21:01:00Z,2026-08-14T19:51:09Z,104.1
amtrak,NER,66,2026-08-14,BAL,Baltimore Penn Station,2026-08-15T02:51:00Z,2026-08-15T02:51:00Z,2026-08-15T02:49:00Z,2026-08-15T02:49:00Z,2026-08-14T19:51:09Z,104.1
amtrak,NER,66,2026-08-14,WAS,Washington Union Station,2026-08-15T02:00:00Z,2026-08-15T02:00:00Z,2026-08-15T01:28:00Z,2026-08-15T01:28:00Z,2026-08-14T19:51:09Z,104.1
amtrak,NER,85,2026-08-14,BAL,Baltimore Penn Station,2026-08-14T21:50:00Z,2026-08-14T21:47:00Z,2026-08-14T21:47:00Z,2026-08-14T21:47:00Z,2026-08-14T19:51:09Z,104.1
amtrak,NER,85,2026-08-14,WAS,Washington Union Station,2026-08-14T22:39:00Z,2026-08-14T22:28:00Z,2026-08-14T22:39:00Z,2026-08-14T22:28:00Z,2026-08-14T19:51:09Z,104.1
amtrak,NER,93,2026-08-14,BAL,Baltimore Penn Station,2026-08-14T20:39:00Z,2026-08-14T20:53:00Z,2026-08-14T20:37:00Z,2026-08-14T20:53:00Z,2026-08-14T19:51:09Z,104.1
amtrak,NER,93,2026-08-14,WAS,Washington Union Station,2026-08-14T22:05:00Z,2026-08-14T21:35:00Z,2026-08-14T21:25:00Z,2026-08-14T21:35:00Z,2026-08-14T19:51:09Z,104.1
amtrak,NER,94,2026-08-14,BAL,Baltimore Penn Station,2026-08-14T18:43:00Z,2026-08-14T18:46:00Z,2026-08-14T18:41:00Z,2026-08-14T18:42:00Z,2026-08-14T19:51:09Z,104.1
amtrak,NER,94,2026-08-14,WAS,Washington Union Station,2026-08-14T18:00:00Z,2026-08-14T18:00:00Z,2026-08-14T17:23:00Z,2026-08-14T17:16:00Z,2026-08-14T19:51:09Z,104.1
amtrak,NER,95,2026-08-14,BAL,Baltimore Penn Station,2026-08-14T17:23:00Z,2026-08-14T17:31:00Z,2026-08-14T17:14:00Z,2026-08-14T17:28:00Z,2026-08-14T19:51:09Z,104.1
amtrak,NER,95,2026-08-14,WAS,Washington Union Station,2026-08-14T18:35:00Z,2026-08-14T18:46:00Z,2026-08-14T18:05:00Z,2026-08-14T18:17:00Z,2026-08-14T19:51:09Z,104.1
amtrak,NER,125,2026-08-14,BAL,Baltimore Penn Station,2026-08-14T18:28:00Z,2026-08-14T18:57:00Z,2026-08-14T18:25:00Z,2026-08-14T18:55:00Z,2026-08-14T19:51:09Z,104.1
amtrak,NER,125,2026-08-14,WAS,Washington Union Station,2026-08-14T19:50:00Z,2026-08-14T20:08:00Z,2026-08-14T19:11:00Z,2026-08-14T19:48:00Z,2026-08-14T19:51:09Z,104.1
amtrak,NER,129,2026-08-14,BAL,Baltimore Penn Station,2026-08-14T23:18:00Z,2026-08-14T23:18:00Z,2026-08-14T23:12:00Z,2026-08-14T23:12:00Z,2026-08-14T19:51:09Z,104.1
amtrak,NER,129,2026-08-14,WAS,Washington Union Station,2026-08-15T00:01:00Z,2026-08-15T00:01:00Z,2026-08-15T00:01:00Z,2026-08-14T23:55:00Z,2026-08-14T19:51:09Z,104.1
amtrak,NER,131,2026-08-14,BAL,Baltimore Penn Station,2026-08-14T19:00:00Z,2026-08-14T19:10:00Z,2026-08-14T18:58:00Z,2026-08-14T19:06:00Z,2026-08-14T19:51:09Z,104.1
amtrak,NER,131,2026-08-14,WAS,Washington Union Station,2026-08-14T19:48:00Z,2026-08-14T19:54:00Z,2026-08-14T19:48:00Z,2026-08-14T19:54:00Z,2026-08-14T19:51:09Z,104.1
amtrak,NER,137,2026-08-14,BAL,Baltimore Penn Station,2026-08-15T01:07:00Z,2026-08-15T01:05:00Z,2026-08-15T01:05:00Z,2026-08-15T01:05:00Z,2026-08-14T19:51:09Z,104.1
amtrak,NER,137,2026-08-14,WAS,Washington Union Station,2026-08-15T01:55:00Z,2026-08-15T01:44:00Z,2026-08-15T01:55:00Z,2026-08-15T01:44:00Z,2026-08-14T19:51:09Z,104.1
amtrak,NER,138,2026-08-14,BAL,Baltimore Penn Station,2026-08-14T23:18:00Z,2026-08-14T23:16:00Z,2026-08-14T23:16:00Z,2026-08-14T23:16:00Z,2026-08-14T19:51:09Z,104.1
amtrak,NER,138,2026-08-14,WAS,Washington Union Station,2026-08-14T22:35:00Z,2026-08-14T21:42:00Z,2026-08-14T21:42:00Z,2026-08-14T21:42:00Z,2026-08-14T19:51:09Z,104.1
amtrak,NER,148,2026-08-14,BAL,Baltimore Penn Station,2026-08-14T19:38:00Z,2026-08-14T19:43:00Z,2026-08-14T19:36:00Z,2026-08-14T19:41:00Z,2026-08-14T19:51:09Z,104.1
amtrak,NER,148,2026-08-14,WAS,Washington Union Station,2026-08-14T18:55:00Z,2026-08-14T18:59:00Z,2026-08-14T18:55:00Z,2026-08-14T18:59:00Z,2026-08-14T19:51:09Z,104.1
amtrak,NER,171,2026-08-14,BAL,Baltimore Penn Station,2026-08-14T19:33:00Z,2026-08-14T19:46:00Z,2026-08-14T19:30:00Z,2026-08-14T19:43:00Z,2026-08-14T19:51:09Z,104.1
amtrak,NER,171,2026-08-14,WAS,Washington Union Station,2026-08-14T21:00:00Z,2026-08-14T20:25:00Z,2026-08-14T20:25:00Z,2026-08-14T20:25:00Z,2026-08-14T19:51:09Z,104.1
amtrak,NER,172,2026-08-14,BAL,Baltimore Penn Station,2026-08-14T11:50:00Z,2026-08-14T11:54:00Z,2026-08-14T11:48:00Z,2026-08-14T11:51:00Z,2026-08-14T19:51:09Z,104.1
amtrak,NER,172,2026-08-14,WAS,Washington Union Station,2026-08-14T11:06:00Z,2026-08-14T11:06:00Z,2026-08-14T11:06:00Z,2026-08-14T11:06:00Z,2026-08-14T19:51:09Z,104.1
amtrak,NER,173,2026-08-14,BAL,Baltimore Penn Station,2026-08-14T22:49:00Z,2026-08-14T22:46:00Z,2026-08-14T22:46:00Z,2026-08-14T22:46:00Z,2026-08-14T19:51:09Z,104.1
amtrak,NER,173,2026-08-14,WAS,Washington Union Station,2026-08-14T23:38:00Z,2026-08-14T23:25:00Z,2026-08-14T23:38:00Z,2026-08-14T23:25:00Z,2026-08-14T19:51:09Z,104.1
amtrak,NER,174,2026-08-14,BAL,Baltimore Penn Station,2026-08-14T15:18:00Z,2026-08-14T15:20:00Z,2026-08-14T15:16:00Z,2026-08-14T15:18:00Z,2026-08-14T19:51:09Z,104.1
amtrak,NER,174,2026-08-14,WAS,Washington Union Station,2026-08-14T14:35:00Z,2026-08-14T14:35:00Z,2026-08-14T14:35:00Z,2026-08-14T14:35:00Z,2026-08-14T19:51:09Z,104.1
amtrak,NER,175,2026-08-14,BAL,Baltimore Penn Station,2026-08-15T02:38:00Z,2026-08-15T02:35:00Z,2026-08-15T02:35:00Z,2026-08-15T02:35:00Z,2026-08-14T19:51:09Z,104.1
amtrak,NER,175,2026-08-14,WAS,Washington Union Station,2026-08-15T03:19:00Z,2026-08-15T03:15:00Z,2026-08-15T03:19:00Z,2026-08-15T03:15:00Z,2026-08-14T19:51:09Z,104.1
amtrak,NER,176,2026-08-14,BAL,Baltimore Penn Station,2026-08-14T20:08:00Z,2026-08-14T20:06:00Z,2026-08-14T20:06:00Z,2026-08-14T20:06:00Z,2026-08-14T19:51:09Z,104.1
amtrak,NER,176,2026-08-14,WAS,Washington Union Station,2026-08-14T19:30:00Z,2026-08-14T19:30:00Z,2026-08-14T19:30:00Z,2026-08-14T19:30:00Z,2026-08-14T19:51:09Z,104.1
amtrak,NER,178,2026-08-14,BAL,Baltimore Penn Station,2026-08-14T20:39:00Z,2026-08-14T20:37:00Z,2026-08-14T20:37:00Z,2026-08-14T20:37:00Z,2026-08-14T19:51:09Z,104.1
amtrak,NER,178,2026-08-14,WAS,Washington Union Station,2026-08-14T19:56:00Z,2026-08-14T19:56:00Z,2026-08-14T18:55:00Z,2026-08-14T19:07:00Z,2026-08-14T19:51:09Z,104.1
amtrak,NER,182,2026-08-14,BAL,Baltimore Penn Station,2026-08-14T14:13:00Z,2026-08-14T14:13:00Z,2026-08-14T14:11:00Z,2026-08-14T14:09:00Z,2026-08-14T19:51:09Z,104.1
amtrak,NER,182,2026-08-14,WAS,Washington Union Station,2026-08-14T13:29:00Z,2026-08-14T13:29:00Z,2026-08-14T13:29:00Z,2026-08-14T13:29:00Z,2026-08-14T19:51:09Z,104.1
amtrak,NER,184,2026-08-14,BAL,Baltimore Penn Station,2026-08-14T17:54:00Z,2026-08-14T17:54:00Z,2026-08-14T17:52:00Z,2026-08-14T17:50:00Z,2026-08-14T19:51:09Z,104.1
amtrak,NER,184,2026-08-14,WAS,Washington Union Station,2026-08-14T17:20:00Z,2026-08-14T17:20:00Z,2026-08-14T17:20:00Z,2026-08-14T17:20:00Z,2026-08-14T19:51:09Z,104.1
amtrak,NER,186,2026-08-14,BAL,Baltimore Penn Station,2026-08-15T01:14:00Z,2026-08-15T01:12:00Z,2026-08-15T01:12:00Z,2026-08-15T01:12:00Z,2026-08-14T19:51:09Z,104.1
amtrak,NER,186,2026-08-14,WAS,Washington Union Station,2026-08-15T00:30:00Z,2026-08-14T23:55:00Z,2026-08-14T23:55:00Z,2026-08-14T23:55:00Z,2026-08-14T19:51:09Z,104.1
marc,11705,Train428,2026-08-14,11958,UNION STATION MARC Washington,2026-08-14T19:40:00Z,2026-08-14T19:40:59Z,NA,NA,2026-08-14T20:17:45Z,100
marc,11705,Train428,2026-08-14,12002,PENN STATION MARC nb,NA,NA,2026-08-14T20:40:00Z,2026-08-14T20:40:56Z,2026-08-14T20:17:45Z,100
marc,11705,Train439,2026-08-14,11980,PENN STATION MARC sb,2026-08-14T19:45:00Z,2026-08-14T19:48:31Z,NA,NA,2026-08-14T20:17:45Z,100
marc,11705,Train439,2026-08-14,11958,UNION STATION MARC Washington,NA,NA,2026-08-14T20:45:00Z,2026-08-14T20:53:46Z,2026-08-14T20:17:45Z,100
marc,11705,Train532,2026-08-14,12002,PENN STATION MARC nb,2026-08-14T21:01:00Z,2026-08-14T21:02:47Z,2026-08-14T21:00:30Z,2026-08-14T21:02:17Z,2026-08-14T20:17:45Z,100
marc,11705,Train641,2026-08-14,11980,PENN STATION MARC sb,2026-08-14T20:08:00Z,2026-08-14T20:09:35Z,2026-08-14T20:07:00Z,2026-08-14T19:57:34Z,2026-08-14T20:17:45Z,100
marc,11705,Train641,2026-08-14,11958,UNION STATION MARC Washington,NA,NA,2026-08-14T21:01:00Z,2026-08-14T21:05:36Z,2026-08-14T20:17:45Z,100
amtrak,NER,66,2026-08-14,BAL,Baltimore Penn Station,2026-08-15T02:51:00Z,2026-08-15T02:51:00Z,2026-08-15T02:49:00Z,2026-08-15T02:49:00Z,2026-08-14T20:17:45Z,100
amtrak,NER,66,2026-08-14,WAS,Washington Union Station,2026-08-15T02:00:00Z,2026-08-15T02:00:00Z,2026-08-15T01:28:00Z,2026-08-15T01:28:00Z,2026-08-14T20:17:45Z,100
amtrak,NER,85,2026-08-14,BAL,Baltimore Penn Station,2026-08-14T21:50:00Z,2026-08-14T21:50:00Z,2026-08-14T21:47:00Z,2026-08-14T21:50:00Z,2026-08-14T20:17:45Z,100
amtrak,NER,85,2026-08-14,WAS,Washington Union Station,2026-08-14T22:39:00Z,2026-08-14T22:28:00Z,2026-08-14T22:39:00Z,2026-08-14T22:28:00Z,2026-08-14T20:17:45Z,100
amtrak,NER,93,2026-08-14,BAL,Baltimore Penn Station,2026-08-14T20:39:00Z,2026-08-14T20:58:00Z,2026-08-14T20:37:00Z,2026-08-14T20:58:00Z,2026-08-14T20:17:45Z,100
amtrak,NER,93,2026-08-14,WAS,Washington Union Station,2026-08-14T22:05:00Z,2026-08-14T21:40:00Z,2026-08-14T21:25:00Z,2026-08-14T21:40:00Z,2026-08-14T20:17:45Z,100
amtrak,NER,94,2026-08-14,BAL,Baltimore Penn Station,2026-08-14T18:43:00Z,2026-08-14T18:46:00Z,2026-08-14T18:41:00Z,2026-08-14T18:42:00Z,2026-08-14T20:17:45Z,100
amtrak,NER,94,2026-08-14,WAS,Washington Union Station,2026-08-14T18:00:00Z,2026-08-14T18:00:00Z,2026-08-14T17:23:00Z,2026-08-14T17:16:00Z,2026-08-14T20:17:45Z,100
amtrak,NER,95,2026-08-14,BAL,Baltimore Penn Station,2026-08-14T17:23:00Z,2026-08-14T17:31:00Z,2026-08-14T17:14:00Z,2026-08-14T17:28:00Z,2026-08-14T20:17:45Z,100
amtrak,NER,95,2026-08-14,WAS,Washington Union Station,2026-08-14T18:35:00Z,2026-08-14T18:46:00Z,2026-08-14T18:05:00Z,2026-08-14T18:17:00Z,2026-08-14T20:17:45Z,100
amtrak,NER,125,2026-08-14,BAL,Baltimore Penn Station,2026-08-14T18:28:00Z,2026-08-14T18:57:00Z,2026-08-14T18:25:00Z,2026-08-14T18:55:00Z,2026-08-14T20:17:45Z,100
amtrak,NER,125,2026-08-14,WAS,Washington Union Station,2026-08-14T19:50:00Z,2026-08-14T20:09:00Z,2026-08-14T19:11:00Z,2026-08-14T19:49:00Z,2026-08-14T20:17:45Z,100
amtrak,NER,129,2026-08-14,BAL,Baltimore Penn Station,2026-08-14T23:18:00Z,2026-08-14T23:18:00Z,2026-08-14T23:12:00Z,2026-08-14T23:12:00Z,2026-08-14T20:17:45Z,100
amtrak,NER,129,2026-08-14,WAS,Washington Union Station,2026-08-15T00:01:00Z,2026-08-15T00:01:00Z,2026-08-15T00:01:00Z,2026-08-14T23:55:00Z,2026-08-14T20:17:45Z,100
amtrak,NER,136,2026-08-14,BAL,Baltimore Penn Station,2026-08-14T21:43:00Z,2026-08-14T21:43:00Z,2026-08-14T21:41:00Z,2026-08-14T21:41:00Z,2026-08-14T20:17:45Z,100
amtrak,NER,136,2026-08-14,WAS,Washington Union Station,2026-08-14T21:00:00Z,2026-08-14T21:00:00Z,2026-08-14T21:00:00Z,2026-08-14T21:00:00Z,2026-08-14T20:17:45Z,100
amtrak,NER,137,2026-08-14,BAL,Baltimore Penn Station,2026-08-15T01:07:00Z,2026-08-15T01:05:00Z,2026-08-15T01:05:00Z,2026-08-15T01:05:00Z,2026-08-14T20:17:45Z,100
amtrak,NER,137,2026-08-14,WAS,Washington Union Station,2026-08-15T01:55:00Z,2026-08-15T01:44:00Z,2026-08-15T01:55:00Z,2026-08-15T01:44:00Z,2026-08-14T20:17:45Z,100
amtrak,NER,138,2026-08-14,BAL,Baltimore Penn Station,2026-08-14T23:18:00Z,2026-08-14T23:16:00Z,2026-08-14T23:16:00Z,2026-08-14T23:16:00Z,2026-08-14T20:17:45Z,100
amtrak,NER,138,2026-08-14,WAS,Washington Union Station,2026-08-14T22:35:00Z,2026-08-14T21:42:00Z,2026-08-14T21:42:00Z,2026-08-14T21:42:00Z,2026-08-14T20:17:45Z,100
amtrak,NER,148,2026-08-14,BAL,Baltimore Penn Station,2026-08-14T19:38:00Z,2026-08-14T19:43:00Z,2026-08-14T19:36:00Z,2026-08-14T19:41:00Z,2026-08-14T20:17:45Z,100
amtrak,NER,148,2026-08-14,WAS,Washington Union Station,2026-08-14T18:55:00Z,2026-08-14T18:59:00Z,2026-08-14T18:55:00Z,2026-08-14T18:59:00Z,2026-08-14T20:17:45Z,100
amtrak,NER,171,2026-08-14,BAL,Baltimore Penn Station,2026-08-14T19:33:00Z,2026-08-14T19:46:00Z,2026-08-14T19:30:00Z,2026-08-14T19:43:00Z,2026-08-14T20:17:45Z,100
amtrak,NER,171,2026-08-14,WAS,Washington Union Station,2026-08-14T21:00:00Z,2026-08-14T20:25:00Z,2026-08-14T20:25:00Z,2026-08-14T20:25:00Z,2026-08-14T20:17:45Z,100
amtrak,NER,173,2026-08-14,BAL,Baltimore Penn Station,2026-08-14T22:49:00Z,2026-08-14T22:46:00Z,2026-08-14T22:46:00Z,2026-08-14T22:46:00Z,2026-08-14T20:17:45Z,100
amtrak,NER,173,2026-08-14,WAS,Washington Union Station,2026-08-14T23:38:00Z,2026-08-14T23:25:00Z,2026-08-14T23:38:00Z,2026-08-14T23:25:00Z,2026-08-14T20:17:45Z,100
amtrak,NER,174,2026-08-14,BAL,Baltimore Penn Station,2026-08-14T15:18:00Z,2026-08-14T15:20:00Z,2026-08-14T15:16:00Z,2026-08-14T15:18:00Z,2026-08-14T20:17:45Z,100
amtrak,NER,174,2026-08-14,WAS,Washington Union Station,2026-08-14T14:35:00Z,2026-08-14T14:35:00Z,2026-08-14T14:35:00Z,2026-08-14T14:35:00Z,2026-08-14T20:17:45Z,100
amtrak,NER,175,2026-08-14,BAL,Baltimore Penn Station,2026-08-15T02:38:00Z,2026-08-15T02:35:00Z,2026-08-15T02:35:00Z,2026-08-15T02:35:00Z,2026-08-14T20:17:45Z,100
amtrak,NER,175,2026-08-14,WAS,Washington Union Station,2026-08-15T03:19:00Z,2026-08-15T03:15:00Z,2026-08-15T03:19:00Z,2026-08-15T03:15:00Z,2026-08-14T20:17:45Z,100
amtrak,NER,176,2026-08-14,BAL,Baltimore Penn Station,2026-08-14T20:08:00Z,2026-08-14T20:17:00Z,2026-08-14T20:06:00Z,2026-08-14T20:15:00Z,2026-08-14T20:17:45Z,100
amtrak,NER,176,2026-08-14,WAS,Washington Union Station,2026-08-14T19:30:00Z,2026-08-14T19:30:00Z,2026-08-14T19:30:00Z,2026-08-14T19:30:00Z,2026-08-14T20:17:45Z,100
amtrak,NER,178,2026-08-14,BAL,Baltimore Penn Station,2026-08-14T20:39:00Z,2026-08-14T20:37:00Z,2026-08-14T20:37:00Z,2026-08-14T20:37:00Z,2026-08-14T20:17:45Z,100
amtrak,NER,178,2026-08-14,WAS,Washington Union Station,2026-08-14T19:56:00Z,2026-08-14T20:03:00Z,2026-08-14T18:55:00Z,2026-08-14T19:07:00Z,2026-08-14T20:17:45Z,100
amtrak,NER,182,2026-08-14,BAL,Baltimore Penn Station,2026-08-14T14:13:00Z,2026-08-14T14:13:00Z,2026-08-14T14:11:00Z,2026-08-14T14:09:00Z,2026-08-14T20:17:45Z,100
amtrak,NER,182,2026-08-14,WAS,Washington Union Station,2026-08-14T13:29:00Z,2026-08-14T13:29:00Z,2026-08-14T13:29:00Z,2026-08-14T13:29:00Z,2026-08-14T20:17:45Z,100
amtrak,NER,184,2026-08-14,BAL,Baltimore Penn Station,2026-08-14T17:54:00Z,2026-08-14T17:54:00Z,2026-08-14T17:52:00Z,2026-08-14T17:50:00Z,2026-08-14T20:17:45Z,100
amtrak,NER,184,2026-08-14,WAS,Washington Union Station,2026-08-14T17:20:00Z,2026-08-14T17:20:00Z,2026-08-14T17:20:00Z,2026-08-14T17:20:00Z,2026-08-14T20:17:45Z,100
amtrak,NER,186,2026-08-14,BAL,Baltimore Penn Station,2026-08-15T01:14:00Z,2026-08-15T01:12:00Z,2026-08-15T01:12:00Z,2026-08-15T01:12:00Z,2026-08-14T20:17:45Z,100
amtrak,NER,186,2026-08-14,WAS,Washington Union Station,2026-08-15T00:30:00Z,2026-08-14T23:55:00Z,2026-08-14T23:55:00Z,2026-08-14T23:55:00Z,2026-08-14T20:17:45Z,100
marc,11705,Train428,2026-08-14,11958,UNION STATION MARC Washington,2026-08-14T19:40:00Z,2026-08-14T19:40:59Z,NA,NA,2026-08-14T20:20:47Z,100
marc,11705,Train428,2026-08-14,12002,PENN STATION MARC nb,NA,NA,2026-08-14T20:40:00Z,2026-08-14T20:40:19Z,2026-08-14T20:20:47Z,100
marc,11705,Train439,2026-08-14,11980,PENN STATION MARC sb,2026-08-14T19:45:00Z,2026-08-14T19:48:31Z,NA,NA,2026-08-14T20:20:47Z,100
marc,11705,Train439,2026-08-14,11958,UNION STATION MARC Washington,NA,NA,2026-08-14T20:45:00Z,2026-08-14T20:54:13Z,2026-08-14T20:20:47Z,100
marc,11705,Train532,2026-08-14,12002,PENN STATION MARC nb,2026-08-14T21:01:00Z,2026-08-14T21:01:46Z,2026-08-14T21:00:30Z,2026-08-14T21:01:16Z,2026-08-14T20:20:47Z,100
marc,11705,Train641,2026-08-14,11980,PENN STATION MARC sb,2026-08-14T20:08:00Z,2026-08-14T20:09:35Z,2026-08-14T20:07:00Z,2026-08-14T19:57:34Z,2026-08-14T20:20:47Z,100
marc,11705,Train641,2026-08-14,11958,UNION STATION MARC Washington,NA,NA,2026-08-14T21:01:00Z,2026-08-14T21:05:14Z,2026-08-14T20:20:47Z,100
amtrak,NER,66,2026-08-14,BAL,Baltimore Penn Station,2026-08-15T02:51:00Z,2026-08-15T02:51:00Z,2026-08-15T02:49:00Z,2026-08-15T02:49:00Z,2026-08-14T20:20:47Z,100
amtrak,NER,66,2026-08-14,WAS,Washington Union Station,2026-08-15T02:00:00Z,2026-08-15T02:00:00Z,2026-08-15T01:28:00Z,2026-08-15T01:28:00Z,2026-08-14T20:20:47Z,100
amtrak,NER,85,2026-08-14,BAL,Baltimore Penn Station,2026-08-14T21:50:00Z,2026-08-14T21:47:00Z,2026-08-14T21:47:00Z,2026-08-14T21:47:00Z,2026-08-14T20:20:47Z,100
amtrak,NER,85,2026-08-14,WAS,Washington Union Station,2026-08-14T22:39:00Z,2026-08-14T22:28:00Z,2026-08-14T22:39:00Z,2026-08-14T22:28:00Z,2026-08-14T20:20:47Z,100
amtrak,NER,93,2026-08-14,BAL,Baltimore Penn Station,2026-08-14T20:39:00Z,2026-08-14T20:58:00Z,2026-08-14T20:37:00Z,2026-08-14T20:58:00Z,2026-08-14T20:20:47Z,100
amtrak,NER,93,2026-08-14,WAS,Washington Union Station,2026-08-14T22:05:00Z,2026-08-14T21:40:00Z,2026-08-14T21:25:00Z,2026-08-14T21:40:00Z,2026-08-14T20:20:47Z,100
amtrak,NER,94,2026-08-14,BAL,Baltimore Penn Station,2026-08-14T18:43:00Z,2026-08-14T18:46:00Z,2026-08-14T18:41:00Z,2026-08-14T18:42:00Z,2026-08-14T20:20:47Z,100
amtrak,NER,94,2026-08-14,WAS,Washington Union Station,2026-08-14T18:00:00Z,2026-08-14T18:00:00Z,2026-08-14T17:23:00Z,2026-08-14T17:16:00Z,2026-08-14T20:20:47Z,100
amtrak,NER,95,2026-08-14,BAL,Baltimore Penn Station,2026-08-14T17:23:00Z,2026-08-14T17:31:00Z,2026-08-14T17:14:00Z,2026-08-14T17:28:00Z,2026-08-14T20:20:47Z,100
amtrak,NER,95,2026-08-14,WAS,Washington Union Station,2026-08-14T18:35:00Z,2026-08-14T18:46:00Z,2026-08-14T18:05:00Z,2026-08-14T18:17:00Z,2026-08-14T20:20:47Z,100
amtrak,NER,125,2026-08-14,BAL,Baltimore Penn Station,2026-08-14T18:28:00Z,2026-08-14T18:57:00Z,2026-08-14T18:25:00Z,2026-08-14T18:55:00Z,2026-08-14T20:20:47Z,100
amtrak,NER,125,2026-08-14,WAS,Washington Union Station,2026-08-14T19:50:00Z,2026-08-14T20:09:00Z,2026-08-14T19:11:00Z,2026-08-14T19:49:00Z,2026-08-14T20:20:47Z,100
amtrak,NER,129,2026-08-14,BAL,Baltimore Penn Station,2026-08-14T23:18:00Z,2026-08-14T23:18:00Z,2026-08-14T23:12:00Z,2026-08-14T23:12:00Z,2026-08-14T20:20:47Z,100
amtrak,NER,129,2026-08-14,WAS,Washington Union Station,2026-08-15T00:01:00Z,2026-08-15T00:01:00Z,2026-08-15T00:01:00Z,2026-08-14T23:55:00Z,2026-08-14T20:20:47Z,100
amtrak,NER,136,2026-08-14,BAL,Baltimore Penn Station,2026-08-14T21:43:00Z,2026-08-14T21:43:00Z,2026-08-14T21:41:00Z,2026-08-14T21:41:00Z,2026-08-14T20:20:47Z,100
amtrak,NER,136,2026-08-14,WAS,Washington Union Station,2026-08-14T21:00:00Z,2026-08-14T21:00:00Z,2026-08-14T21:00:00Z,2026-08-14T21:00:00Z,2026-08-14T20:20:47Z,100
amtrak,NER,137,2026-08-14,BAL,Baltimore Penn Station,2026-08-15T01:07:00Z,2026-08-15T01:05:00Z,2026-08-15T01:05:00Z,2026-08-15T01:05:00Z,2026-08-14T20:20:47Z,100
amtrak,NER,137,2026-08-14,WAS,Washington Union Station,2026-08-15T01:55:00Z,2026-08-15T01:44:00Z,2026-08-15T01:55:00Z,2026-08-15T01:44:00Z,2026-08-14T20:20:47Z,100
amtrak,NER,138,2026-08-14,BAL,Baltimore Penn Station,2026-08-14T23:18:00Z,2026-08-14T23:16:00Z,2026-08-14T23:16:00Z,2026-08-14T23:16:00Z,2026-08-14T20:20:47Z,100
amtrak,NER,138,2026-08-14,WAS,Washington Union Station,2026-08-14T22:35:00Z,2026-08-14T21:42:00Z,2026-08-14T21:42:00Z,2026-08-14T21:42:00Z,2026-08-14T20:20:47Z,100
amtrak,NER,148,2026-08-14,BAL,Baltimore Penn Station,2026-08-14T19:38:00Z,2026-08-14T19:43:00Z,2026-08-14T19:36:00Z,2026-08-14T19:41:00Z,2026-08-14T20:20:47Z,100
amtrak,NER,148,2026-08-14,WAS,Washington Union Station,2026-08-14T18:55:00Z,2026-08-14T18:59:00Z,2026-08-14T18:55:00Z,2026-08-14T18:59:00Z,2026-08-14T20:20:47Z,100
amtrak,NER,171,2026-08-14,BAL,Baltimore Penn Station,2026-08-14T19:33:00Z,2026-08-14T19:46:00Z,2026-08-14T19:30:00Z,2026-08-14T19:43:00Z,2026-08-14T20:20:47Z,100
amtrak,NER,171,2026-08-14,WAS,Washington Union Station,2026-08-14T21:00:00Z,2026-08-14T20:25:00Z,2026-08-14T20:25:00Z,2026-08-14T20:25:00Z,2026-08-14T20:20:47Z,100
amtrak,NER,173,2026-08-14,BAL,Baltimore Penn Station,2026-08-14T22:49:00Z,2026-08-14T22:46:00Z,2026-08-14T22:46:00Z,2026-08-14T22:46:00Z,2026-08-14T20:20:47Z,100
amtrak,NER,173,2026-08-14,WAS,Washington Union Station,2026-08-14T23:38:00Z,2026-08-14T23:25:00Z,2026-08-14T23:38:00Z,2026-08-14T23:25:00Z,2026-08-14T20:20:47Z,100
amtrak,NER,174,2026-08-14,BAL,Baltimore Penn Station,2026-08-14T15:18:00Z,2026-08-14T15:20:00Z,2026-08-14T15:16:00Z,2026-08-14T15:18:00Z,2026-08-14T20:20:47Z,100
amtrak,NER,174,2026-08-14,WAS,Washington Union Station,2026-08-14T14:35:00Z,2026-08-14T14:35:00Z,2026-08-14T14:35:00Z,2026-08-14T14:35:00Z,2026-08-14T20:20:47Z,100
amtrak,NER,175,2026-08-14,BAL,Baltimore Penn Station,2026-08-15T02:38:00Z,2026-08-15T02:35:00Z,2026-08-15T02:35:00Z,2026-08-15T02:35:00Z,2026-08-14T20:20:47Z,100
amtrak,NER,175,2026-08-14,WAS,Washington Union Station,2026-08-15T03:19:00Z,2026-08-15T03:15:00Z,2026-08-15T03:19:00Z,2026-08-15T03:15:00Z,2026-08-14T20:20:47Z,100
amtrak,NER,176,2026-08-14,BAL,Baltimore Penn Station,2026-08-14T20:08:00Z,2026-08-14T20:17:00Z,2026-08-14T20:06:00Z,2026-08-14T20:15:00Z,2026-08-14T20:20:47Z,100
amtrak,NER,176,2026-08-14,WAS,Washington Union Station,2026-08-14T19:30:00Z,2026-08-14T19:30:00Z,2026-08-14T19:30:00Z,2026-08-14T19:30:00Z,2026-08-14T20:20:47Z,100
amtrak,NER,178,2026-08-14,BAL,Baltimore Penn Station,2026-08-14T20:39:00Z,2026-08-14T20:37:00Z,2026-08-14T20:37:00Z,2026-08-14T20:37:00Z,2026-08-14T20:20:47Z,100
amtrak,NER,178,2026-08-14,WAS,Washington Union Station,2026-08-14T19:56:00Z,2026-08-14T20:03:00Z,2026-08-14T18:55:00Z,2026-08-14T19:07:00Z,2026-08-14T20:20:47Z,100
amtrak,NER,182,2026-08-14,BAL,Baltimore Penn Station,2026-08-14T14:13:00Z,2026-08-14T14:13:00Z,2026-08-14T14:11:00Z,2026-08-14T14:09:00Z,2026-08-14T20:20:47Z,100
amtrak,NER,182,2026-08-14,WAS,Washington Union Station,2026-08-14T13:29:00Z,2026-08-14T13:29:00Z,2026-08-14T13:29:00Z,2026-08-14T13:29:00Z,2026-08-14T20:20:47Z,100
amtrak,NER,184,2026-08-14,BAL,Baltimore Penn Station,2026-08-14T17:54:00Z,2026-08-14T17:54:00Z,2026-08-14T17:52:00Z,2026-08-14T17:50:00Z,2026-08-14T20:20:47Z,100
amtrak,NER,184,2026-08-14,WAS,Washington Union Station,2026-08-14T17:20:00Z,2026-08-14T17:20:00Z,2026-08-14T17:20:00Z,2026-08-14T17:20:00Z,2026-08-14T20:20:47Z,100
amtrak,NER,186,2026-08-14,BAL,Baltimore Penn Station,2026-08-15T01:14:00Z,2026-08-15T01:12:00Z,2026-08-15T01:12:00Z,2026-08-15T01:12:00Z,2026-08-14T20:20:47Z,100
amtrak,NER,186,2026-08-14,WAS,Washington Union Station,2026-08-15T00:30:00Z,2026-08-14T23:55:00Z,2026-08-14T23:55:00Z,2026-08-14T23:55:00Z,2026-08-14T20:20:47Z,100
marc,11705,Train428,2026-08-14,11958,UNION STATION MARC Washington,2026-08-14T19:40:00Z,2026-08-14T19:40:59Z,NA,NA,2026-08-14T20:23:48Z,99.6
marc,11705,Train428,2026-08-14,12002,PENN STATION MARC nb,NA,NA,2026-08-14T20:40:00Z,2026-08-14T20:40:45Z,2026-08-14T20:23:48Z,99.6
marc,11705,Train439,2026-08-14,11980,PENN STATION MARC sb,2026-08-14T19:45:00Z,2026-08-14T19:48:31Z,NA,NA,2026-08-14T20:23:48Z,99.6
marc,11705,Train439,2026-08-14,11958,UNION STATION MARC Washington,NA,NA,2026-08-14T20:45:00Z,2026-08-14T20:54:13Z,2026-08-14T20:23:48Z,99.6
marc,11705,Train532,2026-08-14,12002,PENN STATION MARC nb,2026-08-14T21:01:00Z,2026-08-14T21:02:00Z,2026-08-14T21:00:30Z,2026-08-14T21:01:30Z,2026-08-14T20:23:48Z,99.6
marc,11705,Train641,2026-08-14,11980,PENN STATION MARC sb,2026-08-14T20:08:00Z,2026-08-14T20:09:35Z,2026-08-14T20:07:00Z,2026-08-14T19:57:34Z,2026-08-14T20:23:48Z,99.6
marc,11705,Train641,2026-08-14,11958,UNION STATION MARC Washington,NA,NA,2026-08-14T21:01:00Z,2026-08-14T21:03:18Z,2026-08-14T20:23:48Z,99.6
amtrak,NER,66,2026-08-14,BAL,Baltimore Penn Station,2026-08-15T02:51:00Z,2026-08-15T02:51:00Z,2026-08-15T02:49:00Z,2026-08-15T02:49:00Z,2026-08-14T20:23:48Z,99.6
amtrak,NER,66,2026-08-14,WAS,Washington Union Station,2026-08-15T02:00:00Z,2026-08-15T02:00:00Z,2026-08-15T01:28:00Z,2026-08-15T01:28:00Z,2026-08-14T20:23:48Z,99.6
amtrak,NER,85,2026-08-14,BAL,Baltimore Penn Station,2026-08-14T21:50:00Z,2026-08-14T21:47:00Z,2026-08-14T21:47:00Z,2026-08-14T21:47:00Z,2026-08-14T20:23:48Z,99.6
amtrak,NER,85,2026-08-14,WAS,Washington Union Station,2026-08-14T22:39:00Z,2026-08-14T22:28:00Z,2026-08-14T22:39:00Z,2026-08-14T22:28:00Z,2026-08-14T20:23:48Z,99.6
amtrak,NER,93,2026-08-14,BAL,Baltimore Penn Station,2026-08-14T20:39:00Z,2026-08-14T20:58:00Z,2026-08-14T20:37:00Z,2026-08-14T20:58:00Z,2026-08-14T20:23:48Z,99.6
amtrak,NER,93,2026-08-14,WAS,Washington Union Station,2026-08-14T22:05:00Z,2026-08-14T21:40:00Z,2026-08-14T21:25:00Z,2026-08-14T21:40:00Z,2026-08-14T20:23:48Z,99.6
amtrak,NER,94,2026-08-14,BAL,Baltimore Penn Station,2026-08-14T18:43:00Z,2026-08-14T18:46:00Z,2026-08-14T18:41:00Z,2026-08-14T18:42:00Z,2026-08-14T20:23:48Z,99.6
amtrak,NER,94,2026-08-14,WAS,Washington Union Station,2026-08-14T18:00:00Z,2026-08-14T18:00:00Z,2026-08-14T17:23:00Z,2026-08-14T17:16:00Z,2026-08-14T20:23:48Z,99.6
amtrak,NER,95,2026-08-14,BAL,Baltimore Penn Station,2026-08-14T17:23:00Z,2026-08-14T17:31:00Z,2026-08-14T17:14:00Z,2026-08-14T17:28:00Z,2026-08-14T20:23:48Z,99.6
amtrak,NER,95,2026-08-14,WAS,Washington Union Station,2026-08-14T18:35:00Z,2026-08-14T18:46:00Z,2026-08-14T18:05:00Z,2026-08-14T18:17:00Z,2026-08-14T20:23:48Z,99.6
amtrak,NER,125,2026-08-14,BAL,Baltimore Penn Station,2026-08-14T18:28:00Z,2026-08-14T18:57:00Z,2026-08-14T18:25:00Z,2026-08-14T18:55:00Z,2026-08-14T20:23:48Z,99.6
amtrak,NER,125,2026-08-14,WAS,Washington Union Station,2026-08-14T19:50:00Z,2026-08-14T20:18:00Z,2026-08-14T19:11:00Z,2026-08-14T19:49:00Z,2026-08-14T20:23:48Z,99.6
amtrak,NER,129,2026-08-14,BAL,Baltimore Penn Station,2026-08-14T23:18:00Z,2026-08-14T23:18:00Z,2026-08-14T23:12:00Z,2026-08-14T23:12:00Z,2026-08-14T20:23:48Z,99.6
amtrak,NER,129,2026-08-14,WAS,Washington Union Station,2026-08-15T00:01:00Z,2026-08-15T00:01:00Z,2026-08-15T00:01:00Z,2026-08-14T23:55:00Z,2026-08-14T20:23:48Z,99.6
amtrak,NER,136,2026-08-14,BAL,Baltimore Penn Station,2026-08-14T21:43:00Z,2026-08-14T21:43:00Z,2026-08-14T21:41:00Z,2026-08-14T21:41:00Z,2026-08-14T20:23:48Z,99.6
amtrak,NER,136,2026-08-14,WAS,Washington Union Station,2026-08-14T21:00:00Z,2026-08-14T21:00:00Z,2026-08-14T21:00:00Z,2026-08-14T21:00:00Z,2026-08-14T20:23:48Z,99.6
amtrak,NER,137,2026-08-14,BAL,Baltimore Penn Station,2026-08-15T01:07:00Z,2026-08-15T01:05:00Z,2026-08-15T01:05:00Z,2026-08-15T01:05:00Z,2026-08-14T20:23:48Z,99.6
amtrak,NER,137,2026-08-14,WAS,Washington Union Station,2026-08-15T01:55:00Z,2026-08-15T01:44:00Z,2026-08-15T01:55:00Z,2026-08-15T01:44:00Z,2026-08-14T20:23:48Z,99.6
amtrak,NER,138,2026-08-14,BAL,Baltimore Penn Station,2026-08-14T23:18:00Z,2026-08-14T23:16:00Z,2026-08-14T23:16:00Z,2026-08-14T23:16:00Z,2026-08-14T20:23:48Z,99.6
amtrak,NER,138,2026-08-14,WAS,Washington Union Station,2026-08-14T22:35:00Z,2026-08-14T21:42:00Z,2026-08-14T21:42:00Z,2026-08-14T21:42:00Z,2026-08-14T20:23:48Z,99.6
amtrak,NER,148,2026-08-14,BAL,Baltimore Penn Station,2026-08-14T19:38:00Z,2026-08-14T19:43:00Z,2026-08-14T19:36:00Z,2026-08-14T19:41:00Z,2026-08-14T20:23:48Z,99.6
amtrak,NER,148,2026-08-14,WAS,Washington Union Station,2026-08-14T18:55:00Z,2026-08-14T18:59:00Z,2026-08-14T18:55:00Z,2026-08-14T18:59:00Z,2026-08-14T20:23:48Z,99.6
amtrak,NER,171,2026-08-14,BAL,Baltimore Penn Station,2026-08-14T19:33:00Z,2026-08-14T19:46:00Z,2026-08-14T19:30:00Z,2026-08-14T19:43:00Z,2026-08-14T20:23:48Z,99.6
amtrak,NER,171,2026-08-14,WAS,Washington Union Station,2026-08-14T21:00:00Z,2026-08-14T20:28:00Z,2026-08-14T20:25:00Z,2026-08-14T20:28:00Z,2026-08-14T20:23:48Z,99.6
amtrak,NER,173,2026-08-14,BAL,Baltimore Penn Station,2026-08-14T22:49:00Z,2026-08-14T22:46:00Z,2026-08-14T22:46:00Z,2026-08-14T22:46:00Z,2026-08-14T20:23:48Z,99.6
amtrak,NER,173,2026-08-14,WAS,Washington Union Station,2026-08-14T23:38:00Z,2026-08-14T23:25:00Z,2026-08-14T23:38:00Z,2026-08-14T23:25:00Z,2026-08-14T20:23:48Z,99.6
amtrak,NER,174,2026-08-14,BAL,Baltimore Penn Station,2026-08-14T15:18:00Z,2026-08-14T15:20:00Z,2026-08-14T15:16:00Z,2026-08-14T15:18:00Z,2026-08-14T20:23:48Z,99.6
amtrak,NER,174,2026-08-14,WAS,Washington Union Station,2026-08-14T14:35:00Z,2026-08-14T14:35:00Z,2026-08-14T14:35:00Z,2026-08-14T14:35:00Z,2026-08-14T20:23:48Z,99.6
amtrak,NER,175,2026-08-14,BAL,Baltimore Penn Station,2026-08-15T02:38:00Z,2026-08-15T02:35:00Z,2026-08-15T02:35:00Z,2026-08-15T02:35:00Z,2026-08-14T20:23:48Z,99.6
amtrak,NER,175,2026-08-14,WAS,Washington Union Station,2026-08-15T03:19:00Z,2026-08-15T03:15:00Z,2026-08-15T03:19:00Z,2026-08-15T03:15:00Z,2026-08-14T20:23:48Z,99.6
amtrak,NER,176,2026-08-14,BAL,Baltimore Penn Station,2026-08-14T20:08:00Z,2026-08-14T20:17:00Z,2026-08-14T20:06:00Z,2026-08-14T20:15:00Z,2026-08-14T20:23:48Z,99.6
amtrak,NER,176,2026-08-14,WAS,Washington Union Station,2026-08-14T19:30:00Z,2026-08-14T19:30:00Z,2026-08-14T19:30:00Z,2026-08-14T19:30:00Z,2026-08-14T20:23:48Z,99.6
amtrak,NER,178,2026-08-14,BAL,Baltimore Penn Station,2026-08-14T20:39:00Z,2026-08-14T20:37:00Z,2026-08-14T20:37:00Z,2026-08-14T20:37:00Z,2026-08-14T20:23:48Z,99.6
amtrak,NER,178,2026-08-14,WAS,Washington Union Station,2026-08-14T19:56:00Z,2026-08-14T20:03:00Z,2026-08-14T18:55:00Z,2026-08-14T19:07:00Z,2026-08-14T20:23:48Z,99.6
amtrak,NER,182,2026-08-14,BAL,Baltimore Penn Station,2026-08-14T14:13:00Z,2026-08-14T14:13:00Z,2026-08-14T14:11:00Z,2026-08-14T14:09:00Z,2026-08-14T20:23:48Z,99.6
amtrak,NER,182,2026-08-14,WAS,Washington Union Station,2026-08-14T13:29:00Z,2026-08-14T13:29:00Z,2026-08-14T13:29:00Z,2026-08-14T13:29:00Z,2026-08-14T20:23:48Z,99.6
amtrak,NER,184,2026-08-14,BAL,Baltimore Penn Station,2026-08-14T17:54:00Z,2026-08-14T17:54:00Z,2026-08-14T17:52:00Z,2026-08-14T17:50:00Z,2026-08-14T20:23:48Z,99.6
amtrak,NER,184,2026-08-14,WAS,Washington Union Station,2026-08-14T17:20:00Z,2026-08-14T17:20:00Z,2026-08-14T17:20:00Z,2026-08-14T17:20:00Z,2026-08-14T20:23:48Z,99.6
amtrak,NER,186,2026-08-14,BAL,Baltimore Penn Station,2026-08-15T01:14:00Z,2026-08-15T01:12:00Z,2026-08-15T01:12:00Z,2026-08-15T01:12:00Z,2026-08-14T20:23:48Z,99.6
amtrak,NER,186,2026-08-14,WAS,Washington Union Station,2026-08-15T00:30:00Z,2026-08-14T23:55:00Z,2026-08-14T23:55:00Z,2026-08-14T23:55:00Z,2026-08-14T20:23:48Z,99.6
