service,route_id,trip_id,trip_date,stop_id,stop_name,sched_dep,pred_dep,sched_arr,pred_arr,collected_at,drive_min
marc,11705,Train409,2026-08-24,11958,UNION STATION MARC Washington,NA,NA,2026-08-24T11:28:00Z,2026-08-24T11:35:21Z,2026-08-24T10:28:18Z,67.2
marc,11705,Train407,2026-08-24,11980,PENN STATION MARC sb,2026-08-24T09:35:00Z,2026-08-24T09:35:25Z,NA,NA,2026-08-24T10:28:18Z,67.2
marc,11705,Train407,2026-08-24,11958,UNION STATION MARC Washington,NA,NA,2026-08-24T10:36:00Z,2026-08-24T10:41:17Z,2026-08-24T10:28:18Z,67.2
marc,11705,Train400,2026-08-24,11958,UNION STATION MARC Washington,2026-08-24T09:40:00Z,2026-08-24T09:40:23Z,NA,NA,2026-08-24T10:28:18Z,67.2
marc,11705,Train400,2026-08-24,12002,PENN STATION MARC nb,NA,NA,2026-08-24T10:43:00Z,2026-08-24T10:43:00Z,2026-08-24T10:28:18Z,67.2
marc,11705,Train502,2026-08-24,11958,UNION STATION MARC Washington,2026-08-24T10:12:00Z,2026-08-24T10:13:21Z,NA,NA,2026-08-24T10:28:18Z,67.2
marc,11705,Train502,2026-08-24,12002,PENN STATION MARC nb,2026-08-24T11:21:00Z,2026-08-24T11:22:25Z,2026-08-24T11:17:00Z,2026-08-24T11:18:25Z,2026-08-24T10:28:18Z,67.2
marc,11705,Train511,2026-08-24,11980,PENN STATION MARC sb,2026-08-24T09:53:00Z,2026-08-24T10:18:45Z,2026-08-24T09:51:36Z,2026-08-24T10:13:11Z,2026-08-24T10:28:18Z,67.2
marc,11705,Train511,2026-08-24,11958,UNION STATION MARC Washington,NA,NA,2026-08-24T10:48:00Z,2026-08-24T11:11:56Z,2026-08-24T10:28:18Z,67.2
amtrak,NER,66,2026-08-24,BAL,Baltimore Penn Station,2026-08-24T03:01:00Z,2026-08-24T03:02:00Z,2026-08-24T02:49:00Z,2026-08-24T02:54:00Z,2026-08-24T10:28:18Z,67.2
amtrak,NER,66,2026-08-24,WAS,Washington Union Station,2026-08-24T02:00:00Z,2026-08-24T02:18:00Z,2026-08-24T01:28:00Z,2026-08-24T01:53:00Z,2026-08-24T10:28:18Z,67.2
amtrak,NER,67,2026-08-24,BAL,Baltimore Penn Station,2026-08-24T10:04:00Z,2026-08-24T10:11:00Z,2026-08-24T10:02:00Z,2026-08-24T10:10:00Z,2026-08-24T10:28:18Z,67.2
amtrak,NER,67,2026-08-24,WAS,Washington Union Station,2026-08-24T11:20:00Z,2026-08-24T10:54:00Z,2026-08-24T10:54:00Z,2026-08-24T10:54:00Z,2026-08-24T10:28:18Z,67.2
amtrak,NER,86,2026-08-24,BAL,Baltimore Penn Station,2026-08-24T13:32:00Z,2026-08-24T13:30:00Z,2026-08-24T13:30:00Z,2026-08-24T13:30:00Z,2026-08-24T10:28:18Z,67.2
amtrak,NER,86,2026-08-24,WAS,Washington Union Station,2026-08-24T12:55:00Z,2026-08-24T12:18:00Z,2026-08-24T12:18:00Z,2026-08-24T12:18:00Z,2026-08-24T10:28:18Z,67.2
amtrak,NER,95,2026-08-24,BAL,Baltimore Penn Station,2026-08-24T17:27:00Z,2026-08-24T17:22:00Z,2026-08-24T17:22:00Z,2026-08-24T17:22:00Z,2026-08-24T10:28:18Z,67.2
amtrak,NER,95,2026-08-24,WAS,Washington Union Station,2026-08-24T18:35:00Z,2026-08-24T18:06:00Z,2026-08-24T18:05:00Z,2026-08-24T18:06:00Z,2026-08-24T10:28:18Z,67.2
amtrak,NER,111,2026-08-24,BAL,Baltimore Penn Station,2026-08-24T11:45:00Z,2026-08-24T11:43:00Z,2026-08-24T11:43:00Z,2026-08-24T11:43:00Z,2026-08-24T10:28:18Z,67.2
amtrak,NER,111,2026-08-24,WAS,Washington Union Station,2026-08-24T12:31:00Z,2026-08-24T12:28:00Z,2026-08-24T12:31:00Z,2026-08-24T12:28:00Z,2026-08-24T10:28:18Z,67.2
amtrak,NER,113,2026-08-24,BAL,Baltimore Penn Station,2026-08-24T13:15:00Z,2026-08-24T13:15:00Z,2026-08-24T13:13:00Z,2026-08-24T13:13:00Z,2026-08-24T10:28:18Z,67.2
amtrak,NER,113,2026-08-24,WAS,Washington Union Station,2026-08-24T14:01:00Z,2026-08-24T14:01:00Z,2026-08-24T14:01:00Z,2026-08-24T14:01:00Z,2026-08-24T10:28:18Z,67.2
amtrak,NER,130,2026-08-24,BAL,Baltimore Penn Station,2026-08-24T11:05:00Z,2026-08-24T11:03:00Z,2026-08-24T11:03:00Z,2026-08-24T11:03:00Z,2026-08-24T10:28:18Z,67.2
amtrak,NER,130,2026-08-24,WAS,Washington Union Station,2026-08-24T10:20:00Z,2026-08-24T10:20:00Z,2026-08-24T10:20:00Z,2026-08-24T10:20:00Z,2026-08-24T10:28:18Z,67.2
amtrak,NER,141,2026-08-24,BAL,Baltimore Penn Station,2026-08-24T15:06:00Z,2026-08-24T15:04:00Z,2026-08-24T15:04:00Z,2026-08-24T15:04:00Z,2026-08-24T10:28:18Z,67.2
amtrak,NER,141,2026-08-24,WAS,Washington Union Station,2026-08-24T15:47:00Z,2026-08-24T15:46:00Z,2026-08-24T15:47:00Z,2026-08-24T15:46:00Z,2026-08-24T10:28:18Z,67.2
amtrak,NER,151,2026-08-24,BAL,Baltimore Penn Station,2026-08-24T10:16:00Z,2026-08-24T10:25:00Z,2026-08-24T10:14:00Z,2026-08-24T10:22:00Z,2026-08-24T10:28:18Z,67.2
amtrak,NER,151,2026-08-24,WAS,Washington Union Station,2026-08-24T11:30:00Z,2026-08-24T10:58:00Z,2026-08-24T10:58:00Z,2026-08-24T10:58:00Z,2026-08-24T10:28:18Z,67.2
amtrak,NER,170,2026-08-24,BAL,Baltimore Penn Station,2026-08-24T09:44:00Z,2026-08-24T09:49:00Z,2026-08-24T09:42:00Z,2026-08-24T09:43:00Z,2026-08-24T10:28:18Z,67.2
amtrak,NER,170,2026-08-24,WAS,Washington Union Station,2026-08-24T09:05:00Z,2026-08-24T09:05:00Z,2026-08-24T09:05:00Z,2026-08-24T09:05:00Z,2026-08-24T10:28:18Z,67.2
amtrak,NER,181,2026-08-24,BAL,Baltimore Penn Station,2026-08-24T12:26:00Z,2026-08-24T12:23:00Z,2026-08-24T12:23:00Z,2026-08-24T12:23:00Z,2026-08-24T10:28:18Z,67.2
amtrak,NER,181,2026-08-24,WAS,Washington Union Station,2026-08-24T13:06:00Z,2026-08-24T12:59:00Z,2026-08-24T13:06:00Z,2026-08-24T12:59:00Z,2026-08-24T10:28:18Z,67.2
marc,11705,Train409,2026-08-24,11958,UNION STATION MARC Washington,NA,NA,2026-08-24T11:28:00Z,2026-08-24T11:38:58Z,2026-08-24T10:31:19Z,67.7
marc,11705,Train407,2026-08-24,11980,PENN STATION MARC sb,2026-08-24T09:35:00Z,2026-08-24T09:35:25Z,NA,NA,2026-08-24T10:31:19Z,67.7
marc,11705,Train407,2026-08-24,11958,UNION STATION MARC Washington,NA,NA,2026-08-24T10:36:00Z,2026-08-24T10:41:35Z,2026-08-24T10:31:19Z,67.7
marc,11705,Train400,2026-08-24,11958,UNION STATION MARC Washington,2026-08-24T09:40:00Z,2026-08-24T09:40:23Z,NA,NA,2026-08-24T10:31:19Z,67.7
marc,11705,Train400,2026-08-24,12002,PENN STATION MARC nb,NA,NA,2026-08-24T10:43:00Z,2026-08-24T10:43:00Z,2026-08-24T10:31:19Z,67.7
marc,11705,Train502,2026-08-24,11958,UNION STATION MARC Washington,2026-08-24T10:12:00Z,2026-08-24T10:13:21Z,NA,NA,2026-08-24T10:31:19Z,67.7
marc,11705,Train502,2026-08-24,12002,PENN STATION MARC nb,2026-08-24T11:21:00Z,2026-08-24T11:21:42Z,2026-08-24T11:17:00Z,2026-08-24T11:17:42Z,2026-08-24T10:31:19Z,67.7
marc,11705,Train511,2026-08-24,11980,PENN STATION MARC sb,2026-08-24T09:53:00Z,2026-08-24T10:18:45Z,2026-08-24T09:51:36Z,2026-08-24T10:13:11Z,2026-08-24T10:31:19Z,67.7
marc,11705,Train511,2026-08-24,11958,UNION STATION MARC Washington,NA,NA,2026-08-24T10:48:00Z,2026-08-24T11:12:10Z,2026-08-24T10:31:19Z,67.7
amtrak,NER,66,2026-08-24,BAL,Baltimore Penn Station,2026-08-24T03:01:00Z,2026-08-24T03:02:00Z,2026-08-24T02:49:00Z,2026-08-24T02:54:00Z,2026-08-24T10:31:19Z,67.7
amtrak,NER,66,2026-08-24,WAS,Washington Union Station,2026-08-24T02:00:00Z,2026-08-24T02:18:00Z,2026-08-24T01:28:00Z,2026-08-24T01:53:00Z,2026-08-24T10:31:19Z,67.7
amtrak,NER,67,2026-08-24,BAL,Baltimore Penn Station,2026-08-24T10:04:00Z,2026-08-24T10:11:00Z,2026-08-24T10:02:00Z,2026-08-24T10:10:00Z,2026-08-24T10:31:19Z,67.7
amtrak,NER,67,2026-08-24,WAS,Washington Union Station,2026-08-24T11:20:00Z,2026-08-24T10:54:00Z,2026-08-24T10:54:00Z,2026-08-24T10:54:00Z,2026-08-24T10:31:19Z,67.7
amtrak,NER,86,2026-08-24,BAL,Baltimore Penn Station,2026-08-24T13:32:00Z,2026-08-24T13:30:00Z,2026-08-24T13:30:00Z,2026-08-24T13:30:00Z,2026-08-24T10:31:19Z,67.7
amtrak,NER,86,2026-08-24,WAS,Washington Union Station,2026-08-24T12:55:00Z,2026-08-24T12:18:00Z,2026-08-24T12:18:00Z,2026-08-24T12:18:00Z,2026-08-24T10:31:19Z,67.7
amtrak,NER,95,2026-08-24,BAL,Baltimore Penn Station,2026-08-24T17:27:00Z,2026-08-24T17:22:00Z,2026-08-24T17:22:00Z,2026-08-24T17:22:00Z,2026-08-24T10:31:19Z,67.7
amtrak,NER,95,2026-08-24,WAS,Washington Union Station,2026-08-24T18:35:00Z,2026-08-24T18:06:00Z,2026-08-24T18:05:00Z,2026-08-24T18:06:00Z,2026-08-24T10:31:19Z,67.7
amtrak,NER,111,2026-08-24,BAL,Baltimore Penn Station,2026-08-24T11:45:00Z,2026-08-24T11:43:00Z,2026-08-24T11:43:00Z,2026-08-24T11:43:00Z,2026-08-24T10:31:19Z,67.7
amtrak,NER,111,2026-08-24,WAS,Washington Union Station,2026-08-24T12:31:00Z,2026-08-24T12:28:00Z,2026-08-24T12:31:00Z,2026-08-24T12:28:00Z,2026-08-24T10:31:19Z,67.7
amtrak,NER,113,2026-08-24,BAL,Baltimore Penn Station,2026-08-24T13:15:00Z,2026-08-24T13:15:00Z,2026-08-24T13:13:00Z,2026-08-24T13:13:00Z,2026-08-24T10:31:19Z,67.7
amtrak,NER,113,2026-08-24,WAS,Washington Union Station,2026-08-24T14:01:00Z,2026-08-24T14:01:00Z,2026-08-24T14:01:00Z,2026-08-24T14:01:00Z,2026-08-24T10:31:19Z,67.7
amtrak,NER,130,2026-08-24,BAL,Baltimore Penn Station,2026-08-24T11:05:00Z,2026-08-24T11:03:00Z,2026-08-24T11:03:00Z,2026-08-24T11:03:00Z,2026-08-24T10:31:19Z,67.7
amtrak,NER,130,2026-08-24,WAS,Washington Union Station,2026-08-24T10:20:00Z,2026-08-24T10:20:00Z,2026-08-24T10:20:00Z,2026-08-24T10:20:00Z,2026-08-24T10:31:19Z,67.7
amtrak,NER,141,2026-08-24,BAL,Baltimore Penn Station,2026-08-24T15:06:00Z,2026-08-24T15:04:00Z,2026-08-24T15:04:00Z,2026-08-24T15:04:00Z,2026-08-24T10:31:19Z,67.7
amtrak,NER,141,2026-08-24,WAS,Washington Union Station,2026-08-24T15:47:00Z,2026-08-24T15:46:00Z,2026-08-24T15:47:00Z,2026-08-24T15:46:00Z,2026-08-24T10:31:19Z,67.7
amtrak,NER,151,2026-08-24,BAL,Baltimore Penn Station,2026-08-24T10:16:00Z,2026-08-24T10:24:00Z,2026-08-24T10:14:00Z,2026-08-24T10:22:00Z,2026-08-24T10:31:19Z,67.7
amtrak,NER,151,2026-08-24,WAS,Washington Union Station,2026-08-24T11:30:00Z,2026-08-24T10:58:00Z,2026-08-24T10:58:00Z,2026-08-24T10:58:00Z,2026-08-24T10:31:19Z,67.7
amtrak,NER,170,2026-08-24,BAL,Baltimore Penn Station,2026-08-24T09:44:00Z,2026-08-24T09:49:00Z,2026-08-24T09:42:00Z,2026-08-24T09:43:00Z,2026-08-24T10:31:19Z,67.7
amtrak,NER,170,2026-08-24,WAS,Washington Union Station,2026-08-24T09:05:00Z,2026-08-24T09:05:00Z,2026-08-24T09:05:00Z,2026-08-24T09:05:00Z,2026-08-24T10:31:19Z,67.7
amtrak,NER,181,2026-08-24,BAL,Baltimore Penn Station,2026-08-24T12:26:00Z,2026-08-24T12:23:00Z,2026-08-24T12:23:00Z,2026-08-24T12:23:00Z,2026-08-24T10:31:19Z,67.7
amtrak,NER,181,2026-08-24,WAS,Washington Union Station,2026-08-24T13:06:00Z,2026-08-24T12:59:00Z,2026-08-24T13:06:00Z,2026-08-24T12:59:00Z,2026-08-24T10:31:19Z,67.7
marc,11705,Train409,2026-08-24,11958,UNION STATION MARC Washington,NA,NA,2026-08-24T11:28:00Z,2026-08-24T11:41:38Z,2026-08-24T10:34:20Z,67.6
marc,11705,Train407,2026-08-24,11980,PENN STATION MARC sb,2026-08-24T09:35:00Z,2026-08-24T09:35:25Z,NA,NA,2026-08-24T10:34:20Z,67.6
marc,11705,Train407,2026-08-24,11958,UNION STATION MARC Washington,NA,NA,2026-08-24T10:36:00Z,2026-08-24T10:38:54Z,2026-08-24T10:34:20Z,67.6
marc,11705,Train400,2026-08-24,11958,UNION STATION MARC Washington,2026-08-24T09:40:00Z,2026-08-24T09:40:23Z,NA,NA,2026-08-24T10:34:20Z,67.6
marc,11705,Train400,2026-08-24,12002,PENN STATION MARC nb,NA,NA,2026-08-24T10:43:00Z,2026-08-24T10:43:20Z,2026-08-24T10:34:20Z,67.6
marc,11705,Train502,2026-08-24,11958,UNION STATION MARC Washington,2026-08-24T10:12:00Z,2026-08-24T10:13:21Z,NA,NA,2026-08-24T10:34:20Z,67.6
marc,11705,Train502,2026-08-24,12002,PENN STATION MARC nb,2026-08-24T11:21:00Z,2026-08-24T11:21:37Z,2026-08-24T11:17:00Z,2026-08-24T11:17:37Z,2026-08-24T10:34:20Z,67.6
marc,11705,Train511,2026-08-24,11980,PENN STATION MARC sb,2026-08-24T09:53:00Z,2026-08-24T10:18:45Z,2026-08-24T09:51:36Z,2026-08-24T10:13:11Z,2026-08-24T10:34:20Z,67.6
marc,11705,Train511,2026-08-24,11958,UNION STATION MARC Washington,NA,NA,2026-08-24T10:48:00Z,2026-08-24T11:10:55Z,2026-08-24T10:34:20Z,67.6
amtrak,NER,66,2026-08-24,BAL,Baltimore Penn Station,2026-08-24T03:01:00Z,2026-08-24T03:02:00Z,2026-08-24T02:49:00Z,2026-08-24T02:54:00Z,2026-08-24T10:34:20Z,67.6
amtrak,NER,66,2026-08-24,WAS,Washington Union Station,2026-08-24T02:00:00Z,2026-08-24T02:18:00Z,2026-08-24T01:28:00Z,2026-08-24T01:53:00Z,2026-08-24T10:34:20Z,67.6
amtrak,NER,67,2026-08-24,BAL,Baltimore Penn Station,2026-08-24T10:04:00Z,2026-08-24T10:11:00Z,2026-08-24T10:02:00Z,2026-08-24T10:10:00Z,2026-08-24T10:34:20Z,67.6
amtrak,NER,67,2026-08-24,WAS,Washington Union Station,2026-08-24T11:20:00Z,2026-08-24T10:54:00Z,2026-08-24T10:54:00Z,2026-08-24T10:54:00Z,2026-08-24T10:34:20Z,67.6
amtrak,NER,86,2026-08-24,BAL,Baltimore Penn Station,2026-08-24T13:32:00Z,2026-08-24T13:30:00Z,2026-08-24T13:30:00Z,2026-08-24T13:30:00Z,2026-08-24T10:34:20Z,67.6
amtrak,NER,86,2026-08-24,WAS,Washington Union Station,2026-08-24T12:55:00Z,2026-08-24T12:18:00Z,2026-08-24T12:18:00Z,2026-08-24T12:18:00Z,2026-08-24T10:34:20Z,67.6
amtrak,NER,95,2026-08-24,BAL,Baltimore Penn Station,2026-08-24T17:27:00Z,2026-08-24T17:22:00Z,2026-08-24T17:22:00Z,2026-08-24T17:22:00Z,2026-08-24T10:34:20Z,67.6
amtrak,NER,95,2026-08-24,WAS,Washington Union Station,2026-08-24T18:35:00Z,2026-08-24T18:06:00Z,2026-08-24T18:05:00Z,2026-08-24T18:06:00Z,2026-08-24T10:34:20Z,67.6
amtrak,NER,111,2026-08-24,BAL,Baltimore Penn Station,2026-08-24T11:45:00Z,2026-08-24T11:43:00Z,2026-08-24T11:43:00Z,2026-08-24T11:43:00Z,2026-08-24T10:34:20Z,67.6
amtrak,NER,111,2026-08-24,WAS,Washington Union Station,2026-08-24T12:31:00Z,2026-08-24T12:28:00Z,2026-08-24T12:31:00Z,2026-08-24T12:28:00Z,2026-08-24T10:34:20Z,67.6
amtrak,NER,113,2026-08-24,BAL,Baltimore Penn Station,2026-08-24T13:15:00Z,2026-08-24T13:15:00Z,2026-08-24T13:13:00Z,2026-08-24T13:13:00Z,2026-08-24T10:34:20Z,67.6
amtrak,NER,113,2026-08-24,WAS,Washington Union Station,2026-08-24T14:01:00Z,2026-08-24T14:01:00Z,2026-08-24T14:01:00Z,2026-08-24T14:01:00Z,2026-08-24T10:34:20Z,67.6
amtrak,NER,130,2026-08-24,BAL,Baltimore Penn Station,2026-08-24T11:05:00Z,2026-08-24T11:03:00Z,2026-08-24T11:03:00Z,2026-08-24T11:03:00Z,2026-08-24T10:34:20Z,67.6
amtrak,NER,130,2026-08-24,WAS,Washington Union Station,2026-08-24T10:20:00Z,2026-08-24T10:20:00Z,2026-08-24T10:20:00Z,2026-08-24T10:20:00Z,2026-08-24T10:34:20Z,67.6
amtrak,NER,141,2026-08-24,BAL,Baltimore Penn Station,2026-08-24T15:06:00Z,2026-08-24T15:04:00Z,2026-08-24T15:04:00Z,2026-08-24T15:04:00Z,2026-08-24T10:34:20Z,67.6
amtrak,NER,141,2026-08-24,WAS,Washington Union Station,2026-08-24T15:47:00Z,2026-08-24T15:46:00Z,2026-08-24T15:47:00Z,2026-08-24T15:46:00Z,2026-08-24T10:34:20Z,67.6
amtrak,NER,151,2026-08-24,BAL,Baltimore Penn Station,2026-08-24T10:16:00Z,2026-08-24T10:24:00Z,2026-08-24T10:14:00Z,2026-08-24T10:22:00Z,2026-08-24T10:34:20Z,67.6
amtrak,NER,151,2026-08-24,WAS,Washington Union Station,2026-08-24T11:30:00Z,2026-08-24T11:02:00Z,2026-08-24T10:58:00Z,2026-08-24T11:02:00Z,2026-08-24T10:34:20Z,67.6
amtrak,NER,170,2026-08-24,BAL,Baltimore Penn Station,2026-08-24T09:44:00Z,2026-08-24T09:49:00Z,2026-08-24T09:42:00Z,2026-08-24T09:43:00Z,2026-08-24T10:34:20Z,67.6
amtrak,NER,170,2026-08-24,WAS,Washington Union Station,2026-08-24T09:05:00Z,2026-08-24T09:05:00Z,2026-08-24T09:05:00Z,2026-08-24T09:05:00Z,2026-08-24T10:34:20Z,67.6
amtrak,NER,181,2026-08-24,BAL,Baltimore Penn Station,2026-08-24T12:26:00Z,2026-08-24T12:23:00Z,2026-08-24T12:23:00Z,2026-08-24T12:23:00Z,2026-08-24T10:34:20Z,67.6
amtrak,NER,181,2026-08-24,WAS,Washington Union Station,2026-08-24T13:06:00Z,2026-08-24T12:59:00Z,2026-08-24T13:06:00Z,2026-08-24T12:59:00Z,2026-08-24T10:34:20Z,67.6
marc,11705,Train404,2026-08-24,11958,UNION STATION MARC Washington,2026-08-24T10:40:00Z,2026-08-24T10:40:58Z,NA,NA,2026-08-24T11:02:08Z,73.2
marc,11705,Train404,2026-08-24,12002,PENN STATION MARC nb,NA,NA,2026-08-24T11:36:00Z,2026-08-24T11:36:00Z,2026-08-24T11:02:08Z,73.2
marc,11705,Train408,2026-08-24,12002,PENN STATION MARC nb,NA,NA,2026-08-24T11:44:00Z,2026-08-24T11:44:00Z,2026-08-24T11:02:08Z,73.2
marc,11705,Train409,2026-08-24,11980,PENN STATION MARC sb,2026-08-24T10:20:00Z,2026-08-24T10:30:19Z,NA,NA,2026-08-24T11:02:08Z,73.2
marc,11705,Train409,2026-08-24,11958,UNION STATION MARC Washington,NA,NA,2026-08-24T11:28:00Z,2026-08-24T11:41:59Z,2026-08-24T11:02:08Z,73.2
marc,11705,Train413,2026-08-24,11980,PENN STATION MARC sb,2026-08-24T10:40:00Z,2026-08-24T10:40:00Z,NA,NA,2026-08-24T11:02:08Z,73.2
marc,11705,Train413,2026-08-24,11958,UNION STATION MARC Washington,NA,NA,2026-08-24T11:43:00Z,2026-08-24T11:43:00Z,2026-08-24T11:02:08Z,73.2
marc,11705,Train415,2026-08-24,11958,UNION STATION MARC Washington,NA,NA,2026-08-24T12:02:00Z,2026-08-24T12:02:00Z,2026-08-24T11:02:08Z,73.2
marc,11705,Train502,2026-08-24,11958,UNION STATION MARC Washington,2026-08-24T10:12:00Z,2026-08-24T10:13:21Z,NA,NA,2026-08-24T11:02:08Z,73.2
marc,11705,Train502,2026-08-24,12002,PENN STATION MARC nb,2026-08-24T11:21:00Z,2026-08-24T11:24:51Z,2026-08-24T11:17:00Z,2026-08-24T11:20:51Z,2026-08-24T11:02:08Z,73.2
marc,11705,Train511,2026-08-24,11980,PENN STATION MARC sb,2026-08-24T09:53:00Z,2026-08-24T10:18:45Z,2026-08-24T09:51:36Z,2026-08-24T10:13:11Z,2026-08-24T11:02:08Z,73.2
marc,11705,Train511,2026-08-24,11958,UNION STATION MARC Washington,NA,NA,2026-08-24T10:48:00Z,2026-08-24T11:14:33Z,2026-08-24T11:02:08Z,73.2
marc,11705,Train517,2026-08-24,11980,PENN STATION MARC sb,2026-08-24T11:20:00Z,2026-08-24T11:39:41Z,2026-08-24T11:16:05Z,2026-08-24T11:35:46Z,2026-08-24T11:02:08Z,73.2
marc,11705,Train517,2026-08-24,11958,UNION STATION MARC Washington,NA,NA,2026-08-24T12:19:00Z,2026-08-24T12:38:41Z,2026-08-24T11:02:08Z,73.2
amtrak,NER,66,2026-08-24,BAL,Baltimore Penn Station,2026-08-24T03:01:00Z,2026-08-24T03:02:00Z,2026-08-24T02:49:00Z,2026-08-24T02:54:00Z,2026-08-24T11:02:08Z,73.2
amtrak,NER,66,2026-08-24,WAS,Washington Union Station,2026-08-24T02:00:00Z,2026-08-24T02:18:00Z,2026-08-24T01:28:00Z,2026-08-24T01:53:00Z,2026-08-24T11:02:08Z,73.2
amtrak,NER,67,2026-08-24,BAL,Baltimore Penn Station,2026-08-24T10:04:00Z,2026-08-24T10:11:00Z,2026-08-24T10:02:00Z,2026-08-24T10:10:00Z,2026-08-24T11:02:08Z,73.2
amtrak,NER,67,2026-08-24,WAS,Washington Union Station,2026-08-24T11:20:00Z,2026-08-24T11:20:00Z,2026-08-24T10:54:00Z,2026-08-24T10:48:00Z,2026-08-24T11:02:08Z,73.2
amtrak,NER,86,2026-08-24,BAL,Baltimore Penn Station,2026-08-24T13:32:00Z,2026-08-24T13:30:00Z,2026-08-24T13:30:00Z,2026-08-24T13:30:00Z,2026-08-24T11:02:08Z,73.2
amtrak,NER,86,2026-08-24,WAS,Washington Union Station,2026-08-24T12:55:00Z,2026-08-24T12:18:00Z,2026-08-24T12:18:00Z,2026-08-24T12:18:00Z,2026-08-24T11:02:08Z,73.2
amtrak,NER,95,2026-08-24,BAL,Baltimore Penn Station,2026-08-24T17:27:00Z,2026-08-24T17:22:00Z,2026-08-24T17:22:00Z,2026-08-24T17:22:00Z,2026-08-24T11:02:08Z,73.2
amtrak,NER,95,2026-08-24,WAS,Washington Union Station,2026-08-24T18:35:00Z,2026-08-24T18:06:00Z,2026-08-24T18:05:00Z,2026-08-24T18:06:00Z,2026-08-24T11:02:08Z,73.2
amtrak,NER,111,2026-08-24,BAL,Baltimore Penn Station,2026-08-24T11:45:00Z,2026-08-24T11:33:00Z,2026-08-24T11:43:00Z,2026-08-24T11:33:00Z,2026-08-24T11:02:08Z,73.2
amtrak,NER,111,2026-08-24,WAS,Washington Union Station,2026-08-24T12:31:00Z,2026-08-24T12:28:00Z,2026-08-24T12:31:00Z,2026-08-24T12:28:00Z,2026-08-24T11:02:08Z,73.2
amtrak,NER,112,2026-08-24,BAL,Baltimore Penn Station,2026-08-24T12:22:00Z,2026-08-24T12:22:00Z,2026-08-24T12:20:00Z,2026-08-24T12:20:00Z,2026-08-24T11:02:08Z,73.2
amtrak,NER,112,2026-08-24,WAS,Washington Union Station,2026-08-24T11:40:00Z,2026-08-24T11:40:00Z,2026-08-24T11:40:00Z,2026-08-24T11:40:00Z,2026-08-24T11:02:08Z,73.2
amtrak,NER,113,2026-08-24,BAL,Baltimore Penn Station,2026-08-24T13:15:00Z,2026-08-24T13:15:00Z,2026-08-24T13:13:00Z,2026-08-24T13:13:00Z,2026-08-24T11:02:08Z,73.2
amtrak,NER,113,2026-08-24,WAS,Washington Union Station,2026-08-24T14:01:00Z,2026-08-24T14:01:00Z,2026-08-24T14:01:00Z,2026-08-24T14:01:00Z,2026-08-24T11:02:08Z,73.2
amtrak,NER,125,2026-08-24,BAL,Baltimore Penn Station,2026-08-24T18:34:00Z,2026-08-24T18:34:00Z,2026-08-24T18:31:00Z,2026-08-24T18:31:00Z,2026-08-24T11:02:08Z,73.2
amtrak,NER,125,2026-08-24,WAS,Washington Union Station,2026-08-24T19:50:00Z,2026-08-24T19:50:00Z,2026-08-24T19:17:00Z,2026-08-24T19:17:00Z,2026-08-24T11:02:08Z,73.2
amtrak,NER,130,2026-08-24,BAL,Baltimore Penn Station,2026-08-24T11:05:00Z,2026-08-24T11:05:00Z,2026-08-24T11:03:00Z,2026-08-24T10:55:00Z,2026-08-24T11:02:08Z,73.2
amtrak,NER,130,2026-08-24,WAS,Washington Union Station,2026-08-24T10:20:00Z,2026-08-24T10:20:00Z,2026-08-24T10:20:00Z,2026-08-24T10:20:00Z,2026-08-24T11:02:08Z,73.2
amtrak,NER,141,2026-08-24,BAL,Baltimore Penn Station,2026-08-24T15:06:00Z,2026-08-24T15:04:00Z,2026-08-24T15:04:00Z,2026-08-24T15:04:00Z,2026-08-24T11:02:08Z,73.2
amtrak,NER,141,2026-08-24,WAS,Washington Union Station,2026-08-24T15:47:00Z,2026-08-24T15:46:00Z,2026-08-24T15:47:00Z,2026-08-24T15:46:00Z,2026-08-24T11:02:08Z,73.2
amtrak,NER,151,2026-08-24,BAL,Baltimore Penn Station,2026-08-24T10:16:00Z,2026-08-24T10:24:00Z,2026-08-24T10:14:00Z,2026-08-24T10:22:00Z,2026-08-24T11:02:08Z,73.2
amtrak,NER,151,2026-08-24,WAS,Washington Union Station,2026-08-24T11:30:00Z,2026-08-24T11:08:00Z,2026-08-24T10:58:00Z,2026-08-24T11:08:00Z,2026-08-24T11:02:08Z,73.2
amtrak,NER,170,2026-08-24,BAL,Baltimore Penn Station,2026-08-24T09:44:00Z,2026-08-24T09:49:00Z,2026-08-24T09:42:00Z,2026-08-24T09:43:00Z,2026-08-24T11:02:08Z,73.2
amtrak,NER,170,2026-08-24,WAS,Washington Union Station,2026-08-24T09:05:00Z,2026-08-24T09:05:00Z,2026-08-24T09:05:00Z,2026-08-24T09:05:00Z,2026-08-24T11:02:08Z,73.2
amtrak,NER,172,2026-08-24,BAL,Baltimore Penn Station,2026-08-24T11:50:00Z,2026-08-24T11:50:00Z,2026-08-24T11:48:00Z,2026-08-24T11:48:00Z,2026-08-24T11:02:08Z,73.2
amtrak,NER,172,2026-08-24,WAS,Washington Union Station,2026-08-24T11:06:00Z,2026-08-24T11:06:00Z,2026-08-24T11:06:00Z,2026-08-24T11:06:00Z,2026-08-24T11:02:08Z,73.2
amtrak,NER,181,2026-08-24,BAL,Baltimore Penn Station,2026-08-24T12:26:00Z,2026-08-24T12:23:00Z,2026-08-24T12:23:00Z,2026-08-24T12:23:00Z,2026-08-24T11:02:08Z,73.2
amtrak,NER,181,2026-08-24,WAS,Washington Union Station,2026-08-24T13:06:00Z,2026-08-24T12:59:00Z,2026-08-24T13:06:00Z,2026-08-24T12:59:00Z,2026-08-24T11:02:08Z,73.2
amtrak,NER,183,2026-08-24,BAL,Baltimore Penn Station,2026-08-24T14:20:00Z,2026-08-24T14:20:00Z,2026-08-24T14:17:00Z,2026-08-24T14:17:00Z,2026-08-24T11:02:08Z,73.2
amtrak,NER,183,2026-08-24,WAS,Washington Union Station,2026-08-24T15:04:00Z,2026-08-24T15:04:00Z,2026-08-24T15:04:00Z,2026-08-24T15:00:00Z,2026-08-24T11:02:08Z,73.2
marc,11705,Train404,2026-08-24,11958,UNION STATION MARC Washington,2026-08-24T10:40:00Z,2026-08-24T10:40:58Z,NA,NA,2026-08-24T11:05:10Z,73.9
marc,11705,Train404,2026-08-24,12002,PENN STATION MARC nb,NA,NA,2026-08-24T11:36:00Z,2026-08-24T11:36:00Z,2026-08-24T11:05:10Z,73.9
marc,11705,Train408,2026-08-24,11958,UNION STATION MARC Washington,2026-08-24T11:00:00Z,2026-08-24T11:01:06Z,NA,NA,2026-08-24T11:05:10Z,73.9
marc,11705,Train408,2026-08-24,12002,PENN STATION MARC nb,NA,NA,2026-08-24T11:44:00Z,2026-08-24T11:44:23Z,2026-08-24T11:05:10Z,73.9
marc,11705,Train409,2026-08-24,11980,PENN STATION MARC sb,2026-08-24T10:20:00Z,2026-08-24T10:30:19Z,NA,NA,2026-08-24T11:05:10Z,73.9
marc,11705,Train409,2026-08-24,11958,UNION STATION MARC Washington,NA,NA,2026-08-24T11:28:00Z,2026-08-24T11:41:41Z,2026-08-24T11:05:10Z,73.9
marc,11705,Train413,2026-08-24,11980,PENN STATION MARC sb,2026-08-24T10:40:00Z,2026-08-24T10:40:00Z,NA,NA,2026-08-24T11:05:10Z,73.9
marc,11705,Train413,2026-08-24,11958,UNION STATION MARC Washington,NA,NA,2026-08-24T11:43:00Z,2026-08-24T11:44:08Z,2026-08-24T11:05:10Z,73.9
marc,11705,Train415,2026-08-24,11958,UNION STATION MARC Washington,NA,NA,2026-08-24T12:02:00Z,2026-08-24T12:05:53Z,2026-08-24T11:05:10Z,73.9
marc,11705,Train502,2026-08-24,11958,UNION STATION MARC Washington,2026-08-24T10:12:00Z,2026-08-24T10:13:21Z,NA,NA,2026-08-24T11:05:10Z,73.9
marc,11705,Train502,2026-08-24,12002,PENN STATION MARC nb,2026-08-24T11:21:00Z,2026-08-24T11:24:51Z,2026-08-24T11:17:00Z,2026-08-24T11:20:51Z,2026-08-24T11:05:10Z,73.9
marc,11705,Train511,2026-08-24,11980,PENN STATION MARC sb,2026-08-24T09:53:00Z,2026-08-24T10:18:45Z,2026-08-24T09:51:36Z,2026-08-24T10:13:11Z,2026-08-24T11:05:10Z,73.9
marc,11705,Train511,2026-08-24,11958,UNION STATION MARC Washington,NA,NA,2026-08-24T10:48:00Z,2026-08-24T11:15:01Z,2026-08-24T11:05:10Z,73.9
marc,11705,Train517,2026-08-24,11980,PENN STATION MARC sb,2026-08-24T11:20:00Z,2026-08-24T11:39:41Z,2026-08-24T11:16:05Z,2026-08-24T11:35:46Z,2026-08-24T11:05:10Z,73.9
marc,11705,Train517,2026-08-24,11958,UNION STATION MARC Washington,NA,NA,2026-08-24T12:19:00Z,2026-08-24T12:38:41Z,2026-08-24T11:05:10Z,73.9
amtrak,NER,66,2026-08-24,BAL,Baltimore Penn Station,2026-08-24T03:01:00Z,2026-08-24T03:02:00Z,2026-08-24T02:49:00Z,2026-08-24T02:54:00Z,2026-08-24T11:05:10Z,73.9
amtrak,NER,66,2026-08-24,WAS,Washington Union Station,2026-08-24T02:00:00Z,2026-08-24T02:18:00Z,2026-08-24T01:28:00Z,2026-08-24T01:53:00Z,2026-08-24T11:05:10Z,73.9
amtrak,NER,67,2026-08-24,BAL,Baltimore Penn Station,2026-08-24T10:04:00Z,2026-08-24T10:11:00Z,2026-08-24T10:02:00Z,2026-08-24T10:10:00Z,2026-08-24T11:05:10Z,73.9
amtrak,NER,67,2026-08-24,WAS,Washington Union Station,2026-08-24T11:20:00Z,2026-08-24T11:20:00Z,2026-08-24T10:54:00Z,2026-08-24T10:48:00Z,2026-08-24T11:05:10Z,73.9
amtrak,NER,86,2026-08-24,BAL,Baltimore Penn Station,2026-08-24T13:32:00Z,2026-08-24T13:30:00Z,2026-08-24T13:30:00Z,2026-08-24T13:30:00Z,2026-08-24T11:05:10Z,73.9
amtrak,NER,86,2026-08-24,WAS,Washington Union Station,2026-08-24T12:55:00Z,2026-08-24T12:18:00Z,2026-08-24T12:18:00Z,2026-08-24T12:18:00Z,2026-08-24T11:05:10Z,73.9
amtrak,NER,95,2026-08-24,BAL,Baltimore Penn Station,2026-08-24T17:27:00Z,2026-08-24T17:22:00Z,2026-08-24T17:22:00Z,2026-08-24T17:22:00Z,2026-08-24T11:05:10Z,73.9
amtrak,NER,95,2026-08-24,WAS,Washington Union Station,2026-08-24T18:35:00Z,2026-08-24T18:06:00Z,2026-08-24T18:05:00Z,2026-08-24T18:06:00Z,2026-08-24T11:05:10Z,73.9
amtrak,NER,111,2026-08-24,BAL,Baltimore Penn Station,2026-08-24T11:45:00Z,2026-08-24T11:33:00Z,2026-08-24T11:43:00Z,2026-08-24T11:33:00Z,2026-08-24T11:05:10Z,73.9
amtrak,NER,111,2026-08-24,WAS,Washington Union Station,2026-08-24T12:31:00Z,2026-08-24T12:31:00Z,2026-08-24T12:31:00Z,2026-08-24T12:31:00Z,2026-08-24T11:05:10Z,73.9
amtrak,NER,112,2026-08-24,BAL,Baltimore Penn Station,2026-08-24T12:22:00Z,2026-08-24T12:22:00Z,2026-08-24T12:20:00Z,2026-08-24T12:20:00Z,2026-08-24T11:05:10Z,73.9
amtrak,NER,112,2026-08-24,WAS,Washington Union Station,2026-08-24T11:40:00Z,2026-08-24T11:40:00Z,2026-08-24T11:40:00Z,2026-08-24T11:40:00Z,2026-08-24T11:05:10Z,73.9
amtrak,NER,113,2026-08-24,BAL,Baltimore Penn Station,2026-08-24T13:15:00Z,2026-08-24T13:15:00Z,2026-08-24T13:13:00Z,2026-08-24T13:13:00Z,2026-08-24T11:05:10Z,73.9
amtrak,NER,113,2026-08-24,WAS,Washington Union Station,2026-08-24T14:01:00Z,2026-08-24T14:01:00Z,2026-08-24T14:01:00Z,2026-08-24T14:01:00Z,2026-08-24T11:05:10Z,73.9
amtrak,NER,125,2026-08-24,BAL,Baltimore Penn Station,2026-08-24T18:34:00Z,2026-08-24T18:34:00Z,2026-08-24T18:31:00Z,2026-08-24T18:31:00Z,2026-08-24T11:05:10Z,73.9
amtrak,NER,125,2026-08-24,WAS,Washington Union Station,2026-08-24T19:50:00Z,2026-08-24T19:50:00Z,2026-08-24T19:17:00Z,2026-08-24T19:17:00Z,2026-08-24T11:05:10Z,73.9
amtrak,NER,130,2026-08-24,BAL,Baltimore Penn Station,2026-08-24T11:05:00Z,2026-08-24T11:05:00Z,2026-08-24T11:03:00Z,2026-08-24T10:55:00Z,2026-08-24T11:05:10Z,73.9
amtrak,NER,130,2026-08-24,WAS,Washington Union Station,2026-08-24T10:20:00Z,2026-08-24T10:20:00Z,2026-08-24T10:20:00Z,2026-08-24T10:20:00Z,2026-08-24T11:05:10Z,73.9
amtrak,NER,141,2026-08-24,BAL,Baltimore Penn Station,2026-08-24T15:06:00Z,2026-08-24T15:04:00Z,2026-08-24T15:04:00Z,2026-08-24T15:04:00Z,2026-08-24T11:05:10Z,73.9
amtrak,NER,141,2026-08-24,WAS,Washington Union Station,2026-08-24T15:47:00Z,2026-08-24T15:46:00Z,2026-08-24T15:47:00Z,2026-08-24T15:46:00Z,2026-08-24T11:05:10Z,73.9
amtrak,NER,151,2026-08-24,BAL,Baltimore Penn Station,2026-08-24T10:16:00Z,2026-08-24T10:24:00Z,2026-08-24T10:14:00Z,2026-08-24T10:22:00Z,2026-08-24T11:05:10Z,73.9
amtrak,NER,151,2026-08-24,WAS,Washington Union Station,2026-08-24T11:30:00Z,2026-08-24T11:08:00Z,2026-08-24T10:58:00Z,2026-08-24T11:08:00Z,2026-08-24T11:05:10Z,73.9
amtrak,NER,170,2026-08-24,BAL,Baltimore Penn Station,2026-08-24T09:44:00Z,2026-08-24T09:49:00Z,2026-08-24T09:42:00Z,2026-08-24T09:43:00Z,2026-08-24T11:05:10Z,73.9
amtrak,NER,170,2026-08-24,WAS,Washington Union Station,2026-08-24T09:05:00Z,2026-08-24T09:05:00Z,2026-08-24T09:05:00Z,2026-08-24T09:05:00Z,2026-08-24T11:05:10Z,73.9
amtrak,NER,172,2026-08-24,BAL,Baltimore Penn Station,2026-08-24T11:50:00Z,2026-08-24T11:50:00Z,2026-08-24T11:48:00Z,2026-08-24T11:48:00Z,2026-08-24T11:05:10Z,73.9
amtrak,NER,172,2026-08-24,WAS,Washington Union Station,2026-08-24T11:06:00Z,2026-08-24T11:06:00Z,2026-08-24T11:06:00Z,2026-08-24T11:06:00Z,2026-08-24T11:05:10Z,73.9
amtrak,NER,181,2026-08-24,BAL,Baltimore Penn Station,2026-08-24T12:26:00Z,2026-08-24T12:23:00Z,2026-08-24T12:23:00Z,2026-08-24T12:23:00Z,2026-08-24T11:05:10Z,73.9
amtrak,NER,181,2026-08-24,WAS,Washington Union Station,2026-08-24T13:06:00Z,2026-08-24T12:59:00Z,2026-08-24T13:06:00Z,2026-08-24T12:59:00Z,2026-08-24T11:05:10Z,73.9
amtrak,NER,183,2026-08-24,BAL,Baltimore Penn Station,2026-08-24T14:20:00Z,2026-08-24T14:20:00Z,2026-08-24T14:17:00Z,2026-08-24T14:17:00Z,2026-08-24T11:05:10Z,73.9
amtrak,NER,183,2026-08-24,WAS,Washington Union Station,2026-08-24T15:04:00Z,2026-08-24T15:04:00Z,2026-08-24T15:04:00Z,2026-08-24T15:00:00Z,2026-08-24T11:05:10Z,73.9
marc,11705,Train404,2026-08-24,11958,UNION STATION MARC Washington,2026-08-24T10:40:00Z,2026-08-24T10:40:58Z,NA,NA,2026-08-24T11:08:11Z,74.5
marc,11705,Train404,2026-08-24,12002,PENN STATION MARC nb,NA,NA,2026-08-24T11:36:00Z,2026-08-24T11:36:00Z,2026-08-24T11:08:11Z,74.5
marc,11705,Train408,2026-08-24,11958,UNION STATION MARC Washington,2026-08-24T11:00:00Z,2026-08-24T11:01:06Z,NA,NA,2026-08-24T11:08:11Z,74.5
marc,11705,Train408,2026-08-24,12002,PENN STATION MARC nb,NA,NA,2026-08-24T11:44:00Z,2026-08-24T11:43:30Z,2026-08-24T11:08:11Z,74.5
marc,11705,Train409,2026-08-24,11980,PENN STATION MARC sb,2026-08-24T10:20:00Z,2026-08-24T10:30:19Z,NA,NA,2026-08-24T11:08:11Z,74.5
marc,11705,Train409,2026-08-24,11958,UNION STATION MARC Washington,NA,NA,2026-08-24T11:28:00Z,2026-08-24T11:41:41Z,2026-08-24T11:08:11Z,74.5
marc,11705,Train413,2026-08-24,11980,PENN STATION MARC sb,2026-08-24T10:40:00Z,2026-08-24T10:40:00Z,NA,NA,2026-08-24T11:08:11Z,74.5
marc,11705,Train413,2026-08-24,11958,UNION STATION MARC Washington,NA,NA,2026-08-24T11:43:00Z,2026-08-24T11:44:39Z,2026-08-24T11:08:11Z,74.5
marc,11705,Train415,2026-08-24,11980,PENN STATION MARC sb,2026-08-24T11:00:00Z,2026-08-24T11:00:00Z,NA,NA,2026-08-24T11:08:11Z,74.5
marc,11705,Train415,2026-08-24,11958,UNION STATION MARC Washington,NA,NA,2026-08-24T12:02:00Z,2026-08-24T12:02:51Z,2026-08-24T11:08:11Z,74.5
marc,11705,Train502,2026-08-24,11958,UNION STATION MARC Washington,2026-08-24T10:12:00Z,2026-08-24T10:13:21Z,NA,NA,2026-08-24T11:08:11Z,74.5
marc,11705,Train502,2026-08-24,12002,PENN STATION MARC nb,2026-08-24T11:21:00Z,2026-08-24T11:24:51Z,2026-08-24T11:17:00Z,2026-08-24T11:20:51Z,2026-08-24T11:08:11Z,74.5
marc,11705,Train511,2026-08-24,11980,PENN STATION MARC sb,2026-08-24T09:53:00Z,2026-08-24T10:18:45Z,2026-08-24T09:51:36Z,2026-08-24T10:13:11Z,2026-08-24T11:08:11Z,74.5
marc,11705,Train511,2026-08-24,11958,UNION STATION MARC Washington,NA,NA,2026-08-24T10:48:00Z,2026-08-24T11:15:12Z,2026-08-24T11:08:11Z,74.5
marc,11705,Train517,2026-08-24,11980,PENN STATION MARC sb,2026-08-24T11:20:00Z,2026-08-24T11:39:39Z,2026-08-24T11:16:05Z,2026-08-24T11:35:44Z,2026-08-24T11:08:11Z,74.5
marc,11705,Train517,2026-08-24,11958,UNION STATION MARC Washington,NA,NA,2026-08-24T12:19:00Z,2026-08-24T12:38:39Z,2026-08-24T11:08:11Z,74.5
amtrak,NER,66,2026-08-24,BAL,Baltimore Penn Station,2026-08-24T03:01:00Z,2026-08-24T03:02:00Z,2026-08-24T02:49:00Z,2026-08-24T02:54:00Z,2026-08-24T11:08:11Z,74.5
amtrak,NER,66,2026-08-24,WAS,Washington Union Station,2026-08-24T02:00:00Z,2026-08-24T02:18:00Z,2026-08-24T01:28:00Z,2026-08-24T01:53:00Z,2026-08-24T11:08:11Z,74.5
amtrak,NER,67,2026-08-24,BAL,Baltimore Penn Station,2026-08-24T10:04:00Z,2026-08-24T10:11:00Z,2026-08-24T10:02:00Z,2026-08-24T10:10:00Z,2026-08-24T11:08:11Z,74.5
amtrak,NER,67,2026-08-24,WAS,Washington Union Station,2026-08-24T11:20:00Z,2026-08-24T11:20:00Z,2026-08-24T10:54:00Z,2026-08-24T10:48:00Z,2026-08-24T11:08:11Z,74.5
amtrak,NER,86,2026-08-24,BAL,Baltimore Penn Station,2026-08-24T13:32:00Z,2026-08-24T13:30:00Z,2026-08-24T13:30:00Z,2026-08-24T13:30:00Z,2026-08-24T11:08:11Z,74.5
amtrak,NER,86,2026-08-24,WAS,Washington Union Station,2026-08-24T12:55:00Z,2026-08-24T12:18:00Z,2026-08-24T12:18:00Z,2026-08-24T12:18:00Z,2026-08-24T11:08:11Z,74.5
amtrak,NER,95,2026-08-24,BAL,Baltimore Penn Station,2026-08-24T17:27:00Z,2026-08-24T17:22:00Z,2026-08-24T17:22:00Z,2026-08-24T17:22:00Z,2026-08-24T11:08:11Z,74.5
amtrak,NER,95,2026-08-24,WAS,Washington Union Station,2026-08-24T18:35:00Z,2026-08-24T18:06:00Z,2026-08-24T18:05:00Z,2026-08-24T18:06:00Z,2026-08-24T11:08:11Z,74.5
amtrak,NER,111,2026-08-24,BAL,Baltimore Penn Station,2026-08-24T11:45:00Z,2026-08-24T11:33:00Z,2026-08-24T11:43:00Z,2026-08-24T11:33:00Z,2026-08-24T11:08:11Z,74.5
amtrak,NER,111,2026-08-24,WAS,Washington Union Station,2026-08-24T12:31:00Z,2026-08-24T12:31:00Z,2026-08-24T12:31:00Z,2026-08-24T12:31:00Z,2026-08-24T11:08:11Z,74.5
amtrak,NER,112,2026-08-24,BAL,Baltimore Penn Station,2026-08-24T12:22:00Z,2026-08-24T12:22:00Z,2026-08-24T12:20:00Z,2026-08-24T12:20:00Z,2026-08-24T11:08:11Z,74.5
amtrak,NER,112,2026-08-24,WAS,Washington Union Station,2026-08-24T11:40:00Z,2026-08-24T11:40:00Z,2026-08-24T11:40:00Z,2026-08-24T11:40:00Z,2026-08-24T11:08:11Z,74.5
amtrak,NER,113,2026-08-24,BAL,Baltimore Penn Station,2026-08-24T13:15:00Z,2026-08-24T13:15:00Z,2026-08-24T13:13:00Z,2026-08-24T13:13:00Z,2026-08-24T11:08:11Z,74.5
amtrak,NER,113,2026-08-24,WAS,Washington Union Station,2026-08-24T14:01:00Z,2026-08-24T14:01:00Z,2026-08-24T14:01:00Z,2026-08-24T14:01:00Z,2026-08-24T11:08:11Z,74.5
amtrak,NER,125,2026-08-24,BAL,Baltimore Penn Station,2026-08-24T18:34:00Z,2026-08-24T18:34:00Z,2026-08-24T18:31:00Z,2026-08-24T18:31:00Z,2026-08-24T11:08:11Z,74.5
amtrak,NER,125,2026-08-24,WAS,Washington Union Station,2026-08-24T19:50:00Z,2026-08-24T19:50:00Z,2026-08-24T19:17:00Z,2026-08-24T19:17:00Z,2026-08-24T11:08:11Z,74.5
amtrak,NER,130,2026-08-24,BAL,Baltimore Penn Station,2026-08-24T11:05:00Z,2026-08-24T11:06:00Z,2026-08-24T11:03:00Z,2026-08-24T10:55:00Z,2026-08-24T11:08:11Z,74.5
amtrak,NER,130,2026-08-24,WAS,Washington Union Station,2026-08-24T10:20:00Z,2026-08-24T10:20:00Z,2026-08-24T10:20:00Z,2026-08-24T10:20:00Z,2026-08-24T11:08:11Z,74.5
amtrak,NER,141,2026-08-24,BAL,Baltimore Penn Station,2026-08-24T15:06:00Z,2026-08-24T15:04:00Z,2026-08-24T15:04:00Z,2026-08-24T15:04:00Z,2026-08-24T11:08:11Z,74.5
amtrak,NER,141,2026-08-24,WAS,Washington Union Station,2026-08-24T15:47:00Z,2026-08-24T15:46:00Z,2026-08-24T15:47:00Z,2026-08-24T15:46:00Z,2026-08-24T11:08:11Z,74.5
amtrak,NER,151,2026-08-24,BAL,Baltimore Penn Station,2026-08-24T10:16:00Z,2026-08-24T10:24:00Z,2026-08-24T10:14:00Z,2026-08-24T10:22:00Z,2026-08-24T11:08:11Z,74.5
amtrak,NER,151,2026-08-24,WAS,Washington Union Station,2026-08-24T11:30:00Z,2026-08-24T11:08:00Z,2026-08-24T10:58:00Z,2026-08-24T11:08:00Z,2026-08-24T11:08:11Z,74.5
amtrak,NER,170,2026-08-24,BAL,Baltimore Penn Station,2026-08-24T09:44:00Z,2026-08-24T09:49:00Z,2026-08-24T09:42:00Z,2026-08-24T09:43:00Z,2026-08-24T11:08:11Z,74.5
amtrak,NER,170,2026-08-24,WAS,Washington Union Station,2026-08-24T09:05:00Z,2026-08-24T09:05:00Z,2026-08-24T09:05:00Z,2026-08-24T09:05:00Z,2026-08-24T11:08:11Z,74.5
amtrak,NER,172,2026-08-24,BAL,Baltimore Penn Station,2026-08-24T11:50:00Z,2026-08-24T11:50:00Z,2026-08-24T11:48:00Z,2026-08-24T11:48:00Z,2026-08-24T11:08:11Z,74.5
amtrak,NER,172,2026-08-24,WAS,Washington Union Station,2026-08-24T11:06:00Z,2026-08-24T11:06:00Z,2026-08-24T11:06:00Z,2026-08-24T11:06:00Z,2026-08-24T11:08:11Z,74.5
amtrak,NER,181,2026-08-24,BAL,Baltimore Penn Station,2026-08-24T12:26:00Z,2026-08-24T12:23:00Z,2026-08-24T12:23:00Z,2026-08-24T12:23:00Z,2026-08-24T11:08:11Z,74.5
amtrak,NER,181,2026-08-24,WAS,Washington Union Station,2026-08-24T13:06:00Z,2026-08-24T12:59:00Z,2026-08-24T13:06:00Z,2026-08-24T12:59:00Z,2026-08-24T11:08:11Z,74.5
amtrak,NER,183,2026-08-24,BAL,Baltimore Penn Station,2026-08-24T14:20:00Z,2026-08-24T14:20:00Z,2026-08-24T14:17:00Z,2026-08-24T14:17:00Z,2026-08-24T11:08:11Z,74.5
amtrak,NER,183,2026-08-24,WAS,Washington Union Station,2026-08-24T15:04:00Z,2026-08-24T15:04:00Z,2026-08-24T15:04:00Z,2026-08-24T15:00:00Z,2026-08-24T11:08:11Z,74.5
marc,11705,Train408,2026-08-24,11958,UNION STATION MARC Washington,2026-08-24T11:00:00Z,2026-08-24T11:01:06Z,NA,NA,2026-08-24T11:39:02Z,75
marc,11705,Train408,2026-08-24,12002,PENN STATION MARC nb,NA,NA,2026-08-24T11:44:00Z,2026-08-24T11:36:54Z,2026-08-24T11:39:02Z,75
marc,11705,Train409,2026-08-24,11980,PENN STATION MARC sb,2026-08-24T10:20:00Z,2026-08-24T10:30:19Z,NA,NA,2026-08-24T11:39:02Z,75
marc,11705,Train409,2026-08-24,11958,UNION STATION MARC Washington,NA,NA,2026-08-24T11:28:00Z,2026-08-24T11:39:31Z,2026-08-24T11:39:02Z,75
marc,11705,Train410,2026-08-24,11958,UNION STATION MARC Washington,2026-08-24T11:15:00Z,2026-08-24T11:16:33Z,NA,NA,2026-08-24T11:39:02Z,75
marc,11705,Train410,2026-08-24,12002,PENN STATION MARC nb,NA,NA,2026-08-24T12:17:00Z,2026-08-24T12:19:28Z,2026-08-24T11:39:02Z,75
marc,11705,Train413,2026-08-24,11980,PENN STATION MARC sb,2026-08-24T10:40:00Z,2026-08-24T10:40:00Z,NA,NA,2026-08-24T11:39:02Z,75
marc,11705,Train413,2026-08-24,11958,UNION STATION MARC Washington,NA,NA,2026-08-24T11:43:00Z,2026-08-24T11:44:32Z,2026-08-24T11:39:02Z,75
marc,11705,Train415,2026-08-24,11980,PENN STATION MARC sb,2026-08-24T11:00:00Z,2026-08-24T11:00:00Z,NA,NA,2026-08-24T11:39:02Z,75
marc,11705,Train415,2026-08-24,11958,UNION STATION MARC Washington,NA,NA,2026-08-24T12:02:00Z,2026-08-24T12:06:56Z,2026-08-24T11:39:02Z,75
marc,11705,Train502,2026-08-24,11958,UNION STATION MARC Washington,2026-08-24T10:12:00Z,2026-08-24T10:13:21Z,NA,NA,2026-08-24T11:39:02Z,75
marc,11705,Train502,2026-08-24,12002,PENN STATION MARC nb,2026-08-24T11:21:00Z,2026-08-24T11:24:32Z,2026-08-24T11:17:00Z,2026-08-24T11:13:38Z,2026-08-24T11:39:02Z,75
marc,11705,Train517,2026-08-24,11980,PENN STATION MARC sb,2026-08-24T11:20:00Z,2026-08-24T11:41:01Z,2026-08-24T11:16:05Z,2026-08-24T11:37:06Z,2026-08-24T11:39:02Z,75
marc,11705,Train517,2026-08-24,11958,UNION STATION MARC Washington,NA,NA,2026-08-24T12:19:00Z,2026-08-24T12:40:10Z,2026-08-24T11:39:02Z,75
amtrak,NER,66,2026-08-24,BAL,Baltimore Penn Station,2026-08-24T03:01:00Z,2026-08-24T03:02:00Z,2026-08-24T02:49:00Z,2026-08-24T02:54:00Z,2026-08-24T11:39:02Z,75
amtrak,NER,66,2026-08-24,WAS,Washington Union Station,2026-08-24T02:00:00Z,2026-08-24T02:18:00Z,2026-08-24T01:28:00Z,2026-08-24T01:53:00Z,2026-08-24T11:39:02Z,75
amtrak,NER,67,2026-08-24,BAL,Baltimore Penn Station,2026-08-24T10:04:00Z,2026-08-24T10:11:00Z,2026-08-24T10:02:00Z,2026-08-24T10:10:00Z,2026-08-24T11:39:02Z,75
amtrak,NER,67,2026-08-24,WAS,Washington Union Station,2026-08-24T11:20:00Z,2026-08-24T11:20:00Z,2026-08-24T10:54:00Z,2026-08-24T10:48:00Z,2026-08-24T11:39:02Z,75
amtrak,NER,86,2026-08-24,BAL,Baltimore Penn Station,2026-08-24T13:32:00Z,2026-08-24T13:30:00Z,2026-08-24T13:30:00Z,2026-08-24T13:30:00Z,2026-08-24T11:39:02Z,75
amtrak,NER,86,2026-08-24,WAS,Washington Union Station,2026-08-24T12:55:00Z,2026-08-24T12:18:00Z,2026-08-24T12:18:00Z,2026-08-24T12:18:00Z,2026-08-24T11:39:02Z,75
amtrak,NER,95,2026-08-24,BAL,Baltimore Penn Station,2026-08-24T17:27:00Z,2026-08-24T17:22:00Z,2026-08-24T17:22:00Z,2026-08-24T17:22:00Z,2026-08-24T11:39:02Z,75
amtrak,NER,95,2026-08-24,WAS,Washington Union Station,2026-08-24T18:35:00Z,2026-08-24T18:06:00Z,2026-08-24T18:05:00Z,2026-08-24T18:06:00Z,2026-08-24T11:39:02Z,75
amtrak,NER,111,2026-08-24,BAL,Baltimore Penn Station,2026-08-24T11:45:00Z,2026-08-24T11:45:00Z,2026-08-24T11:43:00Z,2026-08-24T11:31:00Z,2026-08-24T11:39:02Z,75
amtrak,NER,111,2026-08-24,WAS,Washington Union Station,2026-08-24T12:31:00Z,2026-08-24T12:31:00Z,2026-08-24T12:31:00Z,2026-08-24T12:31:00Z,2026-08-24T11:39:02Z,75
amtrak,NER,112,2026-08-24,BAL,Baltimore Penn Station,2026-08-24T12:22:00Z,2026-08-24T12:22:00Z,2026-08-24T12:20:00Z,2026-08-24T12:20:00Z,2026-08-24T11:39:02Z,75
amtrak,NER,112,2026-08-24,WAS,Washington Union Station,2026-08-24T11:40:00Z,2026-08-24T11:40:00Z,2026-08-24T11:40:00Z,2026-08-24T11:40:00Z,2026-08-24T11:39:02Z,75
amtrak,NER,113,2026-08-24,BAL,Baltimore Penn Station,2026-08-24T13:15:00Z,2026-08-24T13:15:00Z,2026-08-24T13:13:00Z,2026-08-24T13:13:00Z,2026-08-24T11:39:02Z,75
amtrak,NER,113,2026-08-24,WAS,Washington Union Station,2026-08-24T14:01:00Z,2026-08-24T14:01:00Z,2026-08-24T14:01:00Z,2026-08-24T14:01:00Z,2026-08-24T11:39:02Z,75
amtrak,NER,125,2026-08-24,BAL,Baltimore Penn Station,2026-08-24T18:34:00Z,2026-08-24T18:31:00Z,2026-08-24T18:31:00Z,2026-08-24T18:31:00Z,2026-08-24T11:39:02Z,75
amtrak,NER,125,2026-08-24,WAS,Washington Union Station,2026-08-24T19:50:00Z,2026-08-24T19:17:00Z,2026-08-24T19:17:00Z,2026-08-24T19:17:00Z,2026-08-24T11:39:02Z,75
amtrak,NER,130,2026-08-24,BAL,Baltimore Penn Station,2026-08-24T11:05:00Z,2026-08-24T11:06:00Z,2026-08-24T11:03:00Z,2026-08-24T10:55:00Z,2026-08-24T11:39:02Z,75
amtrak,NER,130,2026-08-24,WAS,Washington Union Station,2026-08-24T10:20:00Z,2026-08-24T10:20:00Z,2026-08-24T10:20:00Z,2026-08-24T10:20:00Z,2026-08-24T11:39:02Z,75
amtrak,NER,141,2026-08-24,BAL,Baltimore Penn Station,2026-08-24T15:06:00Z,2026-08-24T15:04:00Z,2026-08-24T15:04:00Z,2026-08-24T15:04:00Z,2026-08-24T11:39:02Z,75
amtrak,NER,141,2026-08-24,WAS,Washington Union Station,2026-08-24T15:47:00Z,2026-08-24T15:46:00Z,2026-08-24T15:47:00Z,2026-08-24T15:46:00Z,2026-08-24T11:39:02Z,75
amtrak,NER,151,2026-08-24,BAL,Baltimore Penn Station,2026-08-24T10:16:00Z,2026-08-24T10:24:00Z,2026-08-24T10:14:00Z,2026-08-24T10:22:00Z,2026-08-24T11:39:02Z,75
amtrak,NER,151,2026-08-24,WAS,Washington Union Station,2026-08-24T11:30:00Z,2026-08-24T11:37:00Z,2026-08-24T10:58:00Z,2026-08-24T11:13:00Z,2026-08-24T11:39:02Z,75
amtrak,NER,170,2026-08-24,BAL,Baltimore Penn Station,2026-08-24T09:44:00Z,2026-08-24T09:49:00Z,2026-08-24T09:42:00Z,2026-08-24T09:43:00Z,2026-08-24T11:39:02Z,75
amtrak,NER,170,2026-08-24,WAS,Washington Union Station,2026-08-24T09:05:00Z,2026-08-24T09:05:00Z,2026-08-24T09:05:00Z,2026-08-24T09:05:00Z,2026-08-24T11:39:02Z,75
amtrak,NER,171,2026-08-24,BAL,Baltimore Penn Station,2026-08-24T19:36:00Z,2026-08-24T19:36:00Z,2026-08-24T19:33:00Z,2026-08-24T19:33:00Z,2026-08-24T11:39:02Z,75
amtrak,NER,171,2026-08-24,WAS,Washington Union Station,2026-08-24T21:00:00Z,2026-08-24T21:00:00Z,2026-08-24T20:28:00Z,2026-08-24T20:28:00Z,2026-08-24T11:39:02Z,75
amtrak,NER,172,2026-08-24,BAL,Baltimore Penn Station,2026-08-24T11:50:00Z,2026-08-24T11:48:00Z,2026-08-24T11:48:00Z,2026-08-24T11:48:00Z,2026-08-24T11:39:02Z,75
amtrak,NER,172,2026-08-24,WAS,Washington Union Station,2026-08-24T11:06:00Z,2026-08-24T11:06:00Z,2026-08-24T11:06:00Z,2026-08-24T11:06:00Z,2026-08-24T11:39:02Z,75
amtrak,NER,181,2026-08-24,BAL,Baltimore Penn Station,2026-08-24T12:26:00Z,2026-08-24T12:15:00Z,2026-08-24T12:23:00Z,2026-08-24T12:15:00Z,2026-08-24T11:39:02Z,75
amtrak,NER,181,2026-08-24,WAS,Washington Union Station,2026-08-24T13:06:00Z,2026-08-24T13:06:00Z,2026-08-24T13:06:00Z,2026-08-24T13:06:00Z,2026-08-24T11:39:02Z,75
amtrak,NER,183,2026-08-24,BAL,Baltimore Penn Station,2026-08-24T14:20:00Z,2026-08-24T14:17:00Z,2026-08-24T14:17:00Z,2026-08-24T14:17:00Z,2026-08-24T11:39:02Z,75
amtrak,NER,183,2026-08-24,WAS,Washington Union Station,2026-08-24T15:04:00Z,2026-08-24T15:00:00Z,2026-08-24T15:04:00Z,2026-08-24T15:00:00Z,2026-08-24T11:39:02Z,75
marc,11705,Train410,2026-08-24,11958,UNION STATION MARC Washington,2026-08-24T11:15:00Z,2026-08-24T11:16:33Z,NA,NA,2026-08-24T11:42:04Z,74.4
marc,11705,Train410,2026-08-24,12002,PENN STATION MARC nb,NA,NA,2026-08-24T12:17:00Z,2026-08-24T12:20:27Z,2026-08-24T11:42:04Z,74.4
marc,11705,Train413,2026-08-24,11980,PENN STATION MARC sb,2026-08-24T10:40:00Z,2026-08-24T10:40:00Z,NA,NA,2026-08-24T11:42:04Z,74.4
marc,11705,Train413,2026-08-24,11958,UNION STATION MARC Washington,NA,NA,2026-08-24T11:43:00Z,2026-08-24T11:44:14Z,2026-08-24T11:42:04Z,74.4
marc,11705,Train415,2026-08-24,11980,PENN STATION MARC sb,2026-08-24T11:00:00Z,2026-08-24T11:00:00Z,NA,NA,2026-08-24T11:42:04Z,74.4
marc,11705,Train415,2026-08-24,11958,UNION STATION MARC Washington,NA,NA,2026-08-24T12:02:00Z,2026-08-24T12:06:56Z,2026-08-24T11:42:04Z,74.4
marc,11705,Train502,2026-08-24,11958,UNION STATION MARC Washington,2026-08-24T10:12:00Z,2026-08-24T10:13:21Z,NA,NA,2026-08-24T11:42:04Z,74.4
marc,11705,Train502,2026-08-24,12002,PENN STATION MARC nb,2026-08-24T11:21:00Z,2026-08-24T11:24:32Z,2026-08-24T11:17:00Z,2026-08-24T11:13:38Z,2026-08-24T11:42:04Z,74.4
marc,11705,Train517,2026-08-24,11980,PENN STATION MARC sb,2026-08-24T11:20:00Z,2026-08-24T11:41:01Z,2026-08-24T11:16:05Z,2026-08-24T11:40:44Z,2026-08-24T11:42:04Z,74.4
marc,11705,Train517,2026-08-24,11958,UNION STATION MARC Washington,NA,NA,2026-08-24T12:19:00Z,2026-08-24T12:40:10Z,2026-08-24T11:42:04Z,74.4
amtrak,NER,66,2026-08-24,BAL,Baltimore Penn Station,2026-08-24T03:01:00Z,2026-08-24T03:02:00Z,2026-08-24T02:49:00Z,2026-08-24T02:54:00Z,2026-08-24T11:42:04Z,74.4
amtrak,NER,66,2026-08-24,WAS,Washington Union Station,2026-08-24T02:00:00Z,2026-08-24T02:18:00Z,2026-08-24T01:28:00Z,2026-08-24T01:53:00Z,2026-08-24T11:42:04Z,74.4
amtrak,NER,67,2026-08-24,BAL,Baltimore Penn Station,2026-08-24T10:04:00Z,2026-08-24T10:11:00Z,2026-08-24T10:02:00Z,2026-08-24T10:10:00Z,2026-08-24T11:42:04Z,74.4
amtrak,NER,67,2026-08-24,WAS,Washington Union Station,2026-08-24T11:20:00Z,2026-08-24T11:20:00Z,2026-08-24T10:54:00Z,2026-08-24T10:48:00Z,2026-08-24T11:42:04Z,74.4
amtrak,NER,86,2026-08-24,BAL,Baltimore Penn Station,2026-08-24T13:32:00Z,2026-08-24T13:30:00Z,2026-08-24T13:30:00Z,2026-08-24T13:30:00Z,2026-08-24T11:42:04Z,74.4
amtrak,NER,86,2026-08-24,WAS,Washington Union Station,2026-08-24T12:55:00Z,2026-08-24T12:10:00Z,2026-08-24T12:18:00Z,2026-08-24T12:10:00Z,2026-08-24T11:42:04Z,74.4
amtrak,NER,95,2026-08-24,BAL,Baltimore Penn Station,2026-08-24T17:27:00Z,2026-08-24T17:22:00Z,2026-08-24T17:22:00Z,2026-08-24T17:22:00Z,2026-08-24T11:42:04Z,74.4
amtrak,NER,95,2026-08-24,WAS,Washington Union Station,2026-08-24T18:35:00Z,2026-08-24T18:06:00Z,2026-08-24T18:05:00Z,2026-08-24T18:06:00Z,2026-08-24T11:42:04Z,74.4
amtrak,NER,111,2026-08-24,BAL,Baltimore Penn Station,2026-08-24T11:45:00Z,2026-08-24T11:45:00Z,2026-08-24T11:43:00Z,2026-08-24T11:31:00Z,2026-08-24T11:42:04Z,74.4
amtrak,NER,111,2026-08-24,WAS,Washington Union Station,2026-08-24T12:31:00Z,2026-08-24T12:31:00Z,2026-08-24T12:31:00Z,2026-08-24T12:31:00Z,2026-08-24T11:42:04Z,74.4
amtrak,NER,112,2026-08-24,BAL,Baltimore Penn Station,2026-08-24T12:22:00Z,2026-08-24T12:22:00Z,2026-08-24T12:20:00Z,2026-08-24T12:20:00Z,2026-08-24T11:42:04Z,74.4
amtrak,NER,112,2026-08-24,WAS,Washington Union Station,2026-08-24T11:40:00Z,2026-08-24T11:40:00Z,2026-08-24T11:40:00Z,2026-08-24T11:40:00Z,2026-08-24T11:42:04Z,74.4
amtrak,NER,113,2026-08-24,BAL,Baltimore Penn Station,2026-08-24T13:15:00Z,2026-08-24T13:15:00Z,2026-08-24T13:13:00Z,2026-08-24T13:13:00Z,2026-08-24T11:42:04Z,74.4
amtrak,NER,113,2026-08-24,WAS,Washington Union Station,2026-08-24T14:01:00Z,2026-08-24T14:01:00Z,2026-08-24T14:01:00Z,2026-08-24T14:01:00Z,2026-08-24T11:42:04Z,74.4
amtrak,NER,125,2026-08-24,BAL,Baltimore Penn Station,2026-08-24T18:34:00Z,2026-08-24T18:31:00Z,2026-08-24T18:31:00Z,2026-08-24T18:31:00Z,2026-08-24T11:42:04Z,74.4
amtrak,NER,125,2026-08-24,WAS,Washington Union Station,2026-08-24T19:50:00Z,2026-08-24T19:17:00Z,2026-08-24T19:17:00Z,2026-08-24T19:17:00Z,2026-08-24T11:42:04Z,74.4
amtrak,NER,130,2026-08-24,BAL,Baltimore Penn Station,2026-08-24T11:05:00Z,2026-08-24T11:06:00Z,2026-08-24T11:03:00Z,2026-08-24T10:55:00Z,2026-08-24T11:42:04Z,74.4
amtrak,NER,130,2026-08-24,WAS,Washington Union Station,2026-08-24T10:20:00Z,2026-08-24T10:20:00Z,2026-08-24T10:20:00Z,2026-08-24T10:20:00Z,2026-08-24T11:42:04Z,74.4
amtrak,NER,141,2026-08-24,BAL,Baltimore Penn Station,2026-08-24T15:06:00Z,2026-08-24T15:04:00Z,2026-08-24T15:04:00Z,2026-08-24T15:04:00Z,2026-08-24T11:42:04Z,74.4
amtrak,NER,141,2026-08-24,WAS,Washington Union Station,2026-08-24T15:47:00Z,2026-08-24T15:46:00Z,2026-08-24T15:47:00Z,2026-08-24T15:46:00Z,2026-08-24T11:42:04Z,74.4
amtrak,NER,151,2026-08-24,BAL,Baltimore Penn Station,2026-08-24T10:16:00Z,2026-08-24T10:24:00Z,2026-08-24T10:14:00Z,2026-08-24T10:22:00Z,2026-08-24T11:42:04Z,74.4
amtrak,NER,151,2026-08-24,WAS,Washington Union Station,2026-08-24T11:30:00Z,2026-08-24T11:37:00Z,2026-08-24T10:58:00Z,2026-08-24T11:13:00Z,2026-08-24T11:42:04Z,74.4
amtrak,NER,170,2026-08-24,BAL,Baltimore Penn Station,2026-08-24T09:44:00Z,2026-08-24T09:49:00Z,2026-08-24T09:42:00Z,2026-08-24T09:43:00Z,2026-08-24T11:42:04Z,74.4
amtrak,NER,170,2026-08-24,WAS,Washington Union Station,2026-08-24T09:05:00Z,2026-08-24T09:05:00Z,2026-08-24T09:05:00Z,2026-08-24T09:05:00Z,2026-08-24T11:42:04Z,74.4
amtrak,NER,171,2026-08-24,BAL,Baltimore Penn Station,2026-08-24T19:36:00Z,2026-08-24T19:36:00Z,2026-08-24T19:33:00Z,2026-08-24T19:33:00Z,2026-08-24T11:42:04Z,74.4
amtrak,NER,171,2026-08-24,WAS,Washington Union Station,2026-08-24T21:00:00Z,2026-08-24T21:00:00Z,2026-08-24T20:28:00Z,2026-08-24T20:28:00Z,2026-08-24T11:42:04Z,74.4
amtrak,NER,172,2026-08-24,BAL,Baltimore Penn Station,2026-08-24T11:50:00Z,2026-08-24T11:48:00Z,2026-08-24T11:48:00Z,2026-08-24T11:48:00Z,2026-08-24T11:42:04Z,74.4
amtrak,NER,172,2026-08-24,WAS,Washington Union Station,2026-08-24T11:06:00Z,2026-08-24T11:06:00Z,2026-08-24T11:06:00Z,2026-08-24T11:06:00Z,2026-08-24T11:42:04Z,74.4
amtrak,NER,181,2026-08-24,BAL,Baltimore Penn Station,2026-08-24T12:26:00Z,2026-08-24T12:15:00Z,2026-08-24T12:23:00Z,2026-08-24T12:15:00Z,2026-08-24T11:42:04Z,74.4
amtrak,NER,181,2026-08-24,WAS,Washington Union Station,2026-08-24T13:06:00Z,2026-08-24T13:06:00Z,2026-08-24T13:06:00Z,2026-08-24T13:06:00Z,2026-08-24T11:42:04Z,74.4
amtrak,NER,183,2026-08-24,BAL,Baltimore Penn Station,2026-08-24T14:20:00Z,2026-08-24T14:17:00Z,2026-08-24T14:17:00Z,2026-08-24T14:17:00Z,2026-08-24T11:42:04Z,74.4
amtrak,NER,183,2026-08-24,WAS,Washington Union Station,2026-08-24T15:04:00Z,2026-08-24T15:00:00Z,2026-08-24T15:04:00Z,2026-08-24T15:00:00Z,2026-08-24T11:42:04Z,74.4
marc,11705,Train410,2026-08-24,11958,UNION STATION MARC Washington,2026-08-24T11:15:00Z,2026-08-24T11:16:33Z,NA,NA,2026-08-24T11:45:05Z,74.5
marc,11705,Train410,2026-08-24,12002,PENN STATION MARC nb,NA,NA,2026-08-24T12:17:00Z,2026-08-24T12:20:05Z,2026-08-24T11:45:05Z,74.5
marc,11705,Train415,2026-08-24,11980,PENN STATION MARC sb,2026-08-24T11:00:00Z,2026-08-24T11:00:00Z,NA,NA,2026-08-24T11:45:05Z,74.5
marc,11705,Train415,2026-08-24,11958,UNION STATION MARC Washington,NA,NA,2026-08-24T12:02:00Z,2026-08-24T12:07:47Z,2026-08-24T11:45:05Z,74.5
marc,11705,Train502,2026-08-24,11958,UNION STATION MARC Washington,2026-08-24T10:12:00Z,2026-08-24T10:13:21Z,NA,NA,2026-08-24T11:45:05Z,74.5
marc,11705,Train502,2026-08-24,12002,PENN STATION MARC nb,2026-08-24T11:21:00Z,2026-08-24T11:24:32Z,2026-08-24T11:17:00Z,2026-08-24T11:13:38Z,2026-08-24T11:45:05Z,74.5
marc,11705,Train517,2026-08-24,11980,PENN STATION MARC sb,2026-08-24T11:20:00Z,2026-08-24T11:41:01Z,2026-08-24T11:16:05Z,2026-08-24T11:40:44Z,2026-08-24T11:45:05Z,74.5
marc,11705,Train517,2026-08-24,11958,UNION STATION MARC Washington,NA,NA,2026-08-24T12:19:00Z,2026-08-24T12:40:10Z,2026-08-24T11:45:05Z,74.5
amtrak,NER,66,2026-08-24,BAL,Baltimore Penn Station,2026-08-24T03:01:00Z,2026-08-24T03:02:00Z,2026-08-24T02:49:00Z,2026-08-24T02:54:00Z,2026-08-24T11:45:05Z,74.5
amtrak,NER,66,2026-08-24,WAS,Washington Union Station,2026-08-24T02:00:00Z,2026-08-24T02:18:00Z,2026-08-24T01:28:00Z,2026-08-24T01:53:00Z,2026-08-24T11:45:05Z,74.5
amtrak,NER,67,2026-08-24,BAL,Baltimore Penn Station,2026-08-24T10:04:00Z,2026-08-24T10:11:00Z,2026-08-24T10:02:00Z,2026-08-24T10:10:00Z,2026-08-24T11:45:05Z,74.5
amtrak,NER,67,2026-08-24,WAS,Washington Union Station,2026-08-24T11:20:00Z,2026-08-24T11:20:00Z,2026-08-24T10:54:00Z,2026-08-24T10:48:00Z,2026-08-24T11:45:05Z,74.5
amtrak,NER,86,2026-08-24,BAL,Baltimore Penn Station,2026-08-24T13:32:00Z,2026-08-24T13:30:00Z,2026-08-24T13:30:00Z,2026-08-24T13:30:00Z,2026-08-24T11:45:05Z,74.5
amtrak,NER,86,2026-08-24,WAS,Washington Union Station,2026-08-24T12:55:00Z,2026-08-24T12:10:00Z,2026-08-24T12:18:00Z,2026-08-24T12:10:00Z,2026-08-24T11:45:05Z,74.5
amtrak,NER,95,2026-08-24,BAL,Baltimore Penn Station,2026-08-24T17:27:00Z,2026-08-24T17:22:00Z,2026-08-24T17:22:00Z,2026-08-24T17:22:00Z,2026-08-24T11:45:05Z,74.5
amtrak,NER,95,2026-08-24,WAS,Washington Union Station,2026-08-24T18:35:00Z,2026-08-24T18:06:00Z,2026-08-24T18:05:00Z,2026-08-24T18:06:00Z,2026-08-24T11:45:05Z,74.5
amtrak,NER,111,2026-08-24,BAL,Baltimore Penn Station,2026-08-24T11:45:00Z,2026-08-24T11:45:00Z,2026-08-24T11:43:00Z,2026-08-24T11:31:00Z,2026-08-24T11:45:05Z,74.5
amtrak,NER,111,2026-08-24,WAS,Washington Union Station,2026-08-24T12:31:00Z,2026-08-24T12:31:00Z,2026-08-24T12:31:00Z,2026-08-24T12:31:00Z,2026-08-24T11:45:05Z,74.5
amtrak,NER,112,2026-08-24,BAL,Baltimore Penn Station,2026-08-24T12:22:00Z,2026-08-24T12:20:00Z,2026-08-24T12:20:00Z,2026-08-24T12:20:00Z,2026-08-24T11:45:05Z,74.5
amtrak,NER,112,2026-08-24,WAS,Washington Union Station,2026-08-24T11:40:00Z,2026-08-24T11:40:00Z,2026-08-24T11:40:00Z,2026-08-24T11:40:00Z,2026-08-24T11:45:05Z,74.5
amtrak,NER,113,2026-08-24,BAL,Baltimore Penn Station,2026-08-24T13:15:00Z,NA,2026-08-24T13:13:00Z,NA,2026-08-24T11:45:05Z,74.5
amtrak,NER,113,2026-08-24,WAS,Washington Union Station,2026-08-24T14:01:00Z,NA,2026-08-24T14:01:00Z,NA,2026-08-24T11:45:05Z,74.5
amtrak,NER,125,2026-08-24,BAL,Baltimore Penn Station,2026-08-24T18:34:00Z,2026-08-24T18:31:00Z,2026-08-24T18:31:00Z,2026-08-24T18:31:00Z,2026-08-24T11:45:05Z,74.5
amtrak,NER,125,2026-08-24,WAS,Washington Union Station,2026-08-24T19:50:00Z,2026-08-24T19:17:00Z,2026-08-24T19:17:00Z,2026-08-24T19:17:00Z,2026-08-24T11:45:05Z,74.5
amtrak,NER,130,2026-08-24,BAL,Baltimore Penn Station,2026-08-24T11:05:00Z,2026-08-24T11:06:00Z,2026-08-24T11:03:00Z,2026-08-24T10:55:00Z,2026-08-24T11:45:05Z,74.5
amtrak,NER,130,2026-08-24,WAS,Washington Union Station,2026-08-24T10:20:00Z,2026-08-24T10:20:00Z,2026-08-24T10:20:00Z,2026-08-24T10:20:00Z,2026-08-24T11:45:05Z,74.5
amtrak,NER,141,2026-08-24,BAL,Baltimore Penn Station,2026-08-24T15:06:00Z,2026-08-24T15:04:00Z,2026-08-24T15:04:00Z,2026-08-24T15:04:00Z,2026-08-24T11:45:05Z,74.5
amtrak,NER,141,2026-08-24,WAS,Washington Union Station,2026-08-24T15:47:00Z,2026-08-24T15:46:00Z,2026-08-24T15:47:00Z,2026-08-24T15:46:00Z,2026-08-24T11:45:05Z,74.5
amtrak,NER,151,2026-08-24,BAL,Baltimore Penn Station,2026-08-24T10:16:00Z,2026-08-24T10:24:00Z,2026-08-24T10:14:00Z,2026-08-24T10:22:00Z,2026-08-24T11:45:05Z,74.5
amtrak,NER,151,2026-08-24,WAS,Washington Union Station,2026-08-24T11:30:00Z,2026-08-24T11:40:00Z,2026-08-24T10:58:00Z,2026-08-24T11:13:00Z,2026-08-24T11:45:05Z,74.5
amtrak,NER,170,2026-08-24,BAL,Baltimore Penn Station,2026-08-24T09:44:00Z,2026-08-24T09:49:00Z,2026-08-24T09:42:00Z,2026-08-24T09:43:00Z,2026-08-24T11:45:05Z,74.5
amtrak,NER,170,2026-08-24,WAS,Washington Union Station,2026-08-24T09:05:00Z,2026-08-24T09:05:00Z,2026-08-24T09:05:00Z,2026-08-24T09:05:00Z,2026-08-24T11:45:05Z,74.5
amtrak,NER,171,2026-08-24,BAL,Baltimore Penn Station,2026-08-24T19:36:00Z,2026-08-24T19:36:00Z,2026-08-24T19:33:00Z,2026-08-24T19:33:00Z,2026-08-24T11:45:05Z,74.5
amtrak,NER,171,2026-08-24,WAS,Washington Union Station,2026-08-24T21:00:00Z,2026-08-24T21:00:00Z,2026-08-24T20:28:00Z,2026-08-24T20:28:00Z,2026-08-24T11:45:05Z,74.5
amtrak,NER,172,2026-08-24,BAL,Baltimore Penn Station,2026-08-24T11:50:00Z,2026-08-24T11:48:00Z,2026-08-24T11:48:00Z,2026-08-24T11:48:00Z,2026-08-24T11:45:05Z,74.5
amtrak,NER,172,2026-08-24,WAS,Washington Union Station,2026-08-24T11:06:00Z,2026-08-24T11:06:00Z,2026-08-24T11:06:00Z,2026-08-24T11:06:00Z,2026-08-24T11:45:05Z,74.5
amtrak,NER,181,2026-08-24,BAL,Baltimore Penn Station,2026-08-24T12:26:00Z,2026-08-24T12:15:00Z,2026-08-24T12:23:00Z,2026-08-24T12:15:00Z,2026-08-24T11:45:05Z,74.5
amtrak,NER,181,2026-08-24,WAS,Washington Union Station,2026-08-24T13:06:00Z,2026-08-24T13:06:00Z,2026-08-24T13:06:00Z,2026-08-24T13:06:00Z,2026-08-24T11:45:05Z,74.5
amtrak,NER,183,2026-08-24,BAL,Baltimore Penn Station,2026-08-24T14:20:00Z,2026-08-24T14:17:00Z,2026-08-24T14:17:00Z,2026-08-24T14:17:00Z,2026-08-24T11:45:05Z,74.5
amtrak,NER,183,2026-08-24,WAS,Washington Union Station,2026-08-24T15:04:00Z,2026-08-24T15:00:00Z,2026-08-24T15:04:00Z,2026-08-24T15:00:00Z,2026-08-24T11:45:05Z,74.5
marc,11705,Train410,2026-08-24,11958,UNION STATION MARC Washington,2026-08-24T11:15:00Z,2026-08-24T11:16:33Z,NA,NA,2026-08-24T11:59:25Z,76.4
marc,11705,Train410,2026-08-24,12002,PENN STATION MARC nb,NA,NA,2026-08-24T12:17:00Z,2026-08-24T12:19:31Z,2026-08-24T11:59:25Z,76.4
marc,11705,Train415,2026-08-24,11980,PENN STATION MARC sb,2026-08-24T11:00:00Z,2026-08-24T11:00:00Z,NA,NA,2026-08-24T11:59:25Z,76.4
marc,11705,Train415,2026-08-24,11958,UNION STATION MARC Washington,NA,NA,2026-08-24T12:02:00Z,2026-08-24T12:08:29Z,2026-08-24T11:59:25Z,76.4
marc,11705,Train419,2026-08-24,11980,PENN STATION MARC sb,2026-08-24T11:50:00Z,2026-08-24T11:51:12Z,NA,NA,2026-08-24T11:59:25Z,76.4
marc,11705,Train419,2026-08-24,11958,UNION STATION MARC Washington,NA,NA,2026-08-24T12:53:00Z,2026-08-24T12:57:25Z,2026-08-24T11:59:25Z,76.4
marc,11705,Train502,2026-08-24,11958,UNION STATION MARC Washington,2026-08-24T10:12:00Z,2026-08-24T10:13:21Z,NA,NA,2026-08-24T11:59:25Z,76.4
marc,11705,Train502,2026-08-24,12002,PENN STATION MARC nb,2026-08-24T11:21:00Z,2026-08-24T11:24:32Z,2026-08-24T11:17:00Z,2026-08-24T11:13:38Z,2026-08-24T11:59:25Z,76.4
marc,11705,Train517,2026-08-24,11980,PENN STATION MARC sb,2026-08-24T11:20:00Z,2026-08-24T11:46:56Z,2026-08-24T11:16:05Z,2026-08-24T11:40:44Z,2026-08-24T11:59:25Z,76.4
marc,11705,Train517,2026-08-24,11958,UNION STATION MARC Washington,NA,NA,2026-08-24T12:19:00Z,2026-08-24T12:47:57Z,2026-08-24T11:59:25Z,76.4
marc,11705,Train610,2026-08-24,11958,UNION STATION MARC Washington,2026-08-24T11:50:00Z,2026-08-24T11:51:16Z,NA,NA,2026-08-24T11:59:25Z,76.4
marc,11705,Train610,2026-08-24,12002,PENN STATION MARC nb,2026-08-24T12:46:00Z,2026-08-24T12:47:26Z,2026-08-24T12:40:15Z,2026-08-24T12:41:41Z,2026-08-24T11:59:25Z,76.4
amtrak,NER,66,2026-08-24,BAL,Baltimore Penn Station,2026-08-24T03:01:00Z,2026-08-24T03:02:00Z,2026-08-24T02:49:00Z,2026-08-24T02:54:00Z,2026-08-24T11:59:25Z,76.4
amtrak,NER,66,2026-08-24,WAS,Washington Union Station,2026-08-24T02:00:00Z,2026-08-24T02:18:00Z,2026-08-24T01:28:00Z,2026-08-24T01:53:00Z,2026-08-24T11:59:25Z,76.4
amtrak,NER,67,2026-08-24,BAL,Baltimore Penn Station,2026-08-24T10:04:00Z,2026-08-24T10:11:00Z,2026-08-24T10:02:00Z,2026-08-24T10:10:00Z,2026-08-24T11:59:25Z,76.4
amtrak,NER,67,2026-08-24,WAS,Washington Union Station,2026-08-24T11:20:00Z,2026-08-24T11:20:00Z,2026-08-24T10:54:00Z,2026-08-24T10:48:00Z,2026-08-24T11:59:25Z,76.4
amtrak,NER,86,2026-08-24,BAL,Baltimore Penn Station,2026-08-24T13:32:00Z,2026-08-24T13:30:00Z,2026-08-24T13:30:00Z,2026-08-24T13:30:00Z,2026-08-24T11:59:25Z,76.4
amtrak,NER,86,2026-08-24,WAS,Washington Union Station,2026-08-24T12:55:00Z,2026-08-24T12:18:00Z,2026-08-24T12:18:00Z,2026-08-24T12:18:00Z,2026-08-24T11:59:25Z,76.4
amtrak,NER,94,2026-08-24,BAL,Baltimore Penn Station,2026-08-24T18:43:00Z,2026-08-24T18:43:00Z,2026-08-24T18:41:00Z,2026-08-24T18:41:00Z,2026-08-24T11:59:25Z,76.4
amtrak,NER,94,2026-08-24,WAS,Washington Union Station,2026-08-24T18:00:00Z,2026-08-24T18:00:00Z,2026-08-24T17:23:00Z,2026-08-24T17:23:00Z,2026-08-24T11:59:25Z,76.4
amtrak,NER,95,2026-08-24,BAL,Baltimore Penn Station,2026-08-24T17:27:00Z,2026-08-24T17:22:00Z,2026-08-24T17:22:00Z,2026-08-24T17:22:00Z,2026-08-24T11:59:25Z,76.4
amtrak,NER,95,2026-08-24,WAS,Washington Union Station,2026-08-24T18:35:00Z,2026-08-24T18:06:00Z,2026-08-24T18:05:00Z,2026-08-24T18:06:00Z,2026-08-24T11:59:25Z,76.4
amtrak,NER,111,2026-08-24,BAL,Baltimore Penn Station,2026-08-24T11:45:00Z,2026-08-24T11:45:00Z,2026-08-24T11:43:00Z,2026-08-24T11:31:00Z,2026-08-24T11:59:25Z,76.4
amtrak,NER,111,2026-08-24,WAS,Washington Union Station,2026-08-24T12:31:00Z,2026-08-24T12:31:00Z,2026-08-24T12:31:00Z,2026-08-24T12:31:00Z,2026-08-24T11:59:25Z,76.4
amtrak,NER,112,2026-08-24,BAL,Baltimore Penn Station,2026-08-24T12:22:00Z,2026-08-24T12:20:00Z,2026-08-24T12:20:00Z,2026-08-24T12:20:00Z,2026-08-24T11:59:25Z,76.4
amtrak,NER,112,2026-08-24,WAS,Washington Union Station,2026-08-24T11:40:00Z,2026-08-24T11:40:00Z,2026-08-24T11:40:00Z,2026-08-24T11:40:00Z,2026-08-24T11:59:25Z,76.4
amtrak,NER,113,2026-08-24,BAL,Baltimore Penn Station,2026-08-24T13:15:00Z,2026-08-24T14:04:00Z,2026-08-24T13:13:00Z,2026-08-24T14:04:00Z,2026-08-24T11:59:25Z,76.4
amtrak,NER,113,2026-08-24,WAS,Washington Union Station,2026-08-24T14:01:00Z,NA,2026-08-24T14:01:00Z,NA,2026-08-24T11:59:25Z,76.4
amtrak,NER,125,2026-08-24,BAL,Baltimore Penn Station,2026-08-24T18:34:00Z,2026-08-24T18:31:00Z,2026-08-24T18:31:00Z,2026-08-24T18:31:00Z,2026-08-24T11:59:25Z,76.4
amtrak,NER,125,2026-08-24,WAS,Washington Union Station,2026-08-24T19:50:00Z,2026-08-24T19:17:00Z,2026-08-24T19:17:00Z,2026-08-24T19:17:00Z,2026-08-24T11:59:25Z,76.4
amtrak,NER,130,2026-08-24,BAL,Baltimore Penn Station,2026-08-24T11:05:00Z,2026-08-24T11:06:00Z,2026-08-24T11:03:00Z,2026-08-24T10:55:00Z,2026-08-24T11:59:25Z,76.4
amtrak,NER,130,2026-08-24,WAS,Washington Union Station,2026-08-24T10:20:00Z,2026-08-24T10:20:00Z,2026-08-24T10:20:00Z,2026-08-24T10:20:00Z,2026-08-24T11:59:25Z,76.4
amtrak,NER,141,2026-08-24,BAL,Baltimore Penn Station,2026-08-24T15:06:00Z,2026-08-24T15:04:00Z,2026-08-24T15:04:00Z,2026-08-24T15:04:00Z,2026-08-24T11:59:25Z,76.4
amtrak,NER,141,2026-08-24,WAS,Washington Union Station,2026-08-24T15:47:00Z,2026-08-24T15:46:00Z,2026-08-24T15:47:00Z,2026-08-24T15:46:00Z,2026-08-24T11:59:25Z,76.4
amtrak,NER,151,2026-08-24,BAL,Baltimore Penn Station,2026-08-24T10:16:00Z,2026-08-24T10:24:00Z,2026-08-24T10:14:00Z,2026-08-24T10:22:00Z,2026-08-24T11:59:25Z,76.4
amtrak,NER,151,2026-08-24,WAS,Washington Union Station,2026-08-24T11:30:00Z,2026-08-24T11:40:00Z,2026-08-24T10:58:00Z,2026-08-24T11:13:00Z,2026-08-24T11:59:25Z,76.4
amtrak,NER,170,2026-08-24,BAL,Baltimore Penn Station,2026-08-24T09:44:00Z,2026-08-24T09:49:00Z,2026-08-24T09:42:00Z,2026-08-24T09:43:00Z,2026-08-24T11:59:25Z,76.4
amtrak,NER,170,2026-08-24,WAS,Washington Union Station,2026-08-24T09:05:00Z,2026-08-24T09:05:00Z,2026-08-24T09:05:00Z,2026-08-24T09:05:00Z,2026-08-24T11:59:25Z,76.4
amtrak,NER,171,2026-08-24,BAL,Baltimore Penn Station,2026-08-24T19:36:00Z,2026-08-24T19:36:00Z,2026-08-24T19:33:00Z,2026-08-24T19:33:00Z,2026-08-24T11:59:25Z,76.4
amtrak,NER,171,2026-08-24,WAS,Washington Union Station,2026-08-24T21:00:00Z,2026-08-24T21:00:00Z,2026-08-24T20:28:00Z,2026-08-24T20:28:00Z,2026-08-24T11:59:25Z,76.4
amtrak,NER,172,2026-08-24,BAL,Baltimore Penn Station,2026-08-24T11:50:00Z,2026-08-24T11:57:00Z,2026-08-24T11:48:00Z,2026-08-24T11:53:00Z,2026-08-24T11:59:25Z,76.4
amtrak,NER,172,2026-08-24,WAS,Washington Union Station,2026-08-24T11:06:00Z,2026-08-24T11:06:00Z,2026-08-24T11:06:00Z,2026-08-24T11:06:00Z,2026-08-24T11:59:25Z,76.4
amtrak,NER,181,2026-08-24,BAL,Baltimore Penn Station,2026-08-24T12:26:00Z,2026-08-24T12:23:00Z,2026-08-24T12:23:00Z,2026-08-24T12:23:00Z,2026-08-24T11:59:25Z,76.4
amtrak,NER,181,2026-08-24,WAS,Washington Union Station,2026-08-24T13:06:00Z,2026-08-24T13:06:00Z,2026-08-24T13:06:00Z,2026-08-24T13:06:00Z,2026-08-24T11:59:25Z,76.4
amtrak,NER,183,2026-08-24,BAL,Baltimore Penn Station,2026-08-24T14:20:00Z,2026-08-24T14:17:00Z,2026-08-24T14:17:00Z,2026-08-24T14:17:00Z,2026-08-24T11:59:25Z,76.4
amtrak,NER,183,2026-08-24,WAS,Washington Union Station,2026-08-24T15:04:00Z,2026-08-24T15:00:00Z,2026-08-24T15:04:00Z,2026-08-24T15:00:00Z,2026-08-24T11:59:25Z,76.4
marc,11705,Train410,2026-08-24,11958,UNION STATION MARC Washington,2026-08-24T11:15:00Z,2026-08-24T11:16:33Z,NA,NA,2026-08-24T12:02:27Z,75.6
marc,11705,Train410,2026-08-24,12002,PENN STATION MARC nb,NA,NA,2026-08-24T12:17:00Z,2026-08-24T12:19:33Z,2026-08-24T12:02:27Z,75.6
marc,11705,Train415,2026-08-24,11980,PENN STATION MARC sb,2026-08-24T11:00:00Z,2026-08-24T11:00:00Z,NA,NA,2026-08-24T12:02:27Z,75.6
marc,11705,Train415,2026-08-24,11958,UNION STATION MARC Washington,NA,NA,2026-08-24T12:02:00Z,2026-08-24T12:07:54Z,2026-08-24T12:02:27Z,75.6
marc,11705,Train419,2026-08-24,11980,PENN STATION MARC sb,2026-08-24T11:50:00Z,2026-08-24T11:51:12Z,NA,NA,2026-08-24T12:02:27Z,75.6
marc,11705,Train419,2026-08-24,11958,UNION STATION MARC Washington,NA,NA,2026-08-24T12:53:00Z,2026-08-24T12:57:25Z,2026-08-24T12:02:27Z,75.6
marc,11705,Train502,2026-08-24,11958,UNION STATION MARC Washington,2026-08-24T10:12:00Z,2026-08-24T10:13:21Z,NA,NA,2026-08-24T12:02:27Z,75.6
marc,11705,Train502,2026-08-24,12002,PENN STATION MARC nb,2026-08-24T11:21:00Z,2026-08-24T11:24:32Z,2026-08-24T11:17:00Z,2026-08-24T11:13:38Z,2026-08-24T12:02:27Z,75.6
marc,11705,Train517,2026-08-24,11980,PENN STATION MARC sb,2026-08-24T11:20:00Z,2026-08-24T11:46:56Z,2026-08-24T11:16:05Z,2026-08-24T11:40:44Z,2026-08-24T12:02:27Z,75.6
marc,11705,Train517,2026-08-24,11958,UNION STATION MARC Washington,NA,NA,2026-08-24T12:19:00Z,2026-08-24T12:50:20Z,2026-08-24T12:02:27Z,75.6
marc,11705,Train610,2026-08-24,11958,UNION STATION MARC Washington,2026-08-24T11:50:00Z,2026-08-24T11:51:16Z,NA,NA,2026-08-24T12:02:27Z,75.6
marc,11705,Train610,2026-08-24,12002,PENN STATION MARC nb,2026-08-24T12:46:00Z,2026-08-24T12:48:16Z,2026-08-24T12:40:15Z,2026-08-24T12:42:31Z,2026-08-24T12:02:27Z,75.6
amtrak,NER,66,2026-08-24,BAL,Baltimore Penn Station,2026-08-24T03:01:00Z,2026-08-24T03:02:00Z,2026-08-24T02:49:00Z,2026-08-24T02:54:00Z,2026-08-24T12:02:27Z,75.6
amtrak,NER,66,2026-08-24,WAS,Washington Union Station,2026-08-24T02:00:00Z,2026-08-24T02:18:00Z,2026-08-24T01:28:00Z,2026-08-24T01:53:00Z,2026-08-24T12:02:27Z,75.6
amtrak,NER,67,2026-08-24,BAL,Baltimore Penn Station,2026-08-24T10:04:00Z,2026-08-24T10:11:00Z,2026-08-24T10:02:00Z,2026-08-24T10:10:00Z,2026-08-24T12:02:27Z,75.6
amtrak,NER,67,2026-08-24,WAS,Washington Union Station,2026-08-24T11:20:00Z,2026-08-24T11:20:00Z,2026-08-24T10:54:00Z,2026-08-24T10:48:00Z,2026-08-24T12:02:27Z,75.6
amtrak,NER,86,2026-08-24,BAL,Baltimore Penn Station,2026-08-24T13:32:00Z,2026-08-24T13:30:00Z,2026-08-24T13:30:00Z,2026-08-24T13:30:00Z,2026-08-24T12:02:27Z,75.6
amtrak,NER,86,2026-08-24,WAS,Washington Union Station,2026-08-24T12:55:00Z,2026-08-24T12:18:00Z,2026-08-24T12:18:00Z,2026-08-24T12:18:00Z,2026-08-24T12:02:27Z,75.6
amtrak,NER,94,2026-08-24,BAL,Baltimore Penn Station,2026-08-24T18:43:00Z,2026-08-24T18:43:00Z,2026-08-24T18:41:00Z,2026-08-24T18:41:00Z,2026-08-24T12:02:27Z,75.6
amtrak,NER,94,2026-08-24,WAS,Washington Union Station,2026-08-24T18:00:00Z,2026-08-24T18:00:00Z,2026-08-24T17:23:00Z,2026-08-24T17:23:00Z,2026-08-24T12:02:27Z,75.6
amtrak,NER,95,2026-08-24,BAL,Baltimore Penn Station,2026-08-24T17:27:00Z,2026-08-24T17:22:00Z,2026-08-24T17:22:00Z,2026-08-24T17:22:00Z,2026-08-24T12:02:27Z,75.6
amtrak,NER,95,2026-08-24,WAS,Washington Union Station,2026-08-24T18:35:00Z,2026-08-24T18:06:00Z,2026-08-24T18:05:00Z,2026-08-24T18:06:00Z,2026-08-24T12:02:27Z,75.6
amtrak,NER,111,2026-08-24,BAL,Baltimore Penn Station,2026-08-24T11:45:00Z,2026-08-24T11:45:00Z,2026-08-24T11:43:00Z,2026-08-24T11:31:00Z,2026-08-24T12:02:27Z,75.6
amtrak,NER,111,2026-08-24,WAS,Washington Union Station,2026-08-24T12:31:00Z,2026-08-24T12:31:00Z,2026-08-24T12:31:00Z,2026-08-24T12:31:00Z,2026-08-24T12:02:27Z,75.6
amtrak,NER,112,2026-08-24,BAL,Baltimore Penn Station,2026-08-24T12:22:00Z,2026-08-24T12:20:00Z,2026-08-24T12:20:00Z,2026-08-24T12:20:00Z,2026-08-24T12:02:27Z,75.6
amtrak,NER,112,2026-08-24,WAS,Washington Union Station,2026-08-24T11:40:00Z,2026-08-24T11:40:00Z,2026-08-24T11:40:00Z,2026-08-24T11:40:00Z,2026-08-24T12:02:27Z,75.6
amtrak,NER,113,2026-08-24,BAL,Baltimore Penn Station,2026-08-24T13:15:00Z,2026-08-24T14:04:00Z,2026-08-24T13:13:00Z,2026-08-24T14:04:00Z,2026-08-24T12:02:27Z,75.6
amtrak,NER,113,2026-08-24,WAS,Washington Union Station,2026-08-24T14:01:00Z,NA,2026-08-24T14:01:00Z,NA,2026-08-24T12:02:27Z,75.6
amtrak,NER,125,2026-08-24,BAL,Baltimore Penn Station,2026-08-24T18:34:00Z,2026-08-24T18:31:00Z,2026-08-24T18:31:00Z,2026-08-24T18:31:00Z,2026-08-24T12:02:27Z,75.6
amtrak,NER,125,2026-08-24,WAS,Washington Union Station,2026-08-24T19:50:00Z,2026-08-24T19:17:00Z,2026-08-24T19:17:00Z,2026-08-24T19:17:00Z,2026-08-24T12:02:27Z,75.6
amtrak,NER,130,2026-08-24,BAL,Baltimore Penn Station,2026-08-24T11:05:00Z,2026-08-24T11:06:00Z,2026-08-24T11:03:00Z,2026-08-24T10:55:00Z,2026-08-24T12:02:27Z,75.6
amtrak,NER,130,2026-08-24,WAS,Washington Union Station,2026-08-24T10:20:00Z,2026-08-24T10:20:00Z,2026-08-24T10:20:00Z,2026-08-24T10:20:00Z,2026-08-24T12:02:27Z,75.6
amtrak,NER,141,2026-08-24,BAL,Baltimore Penn Station,2026-08-24T15:06:00Z,2026-08-24T15:04:00Z,2026-08-24T15:04:00Z,2026-08-24T15:04:00Z,2026-08-24T12:02:27Z,75.6
amtrak,NER,141,2026-08-24,WAS,Washington Union Station,2026-08-24T15:47:00Z,2026-08-24T15:46:00Z,2026-08-24T15:47:00Z,2026-08-24T15:46:00Z,2026-08-24T12:02:27Z,75.6
amtrak,NER,151,2026-08-24,BAL,Baltimore Penn Station,2026-08-24T10:16:00Z,2026-08-24T10:24:00Z,2026-08-24T10:14:00Z,2026-08-24T10:22:00Z,2026-08-24T12:02:27Z,75.6
amtrak,NER,151,2026-08-24,WAS,Washington Union Station,2026-08-24T11:30:00Z,2026-08-24T11:40:00Z,2026-08-24T10:58:00Z,2026-08-24T11:13:00Z,2026-08-24T12:02:27Z,75.6
amtrak,NER,170,2026-08-24,BAL,Baltimore Penn Station,2026-08-24T09:44:00Z,2026-08-24T09:49:00Z,2026-08-24T09:42:00Z,2026-08-24T09:43:00Z,2026-08-24T12:02:27Z,75.6
amtrak,NER,170,2026-08-24,WAS,Washington Union Station,2026-08-24T09:05:00Z,2026-08-24T09:05:00Z,2026-08-24T09:05:00Z,2026-08-24T09:05:00Z,2026-08-24T12:02:27Z,75.6
amtrak,NER,171,2026-08-24,BAL,Baltimore Penn Station,2026-08-24T19:36:00Z,2026-08-24T19:36:00Z,2026-08-24T19:33:00Z,2026-08-24T19:33:00Z,2026-08-24T12:02:27Z,75.6
amtrak,NER,171,2026-08-24,WAS,Washington Union Station,2026-08-24T21:00:00Z,2026-08-24T21:00:00Z,2026-08-24T20:28:00Z,2026-08-24T20:28:00Z,2026-08-24T12:02:27Z,75.6
amtrak,NER,172,2026-08-24,BAL,Baltimore Penn Station,2026-08-24T11:50:00Z,2026-08-24T11:57:00Z,2026-08-24T11:48:00Z,2026-08-24T11:53:00Z,2026-08-24T12:02:27Z,75.6
amtrak,NER,172,2026-08-24,WAS,Washington Union Station,2026-08-24T11:06:00Z,2026-08-24T11:06:00Z,2026-08-24T11:06:00Z,2026-08-24T11:06:00Z,2026-08-24T12:02:27Z,75.6
amtrak,NER,181,2026-08-24,BAL,Baltimore Penn Station,2026-08-24T12:26:00Z,2026-08-24T12:23:00Z,2026-08-24T12:23:00Z,2026-08-24T12:23:00Z,2026-08-24T12:02:27Z,75.6
amtrak,NER,181,2026-08-24,WAS,Washington Union Station,2026-08-24T13:06:00Z,2026-08-24T13:06:00Z,2026-08-24T13:06:00Z,2026-08-24T13:06:00Z,2026-08-24T12:02:27Z,75.6
amtrak,NER,183,2026-08-24,BAL,Baltimore Penn Station,2026-08-24T14:20:00Z,2026-08-24T14:17:00Z,2026-08-24T14:17:00Z,2026-08-24T14:17:00Z,2026-08-24T12:02:27Z,75.6
amtrak,NER,183,2026-08-24,WAS,Washington Union Station,2026-08-24T15:04:00Z,2026-08-24T15:00:00Z,2026-08-24T15:04:00Z,2026-08-24T15:00:00Z,2026-08-24T12:02:27Z,75.6
marc,11705,Train410,2026-08-24,11958,UNION STATION MARC Washington,2026-08-24T11:15:00Z,2026-08-24T11:16:33Z,NA,NA,2026-08-24T12:05:28Z,74.4
marc,11705,Train410,2026-08-24,12002,PENN STATION MARC nb,NA,NA,2026-08-24T12:17:00Z,2026-08-24T12:19:33Z,2026-08-24T12:05:28Z,74.4
marc,11705,Train415,2026-08-24,11980,PENN STATION MARC sb,2026-08-24T11:00:00Z,2026-08-24T11:00:00Z,NA,NA,2026-08-24T12:05:28Z,74.4
marc,11705,Train415,2026-08-24,11958,UNION STATION MARC Washington,NA,NA,2026-08-24T12:02:00Z,2026-08-24T12:07:27Z,2026-08-24T12:05:28Z,74.4
marc,11705,Train419,2026-08-24,11980,PENN STATION MARC sb,2026-08-24T11:50:00Z,2026-08-24T11:51:12Z,NA,NA,2026-08-24T12:05:28Z,74.4
marc,11705,Train419,2026-08-24,11958,UNION STATION MARC Washington,NA,NA,2026-08-24T12:53:00Z,2026-08-24T12:57:25Z,2026-08-24T12:05:28Z,74.4
marc,11705,Train502,2026-08-24,11958,UNION STATION MARC Washington,2026-08-24T10:12:00Z,2026-08-24T10:13:21Z,NA,NA,2026-08-24T12:05:28Z,74.4
marc,11705,Train502,2026-08-24,12002,PENN STATION MARC nb,2026-08-24T11:21:00Z,2026-08-24T11:24:32Z,2026-08-24T11:17:00Z,2026-08-24T11:13:38Z,2026-08-24T12:05:28Z,74.4
marc,11705,Train517,2026-08-24,11980,PENN STATION MARC sb,2026-08-24T11:20:00Z,2026-08-24T11:46:56Z,2026-08-24T11:16:05Z,2026-08-24T11:40:44Z,2026-08-24T12:05:28Z,74.4
marc,11705,Train517,2026-08-24,11958,UNION STATION MARC Washington,NA,NA,2026-08-24T12:19:00Z,2026-08-24T12:50:17Z,2026-08-24T12:05:28Z,74.4
marc,11705,Train610,2026-08-24,11958,UNION STATION MARC Washington,2026-08-24T11:50:00Z,2026-08-24T11:51:16Z,NA,NA,2026-08-24T12:05:28Z,74.4
marc,11705,Train610,2026-08-24,12002,PENN STATION MARC nb,2026-08-24T12:46:00Z,2026-08-24T12:48:38Z,2026-08-24T12:40:15Z,2026-08-24T12:42:53Z,2026-08-24T12:05:28Z,74.4
amtrak,NER,66,2026-08-24,BAL,Baltimore Penn Station,2026-08-24T03:01:00Z,2026-08-24T03:02:00Z,2026-08-24T02:49:00Z,2026-08-24T02:54:00Z,2026-08-24T12:05:28Z,74.4
amtrak,NER,66,2026-08-24,WAS,Washington Union Station,2026-08-24T02:00:00Z,2026-08-24T02:18:00Z,2026-08-24T01:28:00Z,2026-08-24T01:53:00Z,2026-08-24T12:05:28Z,74.4
amtrak,NER,67,2026-08-24,BAL,Baltimore Penn Station,2026-08-24T10:04:00Z,2026-08-24T10:11:00Z,2026-08-24T10:02:00Z,2026-08-24T10:10:00Z,2026-08-24T12:05:28Z,74.4
amtrak,NER,67,2026-08-24,WAS,Washington Union Station,2026-08-24T11:20:00Z,2026-08-24T11:20:00Z,2026-08-24T10:54:00Z,2026-08-24T10:48:00Z,2026-08-24T12:05:28Z,74.4
amtrak,NER,86,2026-08-24,BAL,Baltimore Penn Station,2026-08-24T13:32:00Z,2026-08-24T13:30:00Z,2026-08-24T13:30:00Z,2026-08-24T13:30:00Z,2026-08-24T12:05:28Z,74.4
amtrak,NER,86,2026-08-24,WAS,Washington Union Station,2026-08-24T12:55:00Z,2026-08-24T12:18:00Z,2026-08-24T12:18:00Z,2026-08-24T12:18:00Z,2026-08-24T12:05:28Z,74.4
amtrak,NER,94,2026-08-24,BAL,Baltimore Penn Station,2026-08-24T18:43:00Z,2026-08-24T18:43:00Z,2026-08-24T18:41:00Z,2026-08-24T18:41:00Z,2026-08-24T12:05:28Z,74.4
amtrak,NER,94,2026-08-24,WAS,Washington Union Station,2026-08-24T18:00:00Z,2026-08-24T18:00:00Z,2026-08-24T17:23:00Z,2026-08-24T17:23:00Z,2026-08-24T12:05:28Z,74.4
amtrak,NER,95,2026-08-24,BAL,Baltimore Penn Station,2026-08-24T17:27:00Z,2026-08-24T17:22:00Z,2026-08-24T17:22:00Z,2026-08-24T17:22:00Z,2026-08-24T12:05:28Z,74.4
amtrak,NER,95,2026-08-24,WAS,Washington Union Station,2026-08-24T18:35:00Z,2026-08-24T18:06:00Z,2026-08-24T18:05:00Z,2026-08-24T18:06:00Z,2026-08-24T12:05:28Z,74.4
amtrak,NER,111,2026-08-24,BAL,Baltimore Penn Station,2026-08-24T11:45:00Z,2026-08-24T11:45:00Z,2026-08-24T11:43:00Z,2026-08-24T11:31:00Z,2026-08-24T12:05:28Z,74.4
amtrak,NER,111,2026-08-24,WAS,Washington Union Station,2026-08-24T12:31:00Z,2026-08-24T12:31:00Z,2026-08-24T12:31:00Z,2026-08-24T12:31:00Z,2026-08-24T12:05:28Z,74.4
amtrak,NER,112,2026-08-24,BAL,Baltimore Penn Station,2026-08-24T12:22:00Z,2026-08-24T12:20:00Z,2026-08-24T12:20:00Z,2026-08-24T12:20:00Z,2026-08-24T12:05:28Z,74.4
amtrak,NER,112,2026-08-24,WAS,Washington Union Station,2026-08-24T11:40:00Z,2026-08-24T11:40:00Z,2026-08-24T11:40:00Z,2026-08-24T11:40:00Z,2026-08-24T12:05:28Z,74.4
amtrak,NER,113,2026-08-24,BAL,Baltimore Penn Station,2026-08-24T13:15:00Z,2026-08-24T14:04:00Z,2026-08-24T13:13:00Z,2026-08-24T14:04:00Z,2026-08-24T12:05:28Z,74.4
amtrak,NER,113,2026-08-24,WAS,Washington Union Station,2026-08-24T14:01:00Z,NA,2026-08-24T14:01:00Z,NA,2026-08-24T12:05:28Z,74.4
amtrak,NER,125,2026-08-24,BAL,Baltimore Penn Station,2026-08-24T18:34:00Z,2026-08-24T18:31:00Z,2026-08-24T18:31:00Z,2026-08-24T18:31:00Z,2026-08-24T12:05:28Z,74.4
amtrak,NER,125,2026-08-24,WAS,Washington Union Station,2026-08-24T19:50:00Z,2026-08-24T19:17:00Z,2026-08-24T19:17:00Z,2026-08-24T19:17:00Z,2026-08-24T12:05:28Z,74.4
amtrak,NER,130,2026-08-24,BAL,Baltimore Penn Station,2026-08-24T11:05:00Z,2026-08-24T11:06:00Z,2026-08-24T11:03:00Z,2026-08-24T10:55:00Z,2026-08-24T12:05:28Z,74.4
amtrak,NER,130,2026-08-24,WAS,Washington Union Station,2026-08-24T10:20:00Z,2026-08-24T10:20:00Z,2026-08-24T10:20:00Z,2026-08-24T10:20:00Z,2026-08-24T12:05:28Z,74.4
amtrak,NER,141,2026-08-24,BAL,Baltimore Penn Station,2026-08-24T15:06:00Z,2026-08-24T15:04:00Z,2026-08-24T15:04:00Z,2026-08-24T15:04:00Z,2026-08-24T12:05:28Z,74.4
amtrak,NER,141,2026-08-24,WAS,Washington Union Station,2026-08-24T15:47:00Z,2026-08-24T15:46:00Z,2026-08-24T15:47:00Z,2026-08-24T15:46:00Z,2026-08-24T12:05:28Z,74.4
amtrak,NER,151,2026-08-24,BAL,Baltimore Penn Station,2026-08-24T10:16:00Z,2026-08-24T10:24:00Z,2026-08-24T10:14:00Z,2026-08-24T10:22:00Z,2026-08-24T12:05:28Z,74.4
amtrak,NER,151,2026-08-24,WAS,Washington Union Station,2026-08-24T11:30:00Z,2026-08-24T11:40:00Z,2026-08-24T10:58:00Z,2026-08-24T11:13:00Z,2026-08-24T12:05:28Z,74.4
amtrak,NER,170,2026-08-24,BAL,Baltimore Penn Station,2026-08-24T09:44:00Z,2026-08-24T09:49:00Z,2026-08-24T09:42:00Z,2026-08-24T09:43:00Z,2026-08-24T12:05:28Z,74.4
amtrak,NER,170,2026-08-24,WAS,Washington Union Station,2026-08-24T09:05:00Z,2026-08-24T09:05:00Z,2026-08-24T09:05:00Z,2026-08-24T09:05:00Z,2026-08-24T12:05:28Z,74.4
amtrak,NER,171,2026-08-24,BAL,Baltimore Penn Station,2026-08-24T19:36:00Z,2026-08-24T19:36:00Z,2026-08-24T19:33:00Z,2026-08-24T19:33:00Z,2026-08-24T12:05:28Z,74.4
amtrak,NER,171,2026-08-24,WAS,Washington Union Station,2026-08-24T21:00:00Z,2026-08-24T21:00:00Z,2026-08-24T20:28:00Z,2026-08-24T20:28:00Z,2026-08-24T12:05:28Z,74.4
amtrak,NER,172,2026-08-24,BAL,Baltimore Penn Station,2026-08-24T11:50:00Z,2026-08-24T11:57:00Z,2026-08-24T11:48:00Z,2026-08-24T11:53:00Z,2026-08-24T12:05:28Z,74.4
amtrak,NER,172,2026-08-24,WAS,Washington Union Station,2026-08-24T11:06:00Z,2026-08-24T11:06:00Z,2026-08-24T11:06:00Z,2026-08-24T11:06:00Z,2026-08-24T12:05:28Z,74.4
amtrak,NER,181,2026-08-24,BAL,Baltimore Penn Station,2026-08-24T12:26:00Z,2026-08-24T12:23:00Z,2026-08-24T12:23:00Z,2026-08-24T12:23:00Z,2026-08-24T12:05:28Z,74.4
amtrak,NER,181,2026-08-24,WAS,Washington Union Station,2026-08-24T13:06:00Z,2026-08-24T13:06:00Z,2026-08-24T13:06:00Z,2026-08-24T13:06:00Z,2026-08-24T12:05:28Z,74.4
amtrak,NER,183,2026-08-24,BAL,Baltimore Penn Station,2026-08-24T14:20:00Z,2026-08-24T14:17:00Z,2026-08-24T14:17:00Z,2026-08-24T14:17:00Z,2026-08-24T12:05:28Z,74.4
amtrak,NER,183,2026-08-24,WAS,Washington Union Station,2026-08-24T15:04:00Z,2026-08-24T15:00:00Z,2026-08-24T15:04:00Z,2026-08-24T15:00:00Z,2026-08-24T12:05:28Z,74.4
marc,11705,Train421,2026-08-24,11980,PENN STATION MARC sb,2026-08-24T12:30:00Z,2026-08-24T12:30:30Z,NA,NA,2026-08-24T12:43:39Z,70.6
marc,11705,Train421,2026-08-24,11958,UNION STATION MARC Washington,NA,NA,2026-08-24T13:32:00Z,2026-08-24T13:34:01Z,2026-08-24T12:43:39Z,70.6
marc,11705,Train419,2026-08-24,11980,PENN STATION MARC sb,2026-08-24T11:50:00Z,2026-08-24T11:51:12Z,NA,NA,2026-08-24T12:43:39Z,70.6
marc,11705,Train419,2026-08-24,11958,UNION STATION MARC Washington,NA,NA,2026-08-24T12:53:00Z,2026-08-24T13:03:48Z,2026-08-24T12:43:39Z,70.6
marc,11705,Train517,2026-08-24,11980,PENN STATION MARC sb,2026-08-24T11:20:00Z,2026-08-24T11:46:56Z,2026-08-24T11:16:05Z,2026-08-24T11:40:44Z,2026-08-24T12:43:39Z,70.6
marc,11705,Train517,2026-08-24,11958,UNION STATION MARC Washington,NA,NA,2026-08-24T12:19:00Z,2026-08-24T12:53:51Z,2026-08-24T12:43:39Z,70.6
marc,11705,Train610,2026-08-24,11958,UNION STATION MARC Washington,2026-08-24T11:50:00Z,2026-08-24T11:51:16Z,NA,NA,2026-08-24T12:43:39Z,70.6
marc,11705,Train610,2026-08-24,12002,PENN STATION MARC nb,2026-08-24T12:46:00Z,2026-08-24T12:38:17Z,2026-08-24T12:40:15Z,2026-08-24T12:37:23Z,2026-08-24T12:43:39Z,70.6
marc,11705,Train612,2026-08-24,11958,UNION STATION MARC Washington,2026-08-24T12:20:00Z,2026-08-24T12:21:14Z,NA,NA,2026-08-24T12:43:39Z,70.6
marc,11705,Train612,2026-08-24,12002,PENN STATION MARC nb,2026-08-24T13:20:00Z,2026-08-24T13:22:24Z,2026-08-24T13:17:00Z,2026-08-24T13:19:24Z,2026-08-24T12:43:39Z,70.6
amtrak,NER,66,2026-08-24,BAL,Baltimore Penn Station,2026-08-24T03:01:00Z,2026-08-24T03:02:00Z,2026-08-24T02:49:00Z,2026-08-24T02:54:00Z,2026-08-24T12:43:39Z,70.6
amtrak,NER,66,2026-08-24,WAS,Washington Union Station,2026-08-24T02:00:00Z,2026-08-24T02:18:00Z,2026-08-24T01:28:00Z,2026-08-24T01:53:00Z,2026-08-24T12:43:39Z,70.6
amtrak,NER,67,2026-08-24,BAL,Baltimore Penn Station,2026-08-24T10:04:00Z,2026-08-24T10:11:00Z,2026-08-24T10:02:00Z,2026-08-24T10:10:00Z,2026-08-24T12:43:39Z,70.6
amtrak,NER,67,2026-08-24,WAS,Washington Union Station,2026-08-24T11:20:00Z,2026-08-24T11:20:00Z,2026-08-24T10:54:00Z,2026-08-24T10:48:00Z,2026-08-24T12:43:39Z,70.6
amtrak,NER,86,2026-08-24,BAL,Baltimore Penn Station,2026-08-24T13:32:00Z,2026-08-24T13:30:00Z,2026-08-24T13:30:00Z,2026-08-24T13:30:00Z,2026-08-24T12:43:39Z,70.6
amtrak,NER,86,2026-08-24,WAS,Washington Union Station,2026-08-24T12:55:00Z,2026-08-24T12:55:00Z,2026-08-24T12:18:00Z,2026-08-24T12:31:00Z,2026-08-24T12:43:39Z,70.6
amtrak,NER,93,2026-08-24,BAL,Baltimore Penn Station,2026-08-24T20:47:00Z,2026-08-24T20:47:00Z,2026-08-24T20:45:00Z,2026-08-24T20:45:00Z,2026-08-24T12:43:39Z,70.6
amtrak,NER,93,2026-08-24,WAS,Washington Union Station,2026-08-24T22:05:00Z,2026-08-24T22:05:00Z,2026-08-24T21:33:00Z,2026-08-24T21:33:00Z,2026-08-24T12:43:39Z,70.6
amtrak,NER,94,2026-08-24,BAL,Baltimore Penn Station,2026-08-24T18:43:00Z,2026-08-24T18:43:00Z,2026-08-24T18:41:00Z,2026-08-24T18:41:00Z,2026-08-24T12:43:39Z,70.6
amtrak,NER,94,2026-08-24,WAS,Washington Union Station,2026-08-24T18:00:00Z,2026-08-24T18:00:00Z,2026-08-24T17:23:00Z,2026-08-24T17:23:00Z,2026-08-24T12:43:39Z,70.6
amtrak,NER,95,2026-08-24,BAL,Baltimore Penn Station,2026-08-24T17:27:00Z,2026-08-24T17:22:00Z,2026-08-24T17:22:00Z,2026-08-24T17:22:00Z,2026-08-24T12:43:39Z,70.6
amtrak,NER,95,2026-08-24,WAS,Washington Union Station,2026-08-24T18:35:00Z,2026-08-24T18:06:00Z,2026-08-24T18:05:00Z,2026-08-24T18:06:00Z,2026-08-24T12:43:39Z,70.6
amtrak,NER,112,2026-08-24,BAL,Baltimore Penn Station,2026-08-24T12:22:00Z,2026-08-24T12:22:00Z,2026-08-24T12:20:00Z,2026-08-24T12:19:00Z,2026-08-24T12:43:39Z,70.6
amtrak,NER,112,2026-08-24,WAS,Washington Union Station,2026-08-24T11:40:00Z,2026-08-24T11:40:00Z,2026-08-24T11:40:00Z,2026-08-24T11:40:00Z,2026-08-24T12:43:39Z,70.6
amtrak,NER,113,2026-08-24,BAL,Baltimore Penn Station,2026-08-24T13:15:00Z,2026-08-24T14:07:00Z,2026-08-24T13:13:00Z,2026-08-24T14:07:00Z,2026-08-24T12:43:39Z,70.6
amtrak,NER,113,2026-08-24,WAS,Washington Union Station,2026-08-24T14:01:00Z,2026-08-24T14:46:00Z,2026-08-24T14:01:00Z,2026-08-24T14:46:00Z,2026-08-24T12:43:39Z,70.6
amtrak,NER,125,2026-08-24,BAL,Baltimore Penn Station,2026-08-24T18:34:00Z,2026-08-24T18:31:00Z,2026-08-24T18:31:00Z,2026-08-24T18:31:00Z,2026-08-24T12:43:39Z,70.6
amtrak,NER,125,2026-08-24,WAS,Washington Union Station,2026-08-24T19:50:00Z,2026-08-24T19:17:00Z,2026-08-24T19:17:00Z,2026-08-24T19:17:00Z,2026-08-24T12:43:39Z,70.6
amtrak,NER,130,2026-08-24,BAL,Baltimore Penn Station,2026-08-24T11:05:00Z,2026-08-24T11:06:00Z,2026-08-24T11:03:00Z,2026-08-24T10:55:00Z,2026-08-24T12:43:39Z,70.6
amtrak,NER,130,2026-08-24,WAS,Washington Union Station,2026-08-24T10:20:00Z,2026-08-24T10:20:00Z,2026-08-24T10:20:00Z,2026-08-24T10:20:00Z,2026-08-24T12:43:39Z,70.6
amtrak,NER,141,2026-08-24,BAL,Baltimore Penn Station,2026-08-24T15:06:00Z,2026-08-24T15:04:00Z,2026-08-24T15:04:00Z,2026-08-24T15:04:00Z,2026-08-24T12:43:39Z,70.6
amtrak,NER,141,2026-08-24,WAS,Washington Union Station,2026-08-24T15:47:00Z,2026-08-24T15:46:00Z,2026-08-24T15:47:00Z,2026-08-24T15:46:00Z,2026-08-24T12:43:39Z,70.6
amtrak,NER,151,2026-08-24,BAL,Baltimore Penn Station,2026-08-24T10:16:00Z,2026-08-24T10:24:00Z,2026-08-24T10:14:00Z,2026-08-24T10:22:00Z,2026-08-24T12:43:39Z,70.6
amtrak,NER,151,2026-08-24,WAS,Washington Union Station,2026-08-24T11:30:00Z,2026-08-24T11:40:00Z,2026-08-24T10:58:00Z,2026-08-24T11:13:00Z,2026-08-24T12:43:39Z,70.6
amtrak,NER,170,2026-08-24,BAL,Baltimore Penn Station,2026-08-24T09:44:00Z,2026-08-24T09:49:00Z,2026-08-24T09:42:00Z,2026-08-24T09:43:00Z,2026-08-24T12:43:39Z,70.6
amtrak,NER,170,2026-08-24,WAS,Washington Union Station,2026-08-24T09:05:00Z,2026-08-24T09:05:00Z,2026-08-24T09:05:00Z,2026-08-24T09:05:00Z,2026-08-24T12:43:39Z,70.6
amtrak,NER,171,2026-08-24,BAL,Baltimore Penn Station,2026-08-24T19:36:00Z,2026-08-24T19:33:00Z,2026-08-24T19:33:00Z,2026-08-24T19:33:00Z,2026-08-24T12:43:39Z,70.6
amtrak,NER,171,2026-08-24,WAS,Washington Union Station,2026-08-24T21:00:00Z,2026-08-24T20:28:00Z,2026-08-24T20:28:00Z,2026-08-24T20:28:00Z,2026-08-24T12:43:39Z,70.6
amtrak,NER,172,2026-08-24,BAL,Baltimore Penn Station,2026-08-24T11:50:00Z,2026-08-24T11:57:00Z,2026-08-24T11:48:00Z,2026-08-24T11:53:00Z,2026-08-24T12:43:39Z,70.6
amtrak,NER,172,2026-08-24,WAS,Washington Union Station,2026-08-24T11:06:00Z,2026-08-24T11:06:00Z,2026-08-24T11:06:00Z,2026-08-24T11:06:00Z,2026-08-24T12:43:39Z,70.6
amtrak,NER,178,2026-08-24,BAL,Baltimore Penn Station,2026-08-24T20:39:00Z,2026-08-24T20:39:00Z,2026-08-24T20:37:00Z,2026-08-24T20:37:00Z,2026-08-24T12:43:39Z,70.6
amtrak,NER,178,2026-08-24,WAS,Washington Union Station,2026-08-24T19:56:00Z,2026-08-24T19:56:00Z,2026-08-24T18:55:00Z,2026-08-24T18:55:00Z,2026-08-24T12:43:39Z,70.6
amtrak,NER,181,2026-08-24,BAL,Baltimore Penn Station,2026-08-24T12:26:00Z,2026-08-24T12:27:00Z,2026-08-24T12:23:00Z,2026-08-24T12:25:00Z,2026-08-24T12:43:39Z,70.6
amtrak,NER,181,2026-08-24,WAS,Washington Union Station,2026-08-24T13:06:00Z,2026-08-24T12:58:00Z,2026-08-24T13:06:00Z,2026-08-24T12:58:00Z,2026-08-24T12:43:39Z,70.6
amtrak,NER,182,2026-08-24,BAL,Baltimore Penn Station,2026-08-24T14:13:00Z,2026-08-24T14:13:00Z,2026-08-24T14:11:00Z,2026-08-24T14:11:00Z,2026-08-24T12:43:39Z,70.6
amtrak,NER,182,2026-08-24,WAS,Washington Union Station,2026-08-24T13:29:00Z,2026-08-24T13:29:00Z,2026-08-24T13:29:00Z,2026-08-24T13:29:00Z,2026-08-24T12:43:39Z,70.6
amtrak,NER,183,2026-08-24,BAL,Baltimore Penn Station,2026-08-24T14:20:00Z,2026-08-24T14:17:00Z,2026-08-24T14:17:00Z,2026-08-24T14:17:00Z,2026-08-24T12:43:39Z,70.6
amtrak,NER,183,2026-08-24,WAS,Washington Union Station,2026-08-24T15:04:00Z,2026-08-24T15:00:00Z,2026-08-24T15:04:00Z,2026-08-24T15:00:00Z,2026-08-24T12:43:39Z,70.6
amtrak,NER,185,2026-08-24,BAL,Baltimore Penn Station,2026-08-24T16:08:00Z,2026-08-24T16:08:00Z,2026-08-24T16:06:00Z,2026-08-24T16:06:00Z,2026-08-24T12:43:39Z,70.6
amtrak,NER,185,2026-08-24,WAS,Washington Union Station,2026-08-24T16:58:00Z,2026-08-24T16:58:00Z,2026-08-24T16:58:00Z,2026-08-24T16:48:00Z,2026-08-24T12:43:39Z,70.6
marc,11705,Train421,2026-08-24,11980,PENN STATION MARC sb,2026-08-24T12:30:00Z,2026-08-24T12:30:30Z,NA,NA,2026-08-24T12:46:41Z,71
marc,11705,Train421,2026-08-24,11958,UNION STATION MARC Washington,NA,NA,2026-08-24T13:32:00Z,2026-08-24T13:33:56Z,2026-08-24T12:46:41Z,71
marc,11705,Train419,2026-08-24,11980,PENN STATION MARC sb,2026-08-24T11:50:00Z,2026-08-24T11:51:12Z,NA,NA,2026-08-24T12:46:41Z,71
marc,11705,Train419,2026-08-24,11958,UNION STATION MARC Washington,NA,NA,2026-08-24T12:53:00Z,2026-08-24T13:03:43Z,2026-08-24T12:46:41Z,71
marc,11705,Train525,2026-08-24,11980,PENN STATION MARC sb,2026-08-24T13:30:00Z,2026-08-24T13:30:00Z,2026-08-24T13:28:00Z,2026-08-24T13:28:00Z,2026-08-24T12:46:41Z,71
marc,11705,Train525,2026-08-24,11958,UNION STATION MARC Washington,NA,NA,2026-08-24T14:28:00Z,2026-08-24T14:28:00Z,2026-08-24T12:46:41Z,71
marc,11705,Train517,2026-08-24,11980,PENN STATION MARC sb,2026-08-24T11:20:00Z,2026-08-24T11:46:56Z,2026-08-24T11:16:05Z,2026-08-24T11:40:44Z,2026-08-24T12:46:41Z,71
marc,11705,Train517,2026-08-24,11958,UNION STATION MARC Washington,NA,NA,2026-08-24T12:19:00Z,2026-08-24T12:53:01Z,2026-08-24T12:46:41Z,71
marc,11705,Train610,2026-08-24,11958,UNION STATION MARC Washington,2026-08-24T11:50:00Z,2026-08-24T11:51:16Z,NA,NA,2026-08-24T12:46:41Z,71
marc,11705,Train610,2026-08-24,12002,PENN STATION MARC nb,2026-08-24T12:46:00Z,2026-08-24T12:38:17Z,2026-08-24T12:40:15Z,2026-08-24T12:37:23Z,2026-08-24T12:46:41Z,71
marc,11705,Train612,2026-08-24,11958,UNION STATION MARC Washington,2026-08-24T12:20:00Z,2026-08-24T12:21:14Z,NA,NA,2026-08-24T12:46:41Z,71
marc,11705,Train612,2026-08-24,12002,PENN STATION MARC nb,2026-08-24T13:20:00Z,2026-08-24T13:21:53Z,2026-08-24T13:17:00Z,2026-08-24T13:18:53Z,2026-08-24T12:46:41Z,71
amtrak,NER,66,2026-08-24,BAL,Baltimore Penn Station,2026-08-24T03:01:00Z,2026-08-24T03:02:00Z,2026-08-24T02:49:00Z,2026-08-24T02:54:00Z,2026-08-24T12:46:41Z,71
amtrak,NER,66,2026-08-24,WAS,Washington Union Station,2026-08-24T02:00:00Z,2026-08-24T02:18:00Z,2026-08-24T01:28:00Z,2026-08-24T01:53:00Z,2026-08-24T12:46:41Z,71
amtrak,NER,67,2026-08-24,BAL,Baltimore Penn Station,2026-08-24T10:04:00Z,2026-08-24T10:11:00Z,2026-08-24T10:02:00Z,2026-08-24T10:10:00Z,2026-08-24T12:46:41Z,71
amtrak,NER,67,2026-08-24,WAS,Washington Union Station,2026-08-24T11:20:00Z,2026-08-24T11:20:00Z,2026-08-24T10:54:00Z,2026-08-24T10:48:00Z,2026-08-24T12:46:41Z,71
amtrak,NER,86,2026-08-24,BAL,Baltimore Penn Station,2026-08-24T13:32:00Z,2026-08-24T13:30:00Z,2026-08-24T13:30:00Z,2026-08-24T13:30:00Z,2026-08-24T12:46:41Z,71
amtrak,NER,86,2026-08-24,WAS,Washington Union Station,2026-08-24T12:55:00Z,2026-08-24T12:55:00Z,2026-08-24T12:18:00Z,2026-08-24T12:31:00Z,2026-08-24T12:46:41Z,71
amtrak,NER,93,2026-08-24,BAL,Baltimore Penn Station,2026-08-24T20:47:00Z,2026-08-24T20:47:00Z,2026-08-24T20:45:00Z,2026-08-24T20:45:00Z,2026-08-24T12:46:41Z,71
amtrak,NER,93,2026-08-24,WAS,Washington Union Station,2026-08-24T22:05:00Z,2026-08-24T22:05:00Z,2026-08-24T21:33:00Z,2026-08-24T21:33:00Z,2026-08-24T12:46:41Z,71
amtrak,NER,94,2026-08-24,BAL,Baltimore Penn Station,2026-08-24T18:43:00Z,2026-08-24T18:43:00Z,2026-08-24T18:41:00Z,2026-08-24T18:41:00Z,2026-08-24T12:46:41Z,71
amtrak,NER,94,2026-08-24,WAS,Washington Union Station,2026-08-24T18:00:00Z,2026-08-24T18:00:00Z,2026-08-24T17:23:00Z,2026-08-24T17:23:00Z,2026-08-24T12:46:41Z,71
amtrak,NER,95,2026-08-24,BAL,Baltimore Penn Station,2026-08-24T17:27:00Z,2026-08-24T17:22:00Z,2026-08-24T17:22:00Z,2026-08-24T17:22:00Z,2026-08-24T12:46:41Z,71
amtrak,NER,95,2026-08-24,WAS,Washington Union Station,2026-08-24T18:35:00Z,2026-08-24T18:06:00Z,2026-08-24T18:05:00Z,2026-08-24T18:06:00Z,2026-08-24T12:46:41Z,71
amtrak,NER,112,2026-08-24,BAL,Baltimore Penn Station,2026-08-24T12:22:00Z,2026-08-24T12:22:00Z,2026-08-24T12:20:00Z,2026-08-24T12:19:00Z,2026-08-24T12:46:41Z,71
amtrak,NER,112,2026-08-24,WAS,Washington Union Station,2026-08-24T11:40:00Z,2026-08-24T11:40:00Z,2026-08-24T11:40:00Z,2026-08-24T11:40:00Z,2026-08-24T12:46:41Z,71
amtrak,NER,113,2026-08-24,BAL,Baltimore Penn Station,2026-08-24T13:15:00Z,2026-08-24T14:07:00Z,2026-08-24T13:13:00Z,2026-08-24T14:07:00Z,2026-08-24T12:46:41Z,71
amtrak,NER,113,2026-08-24,WAS,Washington Union Station,2026-08-24T14:01:00Z,2026-08-24T14:46:00Z,2026-08-24T14:01:00Z,2026-08-24T14:46:00Z,2026-08-24T12:46:41Z,71
amtrak,NER,125,2026-08-24,BAL,Baltimore Penn Station,2026-08-24T18:34:00Z,2026-08-24T18:31:00Z,2026-08-24T18:31:00Z,2026-08-24T18:31:00Z,2026-08-24T12:46:41Z,71
amtrak,NER,125,2026-08-24,WAS,Washington Union Station,2026-08-24T19:50:00Z,2026-08-24T19:17:00Z,2026-08-24T19:17:00Z,2026-08-24T19:17:00Z,2026-08-24T12:46:41Z,71
amtrak,NER,130,2026-08-24,BAL,Baltimore Penn Station,2026-08-24T11:05:00Z,2026-08-24T11:06:00Z,2026-08-24T11:03:00Z,2026-08-24T10:55:00Z,2026-08-24T12:46:41Z,71
amtrak,NER,130,2026-08-24,WAS,Washington Union Station,2026-08-24T10:20:00Z,2026-08-24T10:20:00Z,2026-08-24T10:20:00Z,2026-08-24T10:20:00Z,2026-08-24T12:46:41Z,71
amtrak,NER,141,2026-08-24,BAL,Baltimore Penn Station,2026-08-24T15:06:00Z,2026-08-24T15:04:00Z,2026-08-24T15:04:00Z,2026-08-24T15:04:00Z,2026-08-24T12:46:41Z,71
amtrak,NER,141,2026-08-24,WAS,Washington Union Station,2026-08-24T15:47:00Z,2026-08-24T15:46:00Z,2026-08-24T15:47:00Z,2026-08-24T15:46:00Z,2026-08-24T12:46:41Z,71
amtrak,NER,151,2026-08-24,BAL,Baltimore Penn Station,2026-08-24T10:16:00Z,2026-08-24T10:24:00Z,2026-08-24T10:14:00Z,2026-08-24T10:22:00Z,2026-08-24T12:46:41Z,71
amtrak,NER,151,2026-08-24,WAS,Washington Union Station,2026-08-24T11:30:00Z,2026-08-24T11:40:00Z,2026-08-24T10:58:00Z,2026-08-24T11:13:00Z,2026-08-24T12:46:41Z,71
amtrak,NER,170,2026-08-24,BAL,Baltimore Penn Station,2026-08-24T09:44:00Z,2026-08-24T09:49:00Z,2026-08-24T09:42:00Z,2026-08-24T09:43:00Z,2026-08-24T12:46:41Z,71
amtrak,NER,170,2026-08-24,WAS,Washington Union Station,2026-08-24T09:05:00Z,2026-08-24T09:05:00Z,2026-08-24T09:05:00Z,2026-08-24T09:05:00Z,2026-08-24T12:46:41Z,71
amtrak,NER,171,2026-08-24,BAL,Baltimore Penn Station,2026-08-24T19:36:00Z,2026-08-24T19:33:00Z,2026-08-24T19:33:00Z,2026-08-24T19:33:00Z,2026-08-24T12:46:41Z,71
amtrak,NER,171,2026-08-24,WAS,Washington Union Station,2026-08-24T21:00:00Z,2026-08-24T20:28:00Z,2026-08-24T20:28:00Z,2026-08-24T20:28:00Z,2026-08-24T12:46:41Z,71
amtrak,NER,172,2026-08-24,BAL,Baltimore Penn Station,2026-08-24T11:50:00Z,2026-08-24T11:57:00Z,2026-08-24T11:48:00Z,2026-08-24T11:53:00Z,2026-08-24T12:46:41Z,71
amtrak,NER,172,2026-08-24,WAS,Washington Union Station,2026-08-24T11:06:00Z,2026-08-24T11:06:00Z,2026-08-24T11:06:00Z,2026-08-24T11:06:00Z,2026-08-24T12:46:41Z,71
amtrak,NER,178,2026-08-24,BAL,Baltimore Penn Station,2026-08-24T20:39:00Z,2026-08-24T20:39:00Z,2026-08-24T20:37:00Z,2026-08-24T20:37:00Z,2026-08-24T12:46:41Z,71
amtrak,NER,178,2026-08-24,WAS,Washington Union Station,2026-08-24T19:56:00Z,2026-08-24T19:56:00Z,2026-08-24T18:55:00Z,2026-08-24T18:55:00Z,2026-08-24T12:46:41Z,71
amtrak,NER,181,2026-08-24,BAL,Baltimore Penn Station,2026-08-24T12:26:00Z,2026-08-24T12:27:00Z,2026-08-24T12:23:00Z,2026-08-24T12:25:00Z,2026-08-24T12:46:41Z,71
amtrak,NER,181,2026-08-24,WAS,Washington Union Station,2026-08-24T13:06:00Z,2026-08-24T12:58:00Z,2026-08-24T13:06:00Z,2026-08-24T12:58:00Z,2026-08-24T12:46:41Z,71
amtrak,NER,182,2026-08-24,BAL,Baltimore Penn Station,2026-08-24T14:13:00Z,2026-08-24T14:13:00Z,2026-08-24T14:11:00Z,2026-08-24T14:11:00Z,2026-08-24T12:46:41Z,71
amtrak,NER,182,2026-08-24,WAS,Washington Union Station,2026-08-24T13:29:00Z,2026-08-24T13:29:00Z,2026-08-24T13:29:00Z,2026-08-24T13:29:00Z,2026-08-24T12:46:41Z,71
amtrak,NER,183,2026-08-24,BAL,Baltimore Penn Station,2026-08-24T14:20:00Z,2026-08-24T14:17:00Z,2026-08-24T14:17:00Z,2026-08-24T14:17:00Z,2026-08-24T12:46:41Z,71
amtrak,NER,183,2026-08-24,WAS,Washington Union Station,2026-08-24T15:04:00Z,2026-08-24T15:00:00Z,2026-08-24T15:04:00Z,2026-08-24T15:00:00Z,2026-08-24T12:46:41Z,71
amtrak,NER,185,2026-08-24,BAL,Baltimore Penn Station,2026-08-24T16:08:00Z,2026-08-24T16:08:00Z,2026-08-24T16:06:00Z,2026-08-24T16:06:00Z,2026-08-24T12:46:41Z,71
amtrak,NER,185,2026-08-24,WAS,Washington Union Station,2026-08-24T16:58:00Z,2026-08-24T16:58:00Z,2026-08-24T16:58:00Z,2026-08-24T16:48:00Z,2026-08-24T12:46:41Z,71
marc,11705,Train421,2026-08-24,11980,PENN STATION MARC sb,2026-08-24T12:30:00Z,2026-08-24T12:30:30Z,NA,NA,2026-08-24T12:49:42Z,70.4
marc,11705,Train421,2026-08-24,11958,UNION STATION MARC Washington,NA,NA,2026-08-24T13:32:00Z,2026-08-24T13:33:30Z,2026-08-24T12:49:42Z,70.4
marc,11705,Train419,2026-08-24,11980,PENN STATION MARC sb,2026-08-24T11:50:00Z,2026-08-24T11:51:12Z,NA,NA,2026-08-24T12:49:42Z,70.4
marc,11705,Train419,2026-08-24,11958,UNION STATION MARC Washington,NA,NA,2026-08-24T12:53:00Z,2026-08-24T13:01:50Z,2026-08-24T12:49:42Z,70.4
marc,11705,Train525,2026-08-24,11980,PENN STATION MARC sb,2026-08-24T13:30:00Z,2026-08-24T13:32:31Z,2026-08-24T13:28:00Z,2026-08-24T13:30:31Z,2026-08-24T12:49:42Z,70.4
marc,11705,Train525,2026-08-24,11958,UNION STATION MARC Washington,NA,NA,2026-08-24T14:28:00Z,2026-08-24T14:30:31Z,2026-08-24T12:49:42Z,70.4
marc,11705,Train517,2026-08-24,11980,PENN STATION MARC sb,2026-08-24T11:20:00Z,2026-08-24T11:46:56Z,2026-08-24T11:16:05Z,2026-08-24T11:40:44Z,2026-08-24T12:49:42Z,70.4
marc,11705,Train517,2026-08-24,11958,UNION STATION MARC Washington,NA,NA,2026-08-24T12:19:00Z,2026-08-24T12:53:01Z,2026-08-24T12:49:42Z,70.4
marc,11705,Train610,2026-08-24,11958,UNION STATION MARC Washington,2026-08-24T11:50:00Z,2026-08-24T11:51:16Z,NA,NA,2026-08-24T12:49:42Z,70.4
marc,11705,Train610,2026-08-24,12002,PENN STATION MARC nb,2026-08-24T12:46:00Z,2026-08-24T12:38:17Z,2026-08-24T12:40:15Z,2026-08-24T12:37:23Z,2026-08-24T12:49:42Z,70.4
marc,11705,Train612,2026-08-24,11958,UNION STATION MARC Washington,2026-08-24T12:20:00Z,2026-08-24T12:21:14Z,NA,NA,2026-08-24T12:49:42Z,70.4
marc,11705,Train612,2026-08-24,12002,PENN STATION MARC nb,2026-08-24T13:20:00Z,2026-08-24T13:22:23Z,2026-08-24T13:17:00Z,2026-08-24T13:19:23Z,2026-08-24T12:49:42Z,70.4
amtrak,NER,66,2026-08-24,BAL,Baltimore Penn Station,2026-08-24T03:01:00Z,2026-08-24T03:02:00Z,2026-08-24T02:49:00Z,2026-08-24T02:54:00Z,2026-08-24T12:49:42Z,70.4
amtrak,NER,66,2026-08-24,WAS,Washington Union Station,2026-08-24T02:00:00Z,2026-08-24T02:18:00Z,2026-08-24T01:28:00Z,2026-08-24T01:53:00Z,2026-08-24T12:49:42Z,70.4
amtrak,NER,67,2026-08-24,BAL,Baltimore Penn Station,2026-08-24T10:04:00Z,2026-08-24T10:11:00Z,2026-08-24T10:02:00Z,2026-08-24T10:10:00Z,2026-08-24T12:49:42Z,70.4
amtrak,NER,67,2026-08-24,WAS,Washington Union Station,2026-08-24T11:20:00Z,2026-08-24T11:20:00Z,2026-08-24T10:54:00Z,2026-08-24T10:48:00Z,2026-08-24T12:49:42Z,70.4
amtrak,NER,86,2026-08-24,BAL,Baltimore Penn Station,2026-08-24T13:32:00Z,2026-08-24T13:30:00Z,2026-08-24T13:30:00Z,2026-08-24T13:30:00Z,2026-08-24T12:49:42Z,70.4
amtrak,NER,86,2026-08-24,WAS,Washington Union Station,2026-08-24T12:55:00Z,2026-08-24T12:55:00Z,2026-08-24T12:18:00Z,2026-08-24T12:31:00Z,2026-08-24T12:49:42Z,70.4
amtrak,NER,93,2026-08-24,BAL,Baltimore Penn Station,2026-08-24T20:47:00Z,2026-08-24T20:47:00Z,2026-08-24T20:45:00Z,2026-08-24T20:45:00Z,2026-08-24T12:49:42Z,70.4
amtrak,NER,93,2026-08-24,WAS,Washington Union Station,2026-08-24T22:05:00Z,2026-08-24T22:05:00Z,2026-08-24T21:33:00Z,2026-08-24T21:33:00Z,2026-08-24T12:49:42Z,70.4
amtrak,NER,94,2026-08-24,BAL,Baltimore Penn Station,2026-08-24T18:43:00Z,2026-08-24T18:43:00Z,2026-08-24T18:41:00Z,2026-08-24T18:41:00Z,2026-08-24T12:49:42Z,70.4
amtrak,NER,94,2026-08-24,WAS,Washington Union Station,2026-08-24T18:00:00Z,2026-08-24T18:00:00Z,2026-08-24T17:23:00Z,2026-08-24T17:23:00Z,2026-08-24T12:49:42Z,70.4
amtrak,NER,95,2026-08-24,BAL,Baltimore Penn Station,2026-08-24T17:27:00Z,2026-08-24T17:22:00Z,2026-08-24T17:22:00Z,2026-08-24T17:22:00Z,2026-08-24T12:49:42Z,70.4
amtrak,NER,95,2026-08-24,WAS,Washington Union Station,2026-08-24T18:35:00Z,2026-08-24T18:06:00Z,2026-08-24T18:05:00Z,2026-08-24T18:06:00Z,2026-08-24T12:49:42Z,70.4
amtrak,NER,112,2026-08-24,BAL,Baltimore Penn Station,2026-08-24T12:22:00Z,2026-08-24T12:22:00Z,2026-08-24T12:20:00Z,2026-08-24T12:19:00Z,2026-08-24T12:49:42Z,70.4
amtrak,NER,112,2026-08-24,WAS,Washington Union Station,2026-08-24T11:40:00Z,2026-08-24T11:40:00Z,2026-08-24T11:40:00Z,2026-08-24T11:40:00Z,2026-08-24T12:49:42Z,70.4
amtrak,NER,113,2026-08-24,BAL,Baltimore Penn Station,2026-08-24T13:15:00Z,2026-08-24T14:07:00Z,2026-08-24T13:13:00Z,2026-08-24T14:07:00Z,2026-08-24T12:49:42Z,70.4
amtrak,NER,113,2026-08-24,WAS,Washington Union Station,2026-08-24T14:01:00Z,2026-08-24T14:46:00Z,2026-08-24T14:01:00Z,2026-08-24T14:46:00Z,2026-08-24T12:49:42Z,70.4
amtrak,NER,125,2026-08-24,BAL,Baltimore Penn Station,2026-08-24T18:34:00Z,2026-08-24T18:31:00Z,2026-08-24T18:31:00Z,2026-08-24T18:31:00Z,2026-08-24T12:49:42Z,70.4
amtrak,NER,125,2026-08-24,WAS,Washington Union Station,2026-08-24T19:50:00Z,2026-08-24T19:17:00Z,2026-08-24T19:17:00Z,2026-08-24T19:17:00Z,2026-08-24T12:49:42Z,70.4
amtrak,NER,130,2026-08-24,BAL,Baltimore Penn Station,2026-08-24T11:05:00Z,2026-08-24T11:06:00Z,2026-08-24T11:03:00Z,2026-08-24T10:55:00Z,2026-08-24T12:49:42Z,70.4
amtrak,NER,130,2026-08-24,WAS,Washington Union Station,2026-08-24T10:20:00Z,2026-08-24T10:20:00Z,2026-08-24T10:20:00Z,2026-08-24T10:20:00Z,2026-08-24T12:49:42Z,70.4
amtrak,NER,141,2026-08-24,BAL,Baltimore Penn Station,2026-08-24T15:06:00Z,2026-08-24T15:04:00Z,2026-08-24T15:04:00Z,2026-08-24T15:04:00Z,2026-08-24T12:49:42Z,70.4
amtrak,NER,141,2026-08-24,WAS,Washington Union Station,2026-08-24T15:47:00Z,2026-08-24T15:46:00Z,2026-08-24T15:47:00Z,2026-08-24T15:46:00Z,2026-08-24T12:49:42Z,70.4
amtrak,NER,151,2026-08-24,BAL,Baltimore Penn Station,2026-08-24T10:16:00Z,2026-08-24T10:24:00Z,2026-08-24T10:14:00Z,2026-08-24T10:22:00Z,2026-08-24T12:49:42Z,70.4
amtrak,NER,151,2026-08-24,WAS,Washington Union Station,2026-08-24T11:30:00Z,2026-08-24T11:40:00Z,2026-08-24T10:58:00Z,2026-08-24T11:13:00Z,2026-08-24T12:49:42Z,70.4
amtrak,NER,170,2026-08-24,BAL,Baltimore Penn Station,2026-08-24T09:44:00Z,2026-08-24T09:49:00Z,2026-08-24T09:42:00Z,2026-08-24T09:43:00Z,2026-08-24T12:49:42Z,70.4
amtrak,NER,170,2026-08-24,WAS,Washington Union Station,2026-08-24T09:05:00Z,2026-08-24T09:05:00Z,2026-08-24T09:05:00Z,2026-08-24T09:05:00Z,2026-08-24T12:49:42Z,70.4
amtrak,NER,171,2026-08-24,BAL,Baltimore Penn Station,2026-08-24T19:36:00Z,2026-08-24T19:33:00Z,2026-08-24T19:33:00Z,2026-08-24T19:33:00Z,2026-08-24T12:49:42Z,70.4
amtrak,NER,171,2026-08-24,WAS,Washington Union Station,2026-08-24T21:00:00Z,2026-08-24T20:28:00Z,2026-08-24T20:28:00Z,2026-08-24T20:28:00Z,2026-08-24T12:49:42Z,70.4
amtrak,NER,172,2026-08-24,BAL,Baltimore Penn Station,2026-08-24T11:50:00Z,2026-08-24T11:57:00Z,2026-08-24T11:48:00Z,2026-08-24T11:53:00Z,2026-08-24T12:49:42Z,70.4
amtrak,NER,172,2026-08-24,WAS,Washington Union Station,2026-08-24T11:06:00Z,2026-08-24T11:06:00Z,2026-08-24T11:06:00Z,2026-08-24T11:06:00Z,2026-08-24T12:49:42Z,70.4
amtrak,NER,178,2026-08-24,BAL,Baltimore Penn Station,2026-08-24T20:39:00Z,2026-08-24T20:39:00Z,2026-08-24T20:37:00Z,2026-08-24T20:37:00Z,2026-08-24T12:49:42Z,70.4
amtrak,NER,178,2026-08-24,WAS,Washington Union Station,2026-08-24T19:56:00Z,2026-08-24T19:56:00Z,2026-08-24T18:55:00Z,2026-08-24T18:55:00Z,2026-08-24T12:49:42Z,70.4
amtrak,NER,181,2026-08-24,BAL,Baltimore Penn Station,2026-08-24T12:26:00Z,2026-08-24T12:27:00Z,2026-08-24T12:23:00Z,2026-08-24T12:25:00Z,2026-08-24T12:49:42Z,70.4
amtrak,NER,181,2026-08-24,WAS,Washington Union Station,2026-08-24T13:06:00Z,2026-08-24T12:58:00Z,2026-08-24T13:06:00Z,2026-08-24T12:58:00Z,2026-08-24T12:49:42Z,70.4
amtrak,NER,182,2026-08-24,BAL,Baltimore Penn Station,2026-08-24T14:13:00Z,2026-08-24T14:13:00Z,2026-08-24T14:11:00Z,2026-08-24T14:11:00Z,2026-08-24T12:49:42Z,70.4
amtrak,NER,182,2026-08-24,WAS,Washington Union Station,2026-08-24T13:29:00Z,2026-08-24T13:29:00Z,2026-08-24T13:29:00Z,2026-08-24T13:29:00Z,2026-08-24T12:49:42Z,70.4
amtrak,NER,183,2026-08-24,BAL,Baltimore Penn Station,2026-08-24T14:20:00Z,2026-08-24T14:17:00Z,2026-08-24T14:17:00Z,2026-08-24T14:17:00Z,2026-08-24T12:49:42Z,70.4
amtrak,NER,183,2026-08-24,WAS,Washington Union Station,2026-08-24T15:04:00Z,2026-08-24T15:00:00Z,2026-08-24T15:04:00Z,2026-08-24T15:00:00Z,2026-08-24T12:49:42Z,70.4
amtrak,NER,185,2026-08-24,BAL,Baltimore Penn Station,2026-08-24T16:08:00Z,2026-08-24T16:08:00Z,2026-08-24T16:06:00Z,2026-08-24T16:06:00Z,2026-08-24T12:49:42Z,70.4
amtrak,NER,185,2026-08-24,WAS,Washington Union Station,2026-08-24T16:58:00Z,2026-08-24T16:58:00Z,2026-08-24T16:58:00Z,2026-08-24T16:48:00Z,2026-08-24T12:49:42Z,70.4
marc,11705,Train412,2026-08-24,11958,UNION STATION MARC Washington,2026-08-24T13:00:00Z,2026-08-24T13:02:03Z,NA,NA,2026-08-24T13:38:55Z,61.7
marc,11705,Train412,2026-08-24,12002,PENN STATION MARC nb,NA,NA,2026-08-24T13:56:00Z,2026-08-24T14:00:59Z,2026-08-24T13:38:55Z,61.7
marc,11705,Train423,2026-08-24,11980,PENN STATION MARC sb,NA,NA,NA,NA,2026-08-24T13:38:55Z,61.7
marc,11705,Train423,2026-08-24,11958,UNION STATION MARC Washington,NA,NA,2026-08-24T14:03:00Z,2026-08-24T14:14:24Z,2026-08-24T13:38:55Z,61.7
marc,11705,Train525,2026-08-24,11980,PENN STATION MARC sb,2026-08-24T13:30:00Z,2026-08-24T13:35:03Z,2026-08-24T13:28:00Z,2026-08-24T13:33:12Z,2026-08-24T13:38:55Z,61.7
marc,11705,Train525,2026-08-24,11958,UNION STATION MARC Washington,NA,NA,2026-08-24T14:28:00Z,2026-08-24T14:32:58Z,2026-08-24T13:38:55Z,61.7
marc,11705,Train612,2026-08-24,11958,UNION STATION MARC Washington,2026-08-24T12:20:00Z,2026-08-24T12:21:14Z,NA,NA,2026-08-24T13:38:55Z,61.7
marc,11705,Train612,2026-08-24,12002,PENN STATION MARC nb,2026-08-24T13:20:00Z,2026-08-24T13:21:03Z,2026-08-24T13:17:00Z,2026-08-24T13:19:54Z,2026-08-24T13:38:55Z,61.7
amtrak,NER,66,2026-08-24,BAL,Baltimore Penn Station,2026-08-24T03:01:00Z,2026-08-24T03:02:00Z,2026-08-24T02:49:00Z,2026-08-24T02:54:00Z,2026-08-24T13:38:55Z,61.7
amtrak,NER,66,2026-08-24,WAS,Washington Union Station,2026-08-24T02:00:00Z,2026-08-24T02:18:00Z,2026-08-24T01:28:00Z,2026-08-24T01:53:00Z,2026-08-24T13:38:55Z,61.7
amtrak,NER,67,2026-08-24,BAL,Baltimore Penn Station,2026-08-24T10:04:00Z,2026-08-24T10:11:00Z,2026-08-24T10:02:00Z,2026-08-24T10:10:00Z,2026-08-24T13:38:55Z,61.7
amtrak,NER,67,2026-08-24,WAS,Washington Union Station,2026-08-24T11:20:00Z,2026-08-24T11:20:00Z,2026-08-24T10:54:00Z,2026-08-24T10:48:00Z,2026-08-24T13:38:55Z,61.7
amtrak,NER,85,2026-08-24,BAL,Baltimore Penn Station,2026-08-24T21:56:00Z,2026-08-24T21:56:00Z,2026-08-24T21:53:00Z,2026-08-24T21:53:00Z,2026-08-24T13:38:55Z,61.7
amtrak,NER,85,2026-08-24,WAS,Washington Union Station,2026-08-24T22:45:00Z,2026-08-24T22:45:00Z,2026-08-24T22:45:00Z,2026-08-24T22:34:00Z,2026-08-24T13:38:55Z,61.7
amtrak,NER,86,2026-08-24,BAL,Baltimore Penn Station,2026-08-24T13:32:00Z,2026-08-24T13:30:00Z,2026-08-24T13:30:00Z,2026-08-24T13:30:00Z,2026-08-24T13:38:55Z,61.7
amtrak,NER,86,2026-08-24,WAS,Washington Union Station,2026-08-24T12:55:00Z,2026-08-24T13:17:00Z,2026-08-24T12:18:00Z,2026-08-24T12:31:00Z,2026-08-24T13:38:55Z,61.7
amtrak,NER,93,2026-08-24,BAL,Baltimore Penn Station,2026-08-24T20:47:00Z,2026-08-24T20:45:00Z,2026-08-24T20:45:00Z,2026-08-24T20:45:00Z,2026-08-24T13:38:55Z,61.7
amtrak,NER,93,2026-08-24,WAS,Washington Union Station,2026-08-24T22:05:00Z,2026-08-24T21:33:00Z,2026-08-24T21:33:00Z,2026-08-24T21:33:00Z,2026-08-24T13:38:55Z,61.7
amtrak,NER,94,2026-08-24,BAL,Baltimore Penn Station,2026-08-24T18:43:00Z,2026-08-24T18:41:00Z,2026-08-24T18:41:00Z,2026-08-24T18:41:00Z,2026-08-24T13:38:55Z,61.7
amtrak,NER,94,2026-08-24,WAS,Washington Union Station,2026-08-24T18:00:00Z,2026-08-24T17:23:00Z,2026-08-24T17:23:00Z,2026-08-24T17:23:00Z,2026-08-24T13:38:55Z,61.7
amtrak,NER,95,2026-08-24,BAL,Baltimore Penn Station,2026-08-24T17:27:00Z,2026-08-24T17:22:00Z,2026-08-24T17:22:00Z,2026-08-24T17:22:00Z,2026-08-24T13:38:55Z,61.7
amtrak,NER,95,2026-08-24,WAS,Washington Union Station,2026-08-24T18:35:00Z,2026-08-24T18:06:00Z,2026-08-24T18:05:00Z,2026-08-24T18:06:00Z,2026-08-24T13:38:55Z,61.7
amtrak,NER,112,2026-08-24,BAL,Baltimore Penn Station,2026-08-24T12:22:00Z,2026-08-24T12:22:00Z,2026-08-24T12:20:00Z,2026-08-24T12:19:00Z,2026-08-24T13:38:55Z,61.7
amtrak,NER,112,2026-08-24,WAS,Washington Union Station,2026-08-24T11:40:00Z,2026-08-24T11:40:00Z,2026-08-24T11:40:00Z,2026-08-24T11:40:00Z,2026-08-24T13:38:55Z,61.7
amtrak,NER,113,2026-08-24,BAL,Baltimore Penn Station,2026-08-24T13:15:00Z,2026-08-24T14:19:00Z,2026-08-24T13:13:00Z,2026-08-24T14:19:00Z,2026-08-24T13:38:55Z,61.7
amtrak,NER,113,2026-08-24,WAS,Washington Union Station,2026-08-24T14:01:00Z,2026-08-24T14:56:00Z,2026-08-24T14:01:00Z,2026-08-24T14:56:00Z,2026-08-24T13:38:55Z,61.7
amtrak,NER,125,2026-08-24,BAL,Baltimore Penn Station,2026-08-24T18:34:00Z,2026-08-24T18:31:00Z,2026-08-24T18:31:00Z,2026-08-24T18:31:00Z,2026-08-24T13:38:55Z,61.7
amtrak,NER,125,2026-08-24,WAS,Washington Union Station,2026-08-24T19:50:00Z,2026-08-24T19:17:00Z,2026-08-24T19:17:00Z,2026-08-24T19:17:00Z,2026-08-24T13:38:55Z,61.7
amtrak,NER,130,2026-08-24,BAL,Baltimore Penn Station,2026-08-24T11:05:00Z,2026-08-24T11:06:00Z,2026-08-24T11:03:00Z,2026-08-24T10:55:00Z,2026-08-24T13:38:55Z,61.7
amtrak,NER,130,2026-08-24,WAS,Washington Union Station,2026-08-24T10:20:00Z,2026-08-24T10:20:00Z,2026-08-24T10:20:00Z,2026-08-24T10:20:00Z,2026-08-24T13:38:55Z,61.7
amtrak,NER,141,2026-08-24,BAL,Baltimore Penn Station,2026-08-24T15:06:00Z,2026-08-24T15:04:00Z,2026-08-24T15:04:00Z,2026-08-24T15:04:00Z,2026-08-24T13:38:55Z,61.7
amtrak,NER,141,2026-08-24,WAS,Washington Union Station,2026-08-24T15:47:00Z,2026-08-24T15:46:00Z,2026-08-24T15:47:00Z,2026-08-24T15:46:00Z,2026-08-24T13:38:55Z,61.7
amtrak,NER,151,2026-08-24,BAL,Baltimore Penn Station,2026-08-24T10:16:00Z,2026-08-24T10:24:00Z,2026-08-24T10:14:00Z,2026-08-24T10:22:00Z,2026-08-24T13:38:55Z,61.7
amtrak,NER,151,2026-08-24,WAS,Washington Union Station,2026-08-24T11:30:00Z,2026-08-24T11:40:00Z,2026-08-24T10:58:00Z,2026-08-24T11:13:00Z,2026-08-24T13:38:55Z,61.7
amtrak,NER,170,2026-08-24,BAL,Baltimore Penn Station,2026-08-24T09:44:00Z,2026-08-24T09:49:00Z,2026-08-24T09:42:00Z,2026-08-24T09:43:00Z,2026-08-24T13:38:55Z,61.7
amtrak,NER,170,2026-08-24,WAS,Washington Union Station,2026-08-24T09:05:00Z,2026-08-24T09:05:00Z,2026-08-24T09:05:00Z,2026-08-24T09:05:00Z,2026-08-24T13:38:55Z,61.7
amtrak,NER,171,2026-08-24,BAL,Baltimore Penn Station,2026-08-24T19:36:00Z,2026-08-24T19:33:00Z,2026-08-24T19:33:00Z,2026-08-24T19:33:00Z,2026-08-24T13:38:55Z,61.7
amtrak,NER,171,2026-08-24,WAS,Washington Union Station,2026-08-24T21:00:00Z,2026-08-24T20:28:00Z,2026-08-24T20:28:00Z,2026-08-24T20:28:00Z,2026-08-24T13:38:55Z,61.7
amtrak,NER,172,2026-08-24,BAL,Baltimore Penn Station,2026-08-24T11:50:00Z,2026-08-24T11:57:00Z,2026-08-24T11:48:00Z,2026-08-24T11:53:00Z,2026-08-24T13:38:55Z,61.7
amtrak,NER,172,2026-08-24,WAS,Washington Union Station,2026-08-24T11:06:00Z,2026-08-24T11:06:00Z,2026-08-24T11:06:00Z,2026-08-24T11:06:00Z,2026-08-24T13:38:55Z,61.7
amtrak,NER,174,2026-08-24,BAL,Baltimore Penn Station,2026-08-24T15:18:00Z,2026-08-24T15:18:00Z,2026-08-24T15:16:00Z,2026-08-24T15:16:00Z,2026-08-24T13:38:55Z,61.7
amtrak,NER,174,2026-08-24,WAS,Washington Union Station,2026-08-24T14:35:00Z,2026-08-24T14:35:00Z,2026-08-24T14:35:00Z,2026-08-24T14:16:00Z,2026-08-24T13:38:55Z,61.7
amtrak,NER,178,2026-08-24,BAL,Baltimore Penn Station,2026-08-24T20:39:00Z,2026-08-24T20:37:00Z,2026-08-24T20:37:00Z,2026-08-24T20:37:00Z,2026-08-24T13:38:55Z,61.7
amtrak,NER,178,2026-08-24,WAS,Washington Union Station,2026-08-24T19:56:00Z,2026-08-24T18:55:00Z,2026-08-24T18:55:00Z,2026-08-24T18:55:00Z,2026-08-24T13:38:55Z,61.7
amtrak,NER,182,2026-08-24,BAL,Baltimore Penn Station,2026-08-24T14:13:00Z,2026-08-24T14:11:00Z,2026-08-24T14:11:00Z,2026-08-24T14:11:00Z,2026-08-24T13:38:55Z,61.7
amtrak,NER,182,2026-08-24,WAS,Washington Union Station,2026-08-24T13:29:00Z,2026-08-24T13:29:00Z,2026-08-24T13:29:00Z,2026-08-24T13:29:00Z,2026-08-24T13:38:55Z,61.7
amtrak,NER,183,2026-08-24,BAL,Baltimore Penn Station,2026-08-24T14:20:00Z,2026-08-24T14:17:00Z,2026-08-24T14:17:00Z,2026-08-24T14:17:00Z,2026-08-24T13:38:55Z,61.7
amtrak,NER,183,2026-08-24,WAS,Washington Union Station,2026-08-24T15:04:00Z,2026-08-24T15:04:00Z,2026-08-24T15:04:00Z,2026-08-24T15:04:00Z,2026-08-24T13:38:55Z,61.7
amtrak,NER,185,2026-08-24,BAL,Baltimore Penn Station,2026-08-24T16:08:00Z,2026-08-24T16:06:00Z,2026-08-24T16:06:00Z,2026-08-24T16:06:00Z,2026-08-24T13:38:55Z,61.7
amtrak,NER,185,2026-08-24,WAS,Washington Union Station,2026-08-24T16:58:00Z,2026-08-24T16:48:00Z,2026-08-24T16:58:00Z,2026-08-24T16:48:00Z,2026-08-24T13:38:55Z,61.7
marc,11705,Train412,2026-08-24,11958,UNION STATION MARC Washington,2026-08-24T13:00:00Z,2026-08-24T13:02:03Z,NA,NA,2026-08-24T13:41:56Z,61.7
marc,11705,Train412,2026-08-24,12002,PENN STATION MARC nb,NA,NA,2026-08-24T13:56:00Z,2026-08-24T14:01:49Z,2026-08-24T13:41:56Z,61.7
marc,11705,Train423,2026-08-24,11980,PENN STATION MARC sb,NA,NA,NA,NA,2026-08-24T13:41:56Z,61.7
marc,11705,Train423,2026-08-24,11958,UNION STATION MARC Washington,NA,NA,2026-08-24T14:03:00Z,2026-08-24T14:14:24Z,2026-08-24T13:41:56Z,61.7
marc,11705,Train525,2026-08-24,11980,PENN STATION MARC sb,2026-08-24T13:30:00Z,2026-08-24T13:35:03Z,2026-08-24T13:28:00Z,2026-08-24T13:33:12Z,2026-08-24T13:41:56Z,61.7
marc,11705,Train525,2026-08-24,11958,UNION STATION MARC Washington,NA,NA,2026-08-24T14:28:00Z,2026-08-24T14:32:53Z,2026-08-24T13:41:56Z,61.7
marc,11705,Train612,2026-08-24,11958,UNION STATION MARC Washington,2026-08-24T12:20:00Z,2026-08-24T12:21:14Z,NA,NA,2026-08-24T13:41:56Z,61.7
marc,11705,Train612,2026-08-24,12002,PENN STATION MARC nb,2026-08-24T13:20:00Z,2026-08-24T13:21:03Z,2026-08-24T13:17:00Z,2026-08-24T13:19:54Z,2026-08-24T13:41:56Z,61.7
amtrak,NER,66,2026-08-24,BAL,Baltimore Penn Station,2026-08-24T03:01:00Z,2026-08-24T03:02:00Z,2026-08-24T02:49:00Z,2026-08-24T02:54:00Z,2026-08-24T13:41:56Z,61.7
amtrak,NER,66,2026-08-24,WAS,Washington Union Station,2026-08-24T02:00:00Z,2026-08-24T02:18:00Z,2026-08-24T01:28:00Z,2026-08-24T01:53:00Z,2026-08-24T13:41:56Z,61.7
amtrak,NER,67,2026-08-24,BAL,Baltimore Penn Station,2026-08-24T10:04:00Z,2026-08-24T10:11:00Z,2026-08-24T10:02:00Z,2026-08-24T10:10:00Z,2026-08-24T13:41:56Z,61.7
amtrak,NER,67,2026-08-24,WAS,Washington Union Station,2026-08-24T11:20:00Z,2026-08-24T11:20:00Z,2026-08-24T10:54:00Z,2026-08-24T10:48:00Z,2026-08-24T13:41:56Z,61.7
amtrak,NER,85,2026-08-24,BAL,Baltimore Penn Station,2026-08-24T21:56:00Z,2026-08-24T21:56:00Z,2026-08-24T21:53:00Z,2026-08-24T21:53:00Z,2026-08-24T13:41:56Z,61.7
amtrak,NER,85,2026-08-24,WAS,Washington Union Station,2026-08-24T22:45:00Z,2026-08-24T22:45:00Z,2026-08-24T22:45:00Z,2026-08-24T22:34:00Z,2026-08-24T13:41:56Z,61.7
amtrak,NER,86,2026-08-24,BAL,Baltimore Penn Station,2026-08-24T13:32:00Z,2026-08-24T13:30:00Z,2026-08-24T13:30:00Z,2026-08-24T13:30:00Z,2026-08-24T13:41:56Z,61.7
amtrak,NER,86,2026-08-24,WAS,Washington Union Station,2026-08-24T12:55:00Z,2026-08-24T13:17:00Z,2026-08-24T12:18:00Z,2026-08-24T12:31:00Z,2026-08-24T13:41:56Z,61.7
amtrak,NER,93,2026-08-24,BAL,Baltimore Penn Station,2026-08-24T20:47:00Z,2026-08-24T20:45:00Z,2026-08-24T20:45:00Z,2026-08-24T20:45:00Z,2026-08-24T13:41:56Z,61.7
amtrak,NER,93,2026-08-24,WAS,Washington Union Station,2026-08-24T22:05:00Z,2026-08-24T21:33:00Z,2026-08-24T21:33:00Z,2026-08-24T21:33:00Z,2026-08-24T13:41:56Z,61.7
amtrak,NER,94,2026-08-24,BAL,Baltimore Penn Station,2026-08-24T18:43:00Z,2026-08-24T18:41:00Z,2026-08-24T18:41:00Z,2026-08-24T18:41:00Z,2026-08-24T13:41:56Z,61.7
amtrak,NER,94,2026-08-24,WAS,Washington Union Station,2026-08-24T18:00:00Z,2026-08-24T17:23:00Z,2026-08-24T17:23:00Z,2026-08-24T17:23:00Z,2026-08-24T13:41:56Z,61.7
amtrak,NER,95,2026-08-24,BAL,Baltimore Penn Station,2026-08-24T17:27:00Z,2026-08-24T17:22:00Z,2026-08-24T17:22:00Z,2026-08-24T17:22:00Z,2026-08-24T13:41:56Z,61.7
amtrak,NER,95,2026-08-24,WAS,Washington Union Station,2026-08-24T18:35:00Z,2026-08-24T18:06:00Z,2026-08-24T18:05:00Z,2026-08-24T18:06:00Z,2026-08-24T13:41:56Z,61.7
amtrak,NER,112,2026-08-24,BAL,Baltimore Penn Station,2026-08-24T12:22:00Z,2026-08-24T12:22:00Z,2026-08-24T12:20:00Z,2026-08-24T12:19:00Z,2026-08-24T13:41:56Z,61.7
amtrak,NER,112,2026-08-24,WAS,Washington Union Station,2026-08-24T11:40:00Z,2026-08-24T11:40:00Z,2026-08-24T11:40:00Z,2026-08-24T11:40:00Z,2026-08-24T13:41:56Z,61.7
amtrak,NER,113,2026-08-24,BAL,Baltimore Penn Station,2026-08-24T13:15:00Z,2026-08-24T14:19:00Z,2026-08-24T13:13:00Z,2026-08-24T14:19:00Z,2026-08-24T13:41:56Z,61.7
amtrak,NER,113,2026-08-24,WAS,Washington Union Station,2026-08-24T14:01:00Z,2026-08-24T14:56:00Z,2026-08-24T14:01:00Z,2026-08-24T14:56:00Z,2026-08-24T13:41:56Z,61.7
amtrak,NER,125,2026-08-24,BAL,Baltimore Penn Station,2026-08-24T18:34:00Z,2026-08-24T18:31:00Z,2026-08-24T18:31:00Z,2026-08-24T18:31:00Z,2026-08-24T13:41:56Z,61.7
amtrak,NER,125,2026-08-24,WAS,Washington Union Station,2026-08-24T19:50:00Z,2026-08-24T19:17:00Z,2026-08-24T19:17:00Z,2026-08-24T19:17:00Z,2026-08-24T13:41:56Z,61.7
amtrak,NER,130,2026-08-24,BAL,Baltimore Penn Station,2026-08-24T11:05:00Z,2026-08-24T11:06:00Z,2026-08-24T11:03:00Z,2026-08-24T10:55:00Z,2026-08-24T13:41:56Z,61.7
amtrak,NER,130,2026-08-24,WAS,Washington Union Station,2026-08-24T10:20:00Z,2026-08-24T10:20:00Z,2026-08-24T10:20:00Z,2026-08-24T10:20:00Z,2026-08-24T13:41:56Z,61.7
amtrak,NER,141,2026-08-24,BAL,Baltimore Penn Station,2026-08-24T15:06:00Z,2026-08-24T15:04:00Z,2026-08-24T15:04:00Z,2026-08-24T15:04:00Z,2026-08-24T13:41:56Z,61.7
amtrak,NER,141,2026-08-24,WAS,Washington Union Station,2026-08-24T15:47:00Z,2026-08-24T15:46:00Z,2026-08-24T15:47:00Z,2026-08-24T15:46:00Z,2026-08-24T13:41:56Z,61.7
amtrak,NER,151,2026-08-24,BAL,Baltimore Penn Station,2026-08-24T10:16:00Z,2026-08-24T10:24:00Z,2026-08-24T10:14:00Z,2026-08-24T10:22:00Z,2026-08-24T13:41:56Z,61.7
amtrak,NER,151,2026-08-24,WAS,Washington Union Station,2026-08-24T11:30:00Z,2026-08-24T11:40:00Z,2026-08-24T10:58:00Z,2026-08-24T11:13:00Z,2026-08-24T13:41:56Z,61.7
amtrak,NER,170,2026-08-24,BAL,Baltimore Penn Station,2026-08-24T09:44:00Z,2026-08-24T09:49:00Z,2026-08-24T09:42:00Z,2026-08-24T09:43:00Z,2026-08-24T13:41:56Z,61.7
amtrak,NER,170,2026-08-24,WAS,Washington Union Station,2026-08-24T09:05:00Z,2026-08-24T09:05:00Z,2026-08-24T09:05:00Z,2026-08-24T09:05:00Z,2026-08-24T13:41:56Z,61.7
amtrak,NER,171,2026-08-24,BAL,Baltimore Penn Station,2026-08-24T19:36:00Z,2026-08-24T19:33:00Z,2026-08-24T19:33:00Z,2026-08-24T19:33:00Z,2026-08-24T13:41:56Z,61.7
amtrak,NER,171,2026-08-24,WAS,Washington Union Station,2026-08-24T21:00:00Z,2026-08-24T20:28:00Z,2026-08-24T20:28:00Z,2026-08-24T20:28:00Z,2026-08-24T13:41:56Z,61.7
amtrak,NER,172,2026-08-24,BAL,Baltimore Penn Station,2026-08-24T11:50:00Z,2026-08-24T11:57:00Z,2026-08-24T11:48:00Z,2026-08-24T11:53:00Z,2026-08-24T13:41:56Z,61.7
amtrak,NER,172,2026-08-24,WAS,Washington Union Station,2026-08-24T11:06:00Z,2026-08-24T11:06:00Z,2026-08-24T11:06:00Z,2026-08-24T11:06:00Z,2026-08-24T13:41:56Z,61.7
amtrak,NER,174,2026-08-24,BAL,Baltimore Penn Station,2026-08-24T15:18:00Z,2026-08-24T15:18:00Z,2026-08-24T15:16:00Z,2026-08-24T15:16:00Z,2026-08-24T13:41:56Z,61.7
amtrak,NER,174,2026-08-24,WAS,Washington Union Station,2026-08-24T14:35:00Z,2026-08-24T14:35:00Z,2026-08-24T14:35:00Z,2026-08-24T14:16:00Z,2026-08-24T13:41:56Z,61.7
amtrak,NER,178,2026-08-24,BAL,Baltimore Penn Station,2026-08-24T20:39:00Z,2026-08-24T20:37:00Z,2026-08-24T20:37:00Z,2026-08-24T20:37:00Z,2026-08-24T13:41:56Z,61.7
amtrak,NER,178,2026-08-24,WAS,Washington Union Station,2026-08-24T19:56:00Z,2026-08-24T18:55:00Z,2026-08-24T18:55:00Z,2026-08-24T18:55:00Z,2026-08-24T13:41:56Z,61.7
amtrak,NER,182,2026-08-24,BAL,Baltimore Penn Station,2026-08-24T14:13:00Z,2026-08-24T14:11:00Z,2026-08-24T14:11:00Z,2026-08-24T14:11:00Z,2026-08-24T13:41:56Z,61.7
amtrak,NER,182,2026-08-24,WAS,Washington Union Station,2026-08-24T13:29:00Z,2026-08-24T13:29:00Z,2026-08-24T13:29:00Z,2026-08-24T13:29:00Z,2026-08-24T13:41:56Z,61.7
amtrak,NER,183,2026-08-24,BAL,Baltimore Penn Station,2026-08-24T14:20:00Z,2026-08-24T14:17:00Z,2026-08-24T14:17:00Z,2026-08-24T14:17:00Z,2026-08-24T13:41:56Z,61.7
amtrak,NER,183,2026-08-24,WAS,Washington Union Station,2026-08-24T15:04:00Z,2026-08-24T15:04:00Z,2026-08-24T15:04:00Z,2026-08-24T15:04:00Z,2026-08-24T13:41:56Z,61.7
amtrak,NER,185,2026-08-24,BAL,Baltimore Penn Station,2026-08-24T16:08:00Z,2026-08-24T16:06:00Z,2026-08-24T16:06:00Z,2026-08-24T16:06:00Z,2026-08-24T13:41:56Z,61.7
amtrak,NER,185,2026-08-24,WAS,Washington Union Station,2026-08-24T16:58:00Z,2026-08-24T16:48:00Z,2026-08-24T16:58:00Z,2026-08-24T16:48:00Z,2026-08-24T13:41:56Z,61.7
marc,11705,Train412,2026-08-24,11958,UNION STATION MARC Washington,2026-08-24T13:00:00Z,2026-08-24T13:02:03Z,NA,NA,2026-08-24T13:44:58Z,59.9
marc,11705,Train412,2026-08-24,12002,PENN STATION MARC nb,NA,NA,2026-08-24T13:56:00Z,2026-08-24T14:01:17Z,2026-08-24T13:44:58Z,59.9
marc,11705,Train423,2026-08-24,11980,PENN STATION MARC sb,NA,NA,NA,NA,2026-08-24T13:44:58Z,59.9
marc,11705,Train423,2026-08-24,11958,UNION STATION MARC Washington,NA,NA,2026-08-24T14:03:00Z,2026-08-24T14:14:24Z,2026-08-24T13:44:58Z,59.9
marc,11705,Train525,2026-08-24,11980,PENN STATION MARC sb,2026-08-24T13:30:00Z,2026-08-24T13:35:03Z,2026-08-24T13:28:00Z,2026-08-24T13:33:12Z,2026-08-24T13:44:58Z,59.9
marc,11705,Train525,2026-08-24,11958,UNION STATION MARC Washington,NA,NA,2026-08-24T14:28:00Z,2026-08-24T14:32:53Z,2026-08-24T13:44:58Z,59.9
marc,11705,Train612,2026-08-24,11958,UNION STATION MARC Washington,2026-08-24T12:20:00Z,2026-08-24T12:21:14Z,NA,NA,2026-08-24T13:44:58Z,59.9
marc,11705,Train612,2026-08-24,12002,PENN STATION MARC nb,2026-08-24T13:20:00Z,2026-08-24T13:21:03Z,2026-08-24T13:17:00Z,2026-08-24T13:19:54Z,2026-08-24T13:44:58Z,59.9
amtrak,NER,66,2026-08-24,BAL,Baltimore Penn Station,2026-08-24T03:01:00Z,2026-08-24T03:02:00Z,2026-08-24T02:49:00Z,2026-08-24T02:54:00Z,2026-08-24T13:44:58Z,59.9
amtrak,NER,66,2026-08-24,WAS,Washington Union Station,2026-08-24T02:00:00Z,2026-08-24T02:18:00Z,2026-08-24T01:28:00Z,2026-08-24T01:53:00Z,2026-08-24T13:44:58Z,59.9
amtrak,NER,67,2026-08-24,BAL,Baltimore Penn Station,2026-08-24T10:04:00Z,2026-08-24T10:11:00Z,2026-08-24T10:02:00Z,2026-08-24T10:10:00Z,2026-08-24T13:44:58Z,59.9
amtrak,NER,67,2026-08-24,WAS,Washington Union Station,2026-08-24T11:20:00Z,2026-08-24T11:20:00Z,2026-08-24T10:54:00Z,2026-08-24T10:48:00Z,2026-08-24T13:44:58Z,59.9
amtrak,NER,85,2026-08-24,BAL,Baltimore Penn Station,2026-08-24T21:56:00Z,2026-08-24T21:56:00Z,2026-08-24T21:53:00Z,2026-08-24T21:53:00Z,2026-08-24T13:44:58Z,59.9
amtrak,NER,85,2026-08-24,WAS,Washington Union Station,2026-08-24T22:45:00Z,2026-08-24T22:45:00Z,2026-08-24T22:45:00Z,2026-08-24T22:34:00Z,2026-08-24T13:44:58Z,59.9
amtrak,NER,86,2026-08-24,BAL,Baltimore Penn Station,2026-08-24T13:32:00Z,2026-08-24T13:57:00Z,2026-08-24T13:30:00Z,2026-08-24T13:57:00Z,2026-08-24T13:44:58Z,59.9
amtrak,NER,86,2026-08-24,WAS,Washington Union Station,2026-08-24T12:55:00Z,2026-08-24T13:17:00Z,2026-08-24T12:18:00Z,2026-08-24T12:31:00Z,2026-08-24T13:44:58Z,59.9
amtrak,NER,93,2026-08-24,BAL,Baltimore Penn Station,2026-08-24T20:47:00Z,2026-08-24T20:45:00Z,2026-08-24T20:45:00Z,2026-08-24T20:45:00Z,2026-08-24T13:44:58Z,59.9
amtrak,NER,93,2026-08-24,WAS,Washington Union Station,2026-08-24T22:05:00Z,2026-08-24T21:33:00Z,2026-08-24T21:33:00Z,2026-08-24T21:33:00Z,2026-08-24T13:44:58Z,59.9
amtrak,NER,94,2026-08-24,BAL,Baltimore Penn Station,2026-08-24T18:43:00Z,2026-08-24T18:41:00Z,2026-08-24T18:41:00Z,2026-08-24T18:41:00Z,2026-08-24T13:44:58Z,59.9
amtrak,NER,94,2026-08-24,WAS,Washington Union Station,2026-08-24T18:00:00Z,2026-08-24T17:23:00Z,2026-08-24T17:23:00Z,2026-08-24T17:23:00Z,2026-08-24T13:44:58Z,59.9
amtrak,NER,95,2026-08-24,BAL,Baltimore Penn Station,2026-08-24T17:27:00Z,2026-08-24T17:22:00Z,2026-08-24T17:22:00Z,2026-08-24T17:22:00Z,2026-08-24T13:44:58Z,59.9
amtrak,NER,95,2026-08-24,WAS,Washington Union Station,2026-08-24T18:35:00Z,2026-08-24T18:06:00Z,2026-08-24T18:05:00Z,2026-08-24T18:06:00Z,2026-08-24T13:44:58Z,59.9
amtrak,NER,112,2026-08-24,BAL,Baltimore Penn Station,2026-08-24T12:22:00Z,2026-08-24T12:22:00Z,2026-08-24T12:20:00Z,2026-08-24T12:19:00Z,2026-08-24T13:44:58Z,59.9
amtrak,NER,112,2026-08-24,WAS,Washington Union Station,2026-08-24T11:40:00Z,2026-08-24T11:40:00Z,2026-08-24T11:40:00Z,2026-08-24T11:40:00Z,2026-08-24T13:44:58Z,59.9
amtrak,NER,113,2026-08-24,BAL,Baltimore Penn Station,2026-08-24T13:15:00Z,2026-08-24T14:19:00Z,2026-08-24T13:13:00Z,2026-08-24T14:19:00Z,2026-08-24T13:44:58Z,59.9
amtrak,NER,113,2026-08-24,WAS,Washington Union Station,2026-08-24T14:01:00Z,2026-08-24T14:56:00Z,2026-08-24T14:01:00Z,2026-08-24T14:56:00Z,2026-08-24T13:44:58Z,59.9
amtrak,NER,125,2026-08-24,BAL,Baltimore Penn Station,2026-08-24T18:34:00Z,2026-08-24T18:31:00Z,2026-08-24T18:31:00Z,2026-08-24T18:31:00Z,2026-08-24T13:44:58Z,59.9
amtrak,NER,125,2026-08-24,WAS,Washington Union Station,2026-08-24T19:50:00Z,2026-08-24T19:17:00Z,2026-08-24T19:17:00Z,2026-08-24T19:17:00Z,2026-08-24T13:44:58Z,59.9
amtrak,NER,130,2026-08-24,BAL,Baltimore Penn Station,2026-08-24T11:05:00Z,2026-08-24T11:06:00Z,2026-08-24T11:03:00Z,2026-08-24T10:55:00Z,2026-08-24T13:44:58Z,59.9
amtrak,NER,130,2026-08-24,WAS,Washington Union Station,2026-08-24T10:20:00Z,2026-08-24T10:20:00Z,2026-08-24T10:20:00Z,2026-08-24T10:20:00Z,2026-08-24T13:44:58Z,59.9
amtrak,NER,141,2026-08-24,BAL,Baltimore Penn Station,2026-08-24T15:06:00Z,2026-08-24T15:04:00Z,2026-08-24T15:04:00Z,2026-08-24T15:04:00Z,2026-08-24T13:44:58Z,59.9
amtrak,NER,141,2026-08-24,WAS,Washington Union Station,2026-08-24T15:47:00Z,2026-08-24T15:46:00Z,2026-08-24T15:47:00Z,2026-08-24T15:46:00Z,2026-08-24T13:44:58Z,59.9
amtrak,NER,151,2026-08-24,BAL,Baltimore Penn Station,2026-08-24T10:16:00Z,2026-08-24T10:24:00Z,2026-08-24T10:14:00Z,2026-08-24T10:22:00Z,2026-08-24T13:44:58Z,59.9
amtrak,NER,151,2026-08-24,WAS,Washington Union Station,2026-08-24T11:30:00Z,2026-08-24T11:40:00Z,2026-08-24T10:58:00Z,2026-08-24T11:13:00Z,2026-08-24T13:44:58Z,59.9
amtrak,NER,170,2026-08-24,BAL,Baltimore Penn Station,2026-08-24T09:44:00Z,2026-08-24T09:49:00Z,2026-08-24T09:42:00Z,2026-08-24T09:43:00Z,2026-08-24T13:44:58Z,59.9
amtrak,NER,170,2026-08-24,WAS,Washington Union Station,2026-08-24T09:05:00Z,2026-08-24T09:05:00Z,2026-08-24T09:05:00Z,2026-08-24T09:05:00Z,2026-08-24T13:44:58Z,59.9
amtrak,NER,171,2026-08-24,BAL,Baltimore Penn Station,2026-08-24T19:36:00Z,2026-08-24T19:33:00Z,2026-08-24T19:33:00Z,2026-08-24T19:33:00Z,2026-08-24T13:44:58Z,59.9
amtrak,NER,171,2026-08-24,WAS,Washington Union Station,2026-08-24T21:00:00Z,2026-08-24T20:28:00Z,2026-08-24T20:28:00Z,2026-08-24T20:28:00Z,2026-08-24T13:44:58Z,59.9
amtrak,NER,172,2026-08-24,BAL,Baltimore Penn Station,2026-08-24T11:50:00Z,2026-08-24T11:57:00Z,2026-08-24T11:48:00Z,2026-08-24T11:53:00Z,2026-08-24T13:44:58Z,59.9
amtrak,NER,172,2026-08-24,WAS,Washington Union Station,2026-08-24T11:06:00Z,2026-08-24T11:06:00Z,2026-08-24T11:06:00Z,2026-08-24T11:06:00Z,2026-08-24T13:44:58Z,59.9
amtrak,NER,174,2026-08-24,BAL,Baltimore Penn Station,2026-08-24T15:18:00Z,2026-08-24T15:18:00Z,2026-08-24T15:16:00Z,2026-08-24T15:16:00Z,2026-08-24T13:44:58Z,59.9
amtrak,NER,174,2026-08-24,WAS,Washington Union Station,2026-08-24T14:35:00Z,2026-08-24T14:35:00Z,2026-08-24T14:35:00Z,2026-08-24T14:16:00Z,2026-08-24T13:44:58Z,59.9
amtrak,NER,178,2026-08-24,BAL,Baltimore Penn Station,2026-08-24T20:39:00Z,2026-08-24T20:37:00Z,2026-08-24T20:37:00Z,2026-08-24T20:37:00Z,2026-08-24T13:44:58Z,59.9
amtrak,NER,178,2026-08-24,WAS,Washington Union Station,2026-08-24T19:56:00Z,2026-08-24T18:55:00Z,2026-08-24T18:55:00Z,2026-08-24T18:55:00Z,2026-08-24T13:44:58Z,59.9
amtrak,NER,182,2026-08-24,BAL,Baltimore Penn Station,2026-08-24T14:13:00Z,2026-08-24T14:11:00Z,2026-08-24T14:11:00Z,2026-08-24T14:11:00Z,2026-08-24T13:44:58Z,59.9
amtrak,NER,182,2026-08-24,WAS,Washington Union Station,2026-08-24T13:29:00Z,2026-08-24T13:29:00Z,2026-08-24T13:29:00Z,2026-08-24T13:29:00Z,2026-08-24T13:44:58Z,59.9
amtrak,NER,183,2026-08-24,BAL,Baltimore Penn Station,2026-08-24T14:20:00Z,2026-08-24T14:17:00Z,2026-08-24T14:17:00Z,2026-08-24T14:17:00Z,2026-08-24T13:44:58Z,59.9
amtrak,NER,183,2026-08-24,WAS,Washington Union Station,2026-08-24T15:04:00Z,2026-08-24T15:04:00Z,2026-08-24T15:04:00Z,2026-08-24T15:04:00Z,2026-08-24T13:44:58Z,59.9
amtrak,NER,185,2026-08-24,BAL,Baltimore Penn Station,2026-08-24T16:08:00Z,2026-08-24T16:06:00Z,2026-08-24T16:06:00Z,2026-08-24T16:06:00Z,2026-08-24T13:44:58Z,59.9
amtrak,NER,185,2026-08-24,WAS,Washington Union Station,2026-08-24T16:58:00Z,2026-08-24T16:48:00Z,2026-08-24T16:58:00Z,2026-08-24T16:48:00Z,2026-08-24T13:44:58Z,59.9
