service,route_id,trip_id,trip_date,stop_id,stop_name,sched_dep,pred_dep,sched_arr,pred_arr,collected_at,drive_min
marc,11705,Train404,2026-08-12,11958,UNION STATION MARC Washington,2026-08-12T10:40:00Z,2026-08-12T10:41:01Z,NA,NA,2026-08-12T10:51:12Z,82.2
marc,11705,Train404,2026-08-12,12002,PENN STATION MARC nb,NA,NA,2026-08-12T11:36:00Z,2026-08-12T11:36:00Z,2026-08-12T10:51:12Z,82.2
marc,11705,Train400,2026-08-12,11958,UNION STATION MARC Washington,2026-08-12T09:40:00Z,2026-08-12T09:56:27Z,NA,NA,2026-08-12T10:51:12Z,82.2
marc,11705,Train400,2026-08-12,12002,PENN STATION MARC nb,NA,NA,2026-08-12T10:43:00Z,2026-08-12T10:53:58Z,2026-08-12T10:51:12Z,82.2
marc,11705,Train409,2026-08-12,11980,PENN STATION MARC sb,2026-08-12T10:20:00Z,2026-08-12T10:20:00Z,NA,NA,2026-08-12T10:51:12Z,82.2
marc,11705,Train409,2026-08-12,11958,UNION STATION MARC Washington,NA,NA,2026-08-12T11:28:00Z,2026-08-12T11:30:46Z,2026-08-12T10:51:12Z,82.2
marc,11705,Train502,2026-08-12,11958,UNION STATION MARC Washington,2026-08-12T10:12:00Z,2026-08-12T10:13:02Z,NA,NA,2026-08-12T10:51:12Z,82.2
marc,11705,Train502,2026-08-12,12002,PENN STATION MARC nb,2026-08-12T11:26:00Z,2026-08-12T11:26:00Z,2026-08-12T11:24:00Z,2026-08-12T11:24:00Z,2026-08-12T10:51:12Z,82.2
marc,11705,Train511,2026-08-12,11980,PENN STATION MARC sb,2026-08-12T09:53:00Z,2026-08-12T09:55:22Z,2026-08-12T09:51:36Z,2026-08-12T09:54:34Z,2026-08-12T10:51:12Z,82.2
marc,11705,Train511,2026-08-12,11958,UNION STATION MARC Washington,NA,NA,2026-08-12T10:48:00Z,2026-08-12T10:51:50Z,2026-08-12T10:51:12Z,82.2
marc,11705,Train517,2026-08-12,11980,PENN STATION MARC sb,2026-08-12T11:20:00Z,2026-08-12T11:22:51Z,2026-08-12T11:16:05Z,2026-08-12T11:18:56Z,2026-08-12T10:51:12Z,82.2
marc,11705,Train517,2026-08-12,11958,UNION STATION MARC Washington,NA,NA,2026-08-12T12:19:00Z,2026-08-12T12:21:51Z,2026-08-12T10:51:12Z,82.2
amtrak,NER,66,2026-08-12,BAL,Baltimore Penn Station,2026-08-12T02:51:00Z,2026-08-12T03:03:00Z,2026-08-12T02:49:00Z,2026-08-12T03:01:00Z,2026-08-12T10:51:12Z,82.2
amtrak,NER,66,2026-08-12,WAS,Washington Union Station,2026-08-12T02:00:00Z,2026-08-12T02:20:00Z,2026-08-12T01:28:00Z,2026-08-12T01:44:00Z,2026-08-12T10:51:12Z,82.2
amtrak,NER,67,2026-08-12,BAL,Baltimore Penn Station,2026-08-12T10:04:00Z,2026-08-12T10:06:00Z,2026-08-12T10:02:00Z,2026-08-12T10:04:00Z,2026-08-12T10:51:12Z,82.2
amtrak,NER,67,2026-08-12,WAS,Washington Union Station,2026-08-12T11:20:00Z,2026-08-12T10:54:00Z,2026-08-12T10:54:00Z,2026-08-12T10:54:00Z,2026-08-12T10:51:12Z,82.2
amtrak,NER,86,2026-08-12,BAL,Baltimore Penn Station,2026-08-12T13:32:00Z,2026-08-12T13:30:00Z,2026-08-12T13:30:00Z,2026-08-12T13:30:00Z,2026-08-12T10:51:12Z,82.2
amtrak,NER,86,2026-08-12,WAS,Washington Union Station,2026-08-12T12:55:00Z,2026-08-12T12:18:00Z,2026-08-12T12:18:00Z,2026-08-12T12:18:00Z,2026-08-12T10:51:12Z,82.2
amtrak,NER,95,2026-08-12,BAL,Baltimore Penn Station,2026-08-12T17:23:00Z,2026-08-12T17:14:00Z,2026-08-12T17:14:00Z,2026-08-12T17:14:00Z,2026-08-12T10:51:12Z,82.2
amtrak,NER,95,2026-08-12,WAS,Washington Union Station,2026-08-12T18:35:00Z,2026-08-12T18:05:00Z,2026-08-12T18:05:00Z,2026-08-12T18:05:00Z,2026-08-12T10:51:12Z,82.2
amtrak,NER,111,2026-08-12,BAL,Baltimore Penn Station,2026-08-12T11:36:00Z,2026-08-12T11:34:00Z,2026-08-12T11:34:00Z,2026-08-12T11:34:00Z,2026-08-12T10:51:12Z,82.2
amtrak,NER,111,2026-08-12,WAS,Washington Union Station,2026-08-12T12:22:00Z,2026-08-12T12:19:00Z,2026-08-12T12:22:00Z,2026-08-12T12:19:00Z,2026-08-12T10:51:12Z,82.2
amtrak,NER,112,2026-08-12,BAL,Baltimore Penn Station,2026-08-12T12:22:00Z,2026-08-12T12:22:00Z,2026-08-12T12:20:00Z,2026-08-12T12:20:00Z,2026-08-12T10:51:12Z,82.2
amtrak,NER,112,2026-08-12,WAS,Washington Union Station,2026-08-12T11:40:00Z,2026-08-12T11:40:00Z,2026-08-12T11:40:00Z,2026-08-12T11:40:00Z,2026-08-12T10:51:12Z,82.2
amtrak,NER,113,2026-08-12,BAL,Baltimore Penn Station,2026-08-12T13:07:00Z,NA,2026-08-12T13:05:00Z,NA,2026-08-12T10:51:12Z,82.2
amtrak,NER,113,2026-08-12,WAS,Washington Union Station,2026-08-12T13:53:00Z,NA,2026-08-12T13:53:00Z,NA,2026-08-12T10:51:12Z,82.2
amtrak,NER,125,2026-08-12,BAL,Baltimore Penn Station,2026-08-12T18:28:00Z,2026-08-12T18:28:00Z,2026-08-12T18:25:00Z,2026-08-12T18:26:00Z,2026-08-12T10:51:12Z,82.2
amtrak,NER,125,2026-08-12,WAS,Washington Union Station,2026-08-12T19:50:00Z,2026-08-12T19:50:00Z,2026-08-12T19:11:00Z,2026-08-12T19:11:00Z,2026-08-12T10:51:12Z,82.2
amtrak,NER,130,2026-08-12,BAL,Baltimore Penn Station,2026-08-12T11:05:00Z,2026-08-12T11:03:00Z,2026-08-12T11:03:00Z,2026-08-12T11:03:00Z,2026-08-12T10:51:12Z,82.2
amtrak,NER,130,2026-08-12,WAS,Washington Union Station,2026-08-12T10:20:00Z,2026-08-12T10:20:00Z,2026-08-12T10:20:00Z,2026-08-12T10:20:00Z,2026-08-12T10:51:12Z,82.2
amtrak,NER,141,2026-08-12,BAL,Baltimore Penn Station,2026-08-12T15:00:00Z,2026-08-12T14:58:00Z,2026-08-12T14:58:00Z,2026-08-12T14:58:00Z,2026-08-12T10:51:12Z,82.2
amtrak,NER,141,2026-08-12,WAS,Washington Union Station,2026-08-12T15:41:00Z,2026-08-12T15:40:00Z,2026-08-12T15:41:00Z,2026-08-12T15:40:00Z,2026-08-12T10:51:12Z,82.2
amtrak,NER,151,2026-08-12,BAL,Baltimore Penn Station,2026-08-12T10:10:00Z,2026-08-12T10:16:00Z,2026-08-12T10:08:00Z,2026-08-12T10:12:00Z,2026-08-12T10:51:12Z,82.2
amtrak,NER,151,2026-08-12,WAS,Washington Union Station,2026-08-12T11:30:00Z,2026-08-12T10:58:00Z,2026-08-12T10:58:00Z,2026-08-12T10:58:00Z,2026-08-12T10:51:12Z,82.2
amtrak,NER,170,2026-08-12,BAL,Baltimore Penn Station,2026-08-12T09:44:00Z,2026-08-12T09:45:00Z,2026-08-12T09:42:00Z,2026-08-12T09:41:00Z,2026-08-12T10:51:12Z,82.2
amtrak,NER,170,2026-08-12,WAS,Washington Union Station,2026-08-12T09:05:00Z,2026-08-12T09:05:00Z,2026-08-12T09:05:00Z,2026-08-12T09:05:00Z,2026-08-12T10:51:12Z,82.2
amtrak,NER,172,2026-08-12,BAL,Baltimore Penn Station,2026-08-12T11:50:00Z,2026-08-12T11:50:00Z,2026-08-12T11:48:00Z,2026-08-12T11:48:00Z,2026-08-12T10:51:12Z,82.2
amtrak,NER,172,2026-08-12,WAS,Washington Union Station,2026-08-12T11:06:00Z,2026-08-12T11:06:00Z,2026-08-12T11:06:00Z,2026-08-12T11:06:00Z,2026-08-12T10:51:12Z,82.2
amtrak,NER,181,2026-08-12,BAL,Baltimore Penn Station,2026-08-12T12:22:00Z,2026-08-12T12:19:00Z,2026-08-12T12:19:00Z,2026-08-12T12:19:00Z,2026-08-12T10:51:12Z,82.2
amtrak,NER,181,2026-08-12,WAS,Washington Union Station,2026-08-12T13:02:00Z,2026-08-12T12:55:00Z,2026-08-12T13:02:00Z,2026-08-12T12:55:00Z,2026-08-12T10:51:12Z,82.2
amtrak,NER,183,2026-08-12,BAL,Baltimore Penn Station,2026-08-12T14:20:00Z,2026-08-12T14:20:00Z,2026-08-12T14:17:00Z,2026-08-12T14:17:00Z,2026-08-12T10:51:12Z,82.2
amtrak,NER,183,2026-08-12,WAS,Washington Union Station,2026-08-12T15:04:00Z,2026-08-12T15:04:00Z,2026-08-12T15:04:00Z,2026-08-12T15:00:00Z,2026-08-12T10:51:12Z,82.2
marc,11705,Train404,2026-08-12,11958,UNION STATION MARC Washington,2026-08-12T10:40:00Z,2026-08-12T10:41:01Z,NA,NA,2026-08-12T10:54:14Z,84.2
marc,11705,Train404,2026-08-12,12002,PENN STATION MARC nb,NA,NA,2026-08-12T11:36:00Z,2026-08-12T11:36:45Z,2026-08-12T10:54:14Z,84.2
marc,11705,Train409,2026-08-12,11980,PENN STATION MARC sb,2026-08-12T10:20:00Z,2026-08-12T10:20:00Z,NA,NA,2026-08-12T10:54:14Z,84.2
marc,11705,Train409,2026-08-12,11958,UNION STATION MARC Washington,NA,NA,2026-08-12T11:28:00Z,2026-08-12T11:30:33Z,2026-08-12T10:54:14Z,84.2
marc,11705,Train502,2026-08-12,11958,UNION STATION MARC Washington,2026-08-12T10:12:00Z,2026-08-12T10:13:02Z,NA,NA,2026-08-12T10:54:14Z,84.2
marc,11705,Train502,2026-08-12,12002,PENN STATION MARC nb,2026-08-12T11:26:00Z,2026-08-12T11:26:00Z,2026-08-12T11:24:00Z,2026-08-12T11:24:00Z,2026-08-12T10:54:14Z,84.2
marc,11705,Train517,2026-08-12,11980,PENN STATION MARC sb,2026-08-12T11:20:00Z,2026-08-12T11:23:13Z,2026-08-12T11:16:05Z,2026-08-12T11:19:18Z,2026-08-12T10:54:14Z,84.2
marc,11705,Train517,2026-08-12,11958,UNION STATION MARC Washington,NA,NA,2026-08-12T12:19:00Z,2026-08-12T12:22:13Z,2026-08-12T10:54:14Z,84.2
amtrak,NER,66,2026-08-12,BAL,Baltimore Penn Station,2026-08-12T02:51:00Z,2026-08-12T03:03:00Z,2026-08-12T02:49:00Z,2026-08-12T03:01:00Z,2026-08-12T10:54:14Z,84.2
amtrak,NER,66,2026-08-12,WAS,Washington Union Station,2026-08-12T02:00:00Z,2026-08-12T02:20:00Z,2026-08-12T01:28:00Z,2026-08-12T01:44:00Z,2026-08-12T10:54:14Z,84.2
amtrak,NER,67,2026-08-12,BAL,Baltimore Penn Station,2026-08-12T10:04:00Z,2026-08-12T10:06:00Z,2026-08-12T10:02:00Z,2026-08-12T10:04:00Z,2026-08-12T10:54:14Z,84.2
amtrak,NER,67,2026-08-12,WAS,Washington Union Station,2026-08-12T11:20:00Z,2026-08-12T11:20:00Z,2026-08-12T10:54:00Z,2026-08-12T10:50:00Z,2026-08-12T10:54:14Z,84.2
amtrak,NER,86,2026-08-12,BAL,Baltimore Penn Station,2026-08-12T13:32:00Z,2026-08-12T13:30:00Z,2026-08-12T13:30:00Z,2026-08-12T13:30:00Z,2026-08-12T10:54:14Z,84.2
amtrak,NER,86,2026-08-12,WAS,Washington Union Station,2026-08-12T12:55:00Z,2026-08-12T12:18:00Z,2026-08-12T12:18:00Z,2026-08-12T12:18:00Z,2026-08-12T10:54:14Z,84.2
amtrak,NER,95,2026-08-12,BAL,Baltimore Penn Station,2026-08-12T17:23:00Z,2026-08-12T17:14:00Z,2026-08-12T17:14:00Z,2026-08-12T17:14:00Z,2026-08-12T10:54:14Z,84.2
amtrak,NER,95,2026-08-12,WAS,Washington Union Station,2026-08-12T18:35:00Z,2026-08-12T18:05:00Z,2026-08-12T18:05:00Z,2026-08-12T18:05:00Z,2026-08-12T10:54:14Z,84.2
amtrak,NER,111,2026-08-12,BAL,Baltimore Penn Station,2026-08-12T11:36:00Z,2026-08-12T11:34:00Z,2026-08-12T11:34:00Z,2026-08-12T11:34:00Z,2026-08-12T10:54:14Z,84.2
amtrak,NER,111,2026-08-12,WAS,Washington Union Station,2026-08-12T12:22:00Z,2026-08-12T12:19:00Z,2026-08-12T12:22:00Z,2026-08-12T12:19:00Z,2026-08-12T10:54:14Z,84.2
amtrak,NER,112,2026-08-12,BAL,Baltimore Penn Station,2026-08-12T12:22:00Z,2026-08-12T12:22:00Z,2026-08-12T12:20:00Z,2026-08-12T12:20:00Z,2026-08-12T10:54:14Z,84.2
amtrak,NER,112,2026-08-12,WAS,Washington Union Station,2026-08-12T11:40:00Z,2026-08-12T11:40:00Z,2026-08-12T11:40:00Z,2026-08-12T11:40:00Z,2026-08-12T10:54:14Z,84.2
amtrak,NER,113,2026-08-12,BAL,Baltimore Penn Station,2026-08-12T13:07:00Z,NA,2026-08-12T13:05:00Z,NA,2026-08-12T10:54:14Z,84.2
amtrak,NER,113,2026-08-12,WAS,Washington Union Station,2026-08-12T13:53:00Z,NA,2026-08-12T13:53:00Z,NA,2026-08-12T10:54:14Z,84.2
amtrak,NER,125,2026-08-12,BAL,Baltimore Penn Station,2026-08-12T18:28:00Z,2026-08-12T18:28:00Z,2026-08-12T18:25:00Z,2026-08-12T18:26:00Z,2026-08-12T10:54:14Z,84.2
amtrak,NER,125,2026-08-12,WAS,Washington Union Station,2026-08-12T19:50:00Z,2026-08-12T19:50:00Z,2026-08-12T19:11:00Z,2026-08-12T19:11:00Z,2026-08-12T10:54:14Z,84.2
amtrak,NER,130,2026-08-12,BAL,Baltimore Penn Station,2026-08-12T11:05:00Z,2026-08-12T11:03:00Z,2026-08-12T11:03:00Z,2026-08-12T11:03:00Z,2026-08-12T10:54:14Z,84.2
amtrak,NER,130,2026-08-12,WAS,Washington Union Station,2026-08-12T10:20:00Z,2026-08-12T10:20:00Z,2026-08-12T10:20:00Z,2026-08-12T10:20:00Z,2026-08-12T10:54:14Z,84.2
amtrak,NER,141,2026-08-12,BAL,Baltimore Penn Station,2026-08-12T15:00:00Z,2026-08-12T14:58:00Z,2026-08-12T14:58:00Z,2026-08-12T14:58:00Z,2026-08-12T10:54:14Z,84.2
amtrak,NER,141,2026-08-12,WAS,Washington Union Station,2026-08-12T15:41:00Z,2026-08-12T15:40:00Z,2026-08-12T15:41:00Z,2026-08-12T15:40:00Z,2026-08-12T10:54:14Z,84.2
amtrak,NER,151,2026-08-12,BAL,Baltimore Penn Station,2026-08-12T10:10:00Z,2026-08-12T10:16:00Z,2026-08-12T10:08:00Z,2026-08-12T10:12:00Z,2026-08-12T10:54:14Z,84.2
amtrak,NER,151,2026-08-12,WAS,Washington Union Station,2026-08-12T11:30:00Z,2026-08-12T10:55:00Z,2026-08-12T10:58:00Z,2026-08-12T10:55:00Z,2026-08-12T10:54:14Z,84.2
amtrak,NER,170,2026-08-12,BAL,Baltimore Penn Station,2026-08-12T09:44:00Z,2026-08-12T09:45:00Z,2026-08-12T09:42:00Z,2026-08-12T09:41:00Z,2026-08-12T10:54:14Z,84.2
amtrak,NER,170,2026-08-12,WAS,Washington Union Station,2026-08-12T09:05:00Z,2026-08-12T09:05:00Z,2026-08-12T09:05:00Z,2026-08-12T09:05:00Z,2026-08-12T10:54:14Z,84.2
amtrak,NER,172,2026-08-12,BAL,Baltimore Penn Station,2026-08-12T11:50:00Z,2026-08-12T11:50:00Z,2026-08-12T11:48:00Z,2026-08-12T11:48:00Z,2026-08-12T10:54:14Z,84.2
amtrak,NER,172,2026-08-12,WAS,Washington Union Station,2026-08-12T11:06:00Z,2026-08-12T11:06:00Z,2026-08-12T11:06:00Z,2026-08-12T11:06:00Z,2026-08-12T10:54:14Z,84.2
amtrak,NER,181,2026-08-12,BAL,Baltimore Penn Station,2026-08-12T12:22:00Z,2026-08-12T12:19:00Z,2026-08-12T12:19:00Z,2026-08-12T12:19:00Z,2026-08-12T10:54:14Z,84.2
amtrak,NER,181,2026-08-12,WAS,Washington Union Station,2026-08-12T13:02:00Z,2026-08-12T12:55:00Z,2026-08-12T13:02:00Z,2026-08-12T12:55:00Z,2026-08-12T10:54:14Z,84.2
amtrak,NER,183,2026-08-12,BAL,Baltimore Penn Station,2026-08-12T14:20:00Z,2026-08-12T14:20:00Z,2026-08-12T14:17:00Z,2026-08-12T14:17:00Z,2026-08-12T10:54:14Z,84.2
amtrak,NER,183,2026-08-12,WAS,Washington Union Station,2026-08-12T15:04:00Z,2026-08-12T15:04:00Z,2026-08-12T15:04:00Z,2026-08-12T15:00:00Z,2026-08-12T10:54:14Z,84.2
marc,11705,Train404,2026-08-12,11958,UNION STATION MARC Washington,2026-08-12T10:40:00Z,2026-08-12T10:41:01Z,NA,NA,2026-08-12T10:57:15Z,83.9
marc,11705,Train404,2026-08-12,12002,PENN STATION MARC nb,NA,NA,2026-08-12T11:36:00Z,2026-08-12T11:36:00Z,2026-08-12T10:57:15Z,83.9
marc,11705,Train409,2026-08-12,11980,PENN STATION MARC sb,2026-08-12T10:20:00Z,2026-08-12T10:20:00Z,NA,NA,2026-08-12T10:57:15Z,83.9
marc,11705,Train409,2026-08-12,11958,UNION STATION MARC Washington,NA,NA,2026-08-12T11:28:00Z,2026-08-12T11:31:05Z,2026-08-12T10:57:15Z,83.9
marc,11705,Train502,2026-08-12,11958,UNION STATION MARC Washington,2026-08-12T10:12:00Z,2026-08-12T10:13:02Z,NA,NA,2026-08-12T10:57:15Z,83.9
marc,11705,Train502,2026-08-12,12002,PENN STATION MARC nb,2026-08-12T11:26:00Z,2026-08-12T11:26:00Z,2026-08-12T11:24:00Z,2026-08-12T11:24:00Z,2026-08-12T10:57:15Z,83.9
marc,11705,Train517,2026-08-12,11980,PENN STATION MARC sb,2026-08-12T11:20:00Z,2026-08-12T11:22:28Z,2026-08-12T11:16:05Z,2026-08-12T11:18:33Z,2026-08-12T10:57:15Z,83.9
marc,11705,Train517,2026-08-12,11958,UNION STATION MARC Washington,NA,NA,2026-08-12T12:19:00Z,2026-08-12T12:21:28Z,2026-08-12T10:57:15Z,83.9
amtrak,NER,66,2026-08-12,BAL,Baltimore Penn Station,2026-08-12T02:51:00Z,2026-08-12T03:03:00Z,2026-08-12T02:49:00Z,2026-08-12T03:01:00Z,2026-08-12T10:57:15Z,83.9
amtrak,NER,66,2026-08-12,WAS,Washington Union Station,2026-08-12T02:00:00Z,2026-08-12T02:20:00Z,2026-08-12T01:28:00Z,2026-08-12T01:44:00Z,2026-08-12T10:57:15Z,83.9
amtrak,NER,67,2026-08-12,BAL,Baltimore Penn Station,2026-08-12T10:04:00Z,2026-08-12T10:06:00Z,2026-08-12T10:02:00Z,2026-08-12T10:04:00Z,2026-08-12T10:57:15Z,83.9
amtrak,NER,67,2026-08-12,WAS,Washington Union Station,2026-08-12T11:20:00Z,2026-08-12T11:20:00Z,2026-08-12T10:54:00Z,2026-08-12T10:51:00Z,2026-08-12T10:57:15Z,83.9
amtrak,NER,86,2026-08-12,BAL,Baltimore Penn Station,2026-08-12T13:32:00Z,2026-08-12T13:30:00Z,2026-08-12T13:30:00Z,2026-08-12T13:30:00Z,2026-08-12T10:57:15Z,83.9
amtrak,NER,86,2026-08-12,WAS,Washington Union Station,2026-08-12T12:55:00Z,2026-08-12T12:18:00Z,2026-08-12T12:18:00Z,2026-08-12T12:18:00Z,2026-08-12T10:57:15Z,83.9
amtrak,NER,95,2026-08-12,BAL,Baltimore Penn Station,2026-08-12T17:23:00Z,2026-08-12T17:14:00Z,2026-08-12T17:14:00Z,2026-08-12T17:14:00Z,2026-08-12T10:57:15Z,83.9
amtrak,NER,95,2026-08-12,WAS,Washington Union Station,2026-08-12T18:35:00Z,2026-08-12T18:05:00Z,2026-08-12T18:05:00Z,2026-08-12T18:05:00Z,2026-08-12T10:57:15Z,83.9
amtrak,NER,111,2026-08-12,BAL,Baltimore Penn Station,2026-08-12T11:36:00Z,2026-08-12T11:34:00Z,2026-08-12T11:34:00Z,2026-08-12T11:34:00Z,2026-08-12T10:57:15Z,83.9
amtrak,NER,111,2026-08-12,WAS,Washington Union Station,2026-08-12T12:22:00Z,2026-08-12T12:22:00Z,2026-08-12T12:22:00Z,2026-08-12T12:22:00Z,2026-08-12T10:57:15Z,83.9
amtrak,NER,112,2026-08-12,BAL,Baltimore Penn Station,2026-08-12T12:22:00Z,2026-08-12T12:22:00Z,2026-08-12T12:20:00Z,2026-08-12T12:20:00Z,2026-08-12T10:57:15Z,83.9
amtrak,NER,112,2026-08-12,WAS,Washington Union Station,2026-08-12T11:40:00Z,2026-08-12T11:40:00Z,2026-08-12T11:40:00Z,2026-08-12T11:40:00Z,2026-08-12T10:57:15Z,83.9
amtrak,NER,113,2026-08-12,BAL,Baltimore Penn Station,2026-08-12T13:07:00Z,NA,2026-08-12T13:05:00Z,NA,2026-08-12T10:57:15Z,83.9
amtrak,NER,113,2026-08-12,WAS,Washington Union Station,2026-08-12T13:53:00Z,NA,2026-08-12T13:53:00Z,NA,2026-08-12T10:57:15Z,83.9
amtrak,NER,125,2026-08-12,BAL,Baltimore Penn Station,2026-08-12T18:28:00Z,2026-08-12T18:28:00Z,2026-08-12T18:25:00Z,2026-08-12T18:26:00Z,2026-08-12T10:57:15Z,83.9
amtrak,NER,125,2026-08-12,WAS,Washington Union Station,2026-08-12T19:50:00Z,2026-08-12T19:50:00Z,2026-08-12T19:11:00Z,2026-08-12T19:11:00Z,2026-08-12T10:57:15Z,83.9
amtrak,NER,130,2026-08-12,BAL,Baltimore Penn Station,2026-08-12T11:05:00Z,2026-08-12T11:03:00Z,2026-08-12T11:03:00Z,2026-08-12T11:03:00Z,2026-08-12T10:57:15Z,83.9
amtrak,NER,130,2026-08-12,WAS,Washington Union Station,2026-08-12T10:20:00Z,2026-08-12T10:20:00Z,2026-08-12T10:20:00Z,2026-08-12T10:20:00Z,2026-08-12T10:57:15Z,83.9
amtrak,NER,141,2026-08-12,BAL,Baltimore Penn Station,2026-08-12T15:00:00Z,2026-08-12T14:58:00Z,2026-08-12T14:58:00Z,2026-08-12T14:58:00Z,2026-08-12T10:57:15Z,83.9
amtrak,NER,141,2026-08-12,WAS,Washington Union Station,2026-08-12T15:41:00Z,2026-08-12T15:40:00Z,2026-08-12T15:41:00Z,2026-08-12T15:40:00Z,2026-08-12T10:57:15Z,83.9
amtrak,NER,151,2026-08-12,BAL,Baltimore Penn Station,2026-08-12T10:10:00Z,2026-08-12T10:16:00Z,2026-08-12T10:08:00Z,2026-08-12T10:12:00Z,2026-08-12T10:57:15Z,83.9
amtrak,NER,151,2026-08-12,WAS,Washington Union Station,2026-08-12T11:30:00Z,2026-08-12T10:58:00Z,2026-08-12T10:58:00Z,2026-08-12T10:58:00Z,2026-08-12T10:57:15Z,83.9
amtrak,NER,170,2026-08-12,BAL,Baltimore Penn Station,2026-08-12T09:44:00Z,2026-08-12T09:45:00Z,2026-08-12T09:42:00Z,2026-08-12T09:41:00Z,2026-08-12T10:57:15Z,83.9
amtrak,NER,170,2026-08-12,WAS,Washington Union Station,2026-08-12T09:05:00Z,2026-08-12T09:05:00Z,2026-08-12T09:05:00Z,2026-08-12T09:05:00Z,2026-08-12T10:57:15Z,83.9
amtrak,NER,172,2026-08-12,BAL,Baltimore Penn Station,2026-08-12T11:50:00Z,2026-08-12T11:50:00Z,2026-08-12T11:48:00Z,2026-08-12T11:48:00Z,2026-08-12T10:57:15Z,83.9
amtrak,NER,172,2026-08-12,WAS,Washington Union Station,2026-08-12T11:06:00Z,2026-08-12T11:06:00Z,2026-08-12T11:06:00Z,2026-08-12T11:06:00Z,2026-08-12T10:57:15Z,83.9
amtrak,NER,181,2026-08-12,BAL,Baltimore Penn Station,2026-08-12T12:22:00Z,2026-08-12T12:19:00Z,2026-08-12T12:19:00Z,2026-08-12T12:19:00Z,2026-08-12T10:57:15Z,83.9
amtrak,NER,181,2026-08-12,WAS,Washington Union Station,2026-08-12T13:02:00Z,2026-08-12T12:55:00Z,2026-08-12T13:02:00Z,2026-08-12T12:55:00Z,2026-08-12T10:57:15Z,83.9
amtrak,NER,183,2026-08-12,BAL,Baltimore Penn Station,2026-08-12T14:20:00Z,2026-08-12T14:20:00Z,2026-08-12T14:17:00Z,2026-08-12T14:17:00Z,2026-08-12T10:57:15Z,83.9
amtrak,NER,183,2026-08-12,WAS,Washington Union Station,2026-08-12T15:04:00Z,2026-08-12T15:04:00Z,2026-08-12T15:04:00Z,2026-08-12T15:00:00Z,2026-08-12T10:57:15Z,83.9
marc,11705,Train408,2026-08-12,11958,UNION STATION MARC Washington,2026-08-12T11:00:00Z,2026-08-12T11:00:55Z,NA,NA,2026-08-12T11:35:10Z,84.1
marc,11705,Train408,2026-08-12,12002,PENN STATION MARC nb,NA,NA,2026-08-12T11:44:00Z,2026-08-12T11:37:07Z,2026-08-12T11:35:10Z,84.1
marc,11705,Train410,2026-08-12,11958,UNION STATION MARC Washington,2026-08-12T11:15:00Z,2026-08-12T11:16:16Z,NA,NA,2026-08-12T11:35:10Z,84.1
marc,11705,Train410,2026-08-12,12002,PENN STATION MARC nb,NA,NA,2026-08-12T12:17:00Z,2026-08-12T12:19:49Z,2026-08-12T11:35:10Z,84.1
marc,11705,Train415,2026-08-12,11958,UNION STATION MARC Washington,NA,NA,2026-08-12T12:02:00Z,2026-08-12T12:33:40Z,2026-08-12T11:35:10Z,84.1
marc,11705,Train502,2026-08-12,11958,UNION STATION MARC Washington,2026-08-12T10:12:00Z,2026-08-12T10:13:02Z,NA,NA,2026-08-12T11:35:10Z,84.1
marc,11705,Train502,2026-08-12,12002,PENN STATION MARC nb,2026-08-12T11:26:00Z,2026-08-12T11:12:06Z,2026-08-12T11:24:00Z,2026-08-12T11:10:30Z,2026-08-12T11:35:10Z,84.1
marc,11705,Train517,2026-08-12,11980,PENN STATION MARC sb,2026-08-12T11:20:00Z,2026-08-12T11:17:12Z,2026-08-12T11:16:05Z,2026-08-12T11:16:12Z,2026-08-12T11:35:10Z,84.1
marc,11705,Train517,2026-08-12,11958,UNION STATION MARC Washington,NA,NA,2026-08-12T12:19:00Z,2026-08-12T12:25:48Z,2026-08-12T11:35:10Z,84.1
amtrak,NER,66,2026-08-12,BAL,Baltimore Penn Station,2026-08-12T02:51:00Z,2026-08-12T03:03:00Z,2026-08-12T02:49:00Z,2026-08-12T03:01:00Z,2026-08-12T11:35:10Z,84.1
amtrak,NER,66,2026-08-12,WAS,Washington Union Station,2026-08-12T02:00:00Z,2026-08-12T02:20:00Z,2026-08-12T01:28:00Z,2026-08-12T01:44:00Z,2026-08-12T11:35:10Z,84.1
amtrak,NER,67,2026-08-12,BAL,Baltimore Penn Station,2026-08-12T10:04:00Z,2026-08-12T10:06:00Z,2026-08-12T10:02:00Z,2026-08-12T10:04:00Z,2026-08-12T11:35:10Z,84.1
amtrak,NER,67,2026-08-12,WAS,Washington Union Station,2026-08-12T11:20:00Z,2026-08-12T11:20:00Z,2026-08-12T10:54:00Z,2026-08-12T10:51:00Z,2026-08-12T11:35:10Z,84.1
amtrak,NER,86,2026-08-12,BAL,Baltimore Penn Station,2026-08-12T13:32:00Z,2026-08-12T13:30:00Z,2026-08-12T13:30:00Z,2026-08-12T13:30:00Z,2026-08-12T11:35:10Z,84.1
amtrak,NER,86,2026-08-12,WAS,Washington Union Station,2026-08-12T12:55:00Z,2026-08-12T12:18:00Z,2026-08-12T12:18:00Z,2026-08-12T12:18:00Z,2026-08-12T11:35:10Z,84.1
amtrak,NER,95,2026-08-12,BAL,Baltimore Penn Station,2026-08-12T17:23:00Z,2026-08-12T17:14:00Z,2026-08-12T17:14:00Z,2026-08-12T17:14:00Z,2026-08-12T11:35:10Z,84.1
amtrak,NER,95,2026-08-12,WAS,Washington Union Station,2026-08-12T18:35:00Z,2026-08-12T18:05:00Z,2026-08-12T18:05:00Z,2026-08-12T18:05:00Z,2026-08-12T11:35:10Z,84.1
amtrak,NER,111,2026-08-12,BAL,Baltimore Penn Station,2026-08-12T11:36:00Z,2026-08-12T11:34:00Z,2026-08-12T11:34:00Z,2026-08-12T11:34:00Z,2026-08-12T11:35:10Z,84.1
amtrak,NER,111,2026-08-12,WAS,Washington Union Station,2026-08-12T12:22:00Z,2026-08-12T12:22:00Z,2026-08-12T12:22:00Z,2026-08-12T12:22:00Z,2026-08-12T11:35:10Z,84.1
amtrak,NER,112,2026-08-12,BAL,Baltimore Penn Station,2026-08-12T12:22:00Z,2026-08-12T12:22:00Z,2026-08-12T12:20:00Z,2026-08-12T12:20:00Z,2026-08-12T11:35:10Z,84.1
amtrak,NER,112,2026-08-12,WAS,Washington Union Station,2026-08-12T11:40:00Z,2026-08-12T11:40:00Z,2026-08-12T11:40:00Z,2026-08-12T11:40:00Z,2026-08-12T11:35:10Z,84.1
amtrak,NER,113,2026-08-12,BAL,Baltimore Penn Station,2026-08-12T13:07:00Z,NA,2026-08-12T13:05:00Z,NA,2026-08-12T11:35:10Z,84.1
amtrak,NER,113,2026-08-12,WAS,Washington Union Station,2026-08-12T13:53:00Z,NA,2026-08-12T13:53:00Z,NA,2026-08-12T11:35:10Z,84.1
amtrak,NER,125,2026-08-12,BAL,Baltimore Penn Station,2026-08-12T18:28:00Z,2026-08-12T18:26:00Z,2026-08-12T18:25:00Z,2026-08-12T18:26:00Z,2026-08-12T11:35:10Z,84.1
amtrak,NER,125,2026-08-12,WAS,Washington Union Station,2026-08-12T19:50:00Z,2026-08-12T19:11:00Z,2026-08-12T19:11:00Z,2026-08-12T19:11:00Z,2026-08-12T11:35:10Z,84.1
amtrak,NER,130,2026-08-12,BAL,Baltimore Penn Station,2026-08-12T11:05:00Z,2026-08-12T11:05:00Z,2026-08-12T11:03:00Z,2026-08-12T10:55:00Z,2026-08-12T11:35:10Z,84.1
amtrak,NER,130,2026-08-12,WAS,Washington Union Station,2026-08-12T10:20:00Z,2026-08-12T10:20:00Z,2026-08-12T10:20:00Z,2026-08-12T10:20:00Z,2026-08-12T11:35:10Z,84.1
amtrak,NER,141,2026-08-12,BAL,Baltimore Penn Station,2026-08-12T15:00:00Z,2026-08-12T14:58:00Z,2026-08-12T14:58:00Z,2026-08-12T14:58:00Z,2026-08-12T11:35:10Z,84.1
amtrak,NER,141,2026-08-12,WAS,Washington Union Station,2026-08-12T15:41:00Z,2026-08-12T15:40:00Z,2026-08-12T15:41:00Z,2026-08-12T15:40:00Z,2026-08-12T11:35:10Z,84.1
amtrak,NER,151,2026-08-12,BAL,Baltimore Penn Station,2026-08-12T10:10:00Z,2026-08-12T10:16:00Z,2026-08-12T10:08:00Z,2026-08-12T10:12:00Z,2026-08-12T11:35:10Z,84.1
amtrak,NER,151,2026-08-12,WAS,Washington Union Station,2026-08-12T11:30:00Z,2026-08-12T11:30:00Z,2026-08-12T10:58:00Z,2026-08-12T10:55:00Z,2026-08-12T11:35:10Z,84.1
amtrak,NER,170,2026-08-12,BAL,Baltimore Penn Station,2026-08-12T09:44:00Z,2026-08-12T09:45:00Z,2026-08-12T09:42:00Z,2026-08-12T09:41:00Z,2026-08-12T11:35:10Z,84.1
amtrak,NER,170,2026-08-12,WAS,Washington Union Station,2026-08-12T09:05:00Z,2026-08-12T09:05:00Z,2026-08-12T09:05:00Z,2026-08-12T09:05:00Z,2026-08-12T11:35:10Z,84.1
amtrak,NER,171,2026-08-12,BAL,Baltimore Penn Station,2026-08-12T19:33:00Z,2026-08-12T19:33:00Z,2026-08-12T19:30:00Z,2026-08-12T19:30:00Z,2026-08-12T11:35:10Z,84.1
amtrak,NER,171,2026-08-12,WAS,Washington Union Station,2026-08-12T21:00:00Z,2026-08-12T21:00:00Z,2026-08-12T20:25:00Z,2026-08-12T20:25:00Z,2026-08-12T11:35:10Z,84.1
amtrak,NER,172,2026-08-12,BAL,Baltimore Penn Station,2026-08-12T11:50:00Z,2026-08-12T11:48:00Z,2026-08-12T11:48:00Z,2026-08-12T11:48:00Z,2026-08-12T11:35:10Z,84.1
amtrak,NER,172,2026-08-12,WAS,Washington Union Station,2026-08-12T11:06:00Z,2026-08-12T11:06:00Z,2026-08-12T11:06:00Z,2026-08-12T11:06:00Z,2026-08-12T11:35:10Z,84.1
amtrak,NER,181,2026-08-12,BAL,Baltimore Penn Station,2026-08-12T12:22:00Z,2026-08-12T12:19:00Z,2026-08-12T12:19:00Z,2026-08-12T12:19:00Z,2026-08-12T11:35:10Z,84.1
amtrak,NER,181,2026-08-12,WAS,Washington Union Station,2026-08-12T13:02:00Z,2026-08-12T12:56:00Z,2026-08-12T13:02:00Z,2026-08-12T12:56:00Z,2026-08-12T11:35:10Z,84.1
amtrak,NER,183,2026-08-12,BAL,Baltimore Penn Station,2026-08-12T14:20:00Z,2026-08-12T14:20:00Z,2026-08-12T14:17:00Z,2026-08-12T14:17:00Z,2026-08-12T11:35:10Z,84.1
amtrak,NER,183,2026-08-12,WAS,Washington Union Station,2026-08-12T15:04:00Z,2026-08-12T15:04:00Z,2026-08-12T15:04:00Z,2026-08-12T15:00:00Z,2026-08-12T11:35:10Z,84.1
marc,11705,Train408,2026-08-12,11958,UNION STATION MARC Washington,2026-08-12T11:00:00Z,2026-08-12T11:00:55Z,NA,NA,2026-08-12T11:38:11Z,83.1
marc,11705,Train408,2026-08-12,12002,PENN STATION MARC nb,NA,NA,2026-08-12T11:44:00Z,2026-08-12T11:37:07Z,2026-08-12T11:38:11Z,83.1
marc,11705,Train410,2026-08-12,11958,UNION STATION MARC Washington,2026-08-12T11:15:00Z,2026-08-12T11:16:16Z,NA,NA,2026-08-12T11:38:11Z,83.1
marc,11705,Train410,2026-08-12,12002,PENN STATION MARC nb,NA,NA,2026-08-12T12:17:00Z,2026-08-12T12:19:09Z,2026-08-12T11:38:11Z,83.1
marc,11705,Train415,2026-08-12,11958,UNION STATION MARC Washington,NA,NA,2026-08-12T12:02:00Z,2026-08-12T12:39:43Z,2026-08-12T11:38:11Z,83.1
marc,11705,Train502,2026-08-12,11958,UNION STATION MARC Washington,2026-08-12T10:12:00Z,2026-08-12T10:13:02Z,NA,NA,2026-08-12T11:38:11Z,83.1
marc,11705,Train502,2026-08-12,12002,PENN STATION MARC nb,2026-08-12T11:26:00Z,2026-08-12T11:12:06Z,2026-08-12T11:24:00Z,2026-08-12T11:10:30Z,2026-08-12T11:38:11Z,83.1
marc,11705,Train517,2026-08-12,11980,PENN STATION MARC sb,2026-08-12T11:20:00Z,2026-08-12T11:17:12Z,2026-08-12T11:16:05Z,2026-08-12T11:16:12Z,2026-08-12T11:38:11Z,83.1
marc,11705,Train517,2026-08-12,11958,UNION STATION MARC Washington,NA,NA,2026-08-12T12:19:00Z,2026-08-12T12:24:51Z,2026-08-12T11:38:11Z,83.1
amtrak,NER,66,2026-08-12,BAL,Baltimore Penn Station,2026-08-12T02:51:00Z,2026-08-12T03:03:00Z,2026-08-12T02:49:00Z,2026-08-12T03:01:00Z,2026-08-12T11:38:11Z,83.1
amtrak,NER,66,2026-08-12,WAS,Washington Union Station,2026-08-12T02:00:00Z,2026-08-12T02:20:00Z,2026-08-12T01:28:00Z,2026-08-12T01:44:00Z,2026-08-12T11:38:11Z,83.1
amtrak,NER,67,2026-08-12,BAL,Baltimore Penn Station,2026-08-12T10:04:00Z,2026-08-12T10:06:00Z,2026-08-12T10:02:00Z,2026-08-12T10:04:00Z,2026-08-12T11:38:11Z,83.1
amtrak,NER,67,2026-08-12,WAS,Washington Union Station,2026-08-12T11:20:00Z,2026-08-12T11:33:00Z,2026-08-12T10:54:00Z,2026-08-12T10:51:00Z,2026-08-12T11:38:11Z,83.1
amtrak,NER,86,2026-08-12,BAL,Baltimore Penn Station,2026-08-12T13:32:00Z,2026-08-12T13:30:00Z,2026-08-12T13:30:00Z,2026-08-12T13:30:00Z,2026-08-12T11:38:11Z,83.1
amtrak,NER,86,2026-08-12,WAS,Washington Union Station,2026-08-12T12:55:00Z,2026-08-12T12:18:00Z,2026-08-12T12:18:00Z,2026-08-12T12:18:00Z,2026-08-12T11:38:11Z,83.1
amtrak,NER,95,2026-08-12,BAL,Baltimore Penn Station,2026-08-12T17:23:00Z,2026-08-12T17:14:00Z,2026-08-12T17:14:00Z,2026-08-12T17:14:00Z,2026-08-12T11:38:11Z,83.1
amtrak,NER,95,2026-08-12,WAS,Washington Union Station,2026-08-12T18:35:00Z,2026-08-12T18:05:00Z,2026-08-12T18:05:00Z,2026-08-12T18:05:00Z,2026-08-12T11:38:11Z,83.1
amtrak,NER,111,2026-08-12,BAL,Baltimore Penn Station,2026-08-12T11:36:00Z,2026-08-12T11:36:00Z,2026-08-12T11:34:00Z,2026-08-12T11:32:00Z,2026-08-12T11:38:11Z,83.1
amtrak,NER,111,2026-08-12,WAS,Washington Union Station,2026-08-12T12:22:00Z,2026-08-12T12:22:00Z,2026-08-12T12:22:00Z,2026-08-12T12:22:00Z,2026-08-12T11:38:11Z,83.1
amtrak,NER,112,2026-08-12,BAL,Baltimore Penn Station,2026-08-12T12:22:00Z,2026-08-12T12:22:00Z,2026-08-12T12:20:00Z,2026-08-12T12:20:00Z,2026-08-12T11:38:11Z,83.1
amtrak,NER,112,2026-08-12,WAS,Washington Union Station,2026-08-12T11:40:00Z,2026-08-12T11:40:00Z,2026-08-12T11:40:00Z,2026-08-12T11:40:00Z,2026-08-12T11:38:11Z,83.1
amtrak,NER,113,2026-08-12,BAL,Baltimore Penn Station,2026-08-12T13:07:00Z,NA,2026-08-12T13:05:00Z,NA,2026-08-12T11:38:11Z,83.1
amtrak,NER,113,2026-08-12,WAS,Washington Union Station,2026-08-12T13:53:00Z,NA,2026-08-12T13:53:00Z,NA,2026-08-12T11:38:11Z,83.1
amtrak,NER,125,2026-08-12,BAL,Baltimore Penn Station,2026-08-12T18:28:00Z,2026-08-12T18:26:00Z,2026-08-12T18:25:00Z,2026-08-12T18:26:00Z,2026-08-12T11:38:11Z,83.1
amtrak,NER,125,2026-08-12,WAS,Washington Union Station,2026-08-12T19:50:00Z,2026-08-12T19:11:00Z,2026-08-12T19:11:00Z,2026-08-12T19:11:00Z,2026-08-12T11:38:11Z,83.1
amtrak,NER,130,2026-08-12,BAL,Baltimore Penn Station,2026-08-12T11:05:00Z,2026-08-12T11:05:00Z,2026-08-12T11:03:00Z,2026-08-12T10:55:00Z,2026-08-12T11:38:11Z,83.1
amtrak,NER,130,2026-08-12,WAS,Washington Union Station,2026-08-12T10:20:00Z,2026-08-12T10:20:00Z,2026-08-12T10:20:00Z,2026-08-12T10:20:00Z,2026-08-12T11:38:11Z,83.1
amtrak,NER,141,2026-08-12,BAL,Baltimore Penn Station,2026-08-12T15:00:00Z,2026-08-12T14:58:00Z,2026-08-12T14:58:00Z,2026-08-12T14:58:00Z,2026-08-12T11:38:11Z,83.1
amtrak,NER,141,2026-08-12,WAS,Washington Union Station,2026-08-12T15:41:00Z,2026-08-12T15:40:00Z,2026-08-12T15:41:00Z,2026-08-12T15:40:00Z,2026-08-12T11:38:11Z,83.1
amtrak,NER,151,2026-08-12,BAL,Baltimore Penn Station,2026-08-12T10:10:00Z,2026-08-12T10:16:00Z,2026-08-12T10:08:00Z,2026-08-12T10:12:00Z,2026-08-12T11:38:11Z,83.1
amtrak,NER,151,2026-08-12,WAS,Washington Union Station,2026-08-12T11:30:00Z,2026-08-12T11:30:00Z,2026-08-12T10:58:00Z,2026-08-12T10:55:00Z,2026-08-12T11:38:11Z,83.1
amtrak,NER,170,2026-08-12,BAL,Baltimore Penn Station,2026-08-12T09:44:00Z,2026-08-12T09:45:00Z,2026-08-12T09:42:00Z,2026-08-12T09:41:00Z,2026-08-12T11:38:11Z,83.1
amtrak,NER,170,2026-08-12,WAS,Washington Union Station,2026-08-12T09:05:00Z,2026-08-12T09:05:00Z,2026-08-12T09:05:00Z,2026-08-12T09:05:00Z,2026-08-12T11:38:11Z,83.1
amtrak,NER,171,2026-08-12,BAL,Baltimore Penn Station,2026-08-12T19:33:00Z,2026-08-12T19:33:00Z,2026-08-12T19:30:00Z,2026-08-12T19:30:00Z,2026-08-12T11:38:11Z,83.1
amtrak,NER,171,2026-08-12,WAS,Washington Union Station,2026-08-12T21:00:00Z,2026-08-12T21:00:00Z,2026-08-12T20:25:00Z,2026-08-12T20:25:00Z,2026-08-12T11:38:11Z,83.1
amtrak,NER,172,2026-08-12,BAL,Baltimore Penn Station,2026-08-12T11:50:00Z,2026-08-12T11:48:00Z,2026-08-12T11:48:00Z,2026-08-12T11:48:00Z,2026-08-12T11:38:11Z,83.1
amtrak,NER,172,2026-08-12,WAS,Washington Union Station,2026-08-12T11:06:00Z,2026-08-12T11:06:00Z,2026-08-12T11:06:00Z,2026-08-12T11:06:00Z,2026-08-12T11:38:11Z,83.1
amtrak,NER,181,2026-08-12,BAL,Baltimore Penn Station,2026-08-12T12:22:00Z,2026-08-12T12:19:00Z,2026-08-12T12:19:00Z,2026-08-12T12:19:00Z,2026-08-12T11:38:11Z,83.1
amtrak,NER,181,2026-08-12,WAS,Washington Union Station,2026-08-12T13:02:00Z,2026-08-12T13:02:00Z,2026-08-12T13:02:00Z,2026-08-12T13:02:00Z,2026-08-12T11:38:11Z,83.1
amtrak,NER,183,2026-08-12,BAL,Baltimore Penn Station,2026-08-12T14:20:00Z,2026-08-12T14:20:00Z,2026-08-12T14:17:00Z,2026-08-12T14:17:00Z,2026-08-12T11:38:11Z,83.1
amtrak,NER,183,2026-08-12,WAS,Washington Union Station,2026-08-12T15:04:00Z,2026-08-12T15:04:00Z,2026-08-12T15:04:00Z,2026-08-12T15:00:00Z,2026-08-12T11:38:11Z,83.1
marc,11705,Train410,2026-08-12,11958,UNION STATION MARC Washington,2026-08-12T11:15:00Z,2026-08-12T11:16:16Z,NA,NA,2026-08-12T11:41:13Z,83
marc,11705,Train410,2026-08-12,12002,PENN STATION MARC nb,NA,NA,2026-08-12T12:17:00Z,2026-08-12T12:19:57Z,2026-08-12T11:41:13Z,83
marc,11705,Train415,2026-08-12,11958,UNION STATION MARC Washington,NA,NA,2026-08-12T12:02:00Z,2026-08-12T12:42:52Z,2026-08-12T11:41:13Z,83
marc,11705,Train502,2026-08-12,11958,UNION STATION MARC Washington,2026-08-12T10:12:00Z,2026-08-12T10:13:02Z,NA,NA,2026-08-12T11:41:13Z,83
marc,11705,Train502,2026-08-12,12002,PENN STATION MARC nb,2026-08-12T11:26:00Z,2026-08-12T11:12:06Z,2026-08-12T11:24:00Z,2026-08-12T11:10:30Z,2026-08-12T11:41:13Z,83
marc,11705,Train517,2026-08-12,11980,PENN STATION MARC sb,2026-08-12T11:20:00Z,2026-08-12T11:17:12Z,2026-08-12T11:16:05Z,2026-08-12T11:16:12Z,2026-08-12T11:41:13Z,83
marc,11705,Train517,2026-08-12,11958,UNION STATION MARC Washington,NA,NA,2026-08-12T12:19:00Z,2026-08-12T12:24:47Z,2026-08-12T11:41:13Z,83
amtrak,NER,66,2026-08-12,BAL,Baltimore Penn Station,2026-08-12T02:51:00Z,2026-08-12T03:03:00Z,2026-08-12T02:49:00Z,2026-08-12T03:01:00Z,2026-08-12T11:41:13Z,83
amtrak,NER,66,2026-08-12,WAS,Washington Union Station,2026-08-12T02:00:00Z,2026-08-12T02:20:00Z,2026-08-12T01:28:00Z,2026-08-12T01:44:00Z,2026-08-12T11:41:13Z,83
amtrak,NER,67,2026-08-12,BAL,Baltimore Penn Station,2026-08-12T10:04:00Z,2026-08-12T10:06:00Z,2026-08-12T10:02:00Z,2026-08-12T10:04:00Z,2026-08-12T11:41:13Z,83
amtrak,NER,67,2026-08-12,WAS,Washington Union Station,2026-08-12T11:20:00Z,2026-08-12T11:33:00Z,2026-08-12T10:54:00Z,2026-08-12T10:51:00Z,2026-08-12T11:41:13Z,83
amtrak,NER,86,2026-08-12,BAL,Baltimore Penn Station,2026-08-12T13:32:00Z,2026-08-12T13:30:00Z,2026-08-12T13:30:00Z,2026-08-12T13:30:00Z,2026-08-12T11:41:13Z,83
amtrak,NER,86,2026-08-12,WAS,Washington Union Station,2026-08-12T12:55:00Z,2026-08-12T12:10:00Z,2026-08-12T12:18:00Z,2026-08-12T12:10:00Z,2026-08-12T11:41:13Z,83
amtrak,NER,95,2026-08-12,BAL,Baltimore Penn Station,2026-08-12T17:23:00Z,2026-08-12T17:14:00Z,2026-08-12T17:14:00Z,2026-08-12T17:14:00Z,2026-08-12T11:41:13Z,83
amtrak,NER,95,2026-08-12,WAS,Washington Union Station,2026-08-12T18:35:00Z,2026-08-12T18:05:00Z,2026-08-12T18:05:00Z,2026-08-12T18:05:00Z,2026-08-12T11:41:13Z,83
amtrak,NER,111,2026-08-12,BAL,Baltimore Penn Station,2026-08-12T11:36:00Z,2026-08-12T11:36:00Z,2026-08-12T11:34:00Z,2026-08-12T11:32:00Z,2026-08-12T11:41:13Z,83
amtrak,NER,111,2026-08-12,WAS,Washington Union Station,2026-08-12T12:22:00Z,2026-08-12T12:22:00Z,2026-08-12T12:22:00Z,2026-08-12T12:22:00Z,2026-08-12T11:41:13Z,83
amtrak,NER,112,2026-08-12,BAL,Baltimore Penn Station,2026-08-12T12:22:00Z,2026-08-12T12:22:00Z,2026-08-12T12:20:00Z,2026-08-12T12:20:00Z,2026-08-12T11:41:13Z,83
amtrak,NER,112,2026-08-12,WAS,Washington Union Station,2026-08-12T11:40:00Z,2026-08-12T11:40:00Z,2026-08-12T11:40:00Z,2026-08-12T11:40:00Z,2026-08-12T11:41:13Z,83
amtrak,NER,113,2026-08-12,BAL,Baltimore Penn Station,2026-08-12T13:07:00Z,2026-08-12T13:08:00Z,2026-08-12T13:05:00Z,2026-08-12T13:08:00Z,2026-08-12T11:41:13Z,83
amtrak,NER,113,2026-08-12,WAS,Washington Union Station,2026-08-12T13:53:00Z,NA,2026-08-12T13:53:00Z,NA,2026-08-12T11:41:13Z,83
amtrak,NER,125,2026-08-12,BAL,Baltimore Penn Station,2026-08-12T18:28:00Z,2026-08-12T18:26:00Z,2026-08-12T18:25:00Z,2026-08-12T18:26:00Z,2026-08-12T11:41:13Z,83
amtrak,NER,125,2026-08-12,WAS,Washington Union Station,2026-08-12T19:50:00Z,2026-08-12T19:11:00Z,2026-08-12T19:11:00Z,2026-08-12T19:11:00Z,2026-08-12T11:41:13Z,83
amtrak,NER,130,2026-08-12,BAL,Baltimore Penn Station,2026-08-12T11:05:00Z,2026-08-12T11:05:00Z,2026-08-12T11:03:00Z,2026-08-12T10:55:00Z,2026-08-12T11:41:13Z,83
amtrak,NER,130,2026-08-12,WAS,Washington Union Station,2026-08-12T10:20:00Z,2026-08-12T10:20:00Z,2026-08-12T10:20:00Z,2026-08-12T10:20:00Z,2026-08-12T11:41:13Z,83
amtrak,NER,141,2026-08-12,BAL,Baltimore Penn Station,2026-08-12T15:00:00Z,2026-08-12T14:58:00Z,2026-08-12T14:58:00Z,2026-08-12T14:58:00Z,2026-08-12T11:41:13Z,83
amtrak,NER,141,2026-08-12,WAS,Washington Union Station,2026-08-12T15:41:00Z,2026-08-12T15:40:00Z,2026-08-12T15:41:00Z,2026-08-12T15:40:00Z,2026-08-12T11:41:13Z,83
amtrak,NER,151,2026-08-12,BAL,Baltimore Penn Station,2026-08-12T10:10:00Z,2026-08-12T10:16:00Z,2026-08-12T10:08:00Z,2026-08-12T10:12:00Z,2026-08-12T11:41:13Z,83
amtrak,NER,151,2026-08-12,WAS,Washington Union Station,2026-08-12T11:30:00Z,2026-08-12T11:30:00Z,2026-08-12T10:58:00Z,2026-08-12T10:55:00Z,2026-08-12T11:41:13Z,83
amtrak,NER,170,2026-08-12,BAL,Baltimore Penn Station,2026-08-12T09:44:00Z,2026-08-12T09:45:00Z,2026-08-12T09:42:00Z,2026-08-12T09:41:00Z,2026-08-12T11:41:13Z,83
amtrak,NER,170,2026-08-12,WAS,Washington Union Station,2026-08-12T09:05:00Z,2026-08-12T09:05:00Z,2026-08-12T09:05:00Z,2026-08-12T09:05:00Z,2026-08-12T11:41:13Z,83
amtrak,NER,171,2026-08-12,BAL,Baltimore Penn Station,2026-08-12T19:33:00Z,2026-08-12T19:33:00Z,2026-08-12T19:30:00Z,2026-08-12T19:30:00Z,2026-08-12T11:41:13Z,83
amtrak,NER,171,2026-08-12,WAS,Washington Union Station,2026-08-12T21:00:00Z,2026-08-12T21:00:00Z,2026-08-12T20:25:00Z,2026-08-12T20:25:00Z,2026-08-12T11:41:13Z,83
amtrak,NER,172,2026-08-12,BAL,Baltimore Penn Station,2026-08-12T11:50:00Z,2026-08-12T11:51:00Z,2026-08-12T11:48:00Z,2026-08-12T11:51:00Z,2026-08-12T11:41:13Z,83
amtrak,NER,172,2026-08-12,WAS,Washington Union Station,2026-08-12T11:06:00Z,2026-08-12T11:06:00Z,2026-08-12T11:06:00Z,2026-08-12T11:06:00Z,2026-08-12T11:41:13Z,83
amtrak,NER,181,2026-08-12,BAL,Baltimore Penn Station,2026-08-12T12:22:00Z,2026-08-12T12:19:00Z,2026-08-12T12:19:00Z,2026-08-12T12:19:00Z,2026-08-12T11:41:13Z,83
amtrak,NER,181,2026-08-12,WAS,Washington Union Station,2026-08-12T13:02:00Z,2026-08-12T13:02:00Z,2026-08-12T13:02:00Z,2026-08-12T13:02:00Z,2026-08-12T11:41:13Z,83
amtrak,NER,183,2026-08-12,BAL,Baltimore Penn Station,2026-08-12T14:20:00Z,2026-08-12T14:20:00Z,2026-08-12T14:17:00Z,2026-08-12T14:17:00Z,2026-08-12T11:41:13Z,83
amtrak,NER,183,2026-08-12,WAS,Washington Union Station,2026-08-12T15:04:00Z,2026-08-12T15:04:00Z,2026-08-12T15:04:00Z,2026-08-12T15:00:00Z,2026-08-12T11:41:13Z,83
marc,11705,Train419,2026-08-12,11980,PENN STATION MARC sb,2026-08-12T11:50:00Z,2026-08-12T11:51:43Z,NA,NA,2026-08-12T12:28:29Z,76.9
marc,11705,Train419,2026-08-12,11958,UNION STATION MARC Washington,NA,NA,2026-08-12T12:53:00Z,2026-08-12T12:57:24Z,2026-08-12T12:28:29Z,76.9
marc,11705,Train415,2026-08-12,11980,PENN STATION MARC sb,2026-08-12T11:00:00Z,2026-08-12T11:59:51Z,NA,NA,2026-08-12T12:28:29Z,76.9
marc,11705,Train415,2026-08-12,11958,UNION STATION MARC Washington,NA,NA,2026-08-12T12:02:00Z,2026-08-12T13:03:53Z,2026-08-12T12:28:29Z,76.9
marc,11705,Train517,2026-08-12,11980,PENN STATION MARC sb,2026-08-12T11:20:00Z,2026-08-12T11:17:12Z,2026-08-12T11:16:05Z,2026-08-12T11:16:12Z,2026-08-12T12:28:29Z,76.9
marc,11705,Train517,2026-08-12,11958,UNION STATION MARC Washington,NA,NA,2026-08-12T12:19:00Z,2026-08-12T12:44:13Z,2026-08-12T12:28:29Z,76.9
marc,11705,Train610,2026-08-12,11958,UNION STATION MARC Washington,2026-08-12T11:50:00Z,2026-08-12T11:51:10Z,NA,NA,2026-08-12T12:28:29Z,76.9
marc,11705,Train610,2026-08-12,12002,PENN STATION MARC nb,2026-08-12T12:46:00Z,2026-08-12T12:46:00Z,2026-08-12T12:40:15Z,2026-08-12T12:39:34Z,2026-08-12T12:28:29Z,76.9
marc,11705,Train612,2026-08-12,11958,UNION STATION MARC Washington,2026-08-12T12:20:00Z,2026-08-12T12:26:35Z,NA,NA,2026-08-12T12:28:29Z,76.9
marc,11705,Train612,2026-08-12,12002,PENN STATION MARC nb,2026-08-12T13:20:00Z,2026-08-12T13:26:44Z,2026-08-12T13:17:00Z,2026-08-12T13:23:44Z,2026-08-12T12:28:29Z,76.9
amtrak,NER,66,2026-08-12,BAL,Baltimore Penn Station,2026-08-12T02:51:00Z,2026-08-12T03:03:00Z,2026-08-12T02:49:00Z,2026-08-12T03:01:00Z,2026-08-12T12:28:29Z,76.9
amtrak,NER,66,2026-08-12,WAS,Washington Union Station,2026-08-12T02:00:00Z,2026-08-12T02:20:00Z,2026-08-12T01:28:00Z,2026-08-12T01:44:00Z,2026-08-12T12:28:29Z,76.9
amtrak,NER,67,2026-08-12,BAL,Baltimore Penn Station,2026-08-12T10:04:00Z,2026-08-12T10:06:00Z,2026-08-12T10:02:00Z,2026-08-12T10:04:00Z,2026-08-12T12:28:29Z,76.9
amtrak,NER,67,2026-08-12,WAS,Washington Union Station,2026-08-12T11:20:00Z,2026-08-12T11:33:00Z,2026-08-12T10:54:00Z,2026-08-12T10:51:00Z,2026-08-12T12:28:29Z,76.9
amtrak,NER,86,2026-08-12,BAL,Baltimore Penn Station,2026-08-12T13:32:00Z,2026-08-12T13:30:00Z,2026-08-12T13:30:00Z,2026-08-12T13:30:00Z,2026-08-12T12:28:29Z,76.9
amtrak,NER,86,2026-08-12,WAS,Washington Union Station,2026-08-12T12:55:00Z,2026-08-12T12:55:00Z,2026-08-12T12:18:00Z,2026-08-12T12:22:00Z,2026-08-12T12:28:29Z,76.9
amtrak,NER,93,2026-08-12,BAL,Baltimore Penn Station,2026-08-12T20:39:00Z,2026-08-12T20:39:00Z,2026-08-12T20:37:00Z,2026-08-12T20:37:00Z,2026-08-12T12:28:29Z,76.9
amtrak,NER,93,2026-08-12,WAS,Washington Union Station,2026-08-12T22:05:00Z,2026-08-12T22:05:00Z,2026-08-12T21:25:00Z,2026-08-12T21:25:00Z,2026-08-12T12:28:29Z,76.9
amtrak,NER,94,2026-08-12,BAL,Baltimore Penn Station,2026-08-12T18:43:00Z,2026-08-12T18:43:00Z,2026-08-12T18:41:00Z,2026-08-12T18:41:00Z,2026-08-12T12:28:29Z,76.9
amtrak,NER,94,2026-08-12,WAS,Washington Union Station,2026-08-12T18:00:00Z,2026-08-12T18:00:00Z,2026-08-12T17:23:00Z,2026-08-12T17:23:00Z,2026-08-12T12:28:29Z,76.9
amtrak,NER,95,2026-08-12,BAL,Baltimore Penn Station,2026-08-12T17:23:00Z,2026-08-12T17:14:00Z,2026-08-12T17:14:00Z,2026-08-12T17:14:00Z,2026-08-12T12:28:29Z,76.9
amtrak,NER,95,2026-08-12,WAS,Washington Union Station,2026-08-12T18:35:00Z,2026-08-12T18:05:00Z,2026-08-12T18:05:00Z,2026-08-12T18:05:00Z,2026-08-12T12:28:29Z,76.9
amtrak,NER,111,2026-08-12,BAL,Baltimore Penn Station,2026-08-12T11:36:00Z,2026-08-12T11:36:00Z,2026-08-12T11:34:00Z,2026-08-12T11:32:00Z,2026-08-12T12:28:29Z,76.9
amtrak,NER,111,2026-08-12,WAS,Washington Union Station,2026-08-12T12:22:00Z,2026-08-12T12:25:00Z,2026-08-12T12:22:00Z,2026-08-12T12:25:00Z,2026-08-12T12:28:29Z,76.9
amtrak,NER,112,2026-08-12,BAL,Baltimore Penn Station,2026-08-12T12:22:00Z,2026-08-12T12:22:00Z,2026-08-12T12:20:00Z,2026-08-12T12:19:00Z,2026-08-12T12:28:29Z,76.9
amtrak,NER,112,2026-08-12,WAS,Washington Union Station,2026-08-12T11:40:00Z,2026-08-12T11:40:00Z,2026-08-12T11:40:00Z,2026-08-12T11:40:00Z,2026-08-12T12:28:29Z,76.9
amtrak,NER,113,2026-08-12,BAL,Baltimore Penn Station,2026-08-12T13:07:00Z,2026-08-12T13:11:00Z,2026-08-12T13:05:00Z,2026-08-12T13:11:00Z,2026-08-12T12:28:29Z,76.9
amtrak,NER,113,2026-08-12,WAS,Washington Union Station,2026-08-12T13:53:00Z,2026-08-12T13:49:00Z,2026-08-12T13:53:00Z,2026-08-12T13:49:00Z,2026-08-12T12:28:29Z,76.9
amtrak,NER,125,2026-08-12,BAL,Baltimore Penn Station,2026-08-12T18:28:00Z,2026-08-12T18:26:00Z,2026-08-12T18:25:00Z,2026-08-12T18:26:00Z,2026-08-12T12:28:29Z,76.9
amtrak,NER,125,2026-08-12,WAS,Washington Union Station,2026-08-12T19:50:00Z,2026-08-12T19:11:00Z,2026-08-12T19:11:00Z,2026-08-12T19:11:00Z,2026-08-12T12:28:29Z,76.9
amtrak,NER,130,2026-08-12,BAL,Baltimore Penn Station,2026-08-12T11:05:00Z,2026-08-12T11:05:00Z,2026-08-12T11:03:00Z,2026-08-12T10:55:00Z,2026-08-12T12:28:29Z,76.9
amtrak,NER,130,2026-08-12,WAS,Washington Union Station,2026-08-12T10:20:00Z,2026-08-12T10:20:00Z,2026-08-12T10:20:00Z,2026-08-12T10:20:00Z,2026-08-12T12:28:29Z,76.9
amtrak,NER,141,2026-08-12,BAL,Baltimore Penn Station,2026-08-12T15:00:00Z,2026-08-12T14:58:00Z,2026-08-12T14:58:00Z,2026-08-12T14:58:00Z,2026-08-12T12:28:29Z,76.9
amtrak,NER,141,2026-08-12,WAS,Washington Union Station,2026-08-12T15:41:00Z,2026-08-12T15:40:00Z,2026-08-12T15:41:00Z,2026-08-12T15:40:00Z,2026-08-12T12:28:29Z,76.9
amtrak,NER,151,2026-08-12,BAL,Baltimore Penn Station,2026-08-12T10:10:00Z,2026-08-12T10:16:00Z,2026-08-12T10:08:00Z,2026-08-12T10:12:00Z,2026-08-12T12:28:29Z,76.9
amtrak,NER,151,2026-08-12,WAS,Washington Union Station,2026-08-12T11:30:00Z,2026-08-12T11:30:00Z,2026-08-12T10:58:00Z,2026-08-12T10:57:00Z,2026-08-12T12:28:29Z,76.9
amtrak,NER,170,2026-08-12,BAL,Baltimore Penn Station,2026-08-12T09:44:00Z,2026-08-12T09:45:00Z,2026-08-12T09:42:00Z,2026-08-12T09:41:00Z,2026-08-12T12:28:29Z,76.9
amtrak,NER,170,2026-08-12,WAS,Washington Union Station,2026-08-12T09:05:00Z,2026-08-12T09:05:00Z,2026-08-12T09:05:00Z,2026-08-12T09:05:00Z,2026-08-12T12:28:29Z,76.9
amtrak,NER,171,2026-08-12,BAL,Baltimore Penn Station,2026-08-12T19:33:00Z,2026-08-12T19:30:00Z,2026-08-12T19:30:00Z,2026-08-12T19:30:00Z,2026-08-12T12:28:29Z,76.9
amtrak,NER,171,2026-08-12,WAS,Washington Union Station,2026-08-12T21:00:00Z,2026-08-12T20:25:00Z,2026-08-12T20:25:00Z,2026-08-12T20:25:00Z,2026-08-12T12:28:29Z,76.9
amtrak,NER,172,2026-08-12,BAL,Baltimore Penn Station,2026-08-12T11:50:00Z,2026-08-12T11:54:00Z,2026-08-12T11:48:00Z,2026-08-12T11:51:00Z,2026-08-12T12:28:29Z,76.9
amtrak,NER,172,2026-08-12,WAS,Washington Union Station,2026-08-12T11:06:00Z,2026-08-12T11:06:00Z,2026-08-12T11:06:00Z,2026-08-12T11:06:00Z,2026-08-12T12:28:29Z,76.9
amtrak,NER,181,2026-08-12,BAL,Baltimore Penn Station,2026-08-12T12:22:00Z,2026-08-12T12:24:00Z,2026-08-12T12:19:00Z,2026-08-12T12:22:00Z,2026-08-12T12:28:29Z,76.9
amtrak,NER,181,2026-08-12,WAS,Washington Union Station,2026-08-12T13:02:00Z,2026-08-12T12:54:00Z,2026-08-12T13:02:00Z,2026-08-12T12:54:00Z,2026-08-12T12:28:29Z,76.9
amtrak,NER,183,2026-08-12,BAL,Baltimore Penn Station,2026-08-12T14:20:00Z,2026-08-12T14:18:00Z,2026-08-12T14:17:00Z,2026-08-12T14:18:00Z,2026-08-12T12:28:29Z,76.9
amtrak,NER,183,2026-08-12,WAS,Washington Union Station,2026-08-12T15:04:00Z,2026-08-12T15:00:00Z,2026-08-12T15:04:00Z,2026-08-12T15:00:00Z,2026-08-12T12:28:29Z,76.9
amtrak,NER,185,2026-08-12,BAL,Baltimore Penn Station,2026-08-12T16:07:00Z,2026-08-12T16:07:00Z,2026-08-12T16:05:00Z,2026-08-12T16:05:00Z,2026-08-12T12:28:29Z,76.9
amtrak,NER,185,2026-08-12,WAS,Washington Union Station,2026-08-12T16:52:00Z,2026-08-12T16:52:00Z,2026-08-12T16:52:00Z,2026-08-12T16:47:00Z,2026-08-12T12:28:29Z,76.9
marc,11705,Train419,2026-08-12,11980,PENN STATION MARC sb,2026-08-12T11:50:00Z,2026-08-12T11:51:43Z,NA,NA,2026-08-12T12:31:31Z,75.4
marc,11705,Train419,2026-08-12,11958,UNION STATION MARC Washington,NA,NA,2026-08-12T12:53:00Z,2026-08-12T12:57:24Z,2026-08-12T12:31:31Z,75.4
marc,11705,Train421,2026-08-12,11958,UNION STATION MARC Washington,NA,NA,2026-08-12T13:32:00Z,2026-08-12T13:32:00Z,2026-08-12T12:31:31Z,75.4
marc,11705,Train415,2026-08-12,11980,PENN STATION MARC sb,2026-08-12T11:00:00Z,2026-08-12T11:59:51Z,NA,NA,2026-08-12T12:31:31Z,75.4
marc,11705,Train415,2026-08-12,11958,UNION STATION MARC Washington,NA,NA,2026-08-12T12:02:00Z,2026-08-12T13:03:56Z,2026-08-12T12:31:31Z,75.4
marc,11705,Train517,2026-08-12,11980,PENN STATION MARC sb,2026-08-12T11:20:00Z,2026-08-12T11:17:12Z,2026-08-12T11:16:05Z,2026-08-12T11:16:12Z,2026-08-12T12:31:31Z,75.4
marc,11705,Train517,2026-08-12,11958,UNION STATION MARC Washington,NA,NA,2026-08-12T12:19:00Z,2026-08-12T12:44:09Z,2026-08-12T12:31:31Z,75.4
marc,11705,Train610,2026-08-12,11958,UNION STATION MARC Washington,2026-08-12T11:50:00Z,2026-08-12T11:51:10Z,NA,NA,2026-08-12T12:31:31Z,75.4
marc,11705,Train610,2026-08-12,12002,PENN STATION MARC nb,2026-08-12T12:46:00Z,2026-08-12T12:46:00Z,2026-08-12T12:40:15Z,2026-08-12T12:39:53Z,2026-08-12T12:31:31Z,75.4
marc,11705,Train612,2026-08-12,11958,UNION STATION MARC Washington,2026-08-12T12:20:00Z,2026-08-12T12:26:35Z,NA,NA,2026-08-12T12:31:31Z,75.4
marc,11705,Train612,2026-08-12,12002,PENN STATION MARC nb,2026-08-12T13:20:00Z,2026-08-12T13:24:41Z,2026-08-12T13:17:00Z,2026-08-12T13:21:41Z,2026-08-12T12:31:31Z,75.4
amtrak,NER,66,2026-08-12,BAL,Baltimore Penn Station,2026-08-12T02:51:00Z,2026-08-12T03:03:00Z,2026-08-12T02:49:00Z,2026-08-12T03:01:00Z,2026-08-12T12:31:31Z,75.4
amtrak,NER,66,2026-08-12,WAS,Washington Union Station,2026-08-12T02:00:00Z,2026-08-12T02:20:00Z,2026-08-12T01:28:00Z,2026-08-12T01:44:00Z,2026-08-12T12:31:31Z,75.4
amtrak,NER,67,2026-08-12,BAL,Baltimore Penn Station,2026-08-12T10:04:00Z,2026-08-12T10:06:00Z,2026-08-12T10:02:00Z,2026-08-12T10:04:00Z,2026-08-12T12:31:31Z,75.4
amtrak,NER,67,2026-08-12,WAS,Washington Union Station,2026-08-12T11:20:00Z,2026-08-12T11:33:00Z,2026-08-12T10:54:00Z,2026-08-12T10:51:00Z,2026-08-12T12:31:31Z,75.4
amtrak,NER,86,2026-08-12,BAL,Baltimore Penn Station,2026-08-12T13:32:00Z,2026-08-12T13:30:00Z,2026-08-12T13:30:00Z,2026-08-12T13:30:00Z,2026-08-12T12:31:31Z,75.4
amtrak,NER,86,2026-08-12,WAS,Washington Union Station,2026-08-12T12:55:00Z,2026-08-12T12:55:00Z,2026-08-12T12:18:00Z,2026-08-12T12:22:00Z,2026-08-12T12:31:31Z,75.4
amtrak,NER,93,2026-08-12,BAL,Baltimore Penn Station,2026-08-12T20:39:00Z,2026-08-12T20:39:00Z,2026-08-12T20:37:00Z,2026-08-12T20:37:00Z,2026-08-12T12:31:31Z,75.4
amtrak,NER,93,2026-08-12,WAS,Washington Union Station,2026-08-12T22:05:00Z,2026-08-12T22:05:00Z,2026-08-12T21:25:00Z,2026-08-12T21:25:00Z,2026-08-12T12:31:31Z,75.4
amtrak,NER,94,2026-08-12,BAL,Baltimore Penn Station,2026-08-12T18:43:00Z,2026-08-12T18:43:00Z,2026-08-12T18:41:00Z,2026-08-12T18:41:00Z,2026-08-12T12:31:31Z,75.4
amtrak,NER,94,2026-08-12,WAS,Washington Union Station,2026-08-12T18:00:00Z,2026-08-12T18:00:00Z,2026-08-12T17:23:00Z,2026-08-12T17:23:00Z,2026-08-12T12:31:31Z,75.4
amtrak,NER,95,2026-08-12,BAL,Baltimore Penn Station,2026-08-12T17:23:00Z,2026-08-12T17:14:00Z,2026-08-12T17:14:00Z,2026-08-12T17:14:00Z,2026-08-12T12:31:31Z,75.4
amtrak,NER,95,2026-08-12,WAS,Washington Union Station,2026-08-12T18:35:00Z,2026-08-12T18:05:00Z,2026-08-12T18:05:00Z,2026-08-12T18:05:00Z,2026-08-12T12:31:31Z,75.4
amtrak,NER,111,2026-08-12,BAL,Baltimore Penn Station,2026-08-12T11:36:00Z,2026-08-12T11:36:00Z,2026-08-12T11:34:00Z,2026-08-12T11:32:00Z,2026-08-12T12:31:31Z,75.4
amtrak,NER,111,2026-08-12,WAS,Washington Union Station,2026-08-12T12:22:00Z,2026-08-12T12:25:00Z,2026-08-12T12:22:00Z,2026-08-12T12:25:00Z,2026-08-12T12:31:31Z,75.4
amtrak,NER,112,2026-08-12,BAL,Baltimore Penn Station,2026-08-12T12:22:00Z,2026-08-12T12:22:00Z,2026-08-12T12:20:00Z,2026-08-12T12:19:00Z,2026-08-12T12:31:31Z,75.4
amtrak,NER,112,2026-08-12,WAS,Washington Union Station,2026-08-12T11:40:00Z,2026-08-12T11:40:00Z,2026-08-12T11:40:00Z,2026-08-12T11:40:00Z,2026-08-12T12:31:31Z,75.4
amtrak,NER,113,2026-08-12,BAL,Baltimore Penn Station,2026-08-12T13:07:00Z,2026-08-12T13:11:00Z,2026-08-12T13:05:00Z,2026-08-12T13:11:00Z,2026-08-12T12:31:31Z,75.4
amtrak,NER,113,2026-08-12,WAS,Washington Union Station,2026-08-12T13:53:00Z,2026-08-12T13:49:00Z,2026-08-12T13:53:00Z,2026-08-12T13:49:00Z,2026-08-12T12:31:31Z,75.4
amtrak,NER,125,2026-08-12,BAL,Baltimore Penn Station,2026-08-12T18:28:00Z,2026-08-12T18:26:00Z,2026-08-12T18:25:00Z,2026-08-12T18:26:00Z,2026-08-12T12:31:31Z,75.4
amtrak,NER,125,2026-08-12,WAS,Washington Union Station,2026-08-12T19:50:00Z,2026-08-12T19:11:00Z,2026-08-12T19:11:00Z,2026-08-12T19:11:00Z,2026-08-12T12:31:31Z,75.4
amtrak,NER,130,2026-08-12,BAL,Baltimore Penn Station,2026-08-12T11:05:00Z,2026-08-12T11:05:00Z,2026-08-12T11:03:00Z,2026-08-12T10:55:00Z,2026-08-12T12:31:31Z,75.4
amtrak,NER,130,2026-08-12,WAS,Washington Union Station,2026-08-12T10:20:00Z,2026-08-12T10:20:00Z,2026-08-12T10:20:00Z,2026-08-12T10:20:00Z,2026-08-12T12:31:31Z,75.4
amtrak,NER,141,2026-08-12,BAL,Baltimore Penn Station,2026-08-12T15:00:00Z,2026-08-12T14:58:00Z,2026-08-12T14:58:00Z,2026-08-12T14:58:00Z,2026-08-12T12:31:31Z,75.4
amtrak,NER,141,2026-08-12,WAS,Washington Union Station,2026-08-12T15:41:00Z,2026-08-12T15:40:00Z,2026-08-12T15:41:00Z,2026-08-12T15:40:00Z,2026-08-12T12:31:31Z,75.4
amtrak,NER,151,2026-08-12,BAL,Baltimore Penn Station,2026-08-12T10:10:00Z,2026-08-12T10:16:00Z,2026-08-12T10:08:00Z,2026-08-12T10:12:00Z,2026-08-12T12:31:31Z,75.4
amtrak,NER,151,2026-08-12,WAS,Washington Union Station,2026-08-12T11:30:00Z,2026-08-12T11:30:00Z,2026-08-12T10:58:00Z,2026-08-12T10:57:00Z,2026-08-12T12:31:31Z,75.4
amtrak,NER,170,2026-08-12,BAL,Baltimore Penn Station,2026-08-12T09:44:00Z,2026-08-12T09:45:00Z,2026-08-12T09:42:00Z,2026-08-12T09:41:00Z,2026-08-12T12:31:31Z,75.4
amtrak,NER,170,2026-08-12,WAS,Washington Union Station,2026-08-12T09:05:00Z,2026-08-12T09:05:00Z,2026-08-12T09:05:00Z,2026-08-12T09:05:00Z,2026-08-12T12:31:31Z,75.4
amtrak,NER,171,2026-08-12,BAL,Baltimore Penn Station,2026-08-12T19:33:00Z,2026-08-12T19:30:00Z,2026-08-12T19:30:00Z,2026-08-12T19:30:00Z,2026-08-12T12:31:31Z,75.4
amtrak,NER,171,2026-08-12,WAS,Washington Union Station,2026-08-12T21:00:00Z,2026-08-12T20:25:00Z,2026-08-12T20:25:00Z,2026-08-12T20:25:00Z,2026-08-12T12:31:31Z,75.4
amtrak,NER,172,2026-08-12,BAL,Baltimore Penn Station,2026-08-12T11:50:00Z,2026-08-12T11:54:00Z,2026-08-12T11:48:00Z,2026-08-12T11:51:00Z,2026-08-12T12:31:31Z,75.4
amtrak,NER,172,2026-08-12,WAS,Washington Union Station,2026-08-12T11:06:00Z,2026-08-12T11:06:00Z,2026-08-12T11:06:00Z,2026-08-12T11:06:00Z,2026-08-12T12:31:31Z,75.4
amtrak,NER,181,2026-08-12,BAL,Baltimore Penn Station,2026-08-12T12:22:00Z,2026-08-12T12:24:00Z,2026-08-12T12:19:00Z,2026-08-12T12:22:00Z,2026-08-12T12:31:31Z,75.4
amtrak,NER,181,2026-08-12,WAS,Washington Union Station,2026-08-12T13:02:00Z,2026-08-12T12:54:00Z,2026-08-12T13:02:00Z,2026-08-12T12:54:00Z,2026-08-12T12:31:31Z,75.4
amtrak,NER,182,2026-08-12,BAL,Baltimore Penn Station,2026-08-12T14:13:00Z,2026-08-12T14:13:00Z,2026-08-12T14:11:00Z,2026-08-12T14:11:00Z,2026-08-12T12:31:31Z,75.4
amtrak,NER,182,2026-08-12,WAS,Washington Union Station,2026-08-12T13:29:00Z,2026-08-12T13:29:00Z,2026-08-12T13:29:00Z,2026-08-12T13:29:00Z,2026-08-12T12:31:31Z,75.4
amtrak,NER,183,2026-08-12,BAL,Baltimore Penn Station,2026-08-12T14:20:00Z,2026-08-12T14:18:00Z,2026-08-12T14:17:00Z,2026-08-12T14:18:00Z,2026-08-12T12:31:31Z,75.4
amtrak,NER,183,2026-08-12,WAS,Washington Union Station,2026-08-12T15:04:00Z,2026-08-12T15:00:00Z,2026-08-12T15:04:00Z,2026-08-12T15:00:00Z,2026-08-12T12:31:31Z,75.4
amtrak,NER,185,2026-08-12,BAL,Baltimore Penn Station,2026-08-12T16:07:00Z,2026-08-12T16:07:00Z,2026-08-12T16:05:00Z,2026-08-12T16:05:00Z,2026-08-12T12:31:31Z,75.4
amtrak,NER,185,2026-08-12,WAS,Washington Union Station,2026-08-12T16:52:00Z,2026-08-12T16:52:00Z,2026-08-12T16:52:00Z,2026-08-12T16:47:00Z,2026-08-12T12:31:31Z,75.4
marc,11705,Train419,2026-08-12,11980,PENN STATION MARC sb,2026-08-12T11:50:00Z,2026-08-12T11:51:43Z,NA,NA,2026-08-12T12:34:32Z,73.5
marc,11705,Train419,2026-08-12,11958,UNION STATION MARC Washington,NA,NA,2026-08-12T12:53:00Z,2026-08-12T12:57:41Z,2026-08-12T12:34:32Z,73.5
marc,11705,Train421,2026-08-12,11958,UNION STATION MARC Washington,NA,NA,2026-08-12T13:32:00Z,2026-08-12T13:32:00Z,2026-08-12T12:34:32Z,73.5
marc,11705,Train415,2026-08-12,11980,PENN STATION MARC sb,2026-08-12T11:00:00Z,2026-08-12T11:59:51Z,NA,NA,2026-08-12T12:34:32Z,73.5
marc,11705,Train415,2026-08-12,11958,UNION STATION MARC Washington,NA,NA,2026-08-12T12:02:00Z,2026-08-12T13:05:11Z,2026-08-12T12:34:32Z,73.5
marc,11705,Train517,2026-08-12,11980,PENN STATION MARC sb,2026-08-12T11:20:00Z,2026-08-12T11:17:12Z,2026-08-12T11:16:05Z,2026-08-12T11:16:12Z,2026-08-12T12:34:32Z,73.5
marc,11705,Train517,2026-08-12,11958,UNION STATION MARC Washington,NA,NA,2026-08-12T12:19:00Z,2026-08-12T12:43:29Z,2026-08-12T12:34:32Z,73.5
marc,11705,Train610,2026-08-12,11958,UNION STATION MARC Washington,2026-08-12T11:50:00Z,2026-08-12T11:51:10Z,NA,NA,2026-08-12T12:34:32Z,73.5
marc,11705,Train610,2026-08-12,12002,PENN STATION MARC nb,2026-08-12T12:46:00Z,2026-08-12T12:46:20Z,2026-08-12T12:40:15Z,2026-08-12T12:40:35Z,2026-08-12T12:34:32Z,73.5
marc,11705,Train612,2026-08-12,11958,UNION STATION MARC Washington,2026-08-12T12:20:00Z,2026-08-12T12:26:35Z,NA,NA,2026-08-12T12:34:32Z,73.5
marc,11705,Train612,2026-08-12,12002,PENN STATION MARC nb,2026-08-12T13:20:00Z,2026-08-12T13:25:12Z,2026-08-12T13:17:00Z,2026-08-12T13:22:12Z,2026-08-12T12:34:32Z,73.5
amtrak,NER,66,2026-08-12,BAL,Baltimore Penn Station,2026-08-12T02:51:00Z,2026-08-12T03:03:00Z,2026-08-12T02:49:00Z,2026-08-12T03:01:00Z,2026-08-12T12:34:32Z,73.5
amtrak,NER,66,2026-08-12,WAS,Washington Union Station,2026-08-12T02:00:00Z,2026-08-12T02:20:00Z,2026-08-12T01:28:00Z,2026-08-12T01:44:00Z,2026-08-12T12:34:32Z,73.5
amtrak,NER,67,2026-08-12,BAL,Baltimore Penn Station,2026-08-12T10:04:00Z,2026-08-12T10:06:00Z,2026-08-12T10:02:00Z,2026-08-12T10:04:00Z,2026-08-12T12:34:32Z,73.5
amtrak,NER,67,2026-08-12,WAS,Washington Union Station,2026-08-12T11:20:00Z,2026-08-12T11:33:00Z,2026-08-12T10:54:00Z,2026-08-12T10:51:00Z,2026-08-12T12:34:32Z,73.5
amtrak,NER,86,2026-08-12,BAL,Baltimore Penn Station,2026-08-12T13:32:00Z,2026-08-12T13:30:00Z,2026-08-12T13:30:00Z,2026-08-12T13:30:00Z,2026-08-12T12:34:32Z,73.5
amtrak,NER,86,2026-08-12,WAS,Washington Union Station,2026-08-12T12:55:00Z,2026-08-12T12:55:00Z,2026-08-12T12:18:00Z,2026-08-12T12:22:00Z,2026-08-12T12:34:32Z,73.5
amtrak,NER,93,2026-08-12,BAL,Baltimore Penn Station,2026-08-12T20:39:00Z,2026-08-12T20:39:00Z,2026-08-12T20:37:00Z,2026-08-12T20:37:00Z,2026-08-12T12:34:32Z,73.5
amtrak,NER,93,2026-08-12,WAS,Washington Union Station,2026-08-12T22:05:00Z,2026-08-12T22:05:00Z,2026-08-12T21:25:00Z,2026-08-12T21:25:00Z,2026-08-12T12:34:32Z,73.5
amtrak,NER,94,2026-08-12,BAL,Baltimore Penn Station,2026-08-12T18:43:00Z,2026-08-12T18:43:00Z,2026-08-12T18:41:00Z,2026-08-12T18:41:00Z,2026-08-12T12:34:32Z,73.5
amtrak,NER,94,2026-08-12,WAS,Washington Union Station,2026-08-12T18:00:00Z,2026-08-12T18:00:00Z,2026-08-12T17:23:00Z,2026-08-12T17:23:00Z,2026-08-12T12:34:32Z,73.5
amtrak,NER,95,2026-08-12,BAL,Baltimore Penn Station,2026-08-12T17:23:00Z,2026-08-12T17:14:00Z,2026-08-12T17:14:00Z,2026-08-12T17:14:00Z,2026-08-12T12:34:32Z,73.5
amtrak,NER,95,2026-08-12,WAS,Washington Union Station,2026-08-12T18:35:00Z,2026-08-12T18:05:00Z,2026-08-12T18:05:00Z,2026-08-12T18:05:00Z,2026-08-12T12:34:32Z,73.5
amtrak,NER,111,2026-08-12,BAL,Baltimore Penn Station,2026-08-12T11:36:00Z,2026-08-12T11:36:00Z,2026-08-12T11:34:00Z,2026-08-12T11:32:00Z,2026-08-12T12:34:32Z,73.5
amtrak,NER,111,2026-08-12,WAS,Washington Union Station,2026-08-12T12:22:00Z,2026-08-12T12:25:00Z,2026-08-12T12:22:00Z,2026-08-12T12:25:00Z,2026-08-12T12:34:32Z,73.5
amtrak,NER,112,2026-08-12,BAL,Baltimore Penn Station,2026-08-12T12:22:00Z,2026-08-12T12:22:00Z,2026-08-12T12:20:00Z,2026-08-12T12:19:00Z,2026-08-12T12:34:32Z,73.5
amtrak,NER,112,2026-08-12,WAS,Washington Union Station,2026-08-12T11:40:00Z,2026-08-12T11:40:00Z,2026-08-12T11:40:00Z,2026-08-12T11:40:00Z,2026-08-12T12:34:32Z,73.5
amtrak,NER,113,2026-08-12,BAL,Baltimore Penn Station,2026-08-12T13:07:00Z,2026-08-12T13:11:00Z,2026-08-12T13:05:00Z,2026-08-12T13:11:00Z,2026-08-12T12:34:32Z,73.5
amtrak,NER,113,2026-08-12,WAS,Washington Union Station,2026-08-12T13:53:00Z,2026-08-12T13:49:00Z,2026-08-12T13:53:00Z,2026-08-12T13:49:00Z,2026-08-12T12:34:32Z,73.5
amtrak,NER,125,2026-08-12,BAL,Baltimore Penn Station,2026-08-12T18:28:00Z,2026-08-12T18:26:00Z,2026-08-12T18:25:00Z,2026-08-12T18:26:00Z,2026-08-12T12:34:32Z,73.5
amtrak,NER,125,2026-08-12,WAS,Washington Union Station,2026-08-12T19:50:00Z,2026-08-12T19:11:00Z,2026-08-12T19:11:00Z,2026-08-12T19:11:00Z,2026-08-12T12:34:32Z,73.5
amtrak,NER,130,2026-08-12,BAL,Baltimore Penn Station,2026-08-12T11:05:00Z,2026-08-12T11:05:00Z,2026-08-12T11:03:00Z,2026-08-12T10:55:00Z,2026-08-12T12:34:32Z,73.5
amtrak,NER,130,2026-08-12,WAS,Washington Union Station,2026-08-12T10:20:00Z,2026-08-12T10:20:00Z,2026-08-12T10:20:00Z,2026-08-12T10:20:00Z,2026-08-12T12:34:32Z,73.5
amtrak,NER,141,2026-08-12,BAL,Baltimore Penn Station,2026-08-12T15:00:00Z,2026-08-12T14:58:00Z,2026-08-12T14:58:00Z,2026-08-12T14:58:00Z,2026-08-12T12:34:32Z,73.5
amtrak,NER,141,2026-08-12,WAS,Washington Union Station,2026-08-12T15:41:00Z,2026-08-12T15:40:00Z,2026-08-12T15:41:00Z,2026-08-12T15:40:00Z,2026-08-12T12:34:32Z,73.5
amtrak,NER,151,2026-08-12,BAL,Baltimore Penn Station,2026-08-12T10:10:00Z,2026-08-12T10:16:00Z,2026-08-12T10:08:00Z,2026-08-12T10:12:00Z,2026-08-12T12:34:32Z,73.5
amtrak,NER,151,2026-08-12,WAS,Washington Union Station,2026-08-12T11:30:00Z,2026-08-12T11:30:00Z,2026-08-12T10:58:00Z,2026-08-12T10:57:00Z,2026-08-12T12:34:32Z,73.5
amtrak,NER,170,2026-08-12,BAL,Baltimore Penn Station,2026-08-12T09:44:00Z,2026-08-12T09:45:00Z,2026-08-12T09:42:00Z,2026-08-12T09:41:00Z,2026-08-12T12:34:32Z,73.5
amtrak,NER,170,2026-08-12,WAS,Washington Union Station,2026-08-12T09:05:00Z,2026-08-12T09:05:00Z,2026-08-12T09:05:00Z,2026-08-12T09:05:00Z,2026-08-12T12:34:32Z,73.5
amtrak,NER,171,2026-08-12,BAL,Baltimore Penn Station,2026-08-12T19:33:00Z,2026-08-12T19:30:00Z,2026-08-12T19:30:00Z,2026-08-12T19:30:00Z,2026-08-12T12:34:32Z,73.5
amtrak,NER,171,2026-08-12,WAS,Washington Union Station,2026-08-12T21:00:00Z,2026-08-12T20:25:00Z,2026-08-12T20:25:00Z,2026-08-12T20:25:00Z,2026-08-12T12:34:32Z,73.5
amtrak,NER,172,2026-08-12,BAL,Baltimore Penn Station,2026-08-12T11:50:00Z,2026-08-12T11:54:00Z,2026-08-12T11:48:00Z,2026-08-12T11:51:00Z,2026-08-12T12:34:32Z,73.5
amtrak,NER,172,2026-08-12,WAS,Washington Union Station,2026-08-12T11:06:00Z,2026-08-12T11:06:00Z,2026-08-12T11:06:00Z,2026-08-12T11:06:00Z,2026-08-12T12:34:32Z,73.5
amtrak,NER,181,2026-08-12,BAL,Baltimore Penn Station,2026-08-12T12:22:00Z,2026-08-12T12:24:00Z,2026-08-12T12:19:00Z,2026-08-12T12:22:00Z,2026-08-12T12:34:32Z,73.5
amtrak,NER,181,2026-08-12,WAS,Washington Union Station,2026-08-12T13:02:00Z,2026-08-12T12:54:00Z,2026-08-12T13:02:00Z,2026-08-12T12:54:00Z,2026-08-12T12:34:32Z,73.5
amtrak,NER,182,2026-08-12,BAL,Baltimore Penn Station,2026-08-12T14:13:00Z,2026-08-12T14:13:00Z,2026-08-12T14:11:00Z,2026-08-12T14:11:00Z,2026-08-12T12:34:32Z,73.5
amtrak,NER,182,2026-08-12,WAS,Washington Union Station,2026-08-12T13:29:00Z,2026-08-12T13:29:00Z,2026-08-12T13:29:00Z,2026-08-12T13:29:00Z,2026-08-12T12:34:32Z,73.5
amtrak,NER,183,2026-08-12,BAL,Baltimore Penn Station,2026-08-12T14:20:00Z,2026-08-12T14:18:00Z,2026-08-12T14:17:00Z,2026-08-12T14:18:00Z,2026-08-12T12:34:32Z,73.5
amtrak,NER,183,2026-08-12,WAS,Washington Union Station,2026-08-12T15:04:00Z,2026-08-12T15:00:00Z,2026-08-12T15:04:00Z,2026-08-12T15:00:00Z,2026-08-12T12:34:32Z,73.5
amtrak,NER,185,2026-08-12,BAL,Baltimore Penn Station,2026-08-12T16:07:00Z,2026-08-12T16:07:00Z,2026-08-12T16:05:00Z,2026-08-12T16:05:00Z,2026-08-12T12:34:32Z,73.5
amtrak,NER,185,2026-08-12,WAS,Washington Union Station,2026-08-12T16:52:00Z,2026-08-12T16:52:00Z,2026-08-12T16:52:00Z,2026-08-12T16:47:00Z,2026-08-12T12:34:32Z,73.5
marc,11705,Train412,2026-08-12,11958,UNION STATION MARC Washington,2026-08-12T13:00:00Z,2026-08-12T13:21:07Z,NA,NA,2026-08-12T13:56:41Z,64.9
marc,11705,Train412,2026-08-12,12002,PENN STATION MARC nb,NA,NA,2026-08-12T13:56:00Z,2026-08-12T14:17:36Z,2026-08-12T13:56:41Z,64.9
marc,11705,Train414,2026-08-12,11958,UNION STATION MARC Washington,2026-08-12T13:45:00Z,2026-08-12T13:46:17Z,NA,NA,2026-08-12T13:56:41Z,64.9
marc,11705,Train414,2026-08-12,12002,PENN STATION MARC nb,NA,NA,2026-08-12T14:42:00Z,2026-08-12T14:44:04Z,2026-08-12T13:56:41Z,64.9
marc,11705,Train423,2026-08-12,11980,PENN STATION MARC sb,2026-08-12T13:00:00Z,2026-08-12T13:02:10Z,NA,NA,2026-08-12T13:56:41Z,64.9
marc,11705,Train423,2026-08-12,11958,UNION STATION MARC Washington,NA,NA,2026-08-12T14:03:00Z,2026-08-12T14:07:04Z,2026-08-12T13:56:41Z,64.9
marc,11705,Train525,2026-08-12,11980,PENN STATION MARC sb,2026-08-12T13:30:00Z,2026-08-12T13:36:20Z,2026-08-12T13:28:00Z,2026-08-12T13:35:20Z,2026-08-12T13:56:41Z,64.9
marc,11705,Train525,2026-08-12,11958,UNION STATION MARC Washington,NA,NA,2026-08-12T14:28:00Z,2026-08-12T14:36:58Z,2026-08-12T13:56:41Z,64.9
amtrak,NER,66,2026-08-12,BAL,Baltimore Penn Station,2026-08-12T02:51:00Z,2026-08-12T03:03:00Z,2026-08-12T02:49:00Z,2026-08-12T03:01:00Z,2026-08-12T13:56:41Z,64.9
amtrak,NER,66,2026-08-12,WAS,Washington Union Station,2026-08-12T02:00:00Z,2026-08-12T02:20:00Z,2026-08-12T01:28:00Z,2026-08-12T01:44:00Z,2026-08-12T13:56:41Z,64.9
amtrak,NER,67,2026-08-12,BAL,Baltimore Penn Station,2026-08-12T10:04:00Z,2026-08-12T10:06:00Z,2026-08-12T10:02:00Z,2026-08-12T10:04:00Z,2026-08-12T13:56:41Z,64.9
amtrak,NER,67,2026-08-12,WAS,Washington Union Station,2026-08-12T11:20:00Z,2026-08-12T11:33:00Z,2026-08-12T10:54:00Z,2026-08-12T10:51:00Z,2026-08-12T13:56:41Z,64.9
amtrak,NER,85,2026-08-12,BAL,Baltimore Penn Station,2026-08-12T21:50:00Z,2026-08-12T21:50:00Z,2026-08-12T21:47:00Z,2026-08-12T21:47:00Z,2026-08-12T13:56:41Z,64.9
amtrak,NER,85,2026-08-12,WAS,Washington Union Station,2026-08-12T22:39:00Z,2026-08-12T22:39:00Z,2026-08-12T22:39:00Z,2026-08-12T22:28:00Z,2026-08-12T13:56:41Z,64.9
amtrak,NER,86,2026-08-12,BAL,Baltimore Penn Station,2026-08-12T13:32:00Z,2026-08-12T13:38:00Z,2026-08-12T13:30:00Z,2026-08-12T13:36:00Z,2026-08-12T13:56:41Z,64.9
amtrak,NER,86,2026-08-12,WAS,Washington Union Station,2026-08-12T12:55:00Z,2026-08-12T12:55:00Z,2026-08-12T12:18:00Z,2026-08-12T12:22:00Z,2026-08-12T13:56:41Z,64.9
amtrak,NER,93,2026-08-12,BAL,Baltimore Penn Station,2026-08-12T20:39:00Z,2026-08-12T20:37:00Z,2026-08-12T20:37:00Z,2026-08-12T20:37:00Z,2026-08-12T13:56:41Z,64.9
amtrak,NER,93,2026-08-12,WAS,Washington Union Station,2026-08-12T22:05:00Z,2026-08-12T21:25:00Z,2026-08-12T21:25:00Z,2026-08-12T21:25:00Z,2026-08-12T13:56:41Z,64.9
amtrak,NER,94,2026-08-12,BAL,Baltimore Penn Station,2026-08-12T18:43:00Z,2026-08-12T18:41:00Z,2026-08-12T18:41:00Z,2026-08-12T18:41:00Z,2026-08-12T13:56:41Z,64.9
amtrak,NER,94,2026-08-12,WAS,Washington Union Station,2026-08-12T18:00:00Z,2026-08-12T17:23:00Z,2026-08-12T17:23:00Z,2026-08-12T17:23:00Z,2026-08-12T13:56:41Z,64.9
amtrak,NER,95,2026-08-12,BAL,Baltimore Penn Station,2026-08-12T17:23:00Z,2026-08-12T17:14:00Z,2026-08-12T17:14:00Z,2026-08-12T17:14:00Z,2026-08-12T13:56:41Z,64.9
amtrak,NER,95,2026-08-12,WAS,Washington Union Station,2026-08-12T18:35:00Z,2026-08-12T18:05:00Z,2026-08-12T18:05:00Z,2026-08-12T18:05:00Z,2026-08-12T13:56:41Z,64.9
amtrak,NER,112,2026-08-12,BAL,Baltimore Penn Station,2026-08-12T12:22:00Z,2026-08-12T12:22:00Z,2026-08-12T12:20:00Z,2026-08-12T12:19:00Z,2026-08-12T13:56:41Z,64.9
amtrak,NER,112,2026-08-12,WAS,Washington Union Station,2026-08-12T11:40:00Z,2026-08-12T11:40:00Z,2026-08-12T11:40:00Z,2026-08-12T11:40:00Z,2026-08-12T13:56:41Z,64.9
amtrak,NER,113,2026-08-12,BAL,Baltimore Penn Station,2026-08-12T13:07:00Z,2026-08-12T13:12:00Z,2026-08-12T13:05:00Z,2026-08-12T13:11:00Z,2026-08-12T13:56:41Z,64.9
amtrak,NER,113,2026-08-12,WAS,Washington Union Station,2026-08-12T13:53:00Z,2026-08-12T13:51:00Z,2026-08-12T13:53:00Z,2026-08-12T13:51:00Z,2026-08-12T13:56:41Z,64.9
amtrak,NER,125,2026-08-12,BAL,Baltimore Penn Station,2026-08-12T18:28:00Z,2026-08-12T18:26:00Z,2026-08-12T18:25:00Z,2026-08-12T18:26:00Z,2026-08-12T13:56:41Z,64.9
amtrak,NER,125,2026-08-12,WAS,Washington Union Station,2026-08-12T19:50:00Z,2026-08-12T19:11:00Z,2026-08-12T19:11:00Z,2026-08-12T19:11:00Z,2026-08-12T13:56:41Z,64.9
amtrak,NER,130,2026-08-12,BAL,Baltimore Penn Station,2026-08-12T11:05:00Z,2026-08-12T11:05:00Z,2026-08-12T11:03:00Z,2026-08-12T10:55:00Z,2026-08-12T13:56:41Z,64.9
amtrak,NER,130,2026-08-12,WAS,Washington Union Station,2026-08-12T10:20:00Z,2026-08-12T10:20:00Z,2026-08-12T10:20:00Z,2026-08-12T10:20:00Z,2026-08-12T13:56:41Z,64.9
amtrak,NER,141,2026-08-12,BAL,Baltimore Penn Station,2026-08-12T15:00:00Z,2026-08-12T14:58:00Z,2026-08-12T14:58:00Z,2026-08-12T14:58:00Z,2026-08-12T13:56:41Z,64.9
amtrak,NER,141,2026-08-12,WAS,Washington Union Station,2026-08-12T15:41:00Z,2026-08-12T15:40:00Z,2026-08-12T15:41:00Z,2026-08-12T15:40:00Z,2026-08-12T13:56:41Z,64.9
amtrak,NER,151,2026-08-12,BAL,Baltimore Penn Station,2026-08-12T10:10:00Z,2026-08-12T10:16:00Z,2026-08-12T10:08:00Z,2026-08-12T10:12:00Z,2026-08-12T13:56:41Z,64.9
amtrak,NER,151,2026-08-12,WAS,Washington Union Station,2026-08-12T11:30:00Z,2026-08-12T11:30:00Z,2026-08-12T10:58:00Z,2026-08-12T10:57:00Z,2026-08-12T13:56:41Z,64.9
amtrak,NER,170,2026-08-12,BAL,Baltimore Penn Station,2026-08-12T09:44:00Z,2026-08-12T09:45:00Z,2026-08-12T09:42:00Z,2026-08-12T09:41:00Z,2026-08-12T13:56:41Z,64.9
amtrak,NER,170,2026-08-12,WAS,Washington Union Station,2026-08-12T09:05:00Z,2026-08-12T09:05:00Z,2026-08-12T09:05:00Z,2026-08-12T09:05:00Z,2026-08-12T13:56:41Z,64.9
amtrak,NER,171,2026-08-12,BAL,Baltimore Penn Station,2026-08-12T19:33:00Z,2026-08-12T19:30:00Z,2026-08-12T19:30:00Z,2026-08-12T19:30:00Z,2026-08-12T13:56:41Z,64.9
amtrak,NER,171,2026-08-12,WAS,Washington Union Station,2026-08-12T21:00:00Z,2026-08-12T20:25:00Z,2026-08-12T20:25:00Z,2026-08-12T20:25:00Z,2026-08-12T13:56:41Z,64.9
amtrak,NER,172,2026-08-12,BAL,Baltimore Penn Station,2026-08-12T11:50:00Z,2026-08-12T11:54:00Z,2026-08-12T11:48:00Z,2026-08-12T11:51:00Z,2026-08-12T13:56:41Z,64.9
amtrak,NER,172,2026-08-12,WAS,Washington Union Station,2026-08-12T11:06:00Z,2026-08-12T11:06:00Z,2026-08-12T11:06:00Z,2026-08-12T11:06:00Z,2026-08-12T13:56:41Z,64.9
amtrak,NER,174,2026-08-12,BAL,Baltimore Penn Station,2026-08-12T15:18:00Z,2026-08-12T15:18:00Z,2026-08-12T15:16:00Z,2026-08-12T15:16:00Z,2026-08-12T13:56:41Z,64.9
amtrak,NER,174,2026-08-12,WAS,Washington Union Station,2026-08-12T14:35:00Z,2026-08-12T14:35:00Z,2026-08-12T14:35:00Z,2026-08-12T14:16:00Z,2026-08-12T13:56:41Z,64.9
amtrak,NER,178,2026-08-12,BAL,Baltimore Penn Station,2026-08-12T20:39:00Z,2026-08-12T20:37:00Z,2026-08-12T20:37:00Z,2026-08-12T20:37:00Z,2026-08-12T13:56:41Z,64.9
amtrak,NER,178,2026-08-12,WAS,Washington Union Station,2026-08-12T19:56:00Z,2026-08-12T18:55:00Z,2026-08-12T18:55:00Z,2026-08-12T18:55:00Z,2026-08-12T13:56:41Z,64.9
amtrak,NER,182,2026-08-12,BAL,Baltimore Penn Station,2026-08-12T14:13:00Z,2026-08-12T14:12:00Z,2026-08-12T14:11:00Z,2026-08-12T14:12:00Z,2026-08-12T13:56:41Z,64.9
amtrak,NER,182,2026-08-12,WAS,Washington Union Station,2026-08-12T13:29:00Z,2026-08-12T13:29:00Z,2026-08-12T13:29:00Z,2026-08-12T13:29:00Z,2026-08-12T13:56:41Z,64.9
amtrak,NER,183,2026-08-12,BAL,Baltimore Penn Station,2026-08-12T14:20:00Z,2026-08-12T14:27:00Z,2026-08-12T14:17:00Z,2026-08-12T14:27:00Z,2026-08-12T13:56:41Z,64.9
amtrak,NER,183,2026-08-12,WAS,Washington Union Station,2026-08-12T15:04:00Z,2026-08-12T15:09:00Z,2026-08-12T15:04:00Z,2026-08-12T15:09:00Z,2026-08-12T13:56:41Z,64.9
amtrak,NER,185,2026-08-12,BAL,Baltimore Penn Station,2026-08-12T16:07:00Z,2026-08-12T16:05:00Z,2026-08-12T16:05:00Z,2026-08-12T16:05:00Z,2026-08-12T13:56:41Z,64.9
amtrak,NER,185,2026-08-12,WAS,Washington Union Station,2026-08-12T16:52:00Z,2026-08-12T16:47:00Z,2026-08-12T16:52:00Z,2026-08-12T16:47:00Z,2026-08-12T13:56:41Z,64.9
marc,11705,Train412,2026-08-12,11958,UNION STATION MARC Washington,2026-08-12T13:00:00Z,2026-08-12T13:21:07Z,NA,NA,2026-08-12T13:59:43Z,63.9
marc,11705,Train412,2026-08-12,12002,PENN STATION MARC nb,NA,NA,2026-08-12T13:56:00Z,2026-08-12T14:17:34Z,2026-08-12T13:59:43Z,63.9
marc,11705,Train414,2026-08-12,11958,UNION STATION MARC Washington,2026-08-12T13:45:00Z,2026-08-12T13:46:17Z,NA,NA,2026-08-12T13:59:43Z,63.9
marc,11705,Train414,2026-08-12,12002,PENN STATION MARC nb,NA,NA,2026-08-12T14:42:00Z,2026-08-12T14:44:04Z,2026-08-12T13:59:43Z,63.9
marc,11705,Train423,2026-08-12,11980,PENN STATION MARC sb,2026-08-12T13:00:00Z,2026-08-12T13:02:10Z,NA,NA,2026-08-12T13:59:43Z,63.9
marc,11705,Train423,2026-08-12,11958,UNION STATION MARC Washington,NA,NA,2026-08-12T14:03:00Z,2026-08-12T14:04:37Z,2026-08-12T13:59:43Z,63.9
marc,11705,Train525,2026-08-12,11980,PENN STATION MARC sb,2026-08-12T13:30:00Z,2026-08-12T13:36:20Z,2026-08-12T13:28:00Z,2026-08-12T13:35:20Z,2026-08-12T13:59:43Z,63.9
marc,11705,Train525,2026-08-12,11958,UNION STATION MARC Washington,NA,NA,2026-08-12T14:28:00Z,2026-08-12T14:36:58Z,2026-08-12T13:59:43Z,63.9
amtrak,NER,66,2026-08-12,BAL,Baltimore Penn Station,2026-08-12T02:51:00Z,2026-08-12T03:03:00Z,2026-08-12T02:49:00Z,2026-08-12T03:01:00Z,2026-08-12T13:59:43Z,63.9
amtrak,NER,66,2026-08-12,WAS,Washington Union Station,2026-08-12T02:00:00Z,2026-08-12T02:20:00Z,2026-08-12T01:28:00Z,2026-08-12T01:44:00Z,2026-08-12T13:59:43Z,63.9
amtrak,NER,67,2026-08-12,BAL,Baltimore Penn Station,2026-08-12T10:04:00Z,2026-08-12T10:06:00Z,2026-08-12T10:02:00Z,2026-08-12T10:04:00Z,2026-08-12T13:59:43Z,63.9
amtrak,NER,67,2026-08-12,WAS,Washington Union Station,2026-08-12T11:20:00Z,2026-08-12T11:33:00Z,2026-08-12T10:54:00Z,2026-08-12T10:51:00Z,2026-08-12T13:59:43Z,63.9
amtrak,NER,85,2026-08-12,BAL,Baltimore Penn Station,2026-08-12T21:50:00Z,2026-08-12T21:50:00Z,2026-08-12T21:47:00Z,2026-08-12T21:47:00Z,2026-08-12T13:59:43Z,63.9
amtrak,NER,85,2026-08-12,WAS,Washington Union Station,2026-08-12T22:39:00Z,2026-08-12T22:39:00Z,2026-08-12T22:39:00Z,2026-08-12T22:28:00Z,2026-08-12T13:59:43Z,63.9
amtrak,NER,86,2026-08-12,BAL,Baltimore Penn Station,2026-08-12T13:32:00Z,2026-08-12T13:38:00Z,2026-08-12T13:30:00Z,2026-08-12T13:36:00Z,2026-08-12T13:59:43Z,63.9
amtrak,NER,86,2026-08-12,WAS,Washington Union Station,2026-08-12T12:55:00Z,2026-08-12T12:55:00Z,2026-08-12T12:18:00Z,2026-08-12T12:22:00Z,2026-08-12T13:59:43Z,63.9
amtrak,NER,93,2026-08-12,BAL,Baltimore Penn Station,2026-08-12T20:39:00Z,2026-08-12T20:37:00Z,2026-08-12T20:37:00Z,2026-08-12T20:37:00Z,2026-08-12T13:59:43Z,63.9
amtrak,NER,93,2026-08-12,WAS,Washington Union Station,2026-08-12T22:05:00Z,2026-08-12T21:25:00Z,2026-08-12T21:25:00Z,2026-08-12T21:25:00Z,2026-08-12T13:59:43Z,63.9
amtrak,NER,94,2026-08-12,BAL,Baltimore Penn Station,2026-08-12T18:43:00Z,2026-08-12T18:41:00Z,2026-08-12T18:41:00Z,2026-08-12T18:41:00Z,2026-08-12T13:59:43Z,63.9
amtrak,NER,94,2026-08-12,WAS,Washington Union Station,2026-08-12T18:00:00Z,2026-08-12T17:23:00Z,2026-08-12T17:23:00Z,2026-08-12T17:23:00Z,2026-08-12T13:59:43Z,63.9
amtrak,NER,95,2026-08-12,BAL,Baltimore Penn Station,2026-08-12T17:23:00Z,2026-08-12T17:14:00Z,2026-08-12T17:14:00Z,2026-08-12T17:14:00Z,2026-08-12T13:59:43Z,63.9
amtrak,NER,95,2026-08-12,WAS,Washington Union Station,2026-08-12T18:35:00Z,2026-08-12T18:05:00Z,2026-08-12T18:05:00Z,2026-08-12T18:05:00Z,2026-08-12T13:59:43Z,63.9
amtrak,NER,112,2026-08-12,BAL,Baltimore Penn Station,2026-08-12T12:22:00Z,2026-08-12T12:22:00Z,2026-08-12T12:20:00Z,2026-08-12T12:19:00Z,2026-08-12T13:59:43Z,63.9
amtrak,NER,112,2026-08-12,WAS,Washington Union Station,2026-08-12T11:40:00Z,2026-08-12T11:40:00Z,2026-08-12T11:40:00Z,2026-08-12T11:40:00Z,2026-08-12T13:59:43Z,63.9
amtrak,NER,113,2026-08-12,BAL,Baltimore Penn Station,2026-08-12T13:07:00Z,2026-08-12T13:12:00Z,2026-08-12T13:05:00Z,2026-08-12T13:11:00Z,2026-08-12T13:59:43Z,63.9
amtrak,NER,113,2026-08-12,WAS,Washington Union Station,2026-08-12T13:53:00Z,2026-08-12T13:51:00Z,2026-08-12T13:53:00Z,2026-08-12T13:51:00Z,2026-08-12T13:59:43Z,63.9
amtrak,NER,125,2026-08-12,BAL,Baltimore Penn Station,2026-08-12T18:28:00Z,2026-08-12T18:26:00Z,2026-08-12T18:25:00Z,2026-08-12T18:26:00Z,2026-08-12T13:59:43Z,63.9
amtrak,NER,125,2026-08-12,WAS,Washington Union Station,2026-08-12T19:50:00Z,2026-08-12T19:11:00Z,2026-08-12T19:11:00Z,2026-08-12T19:11:00Z,2026-08-12T13:59:43Z,63.9
amtrak,NER,130,2026-08-12,BAL,Baltimore Penn Station,2026-08-12T11:05:00Z,2026-08-12T11:05:00Z,2026-08-12T11:03:00Z,2026-08-12T10:55:00Z,2026-08-12T13:59:43Z,63.9
amtrak,NER,130,2026-08-12,WAS,Washington Union Station,2026-08-12T10:20:00Z,2026-08-12T10:20:00Z,2026-08-12T10:20:00Z,2026-08-12T10:20:00Z,2026-08-12T13:59:43Z,63.9
amtrak,NER,141,2026-08-12,BAL,Baltimore Penn Station,2026-08-12T15:00:00Z,2026-08-12T14:58:00Z,2026-08-12T14:58:00Z,2026-08-12T14:58:00Z,2026-08-12T13:59:43Z,63.9
amtrak,NER,141,2026-08-12,WAS,Washington Union Station,2026-08-12T15:41:00Z,2026-08-12T15:40:00Z,2026-08-12T15:41:00Z,2026-08-12T15:40:00Z,2026-08-12T13:59:43Z,63.9
amtrak,NER,151,2026-08-12,BAL,Baltimore Penn Station,2026-08-12T10:10:00Z,2026-08-12T10:16:00Z,2026-08-12T10:08:00Z,2026-08-12T10:12:00Z,2026-08-12T13:59:43Z,63.9
amtrak,NER,151,2026-08-12,WAS,Washington Union Station,2026-08-12T11:30:00Z,2026-08-12T11:30:00Z,2026-08-12T10:58:00Z,2026-08-12T10:57:00Z,2026-08-12T13:59:43Z,63.9
amtrak,NER,170,2026-08-12,BAL,Baltimore Penn Station,2026-08-12T09:44:00Z,2026-08-12T09:45:00Z,2026-08-12T09:42:00Z,2026-08-12T09:41:00Z,2026-08-12T13:59:43Z,63.9
amtrak,NER,170,2026-08-12,WAS,Washington Union Station,2026-08-12T09:05:00Z,2026-08-12T09:05:00Z,2026-08-12T09:05:00Z,2026-08-12T09:05:00Z,2026-08-12T13:59:43Z,63.9
amtrak,NER,171,2026-08-12,BAL,Baltimore Penn Station,2026-08-12T19:33:00Z,2026-08-12T19:30:00Z,2026-08-12T19:30:00Z,2026-08-12T19:30:00Z,2026-08-12T13:59:43Z,63.9
amtrak,NER,171,2026-08-12,WAS,Washington Union Station,2026-08-12T21:00:00Z,2026-08-12T20:25:00Z,2026-08-12T20:25:00Z,2026-08-12T20:25:00Z,2026-08-12T13:59:43Z,63.9
amtrak,NER,172,2026-08-12,BAL,Baltimore Penn Station,2026-08-12T11:50:00Z,2026-08-12T11:54:00Z,2026-08-12T11:48:00Z,2026-08-12T11:51:00Z,2026-08-12T13:59:43Z,63.9
amtrak,NER,172,2026-08-12,WAS,Washington Union Station,2026-08-12T11:06:00Z,2026-08-12T11:06:00Z,2026-08-12T11:06:00Z,2026-08-12T11:06:00Z,2026-08-12T13:59:43Z,63.9
amtrak,NER,174,2026-08-12,BAL,Baltimore Penn Station,2026-08-12T15:18:00Z,2026-08-12T15:18:00Z,2026-08-12T15:16:00Z,2026-08-12T15:16:00Z,2026-08-12T13:59:43Z,63.9
amtrak,NER,174,2026-08-12,WAS,Washington Union Station,2026-08-12T14:35:00Z,2026-08-12T14:35:00Z,2026-08-12T14:35:00Z,2026-08-12T14:16:00Z,2026-08-12T13:59:43Z,63.9
amtrak,NER,178,2026-08-12,BAL,Baltimore Penn Station,2026-08-12T20:39:00Z,2026-08-12T20:37:00Z,2026-08-12T20:37:00Z,2026-08-12T20:37:00Z,2026-08-12T13:59:43Z,63.9
amtrak,NER,178,2026-08-12,WAS,Washington Union Station,2026-08-12T19:56:00Z,2026-08-12T18:55:00Z,2026-08-12T18:55:00Z,2026-08-12T18:55:00Z,2026-08-12T13:59:43Z,63.9
amtrak,NER,182,2026-08-12,BAL,Baltimore Penn Station,2026-08-12T14:13:00Z,2026-08-12T14:12:00Z,2026-08-12T14:11:00Z,2026-08-12T14:12:00Z,2026-08-12T13:59:43Z,63.9
amtrak,NER,182,2026-08-12,WAS,Washington Union Station,2026-08-12T13:29:00Z,2026-08-12T13:29:00Z,2026-08-12T13:29:00Z,2026-08-12T13:29:00Z,2026-08-12T13:59:43Z,63.9
amtrak,NER,183,2026-08-12,BAL,Baltimore Penn Station,2026-08-12T14:20:00Z,2026-08-12T14:27:00Z,2026-08-12T14:17:00Z,2026-08-12T14:27:00Z,2026-08-12T13:59:43Z,63.9
amtrak,NER,183,2026-08-12,WAS,Washington Union Station,2026-08-12T15:04:00Z,2026-08-12T15:09:00Z,2026-08-12T15:04:00Z,2026-08-12T15:09:00Z,2026-08-12T13:59:43Z,63.9
amtrak,NER,185,2026-08-12,BAL,Baltimore Penn Station,2026-08-12T16:07:00Z,2026-08-12T16:05:00Z,2026-08-12T16:05:00Z,2026-08-12T16:05:00Z,2026-08-12T13:59:43Z,63.9
amtrak,NER,185,2026-08-12,WAS,Washington Union Station,2026-08-12T16:52:00Z,2026-08-12T16:47:00Z,2026-08-12T16:52:00Z,2026-08-12T16:47:00Z,2026-08-12T13:59:43Z,63.9
marc,11705,Train426,2026-08-12,11958,UNION STATION MARC Washington,2026-08-12T19:00:00Z,2026-08-12T19:00:00Z,NA,NA,2026-08-12T20:00:19Z,100.2
marc,11705,Train426,2026-08-12,12002,PENN STATION MARC nb,NA,NA,2026-08-12T20:00:00Z,2026-08-12T20:03:46Z,2026-08-12T20:00:19Z,100.2
marc,11705,Train428,2026-08-12,11958,UNION STATION MARC Washington,2026-08-12T19:40:00Z,2026-08-12T19:43:42Z,NA,NA,2026-08-12T20:00:19Z,100.2
marc,11705,Train428,2026-08-12,12002,PENN STATION MARC nb,NA,NA,2026-08-12T20:40:00Z,2026-08-12T20:43:00Z,2026-08-12T20:00:19Z,100.2
marc,11705,Train439,2026-08-12,11980,PENN STATION MARC sb,2026-08-12T19:45:00Z,2026-08-12T19:55:00Z,NA,NA,2026-08-12T20:00:19Z,100.2
marc,11705,Train439,2026-08-12,11958,UNION STATION MARC Washington,NA,NA,2026-08-12T20:45:00Z,2026-08-12T20:58:52Z,2026-08-12T20:00:19Z,100.2
marc,11705,Train537,2026-08-12,11980,PENN STATION MARC sb,2026-08-12T19:28:00Z,2026-08-12T19:39:56Z,2026-08-12T19:18:30Z,2026-08-12T19:28:35Z,2026-08-12T20:00:19Z,100.2
marc,11705,Train537,2026-08-12,11958,UNION STATION MARC Washington,NA,NA,2026-08-12T20:17:00Z,2026-08-12T20:36:20Z,2026-08-12T20:00:19Z,100.2
marc,11705,Train641,2026-08-12,11980,PENN STATION MARC sb,2026-08-12T20:08:00Z,2026-08-12T20:08:00Z,2026-08-12T20:07:00Z,2026-08-12T19:58:21Z,2026-08-12T20:00:19Z,100.2
marc,11705,Train641,2026-08-12,11958,UNION STATION MARC Washington,NA,NA,2026-08-12T21:01:00Z,2026-08-12T21:01:00Z,2026-08-12T20:00:19Z,100.2
amtrak,NER,66,2026-08-12,BAL,Baltimore Penn Station,2026-08-13T02:51:00Z,2026-08-13T02:51:00Z,2026-08-13T02:49:00Z,2026-08-13T02:49:00Z,2026-08-12T20:00:19Z,100.2
amtrak,NER,66,2026-08-12,WAS,Washington Union Station,2026-08-13T02:00:00Z,2026-08-13T02:00:00Z,2026-08-13T01:28:00Z,2026-08-13T01:28:00Z,2026-08-12T20:00:19Z,100.2
amtrak,NER,85,2026-08-12,BAL,Baltimore Penn Station,2026-08-12T21:50:00Z,2026-08-12T21:47:00Z,2026-08-12T21:47:00Z,2026-08-12T21:47:00Z,2026-08-12T20:00:19Z,100.2
amtrak,NER,85,2026-08-12,WAS,Washington Union Station,2026-08-12T22:39:00Z,2026-08-12T22:28:00Z,2026-08-12T22:39:00Z,2026-08-12T22:28:00Z,2026-08-12T20:00:19Z,100.2
amtrak,NER,93,2026-08-12,BAL,Baltimore Penn Station,2026-08-12T20:39:00Z,2026-08-12T20:57:00Z,2026-08-12T20:37:00Z,2026-08-12T20:57:00Z,2026-08-12T20:00:19Z,100.2
amtrak,NER,93,2026-08-12,WAS,Washington Union Station,2026-08-12T22:05:00Z,2026-08-12T21:39:00Z,2026-08-12T21:25:00Z,2026-08-12T21:39:00Z,2026-08-12T20:00:19Z,100.2
amtrak,NER,94,2026-08-12,BAL,Baltimore Penn Station,2026-08-12T18:43:00Z,2026-08-12T18:57:00Z,2026-08-12T18:41:00Z,2026-08-12T18:51:00Z,2026-08-12T20:00:19Z,100.2
amtrak,NER,94,2026-08-12,WAS,Washington Union Station,2026-08-12T18:00:00Z,2026-08-12T18:08:00Z,2026-08-12T17:23:00Z,2026-08-12T17:26:00Z,2026-08-12T20:00:19Z,100.2
amtrak,NER,95,2026-08-12,BAL,Baltimore Penn Station,2026-08-12T17:23:00Z,2026-08-12T20:17:00Z,2026-08-12T17:14:00Z,2026-08-12T20:17:00Z,2026-08-12T20:00:19Z,100.2
amtrak,NER,95,2026-08-12,WAS,Washington Union Station,2026-08-12T18:35:00Z,2026-08-12T21:06:00Z,2026-08-12T18:05:00Z,2026-08-12T21:06:00Z,2026-08-12T20:00:19Z,100.2
amtrak,NER,119,2026-08-12,BAL,Baltimore Penn Station,2026-08-12T18:04:00Z,2026-08-12T19:24:00Z,2026-08-12T18:02:00Z,2026-08-12T19:19:00Z,2026-08-12T20:00:19Z,100.2
amtrak,NER,119,2026-08-12,WAS,Washington Union Station,2026-08-12T18:46:00Z,2026-08-12T20:15:00Z,2026-08-12T18:46:00Z,2026-08-12T20:15:00Z,2026-08-12T20:00:19Z,100.2
amtrak,NER,125,2026-08-12,BAL,Baltimore Penn Station,2026-08-12T18:28:00Z,2026-08-12T20:11:00Z,2026-08-12T18:25:00Z,2026-08-12T20:11:00Z,2026-08-12T20:00:19Z,100.2
amtrak,NER,125,2026-08-12,WAS,Washington Union Station,2026-08-12T19:50:00Z,2026-08-12T20:53:00Z,2026-08-12T19:11:00Z,2026-08-12T20:53:00Z,2026-08-12T20:00:19Z,100.2
amtrak,NER,129,2026-08-12,BAL,Baltimore Penn Station,2026-08-12T23:18:00Z,2026-08-12T23:18:00Z,2026-08-12T23:12:00Z,2026-08-12T23:12:00Z,2026-08-12T20:00:19Z,100.2
amtrak,NER,129,2026-08-12,WAS,Washington Union Station,2026-08-13T00:01:00Z,2026-08-13T00:01:00Z,2026-08-13T00:01:00Z,2026-08-12T23:55:00Z,2026-08-12T20:00:19Z,100.2
amtrak,NER,131,2026-08-12,BAL,Baltimore Penn Station,2026-08-12T19:00:00Z,2026-08-12T19:14:00Z,2026-08-12T18:58:00Z,2026-08-12T19:11:00Z,2026-08-12T20:00:19Z,100.2
amtrak,NER,131,2026-08-12,WAS,Washington Union Station,2026-08-12T19:48:00Z,2026-08-12T19:59:00Z,2026-08-12T19:48:00Z,2026-08-12T19:59:00Z,2026-08-12T20:00:19Z,100.2
amtrak,NER,136,2026-08-12,BAL,Baltimore Penn Station,2026-08-12T21:43:00Z,2026-08-12T21:43:00Z,2026-08-12T21:41:00Z,2026-08-12T21:41:00Z,2026-08-12T20:00:19Z,100.2
amtrak,NER,136,2026-08-12,WAS,Washington Union Station,2026-08-12T21:00:00Z,2026-08-12T21:00:00Z,2026-08-12T21:00:00Z,2026-08-12T21:00:00Z,2026-08-12T20:00:19Z,100.2
amtrak,NER,137,2026-08-12,BAL,Baltimore Penn Station,2026-08-13T01:07:00Z,2026-08-13T01:05:00Z,2026-08-13T01:05:00Z,2026-08-13T01:05:00Z,2026-08-12T20:00:19Z,100.2
amtrak,NER,137,2026-08-12,WAS,Washington Union Station,2026-08-13T01:55:00Z,2026-08-13T01:44:00Z,2026-08-13T01:55:00Z,2026-08-13T01:44:00Z,2026-08-12T20:00:19Z,100.2
amtrak,NER,138,2026-08-12,BAL,Baltimore Penn Station,2026-08-12T23:18:00Z,2026-08-12T23:16:00Z,2026-08-12T23:16:00Z,2026-08-12T23:16:00Z,2026-08-12T20:00:19Z,100.2
amtrak,NER,138,2026-08-12,WAS,Washington Union Station,2026-08-12T22:35:00Z,2026-08-12T21:42:00Z,2026-08-12T21:42:00Z,2026-08-12T21:42:00Z,2026-08-12T20:00:19Z,100.2
amtrak,NER,148,2026-08-12,BAL,Baltimore Penn Station,2026-08-12T19:38:00Z,2026-08-12T19:42:00Z,2026-08-12T19:36:00Z,2026-08-12T19:37:00Z,2026-08-12T20:00:19Z,100.2
amtrak,NER,148,2026-08-12,WAS,Washington Union Station,2026-08-12T18:55:00Z,2026-08-12T18:55:00Z,2026-08-12T18:55:00Z,2026-08-12T18:55:00Z,2026-08-12T20:00:19Z,100.2
amtrak,NER,171,2026-08-12,BAL,Baltimore Penn Station,2026-08-12T19:33:00Z,2026-08-12T19:50:00Z,2026-08-12T19:30:00Z,2026-08-12T19:43:00Z,2026-08-12T20:00:19Z,100.2
amtrak,NER,171,2026-08-12,WAS,Washington Union Station,2026-08-12T21:00:00Z,2026-08-12T20:25:00Z,2026-08-12T20:25:00Z,2026-08-12T20:25:00Z,2026-08-12T20:00:19Z,100.2
amtrak,NER,172,2026-08-12,BAL,Baltimore Penn Station,2026-08-12T11:50:00Z,2026-08-12T11:54:00Z,2026-08-12T11:48:00Z,2026-08-12T11:51:00Z,2026-08-12T20:00:19Z,100.2
amtrak,NER,172,2026-08-12,WAS,Washington Union Station,2026-08-12T11:06:00Z,2026-08-12T11:06:00Z,2026-08-12T11:06:00Z,2026-08-12T11:06:00Z,2026-08-12T20:00:19Z,100.2
amtrak,NER,173,2026-08-12,BAL,Baltimore Penn Station,2026-08-12T22:49:00Z,2026-08-12T22:46:00Z,2026-08-12T22:46:00Z,2026-08-12T22:46:00Z,2026-08-12T20:00:19Z,100.2
amtrak,NER,173,2026-08-12,WAS,Washington Union Station,2026-08-12T23:38:00Z,2026-08-12T23:25:00Z,2026-08-12T23:38:00Z,2026-08-12T23:25:00Z,2026-08-12T20:00:19Z,100.2
amtrak,NER,174,2026-08-12,BAL,Baltimore Penn Station,2026-08-12T15:18:00Z,2026-08-12T15:37:00Z,2026-08-12T15:16:00Z,2026-08-12T15:34:00Z,2026-08-12T20:00:19Z,100.2
amtrak,NER,174,2026-08-12,WAS,Washington Union Station,2026-08-12T14:35:00Z,2026-08-12T14:54:00Z,2026-08-12T14:35:00Z,2026-08-12T14:54:00Z,2026-08-12T20:00:19Z,100.2
amtrak,NER,175,2026-08-12,BAL,Baltimore Penn Station,2026-08-13T02:38:00Z,2026-08-13T02:35:00Z,2026-08-13T02:35:00Z,2026-08-13T02:35:00Z,2026-08-12T20:00:19Z,100.2
amtrak,NER,175,2026-08-12,WAS,Washington Union Station,2026-08-13T03:19:00Z,2026-08-13T03:15:00Z,2026-08-13T03:19:00Z,2026-08-13T03:15:00Z,2026-08-12T20:00:19Z,100.2
amtrak,NER,176,2026-08-12,BAL,Baltimore Penn Station,2026-08-12T20:08:00Z,2026-08-12T20:06:00Z,2026-08-12T20:06:00Z,2026-08-12T20:06:00Z,2026-08-12T20:00:19Z,100.2
amtrak,NER,176,2026-08-12,WAS,Washington Union Station,2026-08-12T19:30:00Z,2026-08-12T19:30:00Z,2026-08-12T19:30:00Z,2026-08-12T19:30:00Z,2026-08-12T20:00:19Z,100.2
amtrak,NER,178,2026-08-12,BAL,Baltimore Penn Station,2026-08-12T20:39:00Z,2026-08-12T20:37:00Z,2026-08-12T20:37:00Z,2026-08-12T20:37:00Z,2026-08-12T20:00:19Z,100.2
amtrak,NER,178,2026-08-12,WAS,Washington Union Station,2026-08-12T19:56:00Z,2026-08-12T19:56:00Z,2026-08-12T18:55:00Z,2026-08-12T19:09:00Z,2026-08-12T20:00:19Z,100.2
amtrak,NER,182,2026-08-12,BAL,Baltimore Penn Station,2026-08-12T14:13:00Z,2026-08-12T14:22:00Z,2026-08-12T14:11:00Z,2026-08-12T14:18:00Z,2026-08-12T20:00:19Z,100.2
amtrak,NER,182,2026-08-12,WAS,Washington Union Station,2026-08-12T13:29:00Z,2026-08-12T13:29:00Z,2026-08-12T13:29:00Z,2026-08-12T13:29:00Z,2026-08-12T20:00:19Z,100.2
amtrak,NER,184,2026-08-12,BAL,Baltimore Penn Station,2026-08-12T17:54:00Z,2026-08-12T17:57:00Z,2026-08-12T17:52:00Z,2026-08-12T17:51:00Z,2026-08-12T20:00:19Z,100.2
amtrak,NER,184,2026-08-12,WAS,Washington Union Station,2026-08-12T17:20:00Z,2026-08-12T17:20:00Z,2026-08-12T17:20:00Z,2026-08-12T17:20:00Z,2026-08-12T20:00:19Z,100.2
amtrak,NER,186,2026-08-12,BAL,Baltimore Penn Station,2026-08-13T01:14:00Z,2026-08-13T01:12:00Z,2026-08-13T01:12:00Z,2026-08-13T01:12:00Z,2026-08-12T20:00:19Z,100.2
amtrak,NER,186,2026-08-12,WAS,Washington Union Station,2026-08-13T00:30:00Z,2026-08-12T23:55:00Z,2026-08-12T23:55:00Z,2026-08-12T23:55:00Z,2026-08-12T20:00:19Z,100.2
marc,11705,Train426,2026-08-12,11958,UNION STATION MARC Washington,2026-08-12T19:00:00Z,2026-08-12T19:00:00Z,NA,NA,2026-08-12T20:03:21Z,98.8
marc,11705,Train426,2026-08-12,12002,PENN STATION MARC nb,NA,NA,2026-08-12T20:00:00Z,2026-08-12T20:10:53Z,2026-08-12T20:03:21Z,98.8
marc,11705,Train428,2026-08-12,11958,UNION STATION MARC Washington,2026-08-12T19:40:00Z,2026-08-12T19:43:42Z,NA,NA,2026-08-12T20:03:21Z,98.8
marc,11705,Train428,2026-08-12,12002,PENN STATION MARC nb,NA,NA,2026-08-12T20:40:00Z,2026-08-12T20:42:22Z,2026-08-12T20:03:21Z,98.8
marc,11705,Train439,2026-08-12,11980,PENN STATION MARC sb,2026-08-12T19:45:00Z,2026-08-12T19:55:00Z,NA,NA,2026-08-12T20:03:21Z,98.8
marc,11705,Train439,2026-08-12,11958,UNION STATION MARC Washington,NA,NA,2026-08-12T20:45:00Z,2026-08-12T20:56:37Z,2026-08-12T20:03:21Z,98.8
marc,11705,Train537,2026-08-12,11980,PENN STATION MARC sb,2026-08-12T19:28:00Z,2026-08-12T19:39:56Z,2026-08-12T19:18:30Z,2026-08-12T19:28:35Z,2026-08-12T20:03:21Z,98.8
marc,11705,Train537,2026-08-12,11958,UNION STATION MARC Washington,NA,NA,2026-08-12T20:17:00Z,2026-08-12T20:36:20Z,2026-08-12T20:03:21Z,98.8
marc,11705,Train641,2026-08-12,11980,PENN STATION MARC sb,2026-08-12T20:08:00Z,2026-08-12T20:08:00Z,2026-08-12T20:07:00Z,2026-08-12T19:58:21Z,2026-08-12T20:03:21Z,98.8
marc,11705,Train641,2026-08-12,11958,UNION STATION MARC Washington,NA,NA,2026-08-12T21:01:00Z,2026-08-12T21:01:00Z,2026-08-12T20:03:21Z,98.8
amtrak,NER,66,2026-08-12,BAL,Baltimore Penn Station,2026-08-13T02:51:00Z,2026-08-13T02:51:00Z,2026-08-13T02:49:00Z,2026-08-13T02:49:00Z,2026-08-12T20:03:21Z,98.8
amtrak,NER,66,2026-08-12,WAS,Washington Union Station,2026-08-13T02:00:00Z,2026-08-13T02:00:00Z,2026-08-13T01:28:00Z,2026-08-13T01:28:00Z,2026-08-12T20:03:21Z,98.8
amtrak,NER,85,2026-08-12,BAL,Baltimore Penn Station,2026-08-12T21:50:00Z,2026-08-12T21:47:00Z,2026-08-12T21:47:00Z,2026-08-12T21:47:00Z,2026-08-12T20:03:21Z,98.8
amtrak,NER,85,2026-08-12,WAS,Washington Union Station,2026-08-12T22:39:00Z,2026-08-12T22:28:00Z,2026-08-12T22:39:00Z,2026-08-12T22:28:00Z,2026-08-12T20:03:21Z,98.8
amtrak,NER,93,2026-08-12,BAL,Baltimore Penn Station,2026-08-12T20:39:00Z,2026-08-12T20:57:00Z,2026-08-12T20:37:00Z,2026-08-12T20:57:00Z,2026-08-12T20:03:21Z,98.8
amtrak,NER,93,2026-08-12,WAS,Washington Union Station,2026-08-12T22:05:00Z,2026-08-12T21:39:00Z,2026-08-12T21:25:00Z,2026-08-12T21:39:00Z,2026-08-12T20:03:21Z,98.8
amtrak,NER,94,2026-08-12,BAL,Baltimore Penn Station,2026-08-12T18:43:00Z,2026-08-12T18:57:00Z,2026-08-12T18:41:00Z,2026-08-12T18:51:00Z,2026-08-12T20:03:21Z,98.8
amtrak,NER,94,2026-08-12,WAS,Washington Union Station,2026-08-12T18:00:00Z,2026-08-12T18:08:00Z,2026-08-12T17:23:00Z,2026-08-12T17:26:00Z,2026-08-12T20:03:21Z,98.8
amtrak,NER,95,2026-08-12,BAL,Baltimore Penn Station,2026-08-12T17:23:00Z,2026-08-12T20:20:00Z,2026-08-12T17:14:00Z,2026-08-12T20:20:00Z,2026-08-12T20:03:21Z,98.8
amtrak,NER,95,2026-08-12,WAS,Washington Union Station,2026-08-12T18:35:00Z,2026-08-12T21:09:00Z,2026-08-12T18:05:00Z,2026-08-12T21:09:00Z,2026-08-12T20:03:21Z,98.8
amtrak,NER,119,2026-08-12,BAL,Baltimore Penn Station,2026-08-12T18:04:00Z,2026-08-12T19:24:00Z,2026-08-12T18:02:00Z,2026-08-12T19:19:00Z,2026-08-12T20:03:21Z,98.8
amtrak,NER,119,2026-08-12,WAS,Washington Union Station,2026-08-12T18:46:00Z,2026-08-12T20:15:00Z,2026-08-12T18:46:00Z,2026-08-12T20:15:00Z,2026-08-12T20:03:21Z,98.8
amtrak,NER,125,2026-08-12,BAL,Baltimore Penn Station,2026-08-12T18:28:00Z,2026-08-12T20:11:00Z,2026-08-12T18:25:00Z,2026-08-12T20:11:00Z,2026-08-12T20:03:21Z,98.8
amtrak,NER,125,2026-08-12,WAS,Washington Union Station,2026-08-12T19:50:00Z,2026-08-12T20:53:00Z,2026-08-12T19:11:00Z,2026-08-12T20:53:00Z,2026-08-12T20:03:21Z,98.8
amtrak,NER,129,2026-08-12,BAL,Baltimore Penn Station,2026-08-12T23:18:00Z,2026-08-12T23:18:00Z,2026-08-12T23:12:00Z,2026-08-12T23:12:00Z,2026-08-12T20:03:21Z,98.8
amtrak,NER,129,2026-08-12,WAS,Washington Union Station,2026-08-13T00:01:00Z,2026-08-13T00:01:00Z,2026-08-13T00:01:00Z,2026-08-12T23:55:00Z,2026-08-12T20:03:21Z,98.8
amtrak,NER,131,2026-08-12,BAL,Baltimore Penn Station,2026-08-12T19:00:00Z,2026-08-12T19:14:00Z,2026-08-12T18:58:00Z,2026-08-12T19:11:00Z,2026-08-12T20:03:21Z,98.8
amtrak,NER,131,2026-08-12,WAS,Washington Union Station,2026-08-12T19:48:00Z,2026-08-12T20:00:00Z,2026-08-12T19:48:00Z,2026-08-12T20:00:00Z,2026-08-12T20:03:21Z,98.8
amtrak,NER,136,2026-08-12,BAL,Baltimore Penn Station,2026-08-12T21:43:00Z,2026-08-12T21:43:00Z,2026-08-12T21:41:00Z,2026-08-12T21:41:00Z,2026-08-12T20:03:21Z,98.8
amtrak,NER,136,2026-08-12,WAS,Washington Union Station,2026-08-12T21:00:00Z,2026-08-12T21:00:00Z,2026-08-12T21:00:00Z,2026-08-12T21:00:00Z,2026-08-12T20:03:21Z,98.8
amtrak,NER,137,2026-08-12,BAL,Baltimore Penn Station,2026-08-13T01:07:00Z,2026-08-13T01:05:00Z,2026-08-13T01:05:00Z,2026-08-13T01:05:00Z,2026-08-12T20:03:21Z,98.8
amtrak,NER,137,2026-08-12,WAS,Washington Union Station,2026-08-13T01:55:00Z,2026-08-13T01:44:00Z,2026-08-13T01:55:00Z,2026-08-13T01:44:00Z,2026-08-12T20:03:21Z,98.8
amtrak,NER,138,2026-08-12,BAL,Baltimore Penn Station,2026-08-12T23:18:00Z,2026-08-12T23:16:00Z,2026-08-12T23:16:00Z,2026-08-12T23:16:00Z,2026-08-12T20:03:21Z,98.8
amtrak,NER,138,2026-08-12,WAS,Washington Union Station,2026-08-12T22:35:00Z,2026-08-12T21:42:00Z,2026-08-12T21:42:00Z,2026-08-12T21:42:00Z,2026-08-12T20:03:21Z,98.8
amtrak,NER,148,2026-08-12,BAL,Baltimore Penn Station,2026-08-12T19:38:00Z,2026-08-12T19:42:00Z,2026-08-12T19:36:00Z,2026-08-12T19:37:00Z,2026-08-12T20:03:21Z,98.8
amtrak,NER,148,2026-08-12,WAS,Washington Union Station,2026-08-12T18:55:00Z,2026-08-12T18:55:00Z,2026-08-12T18:55:00Z,2026-08-12T18:55:00Z,2026-08-12T20:03:21Z,98.8
amtrak,NER,171,2026-08-12,BAL,Baltimore Penn Station,2026-08-12T19:33:00Z,2026-08-12T19:50:00Z,2026-08-12T19:30:00Z,2026-08-12T19:43:00Z,2026-08-12T20:03:21Z,98.8
amtrak,NER,171,2026-08-12,WAS,Washington Union Station,2026-08-12T21:00:00Z,2026-08-12T20:25:00Z,2026-08-12T20:25:00Z,2026-08-12T20:25:00Z,2026-08-12T20:03:21Z,98.8
amtrak,NER,172,2026-08-12,BAL,Baltimore Penn Station,2026-08-12T11:50:00Z,2026-08-12T11:54:00Z,2026-08-12T11:48:00Z,2026-08-12T11:51:00Z,2026-08-12T20:03:21Z,98.8
amtrak,NER,172,2026-08-12,WAS,Washington Union Station,2026-08-12T11:06:00Z,2026-08-12T11:06:00Z,2026-08-12T11:06:00Z,2026-08-12T11:06:00Z,2026-08-12T20:03:21Z,98.8
amtrak,NER,173,2026-08-12,BAL,Baltimore Penn Station,2026-08-12T22:49:00Z,2026-08-12T22:46:00Z,2026-08-12T22:46:00Z,2026-08-12T22:46:00Z,2026-08-12T20:03:21Z,98.8
amtrak,NER,173,2026-08-12,WAS,Washington Union Station,2026-08-12T23:38:00Z,2026-08-12T23:25:00Z,2026-08-12T23:38:00Z,2026-08-12T23:25:00Z,2026-08-12T20:03:21Z,98.8
amtrak,NER,174,2026-08-12,BAL,Baltimore Penn Station,2026-08-12T15:18:00Z,2026-08-12T15:37:00Z,2026-08-12T15:16:00Z,2026-08-12T15:34:00Z,2026-08-12T20:03:21Z,98.8
amtrak,NER,174,2026-08-12,WAS,Washington Union Station,2026-08-12T14:35:00Z,2026-08-12T14:54:00Z,2026-08-12T14:35:00Z,2026-08-12T14:54:00Z,2026-08-12T20:03:21Z,98.8
amtrak,NER,175,2026-08-12,BAL,Baltimore Penn Station,2026-08-13T02:38:00Z,2026-08-13T02:35:00Z,2026-08-13T02:35:00Z,2026-08-13T02:35:00Z,2026-08-12T20:03:21Z,98.8
amtrak,NER,175,2026-08-12,WAS,Washington Union Station,2026-08-13T03:19:00Z,2026-08-13T03:15:00Z,2026-08-13T03:19:00Z,2026-08-13T03:15:00Z,2026-08-12T20:03:21Z,98.8
amtrak,NER,176,2026-08-12,BAL,Baltimore Penn Station,2026-08-12T20:08:00Z,2026-08-12T20:06:00Z,2026-08-12T20:06:00Z,2026-08-12T20:06:00Z,2026-08-12T20:03:21Z,98.8
amtrak,NER,176,2026-08-12,WAS,Washington Union Station,2026-08-12T19:30:00Z,2026-08-12T19:30:00Z,2026-08-12T19:30:00Z,2026-08-12T19:30:00Z,2026-08-12T20:03:21Z,98.8
amtrak,NER,178,2026-08-12,BAL,Baltimore Penn Station,2026-08-12T20:39:00Z,2026-08-12T20:37:00Z,2026-08-12T20:37:00Z,2026-08-12T20:37:00Z,2026-08-12T20:03:21Z,98.8
amtrak,NER,178,2026-08-12,WAS,Washington Union Station,2026-08-12T19:56:00Z,2026-08-12T19:56:00Z,2026-08-12T18:55:00Z,2026-08-12T19:09:00Z,2026-08-12T20:03:21Z,98.8
amtrak,NER,182,2026-08-12,BAL,Baltimore Penn Station,2026-08-12T14:13:00Z,2026-08-12T14:22:00Z,2026-08-12T14:11:00Z,2026-08-12T14:18:00Z,2026-08-12T20:03:21Z,98.8
amtrak,NER,182,2026-08-12,WAS,Washington Union Station,2026-08-12T13:29:00Z,2026-08-12T13:29:00Z,2026-08-12T13:29:00Z,2026-08-12T13:29:00Z,2026-08-12T20:03:21Z,98.8
amtrak,NER,184,2026-08-12,BAL,Baltimore Penn Station,2026-08-12T17:54:00Z,2026-08-12T17:57:00Z,2026-08-12T17:52:00Z,2026-08-12T17:51:00Z,2026-08-12T20:03:21Z,98.8
amtrak,NER,184,2026-08-12,WAS,Washington Union Station,2026-08-12T17:20:00Z,2026-08-12T17:20:00Z,2026-08-12T17:20:00Z,2026-08-12T17:20:00Z,2026-08-12T20:03:21Z,98.8
amtrak,NER,186,2026-08-12,BAL,Baltimore Penn Station,2026-08-13T01:14:00Z,2026-08-13T01:12:00Z,2026-08-13T01:12:00Z,2026-08-13T01:12:00Z,2026-08-12T20:03:21Z,98.8
amtrak,NER,186,2026-08-12,WAS,Washington Union Station,2026-08-13T00:30:00Z,2026-08-12T23:55:00Z,2026-08-12T23:55:00Z,2026-08-12T23:55:00Z,2026-08-12T20:03:21Z,98.8
marc,11705,Train426,2026-08-12,11958,UNION STATION MARC Washington,2026-08-12T19:00:00Z,2026-08-12T19:00:00Z,NA,NA,2026-08-12T20:06:23Z,100.1
marc,11705,Train426,2026-08-12,12002,PENN STATION MARC nb,NA,NA,2026-08-12T20:00:00Z,2026-08-12T20:07:42Z,2026-08-12T20:06:23Z,100.1
marc,11705,Train428,2026-08-12,11958,UNION STATION MARC Washington,2026-08-12T19:40:00Z,2026-08-12T19:43:42Z,NA,NA,2026-08-12T20:06:23Z,100.1
marc,11705,Train428,2026-08-12,12002,PENN STATION MARC nb,NA,NA,2026-08-12T20:40:00Z,2026-08-12T20:44:09Z,2026-08-12T20:06:23Z,100.1
marc,11705,Train439,2026-08-12,11980,PENN STATION MARC sb,2026-08-12T19:45:00Z,2026-08-12T19:55:00Z,NA,NA,2026-08-12T20:06:23Z,100.1
marc,11705,Train439,2026-08-12,11958,UNION STATION MARC Washington,NA,NA,2026-08-12T20:45:00Z,2026-08-12T20:56:37Z,2026-08-12T20:06:23Z,100.1
marc,11705,Train537,2026-08-12,11980,PENN STATION MARC sb,2026-08-12T19:28:00Z,2026-08-12T19:39:56Z,2026-08-12T19:18:30Z,2026-08-12T19:28:35Z,2026-08-12T20:06:23Z,100.1
marc,11705,Train537,2026-08-12,11958,UNION STATION MARC Washington,NA,NA,2026-08-12T20:17:00Z,2026-08-12T20:39:09Z,2026-08-12T20:06:23Z,100.1
marc,11705,Train641,2026-08-12,11980,PENN STATION MARC sb,2026-08-12T20:08:00Z,2026-08-12T20:08:00Z,2026-08-12T20:07:00Z,2026-08-12T20:03:20Z,2026-08-12T20:06:23Z,100.1
marc,11705,Train641,2026-08-12,11958,UNION STATION MARC Washington,NA,NA,2026-08-12T21:01:00Z,2026-08-12T21:01:00Z,2026-08-12T20:06:23Z,100.1
amtrak,NER,66,2026-08-12,BAL,Baltimore Penn Station,2026-08-13T02:51:00Z,2026-08-13T02:51:00Z,2026-08-13T02:49:00Z,2026-08-13T02:49:00Z,2026-08-12T20:06:23Z,100.1
amtrak,NER,66,2026-08-12,WAS,Washington Union Station,2026-08-13T02:00:00Z,2026-08-13T02:00:00Z,2026-08-13T01:28:00Z,2026-08-13T01:28:00Z,2026-08-12T20:06:23Z,100.1
amtrak,NER,85,2026-08-12,BAL,Baltimore Penn Station,2026-08-12T21:50:00Z,2026-08-12T21:47:00Z,2026-08-12T21:47:00Z,2026-08-12T21:47:00Z,2026-08-12T20:06:23Z,100.1
amtrak,NER,85,2026-08-12,WAS,Washington Union Station,2026-08-12T22:39:00Z,2026-08-12T22:28:00Z,2026-08-12T22:39:00Z,2026-08-12T22:28:00Z,2026-08-12T20:06:23Z,100.1
amtrak,NER,93,2026-08-12,BAL,Baltimore Penn Station,2026-08-12T20:39:00Z,2026-08-12T20:57:00Z,2026-08-12T20:37:00Z,2026-08-12T20:57:00Z,2026-08-12T20:06:23Z,100.1
amtrak,NER,93,2026-08-12,WAS,Washington Union Station,2026-08-12T22:05:00Z,2026-08-12T21:39:00Z,2026-08-12T21:25:00Z,2026-08-12T21:39:00Z,2026-08-12T20:06:23Z,100.1
amtrak,NER,94,2026-08-12,BAL,Baltimore Penn Station,2026-08-12T18:43:00Z,2026-08-12T18:57:00Z,2026-08-12T18:41:00Z,2026-08-12T18:51:00Z,2026-08-12T20:06:23Z,100.1
amtrak,NER,94,2026-08-12,WAS,Washington Union Station,2026-08-12T18:00:00Z,2026-08-12T18:08:00Z,2026-08-12T17:23:00Z,2026-08-12T17:26:00Z,2026-08-12T20:06:23Z,100.1
amtrak,NER,95,2026-08-12,BAL,Baltimore Penn Station,2026-08-12T17:23:00Z,2026-08-12T20:23:00Z,2026-08-12T17:14:00Z,2026-08-12T20:23:00Z,2026-08-12T20:06:23Z,100.1
amtrak,NER,95,2026-08-12,WAS,Washington Union Station,2026-08-12T18:35:00Z,2026-08-12T21:12:00Z,2026-08-12T18:05:00Z,2026-08-12T21:12:00Z,2026-08-12T20:06:23Z,100.1
amtrak,NER,119,2026-08-12,BAL,Baltimore Penn Station,2026-08-12T18:04:00Z,2026-08-12T19:24:00Z,2026-08-12T18:02:00Z,2026-08-12T19:19:00Z,2026-08-12T20:06:23Z,100.1
amtrak,NER,119,2026-08-12,WAS,Washington Union Station,2026-08-12T18:46:00Z,2026-08-12T20:15:00Z,2026-08-12T18:46:00Z,2026-08-12T20:15:00Z,2026-08-12T20:06:23Z,100.1
amtrak,NER,125,2026-08-12,BAL,Baltimore Penn Station,2026-08-12T18:28:00Z,2026-08-12T20:11:00Z,2026-08-12T18:25:00Z,2026-08-12T20:11:00Z,2026-08-12T20:06:23Z,100.1
amtrak,NER,125,2026-08-12,WAS,Washington Union Station,2026-08-12T19:50:00Z,2026-08-12T20:53:00Z,2026-08-12T19:11:00Z,2026-08-12T20:53:00Z,2026-08-12T20:06:23Z,100.1
amtrak,NER,129,2026-08-12,BAL,Baltimore Penn Station,2026-08-12T23:18:00Z,2026-08-12T23:18:00Z,2026-08-12T23:12:00Z,2026-08-12T23:12:00Z,2026-08-12T20:06:23Z,100.1
amtrak,NER,129,2026-08-12,WAS,Washington Union Station,2026-08-13T00:01:00Z,2026-08-13T00:01:00Z,2026-08-13T00:01:00Z,2026-08-12T23:55:00Z,2026-08-12T20:06:23Z,100.1
amtrak,NER,131,2026-08-12,BAL,Baltimore Penn Station,2026-08-12T19:00:00Z,2026-08-12T19:14:00Z,2026-08-12T18:58:00Z,2026-08-12T19:11:00Z,2026-08-12T20:06:23Z,100.1
amtrak,NER,131,2026-08-12,WAS,Washington Union Station,2026-08-12T19:48:00Z,2026-08-12T20:00:00Z,2026-08-12T19:48:00Z,2026-08-12T20:00:00Z,2026-08-12T20:06:23Z,100.1
amtrak,NER,136,2026-08-12,BAL,Baltimore Penn Station,2026-08-12T21:43:00Z,2026-08-12T21:43:00Z,2026-08-12T21:41:00Z,2026-08-12T21:41:00Z,2026-08-12T20:06:23Z,100.1
amtrak,NER,136,2026-08-12,WAS,Washington Union Station,2026-08-12T21:00:00Z,2026-08-12T21:00:00Z,2026-08-12T21:00:00Z,2026-08-12T21:00:00Z,2026-08-12T20:06:23Z,100.1
amtrak,NER,137,2026-08-12,BAL,Baltimore Penn Station,2026-08-13T01:07:00Z,2026-08-13T01:05:00Z,2026-08-13T01:05:00Z,2026-08-13T01:05:00Z,2026-08-12T20:06:23Z,100.1
amtrak,NER,137,2026-08-12,WAS,Washington Union Station,2026-08-13T01:55:00Z,2026-08-13T01:44:00Z,2026-08-13T01:55:00Z,2026-08-13T01:44:00Z,2026-08-12T20:06:23Z,100.1
amtrak,NER,138,2026-08-12,BAL,Baltimore Penn Station,2026-08-12T23:18:00Z,2026-08-12T23:16:00Z,2026-08-12T23:16:00Z,2026-08-12T23:16:00Z,2026-08-12T20:06:23Z,100.1
amtrak,NER,138,2026-08-12,WAS,Washington Union Station,2026-08-12T22:35:00Z,2026-08-12T21:42:00Z,2026-08-12T21:42:00Z,2026-08-12T21:42:00Z,2026-08-12T20:06:23Z,100.1
amtrak,NER,148,2026-08-12,BAL,Baltimore Penn Station,2026-08-12T19:38:00Z,2026-08-12T19:42:00Z,2026-08-12T19:36:00Z,2026-08-12T19:37:00Z,2026-08-12T20:06:23Z,100.1
amtrak,NER,148,2026-08-12,WAS,Washington Union Station,2026-08-12T18:55:00Z,2026-08-12T18:55:00Z,2026-08-12T18:55:00Z,2026-08-12T18:55:00Z,2026-08-12T20:06:23Z,100.1
amtrak,NER,171,2026-08-12,BAL,Baltimore Penn Station,2026-08-12T19:33:00Z,2026-08-12T19:50:00Z,2026-08-12T19:30:00Z,2026-08-12T19:43:00Z,2026-08-12T20:06:23Z,100.1
amtrak,NER,171,2026-08-12,WAS,Washington Union Station,2026-08-12T21:00:00Z,2026-08-12T20:25:00Z,2026-08-12T20:25:00Z,2026-08-12T20:25:00Z,2026-08-12T20:06:23Z,100.1
amtrak,NER,172,2026-08-12,BAL,Baltimore Penn Station,2026-08-12T11:50:00Z,2026-08-12T11:54:00Z,2026-08-12T11:48:00Z,2026-08-12T11:51:00Z,2026-08-12T20:06:23Z,100.1
amtrak,NER,172,2026-08-12,WAS,Washington Union Station,2026-08-12T11:06:00Z,2026-08-12T11:06:00Z,2026-08-12T11:06:00Z,2026-08-12T11:06:00Z,2026-08-12T20:06:23Z,100.1
amtrak,NER,173,2026-08-12,BAL,Baltimore Penn Station,2026-08-12T22:49:00Z,2026-08-12T22:46:00Z,2026-08-12T22:46:00Z,2026-08-12T22:46:00Z,2026-08-12T20:06:23Z,100.1
amtrak,NER,173,2026-08-12,WAS,Washington Union Station,2026-08-12T23:38:00Z,2026-08-12T23:25:00Z,2026-08-12T23:38:00Z,2026-08-12T23:25:00Z,2026-08-12T20:06:23Z,100.1
amtrak,NER,174,2026-08-12,BAL,Baltimore Penn Station,2026-08-12T15:18:00Z,2026-08-12T15:37:00Z,2026-08-12T15:16:00Z,2026-08-12T15:34:00Z,2026-08-12T20:06:23Z,100.1
amtrak,NER,174,2026-08-12,WAS,Washington Union Station,2026-08-12T14:35:00Z,2026-08-12T14:54:00Z,2026-08-12T14:35:00Z,2026-08-12T14:54:00Z,2026-08-12T20:06:23Z,100.1
amtrak,NER,175,2026-08-12,BAL,Baltimore Penn Station,2026-08-13T02:38:00Z,2026-08-13T02:35:00Z,2026-08-13T02:35:00Z,2026-08-13T02:35:00Z,2026-08-12T20:06:23Z,100.1
amtrak,NER,175,2026-08-12,WAS,Washington Union Station,2026-08-13T03:19:00Z,2026-08-13T03:15:00Z,2026-08-13T03:19:00Z,2026-08-13T03:15:00Z,2026-08-12T20:06:23Z,100.1
amtrak,NER,176,2026-08-12,BAL,Baltimore Penn Station,2026-08-12T20:08:00Z,2026-08-12T20:09:00Z,2026-08-12T20:06:00Z,2026-08-12T20:09:00Z,2026-08-12T20:06:23Z,100.1
amtrak,NER,176,2026-08-12,WAS,Washington Union Station,2026-08-12T19:30:00Z,2026-08-12T19:30:00Z,2026-08-12T19:30:00Z,2026-08-12T19:30:00Z,2026-08-12T20:06:23Z,100.1
amtrak,NER,178,2026-08-12,BAL,Baltimore Penn Station,2026-08-12T20:39:00Z,2026-08-12T20:37:00Z,2026-08-12T20:37:00Z,2026-08-12T20:37:00Z,2026-08-12T20:06:23Z,100.1
amtrak,NER,178,2026-08-12,WAS,Washington Union Station,2026-08-12T19:56:00Z,2026-08-12T19:56:00Z,2026-08-12T18:55:00Z,2026-08-12T19:09:00Z,2026-08-12T20:06:23Z,100.1
amtrak,NER,182,2026-08-12,BAL,Baltimore Penn Station,2026-08-12T14:13:00Z,2026-08-12T14:22:00Z,2026-08-12T14:11:00Z,2026-08-12T14:18:00Z,2026-08-12T20:06:23Z,100.1
amtrak,NER,182,2026-08-12,WAS,Washington Union Station,2026-08-12T13:29:00Z,2026-08-12T13:29:00Z,2026-08-12T13:29:00Z,2026-08-12T13:29:00Z,2026-08-12T20:06:23Z,100.1
amtrak,NER,184,2026-08-12,BAL,Baltimore Penn Station,2026-08-12T17:54:00Z,2026-08-12T17:57:00Z,2026-08-12T17:52:00Z,2026-08-12T17:51:00Z,2026-08-12T20:06:23Z,100.1
amtrak,NER,184,2026-08-12,WAS,Washington Union Station,2026-08-12T17:20:00Z,2026-08-12T17:20:00Z,2026-08-12T17:20:00Z,2026-08-12T17:20:00Z,2026-08-12T20:06:23Z,100.1
amtrak,NER,186,2026-08-12,BAL,Baltimore Penn Station,2026-08-13T01:14:00Z,2026-08-13T01:12:00Z,2026-08-13T01:12:00Z,2026-08-13T01:12:00Z,2026-08-12T20:06:23Z,100.1
amtrak,NER,186,2026-08-12,WAS,Washington Union Station,2026-08-13T00:30:00Z,2026-08-12T23:55:00Z,2026-08-12T23:55:00Z,2026-08-12T23:55:00Z,2026-08-12T20:06:23Z,100.1
