service,route_id,trip_id,trip_date,stop_id,stop_name,sched_dep,pred_dep,sched_arr,pred_arr,collected_at,drive_min
marc,11705,Train404,2026-08-11,12002,PENN STATION MARC nb,NA,NA,2026-08-11T11:36:00Z,2026-08-11T11:36:00Z,2026-08-11T10:41:40Z,83.7
marc,11705,Train400,2026-08-11,11958,UNION STATION MARC Washington,2026-08-11T09:40:00Z,2026-08-11T09:40:31Z,NA,NA,2026-08-11T10:41:40Z,83.7
marc,11705,Train400,2026-08-11,12002,PENN STATION MARC nb,NA,NA,2026-08-11T10:43:00Z,2026-08-11T10:42:00Z,2026-08-11T10:41:40Z,83.7
marc,11705,Train413,2026-08-11,11958,UNION STATION MARC Washington,NA,NA,2026-08-11T11:43:00Z,2026-08-11T11:43:00Z,2026-08-11T10:41:40Z,83.7
marc,11705,Train409,2026-08-11,11980,PENN STATION MARC sb,2026-08-11T10:20:00Z,2026-08-11T10:22:49Z,NA,NA,2026-08-11T10:41:40Z,83.7
marc,11705,Train409,2026-08-11,11958,UNION STATION MARC Washington,NA,NA,2026-08-11T11:28:00Z,2026-08-11T11:37:55Z,2026-08-11T10:41:40Z,83.7
marc,11705,Train502,2026-08-11,11958,UNION STATION MARC Washington,2026-08-11T10:12:00Z,2026-08-11T10:14:11Z,NA,NA,2026-08-11T10:41:40Z,83.7
marc,11705,Train502,2026-08-11,12002,PENN STATION MARC nb,2026-08-11T11:26:00Z,2026-08-11T11:31:02Z,2026-08-11T11:24:00Z,2026-08-11T11:29:02Z,2026-08-11T10:41:40Z,83.7
marc,11705,Train511,2026-08-11,11980,PENN STATION MARC sb,2026-08-11T09:53:00Z,2026-08-11T09:58:29Z,2026-08-11T09:51:36Z,2026-08-11T09:58:02Z,2026-08-11T10:41:40Z,83.7
marc,11705,Train511,2026-08-11,11958,UNION STATION MARC Washington,NA,NA,2026-08-11T10:48:00Z,2026-08-11T10:52:08Z,2026-08-11T10:41:40Z,83.7
marc,11705,Train517,2026-08-11,11980,PENN STATION MARC sb,2026-08-11T11:20:00Z,2026-08-11T11:21:02Z,2026-08-11T11:16:05Z,2026-08-11T11:17:07Z,2026-08-11T10:41:40Z,83.7
marc,11705,Train517,2026-08-11,11958,UNION STATION MARC Washington,NA,NA,2026-08-11T12:19:00Z,2026-08-11T12:20:02Z,2026-08-11T10:41:40Z,83.7
amtrak,NER,66,2026-08-11,BAL,Baltimore Penn Station,2026-08-11T02:51:00Z,2026-08-11T07:04:00Z,2026-08-11T02:49:00Z,2026-08-11T07:00:00Z,2026-08-11T10:41:40Z,83.7
amtrak,NER,66,2026-08-11,WAS,Washington Union Station,2026-08-11T02:00:00Z,2026-08-11T06:21:00Z,2026-08-11T01:28:00Z,2026-08-11T05:35:00Z,2026-08-11T10:41:40Z,83.7
amtrak,NER,67,2026-08-11,BAL,Baltimore Penn Station,2026-08-11T10:04:00Z,2026-08-11T10:09:00Z,2026-08-11T10:02:00Z,2026-08-11T10:05:00Z,2026-08-11T10:41:40Z,83.7
amtrak,NER,67,2026-08-11,WAS,Washington Union Station,2026-08-11T11:20:00Z,2026-08-11T10:50:00Z,2026-08-11T10:54:00Z,2026-08-11T10:50:00Z,2026-08-11T10:41:40Z,83.7
amtrak,NER,86,2026-08-11,BAL,Baltimore Penn Station,2026-08-11T13:32:00Z,2026-08-11T13:30:00Z,2026-08-11T13:30:00Z,2026-08-11T13:30:00Z,2026-08-11T10:41:40Z,83.7
amtrak,NER,86,2026-08-11,WAS,Washington Union Station,2026-08-11T12:55:00Z,2026-08-11T12:18:00Z,2026-08-11T12:18:00Z,2026-08-11T12:18:00Z,2026-08-11T10:41:40Z,83.7
amtrak,NER,95,2026-08-11,BAL,Baltimore Penn Station,2026-08-11T17:23:00Z,2026-08-11T17:14:00Z,2026-08-11T17:14:00Z,2026-08-11T17:14:00Z,2026-08-11T10:41:40Z,83.7
amtrak,NER,95,2026-08-11,WAS,Washington Union Station,2026-08-11T18:35:00Z,2026-08-11T18:05:00Z,2026-08-11T18:05:00Z,2026-08-11T18:05:00Z,2026-08-11T10:41:40Z,83.7
amtrak,NER,111,2026-08-11,BAL,Baltimore Penn Station,2026-08-11T11:36:00Z,2026-08-11T11:34:00Z,2026-08-11T11:34:00Z,2026-08-11T11:34:00Z,2026-08-11T10:41:40Z,83.7
amtrak,NER,111,2026-08-11,WAS,Washington Union Station,2026-08-11T12:22:00Z,2026-08-11T12:19:00Z,2026-08-11T12:22:00Z,2026-08-11T12:19:00Z,2026-08-11T10:41:40Z,83.7
amtrak,NER,112,2026-08-11,BAL,Baltimore Penn Station,2026-08-11T12:22:00Z,2026-08-11T12:22:00Z,2026-08-11T12:20:00Z,2026-08-11T12:20:00Z,2026-08-11T10:41:40Z,83.7
amtrak,NER,112,2026-08-11,WAS,Washington Union Station,2026-08-11T11:40:00Z,2026-08-11T11:40:00Z,2026-08-11T11:40:00Z,2026-08-11T11:40:00Z,2026-08-11T10:41:40Z,83.7
amtrak,NER,113,2026-08-11,BAL,Baltimore Penn Station,2026-08-11T13:07:00Z,NA,2026-08-11T13:05:00Z,NA,2026-08-11T10:41:40Z,83.7
amtrak,NER,113,2026-08-11,WAS,Washington Union Station,2026-08-11T13:53:00Z,NA,2026-08-11T13:53:00Z,NA,2026-08-11T10:41:40Z,83.7
amtrak,NER,125,2026-08-11,BAL,Baltimore Penn Station,2026-08-11T18:28:00Z,2026-08-11T18:28:00Z,2026-08-11T18:25:00Z,2026-08-11T18:26:00Z,2026-08-11T10:41:40Z,83.7
amtrak,NER,125,2026-08-11,WAS,Washington Union Station,2026-08-11T19:50:00Z,2026-08-11T19:50:00Z,2026-08-11T19:11:00Z,2026-08-11T19:11:00Z,2026-08-11T10:41:40Z,83.7
amtrak,NER,130,2026-08-11,BAL,Baltimore Penn Station,2026-08-11T11:05:00Z,2026-08-11T10:59:00Z,2026-08-11T11:03:00Z,2026-08-11T10:59:00Z,2026-08-11T10:41:40Z,83.7
amtrak,NER,130,2026-08-11,WAS,Washington Union Station,2026-08-11T10:20:00Z,2026-08-11T10:20:00Z,2026-08-11T10:20:00Z,2026-08-11T10:20:00Z,2026-08-11T10:41:40Z,83.7
amtrak,NER,141,2026-08-11,BAL,Baltimore Penn Station,2026-08-11T15:00:00Z,2026-08-11T14:58:00Z,2026-08-11T14:58:00Z,2026-08-11T14:58:00Z,2026-08-11T10:41:40Z,83.7
amtrak,NER,141,2026-08-11,WAS,Washington Union Station,2026-08-11T15:41:00Z,2026-08-11T15:40:00Z,2026-08-11T15:41:00Z,2026-08-11T15:40:00Z,2026-08-11T10:41:40Z,83.7
amtrak,NER,151,2026-08-11,BAL,Baltimore Penn Station,2026-08-11T10:10:00Z,2026-08-11T10:22:00Z,2026-08-11T10:08:00Z,2026-08-11T10:20:00Z,2026-08-11T10:41:40Z,83.7
amtrak,NER,151,2026-08-11,WAS,Washington Union Station,2026-08-11T11:30:00Z,2026-08-11T10:58:00Z,2026-08-11T10:58:00Z,2026-08-11T10:58:00Z,2026-08-11T10:41:40Z,83.7
amtrak,NER,170,2026-08-11,BAL,Baltimore Penn Station,2026-08-11T09:44:00Z,2026-08-11T09:48:00Z,2026-08-11T09:42:00Z,2026-08-11T09:46:00Z,2026-08-11T10:41:40Z,83.7
amtrak,NER,170,2026-08-11,WAS,Washington Union Station,2026-08-11T09:05:00Z,2026-08-11T09:05:00Z,2026-08-11T09:05:00Z,2026-08-11T09:05:00Z,2026-08-11T10:41:40Z,83.7
amtrak,NER,172,2026-08-11,BAL,Baltimore Penn Station,2026-08-11T11:50:00Z,2026-08-11T11:50:00Z,2026-08-11T11:48:00Z,2026-08-11T11:48:00Z,2026-08-11T10:41:40Z,83.7
amtrak,NER,172,2026-08-11,WAS,Washington Union Station,2026-08-11T11:06:00Z,2026-08-11T11:06:00Z,2026-08-11T11:06:00Z,2026-08-11T11:06:00Z,2026-08-11T10:41:40Z,83.7
amtrak,NER,181,2026-08-11,BAL,Baltimore Penn Station,2026-08-11T12:22:00Z,2026-08-11T12:19:00Z,2026-08-11T12:19:00Z,2026-08-11T12:19:00Z,2026-08-11T10:41:40Z,83.7
amtrak,NER,181,2026-08-11,WAS,Washington Union Station,2026-08-11T13:02:00Z,2026-08-11T12:55:00Z,2026-08-11T13:02:00Z,2026-08-11T12:55:00Z,2026-08-11T10:41:40Z,83.7
amtrak,NER,183,2026-08-11,BAL,Baltimore Penn Station,2026-08-11T14:20:00Z,2026-08-11T14:20:00Z,2026-08-11T14:17:00Z,2026-08-11T14:17:00Z,2026-08-11T10:41:40Z,83.7
amtrak,NER,183,2026-08-11,WAS,Washington Union Station,2026-08-11T15:04:00Z,2026-08-11T15:04:00Z,2026-08-11T15:04:00Z,2026-08-11T15:00:00Z,2026-08-11T10:41:40Z,83.7
marc,11705,Train404,2026-08-11,11958,UNION STATION MARC Washington,2026-08-11T10:40:00Z,2026-08-11T10:40:43Z,NA,NA,2026-08-11T10:44:42Z,84.2
marc,11705,Train404,2026-08-11,12002,PENN STATION MARC nb,NA,NA,2026-08-11T11:36:00Z,2026-08-11T11:36:09Z,2026-08-11T10:44:42Z,84.2
marc,11705,Train413,2026-08-11,11958,UNION STATION MARC Washington,NA,NA,2026-08-11T11:43:00Z,2026-08-11T11:46:28Z,2026-08-11T10:44:42Z,84.2
marc,11705,Train409,2026-08-11,11980,PENN STATION MARC sb,2026-08-11T10:20:00Z,2026-08-11T10:22:49Z,NA,NA,2026-08-11T10:44:42Z,84.2
marc,11705,Train409,2026-08-11,11958,UNION STATION MARC Washington,NA,NA,2026-08-11T11:28:00Z,2026-08-11T11:38:29Z,2026-08-11T10:44:42Z,84.2
marc,11705,Train502,2026-08-11,11958,UNION STATION MARC Washington,2026-08-11T10:12:00Z,2026-08-11T10:14:11Z,NA,NA,2026-08-11T10:44:42Z,84.2
marc,11705,Train502,2026-08-11,12002,PENN STATION MARC nb,2026-08-11T11:26:00Z,2026-08-11T11:31:00Z,2026-08-11T11:24:00Z,2026-08-11T11:29:00Z,2026-08-11T10:44:42Z,84.2
marc,11705,Train511,2026-08-11,11980,PENN STATION MARC sb,2026-08-11T09:53:00Z,2026-08-11T09:58:29Z,2026-08-11T09:51:36Z,2026-08-11T09:58:02Z,2026-08-11T10:44:42Z,84.2
marc,11705,Train511,2026-08-11,11958,UNION STATION MARC Washington,NA,NA,2026-08-11T10:48:00Z,2026-08-11T10:51:29Z,2026-08-11T10:44:42Z,84.2
marc,11705,Train517,2026-08-11,11980,PENN STATION MARC sb,2026-08-11T11:20:00Z,2026-08-11T11:22:14Z,2026-08-11T11:16:05Z,2026-08-11T11:18:19Z,2026-08-11T10:44:42Z,84.2
marc,11705,Train517,2026-08-11,11958,UNION STATION MARC Washington,NA,NA,2026-08-11T12:19:00Z,2026-08-11T12:21:14Z,2026-08-11T10:44:42Z,84.2
amtrak,NER,66,2026-08-11,BAL,Baltimore Penn Station,2026-08-11T02:51:00Z,2026-08-11T07:04:00Z,2026-08-11T02:49:00Z,2026-08-11T07:00:00Z,2026-08-11T10:44:42Z,84.2
amtrak,NER,66,2026-08-11,WAS,Washington Union Station,2026-08-11T02:00:00Z,2026-08-11T06:21:00Z,2026-08-11T01:28:00Z,2026-08-11T05:35:00Z,2026-08-11T10:44:42Z,84.2
amtrak,NER,67,2026-08-11,BAL,Baltimore Penn Station,2026-08-11T10:04:00Z,2026-08-11T10:09:00Z,2026-08-11T10:02:00Z,2026-08-11T10:05:00Z,2026-08-11T10:44:42Z,84.2
amtrak,NER,67,2026-08-11,WAS,Washington Union Station,2026-08-11T11:20:00Z,2026-08-11T10:50:00Z,2026-08-11T10:54:00Z,2026-08-11T10:50:00Z,2026-08-11T10:44:42Z,84.2
amtrak,NER,86,2026-08-11,BAL,Baltimore Penn Station,2026-08-11T13:32:00Z,2026-08-11T13:30:00Z,2026-08-11T13:30:00Z,2026-08-11T13:30:00Z,2026-08-11T10:44:42Z,84.2
amtrak,NER,86,2026-08-11,WAS,Washington Union Station,2026-08-11T12:55:00Z,2026-08-11T12:18:00Z,2026-08-11T12:18:00Z,2026-08-11T12:18:00Z,2026-08-11T10:44:42Z,84.2
amtrak,NER,95,2026-08-11,BAL,Baltimore Penn Station,2026-08-11T17:23:00Z,2026-08-11T17:14:00Z,2026-08-11T17:14:00Z,2026-08-11T17:14:00Z,2026-08-11T10:44:42Z,84.2
amtrak,NER,95,2026-08-11,WAS,Washington Union Station,2026-08-11T18:35:00Z,2026-08-11T18:05:00Z,2026-08-11T18:05:00Z,2026-08-11T18:05:00Z,2026-08-11T10:44:42Z,84.2
amtrak,NER,111,2026-08-11,BAL,Baltimore Penn Station,2026-08-11T11:36:00Z,2026-08-11T11:34:00Z,2026-08-11T11:34:00Z,2026-08-11T11:34:00Z,2026-08-11T10:44:42Z,84.2
amtrak,NER,111,2026-08-11,WAS,Washington Union Station,2026-08-11T12:22:00Z,2026-08-11T12:19:00Z,2026-08-11T12:22:00Z,2026-08-11T12:19:00Z,2026-08-11T10:44:42Z,84.2
amtrak,NER,112,2026-08-11,BAL,Baltimore Penn Station,2026-08-11T12:22:00Z,2026-08-11T12:22:00Z,2026-08-11T12:20:00Z,2026-08-11T12:20:00Z,2026-08-11T10:44:42Z,84.2
amtrak,NER,112,2026-08-11,WAS,Washington Union Station,2026-08-11T11:40:00Z,2026-08-11T11:40:00Z,2026-08-11T11:40:00Z,2026-08-11T11:40:00Z,2026-08-11T10:44:42Z,84.2
amtrak,NER,113,2026-08-11,BAL,Baltimore Penn Station,2026-08-11T13:07:00Z,NA,2026-08-11T13:05:00Z,NA,2026-08-11T10:44:42Z,84.2
amtrak,NER,113,2026-08-11,WAS,Washington Union Station,2026-08-11T13:53:00Z,NA,2026-08-11T13:53:00Z,NA,2026-08-11T10:44:42Z,84.2
amtrak,NER,125,2026-08-11,BAL,Baltimore Penn Station,2026-08-11T18:28:00Z,2026-08-11T18:28:00Z,2026-08-11T18:25:00Z,2026-08-11T18:26:00Z,2026-08-11T10:44:42Z,84.2
amtrak,NER,125,2026-08-11,WAS,Washington Union Station,2026-08-11T19:50:00Z,2026-08-11T19:50:00Z,2026-08-11T19:11:00Z,2026-08-11T19:11:00Z,2026-08-11T10:44:42Z,84.2
amtrak,NER,130,2026-08-11,BAL,Baltimore Penn Station,2026-08-11T11:05:00Z,2026-08-11T10:59:00Z,2026-08-11T11:03:00Z,2026-08-11T10:59:00Z,2026-08-11T10:44:42Z,84.2
amtrak,NER,130,2026-08-11,WAS,Washington Union Station,2026-08-11T10:20:00Z,2026-08-11T10:20:00Z,2026-08-11T10:20:00Z,2026-08-11T10:20:00Z,2026-08-11T10:44:42Z,84.2
amtrak,NER,141,2026-08-11,BAL,Baltimore Penn Station,2026-08-11T15:00:00Z,2026-08-11T14:58:00Z,2026-08-11T14:58:00Z,2026-08-11T14:58:00Z,2026-08-11T10:44:42Z,84.2
amtrak,NER,141,2026-08-11,WAS,Washington Union Station,2026-08-11T15:41:00Z,2026-08-11T15:40:00Z,2026-08-11T15:41:00Z,2026-08-11T15:40:00Z,2026-08-11T10:44:42Z,84.2
amtrak,NER,151,2026-08-11,BAL,Baltimore Penn Station,2026-08-11T10:10:00Z,2026-08-11T10:22:00Z,2026-08-11T10:08:00Z,2026-08-11T10:20:00Z,2026-08-11T10:44:42Z,84.2
amtrak,NER,151,2026-08-11,WAS,Washington Union Station,2026-08-11T11:30:00Z,2026-08-11T10:58:00Z,2026-08-11T10:58:00Z,2026-08-11T10:58:00Z,2026-08-11T10:44:42Z,84.2
amtrak,NER,170,2026-08-11,BAL,Baltimore Penn Station,2026-08-11T09:44:00Z,2026-08-11T09:48:00Z,2026-08-11T09:42:00Z,2026-08-11T09:46:00Z,2026-08-11T10:44:42Z,84.2
amtrak,NER,170,2026-08-11,WAS,Washington Union Station,2026-08-11T09:05:00Z,2026-08-11T09:05:00Z,2026-08-11T09:05:00Z,2026-08-11T09:05:00Z,2026-08-11T10:44:42Z,84.2
amtrak,NER,172,2026-08-11,BAL,Baltimore Penn Station,2026-08-11T11:50:00Z,2026-08-11T11:50:00Z,2026-08-11T11:48:00Z,2026-08-11T11:48:00Z,2026-08-11T10:44:42Z,84.2
amtrak,NER,172,2026-08-11,WAS,Washington Union Station,2026-08-11T11:06:00Z,2026-08-11T11:06:00Z,2026-08-11T11:06:00Z,2026-08-11T11:06:00Z,2026-08-11T10:44:42Z,84.2
amtrak,NER,181,2026-08-11,BAL,Baltimore Penn Station,2026-08-11T12:22:00Z,2026-08-11T12:19:00Z,2026-08-11T12:19:00Z,2026-08-11T12:19:00Z,2026-08-11T10:44:42Z,84.2
amtrak,NER,181,2026-08-11,WAS,Washington Union Station,2026-08-11T13:02:00Z,2026-08-11T12:55:00Z,2026-08-11T13:02:00Z,2026-08-11T12:55:00Z,2026-08-11T10:44:42Z,84.2
amtrak,NER,183,2026-08-11,BAL,Baltimore Penn Station,2026-08-11T14:20:00Z,2026-08-11T14:20:00Z,2026-08-11T14:17:00Z,2026-08-11T14:17:00Z,2026-08-11T10:44:42Z,84.2
amtrak,NER,183,2026-08-11,WAS,Washington Union Station,2026-08-11T15:04:00Z,2026-08-11T15:04:00Z,2026-08-11T15:04:00Z,2026-08-11T15:00:00Z,2026-08-11T10:44:42Z,84.2
marc,11705,Train404,2026-08-11,11958,UNION STATION MARC Washington,2026-08-11T10:40:00Z,2026-08-11T10:40:43Z,NA,NA,2026-08-11T10:47:43Z,85.2
marc,11705,Train404,2026-08-11,12002,PENN STATION MARC nb,NA,NA,2026-08-11T11:36:00Z,2026-08-11T11:36:00Z,2026-08-11T10:47:43Z,85.2
marc,11705,Train413,2026-08-11,11980,PENN STATION MARC sb,2026-08-11T10:40:00Z,2026-08-11T10:40:00Z,NA,NA,2026-08-11T10:47:43Z,85.2
marc,11705,Train413,2026-08-11,11958,UNION STATION MARC Washington,NA,NA,2026-08-11T11:43:00Z,2026-08-11T11:43:47Z,2026-08-11T10:47:43Z,85.2
marc,11705,Train409,2026-08-11,11980,PENN STATION MARC sb,2026-08-11T10:20:00Z,2026-08-11T10:22:49Z,NA,NA,2026-08-11T10:47:43Z,85.2
marc,11705,Train409,2026-08-11,11958,UNION STATION MARC Washington,NA,NA,2026-08-11T11:28:00Z,2026-08-11T11:38:29Z,2026-08-11T10:47:43Z,85.2
marc,11705,Train502,2026-08-11,11958,UNION STATION MARC Washington,2026-08-11T10:12:00Z,2026-08-11T10:14:11Z,NA,NA,2026-08-11T10:47:43Z,85.2
marc,11705,Train502,2026-08-11,12002,PENN STATION MARC nb,2026-08-11T11:26:00Z,2026-08-11T11:27:03Z,2026-08-11T11:24:00Z,2026-08-11T11:25:03Z,2026-08-11T10:47:43Z,85.2
marc,11705,Train511,2026-08-11,11980,PENN STATION MARC sb,2026-08-11T09:53:00Z,2026-08-11T09:58:29Z,2026-08-11T09:51:36Z,2026-08-11T09:58:02Z,2026-08-11T10:47:43Z,85.2
marc,11705,Train511,2026-08-11,11958,UNION STATION MARC Washington,NA,NA,2026-08-11T10:48:00Z,2026-08-11T10:50:59Z,2026-08-11T10:47:43Z,85.2
marc,11705,Train517,2026-08-11,11980,PENN STATION MARC sb,2026-08-11T11:20:00Z,2026-08-11T11:22:12Z,2026-08-11T11:16:05Z,2026-08-11T11:18:17Z,2026-08-11T10:47:43Z,85.2
marc,11705,Train517,2026-08-11,11958,UNION STATION MARC Washington,NA,NA,2026-08-11T12:19:00Z,2026-08-11T12:21:12Z,2026-08-11T10:47:43Z,85.2
amtrak,NER,66,2026-08-11,BAL,Baltimore Penn Station,2026-08-11T02:51:00Z,2026-08-11T07:04:00Z,2026-08-11T02:49:00Z,2026-08-11T07:00:00Z,2026-08-11T10:47:43Z,85.2
amtrak,NER,66,2026-08-11,WAS,Washington Union Station,2026-08-11T02:00:00Z,2026-08-11T06:21:00Z,2026-08-11T01:28:00Z,2026-08-11T05:35:00Z,2026-08-11T10:47:43Z,85.2
amtrak,NER,67,2026-08-11,BAL,Baltimore Penn Station,2026-08-11T10:04:00Z,2026-08-11T10:09:00Z,2026-08-11T10:02:00Z,2026-08-11T10:05:00Z,2026-08-11T10:47:43Z,85.2
amtrak,NER,67,2026-08-11,WAS,Washington Union Station,2026-08-11T11:20:00Z,2026-08-11T10:51:00Z,2026-08-11T10:54:00Z,2026-08-11T10:51:00Z,2026-08-11T10:47:43Z,85.2
amtrak,NER,86,2026-08-11,BAL,Baltimore Penn Station,2026-08-11T13:32:00Z,2026-08-11T13:30:00Z,2026-08-11T13:30:00Z,2026-08-11T13:30:00Z,2026-08-11T10:47:43Z,85.2
amtrak,NER,86,2026-08-11,WAS,Washington Union Station,2026-08-11T12:55:00Z,2026-08-11T12:18:00Z,2026-08-11T12:18:00Z,2026-08-11T12:18:00Z,2026-08-11T10:47:43Z,85.2
amtrak,NER,95,2026-08-11,BAL,Baltimore Penn Station,2026-08-11T17:23:00Z,2026-08-11T17:14:00Z,2026-08-11T17:14:00Z,2026-08-11T17:14:00Z,2026-08-11T10:47:43Z,85.2
amtrak,NER,95,2026-08-11,WAS,Washington Union Station,2026-08-11T18:35:00Z,2026-08-11T18:05:00Z,2026-08-11T18:05:00Z,2026-08-11T18:05:00Z,2026-08-11T10:47:43Z,85.2
amtrak,NER,111,2026-08-11,BAL,Baltimore Penn Station,2026-08-11T11:36:00Z,2026-08-11T11:34:00Z,2026-08-11T11:34:00Z,2026-08-11T11:34:00Z,2026-08-11T10:47:43Z,85.2
amtrak,NER,111,2026-08-11,WAS,Washington Union Station,2026-08-11T12:22:00Z,2026-08-11T12:19:00Z,2026-08-11T12:22:00Z,2026-08-11T12:19:00Z,2026-08-11T10:47:43Z,85.2
amtrak,NER,112,2026-08-11,BAL,Baltimore Penn Station,2026-08-11T12:22:00Z,2026-08-11T12:22:00Z,2026-08-11T12:20:00Z,2026-08-11T12:20:00Z,2026-08-11T10:47:43Z,85.2
amtrak,NER,112,2026-08-11,WAS,Washington Union Station,2026-08-11T11:40:00Z,2026-08-11T11:40:00Z,2026-08-11T11:40:00Z,2026-08-11T11:40:00Z,2026-08-11T10:47:43Z,85.2
amtrak,NER,113,2026-08-11,BAL,Baltimore Penn Station,2026-08-11T13:07:00Z,NA,2026-08-11T13:05:00Z,NA,2026-08-11T10:47:43Z,85.2
amtrak,NER,113,2026-08-11,WAS,Washington Union Station,2026-08-11T13:53:00Z,NA,2026-08-11T13:53:00Z,NA,2026-08-11T10:47:43Z,85.2
amtrak,NER,125,2026-08-11,BAL,Baltimore Penn Station,2026-08-11T18:28:00Z,2026-08-11T18:28:00Z,2026-08-11T18:25:00Z,2026-08-11T18:26:00Z,2026-08-11T10:47:43Z,85.2
amtrak,NER,125,2026-08-11,WAS,Washington Union Station,2026-08-11T19:50:00Z,2026-08-11T19:50:00Z,2026-08-11T19:11:00Z,2026-08-11T19:11:00Z,2026-08-11T10:47:43Z,85.2
amtrak,NER,130,2026-08-11,BAL,Baltimore Penn Station,2026-08-11T11:05:00Z,2026-08-11T10:59:00Z,2026-08-11T11:03:00Z,2026-08-11T10:59:00Z,2026-08-11T10:47:43Z,85.2
amtrak,NER,130,2026-08-11,WAS,Washington Union Station,2026-08-11T10:20:00Z,2026-08-11T10:20:00Z,2026-08-11T10:20:00Z,2026-08-11T10:20:00Z,2026-08-11T10:47:43Z,85.2
amtrak,NER,141,2026-08-11,BAL,Baltimore Penn Station,2026-08-11T15:00:00Z,2026-08-11T14:58:00Z,2026-08-11T14:58:00Z,2026-08-11T14:58:00Z,2026-08-11T10:47:43Z,85.2
amtrak,NER,141,2026-08-11,WAS,Washington Union Station,2026-08-11T15:41:00Z,2026-08-11T15:40:00Z,2026-08-11T15:41:00Z,2026-08-11T15:40:00Z,2026-08-11T10:47:43Z,85.2
amtrak,NER,151,2026-08-11,BAL,Baltimore Penn Station,2026-08-11T10:10:00Z,2026-08-11T10:22:00Z,2026-08-11T10:08:00Z,2026-08-11T10:20:00Z,2026-08-11T10:47:43Z,85.2
amtrak,NER,151,2026-08-11,WAS,Washington Union Station,2026-08-11T11:30:00Z,2026-08-11T10:58:00Z,2026-08-11T10:58:00Z,2026-08-11T10:58:00Z,2026-08-11T10:47:43Z,85.2
amtrak,NER,170,2026-08-11,BAL,Baltimore Penn Station,2026-08-11T09:44:00Z,2026-08-11T09:48:00Z,2026-08-11T09:42:00Z,2026-08-11T09:46:00Z,2026-08-11T10:47:43Z,85.2
amtrak,NER,170,2026-08-11,WAS,Washington Union Station,2026-08-11T09:05:00Z,2026-08-11T09:05:00Z,2026-08-11T09:05:00Z,2026-08-11T09:05:00Z,2026-08-11T10:47:43Z,85.2
amtrak,NER,172,2026-08-11,BAL,Baltimore Penn Station,2026-08-11T11:50:00Z,2026-08-11T11:50:00Z,2026-08-11T11:48:00Z,2026-08-11T11:48:00Z,2026-08-11T10:47:43Z,85.2
amtrak,NER,172,2026-08-11,WAS,Washington Union Station,2026-08-11T11:06:00Z,2026-08-11T11:06:00Z,2026-08-11T11:06:00Z,2026-08-11T11:06:00Z,2026-08-11T10:47:43Z,85.2
amtrak,NER,181,2026-08-11,BAL,Baltimore Penn Station,2026-08-11T12:22:00Z,2026-08-11T12:19:00Z,2026-08-11T12:19:00Z,2026-08-11T12:19:00Z,2026-08-11T10:47:43Z,85.2
amtrak,NER,181,2026-08-11,WAS,Washington Union Station,2026-08-11T13:02:00Z,2026-08-11T12:55:00Z,2026-08-11T13:02:00Z,2026-08-11T12:55:00Z,2026-08-11T10:47:43Z,85.2
amtrak,NER,183,2026-08-11,BAL,Baltimore Penn Station,2026-08-11T14:20:00Z,2026-08-11T14:20:00Z,2026-08-11T14:17:00Z,2026-08-11T14:17:00Z,2026-08-11T10:47:43Z,85.2
amtrak,NER,183,2026-08-11,WAS,Washington Union Station,2026-08-11T15:04:00Z,2026-08-11T15:04:00Z,2026-08-11T15:04:00Z,2026-08-11T15:00:00Z,2026-08-11T10:47:43Z,85.2
marc,11705,Train404,2026-08-11,11958,UNION STATION MARC Washington,2026-08-11T10:40:00Z,2026-08-11T10:40:43Z,NA,NA,2026-08-11T11:32:41Z,85.5
marc,11705,Train404,2026-08-11,12002,PENN STATION MARC nb,NA,NA,2026-08-11T11:36:00Z,2026-08-11T11:28:18Z,2026-08-11T11:32:41Z,85.5
marc,11705,Train408,2026-08-11,11958,UNION STATION MARC Washington,2026-08-11T11:00:00Z,2026-08-11T11:01:22Z,NA,NA,2026-08-11T11:32:41Z,85.5
marc,11705,Train408,2026-08-11,12002,PENN STATION MARC nb,NA,NA,2026-08-11T11:44:00Z,2026-08-11T11:37:36Z,2026-08-11T11:32:41Z,85.5
marc,11705,Train410,2026-08-11,11958,UNION STATION MARC Washington,2026-08-11T11:15:00Z,2026-08-11T11:16:24Z,NA,NA,2026-08-11T11:32:41Z,85.5
marc,11705,Train410,2026-08-11,12002,PENN STATION MARC nb,NA,NA,2026-08-11T12:17:00Z,2026-08-11T12:19:49Z,2026-08-11T11:32:41Z,85.5
marc,11705,Train413,2026-08-11,11980,PENN STATION MARC sb,2026-08-11T10:40:00Z,2026-08-11T10:40:00Z,NA,NA,2026-08-11T11:32:41Z,85.5
marc,11705,Train413,2026-08-11,11958,UNION STATION MARC Washington,NA,NA,2026-08-11T11:43:00Z,2026-08-11T11:45:23Z,2026-08-11T11:32:41Z,85.5
marc,11705,Train415,2026-08-11,11980,PENN STATION MARC sb,2026-08-11T11:00:00Z,2026-08-11T11:00:00Z,NA,NA,2026-08-11T11:32:41Z,85.5
marc,11705,Train415,2026-08-11,11958,UNION STATION MARC Washington,NA,NA,2026-08-11T12:02:00Z,2026-08-11T12:05:08Z,2026-08-11T11:32:41Z,85.5
marc,11705,Train409,2026-08-11,11980,PENN STATION MARC sb,2026-08-11T10:20:00Z,2026-08-11T10:22:49Z,NA,NA,2026-08-11T11:32:41Z,85.5
marc,11705,Train409,2026-08-11,11958,UNION STATION MARC Washington,NA,NA,2026-08-11T11:28:00Z,2026-08-11T11:39:03Z,2026-08-11T11:32:41Z,85.5
marc,11705,Train502,2026-08-11,11958,UNION STATION MARC Washington,2026-08-11T10:12:00Z,2026-08-11T10:14:11Z,NA,NA,2026-08-11T11:32:41Z,85.5
marc,11705,Train502,2026-08-11,12002,PENN STATION MARC nb,2026-08-11T11:26:00Z,2026-08-11T11:23:11Z,2026-08-11T11:24:00Z,2026-08-11T11:13:11Z,2026-08-11T11:32:41Z,85.5
marc,11705,Train517,2026-08-11,11980,PENN STATION MARC sb,2026-08-11T11:20:00Z,2026-08-11T11:18:03Z,2026-08-11T11:16:05Z,2026-08-11T11:16:54Z,2026-08-11T11:32:41Z,85.5
marc,11705,Train517,2026-08-11,11958,UNION STATION MARC Washington,NA,NA,2026-08-11T12:19:00Z,2026-08-11T12:20:25Z,2026-08-11T11:32:41Z,85.5
amtrak,NER,66,2026-08-11,BAL,Baltimore Penn Station,2026-08-11T02:51:00Z,2026-08-11T07:04:00Z,2026-08-11T02:49:00Z,2026-08-11T07:00:00Z,2026-08-11T11:32:41Z,85.5
amtrak,NER,66,2026-08-11,WAS,Washington Union Station,2026-08-11T02:00:00Z,2026-08-11T06:21:00Z,2026-08-11T01:28:00Z,2026-08-11T05:35:00Z,2026-08-11T11:32:41Z,85.5
amtrak,NER,67,2026-08-11,BAL,Baltimore Penn Station,2026-08-11T10:04:00Z,2026-08-11T10:09:00Z,2026-08-11T10:02:00Z,2026-08-11T10:05:00Z,2026-08-11T11:32:41Z,85.5
amtrak,NER,67,2026-08-11,WAS,Washington Union Station,2026-08-11T11:20:00Z,2026-08-11T11:20:00Z,2026-08-11T10:54:00Z,2026-08-11T10:49:00Z,2026-08-11T11:32:41Z,85.5
amtrak,NER,86,2026-08-11,BAL,Baltimore Penn Station,2026-08-11T13:32:00Z,2026-08-11T13:30:00Z,2026-08-11T13:30:00Z,2026-08-11T13:30:00Z,2026-08-11T11:32:41Z,85.5
amtrak,NER,86,2026-08-11,WAS,Washington Union Station,2026-08-11T12:55:00Z,2026-08-11T12:18:00Z,2026-08-11T12:18:00Z,2026-08-11T12:18:00Z,2026-08-11T11:32:41Z,85.5
amtrak,NER,95,2026-08-11,BAL,Baltimore Penn Station,2026-08-11T17:23:00Z,2026-08-11T17:14:00Z,2026-08-11T17:14:00Z,2026-08-11T17:14:00Z,2026-08-11T11:32:41Z,85.5
amtrak,NER,95,2026-08-11,WAS,Washington Union Station,2026-08-11T18:35:00Z,2026-08-11T18:05:00Z,2026-08-11T18:05:00Z,2026-08-11T18:05:00Z,2026-08-11T11:32:41Z,85.5
amtrak,NER,111,2026-08-11,BAL,Baltimore Penn Station,2026-08-11T11:36:00Z,2026-08-11T11:36:00Z,2026-08-11T11:34:00Z,2026-08-11T11:28:00Z,2026-08-11T11:32:41Z,85.5
amtrak,NER,111,2026-08-11,WAS,Washington Union Station,2026-08-11T12:22:00Z,2026-08-11T12:22:00Z,2026-08-11T12:22:00Z,2026-08-11T12:22:00Z,2026-08-11T11:32:41Z,85.5
amtrak,NER,112,2026-08-11,BAL,Baltimore Penn Station,2026-08-11T12:22:00Z,2026-08-11T12:22:00Z,2026-08-11T12:20:00Z,2026-08-11T12:20:00Z,2026-08-11T11:32:41Z,85.5
amtrak,NER,112,2026-08-11,WAS,Washington Union Station,2026-08-11T11:40:00Z,2026-08-11T11:40:00Z,2026-08-11T11:40:00Z,2026-08-11T11:40:00Z,2026-08-11T11:32:41Z,85.5
amtrak,NER,113,2026-08-11,BAL,Baltimore Penn Station,2026-08-11T13:07:00Z,NA,2026-08-11T13:05:00Z,NA,2026-08-11T11:32:41Z,85.5
amtrak,NER,113,2026-08-11,WAS,Washington Union Station,2026-08-11T13:53:00Z,NA,2026-08-11T13:53:00Z,NA,2026-08-11T11:32:41Z,85.5
amtrak,NER,125,2026-08-11,BAL,Baltimore Penn Station,2026-08-11T18:28:00Z,2026-08-11T18:26:00Z,2026-08-11T18:25:00Z,2026-08-11T18:26:00Z,2026-08-11T11:32:41Z,85.5
amtrak,NER,125,2026-08-11,WAS,Washington Union Station,2026-08-11T19:50:00Z,2026-08-11T19:11:00Z,2026-08-11T19:11:00Z,2026-08-11T19:11:00Z,2026-08-11T11:32:41Z,85.5
amtrak,NER,130,2026-08-11,BAL,Baltimore Penn Station,2026-08-11T11:05:00Z,2026-08-11T11:05:00Z,2026-08-11T11:03:00Z,2026-08-11T10:58:00Z,2026-08-11T11:32:41Z,85.5
amtrak,NER,130,2026-08-11,WAS,Washington Union Station,2026-08-11T10:20:00Z,2026-08-11T10:20:00Z,2026-08-11T10:20:00Z,2026-08-11T10:20:00Z,2026-08-11T11:32:41Z,85.5
amtrak,NER,141,2026-08-11,BAL,Baltimore Penn Station,2026-08-11T15:00:00Z,2026-08-11T14:58:00Z,2026-08-11T14:58:00Z,2026-08-11T14:58:00Z,2026-08-11T11:32:41Z,85.5
amtrak,NER,141,2026-08-11,WAS,Washington Union Station,2026-08-11T15:41:00Z,2026-08-11T15:40:00Z,2026-08-11T15:41:00Z,2026-08-11T15:40:00Z,2026-08-11T11:32:41Z,85.5
amtrak,NER,151,2026-08-11,BAL,Baltimore Penn Station,2026-08-11T10:10:00Z,2026-08-11T10:22:00Z,2026-08-11T10:08:00Z,2026-08-11T10:20:00Z,2026-08-11T11:32:41Z,85.5
amtrak,NER,151,2026-08-11,WAS,Washington Union Station,2026-08-11T11:30:00Z,2026-08-11T11:30:00Z,2026-08-11T10:58:00Z,2026-08-11T10:58:00Z,2026-08-11T11:32:41Z,85.5
amtrak,NER,170,2026-08-11,BAL,Baltimore Penn Station,2026-08-11T09:44:00Z,2026-08-11T09:48:00Z,2026-08-11T09:42:00Z,2026-08-11T09:46:00Z,2026-08-11T11:32:41Z,85.5
amtrak,NER,170,2026-08-11,WAS,Washington Union Station,2026-08-11T09:05:00Z,2026-08-11T09:05:00Z,2026-08-11T09:05:00Z,2026-08-11T09:05:00Z,2026-08-11T11:32:41Z,85.5
amtrak,NER,171,2026-08-11,BAL,Baltimore Penn Station,2026-08-11T19:33:00Z,2026-08-11T19:33:00Z,2026-08-11T19:30:00Z,2026-08-11T19:30:00Z,2026-08-11T11:32:41Z,85.5
amtrak,NER,171,2026-08-11,WAS,Washington Union Station,2026-08-11T21:00:00Z,2026-08-11T21:00:00Z,2026-08-11T20:25:00Z,2026-08-11T20:25:00Z,2026-08-11T11:32:41Z,85.5
amtrak,NER,172,2026-08-11,BAL,Baltimore Penn Station,2026-08-11T11:50:00Z,2026-08-11T11:48:00Z,2026-08-11T11:48:00Z,2026-08-11T11:48:00Z,2026-08-11T11:32:41Z,85.5
amtrak,NER,172,2026-08-11,WAS,Washington Union Station,2026-08-11T11:06:00Z,2026-08-11T11:09:00Z,2026-08-11T11:06:00Z,2026-08-11T11:09:00Z,2026-08-11T11:32:41Z,85.5
amtrak,NER,181,2026-08-11,BAL,Baltimore Penn Station,2026-08-11T12:22:00Z,2026-08-11T12:19:00Z,2026-08-11T12:19:00Z,2026-08-11T12:19:00Z,2026-08-11T11:32:41Z,85.5
amtrak,NER,181,2026-08-11,WAS,Washington Union Station,2026-08-11T13:02:00Z,2026-08-11T12:55:00Z,2026-08-11T13:02:00Z,2026-08-11T12:55:00Z,2026-08-11T11:32:41Z,85.5
amtrak,NER,183,2026-08-11,BAL,Baltimore Penn Station,2026-08-11T14:20:00Z,2026-08-11T14:17:00Z,2026-08-11T14:17:00Z,2026-08-11T14:17:00Z,2026-08-11T11:32:41Z,85.5
amtrak,NER,183,2026-08-11,WAS,Washington Union Station,2026-08-11T15:04:00Z,2026-08-11T15:00:00Z,2026-08-11T15:04:00Z,2026-08-11T15:00:00Z,2026-08-11T11:32:41Z,85.5
marc,11705,Train408,2026-08-11,11958,UNION STATION MARC Washington,2026-08-11T11:00:00Z,2026-08-11T11:01:22Z,NA,NA,2026-08-11T11:35:43Z,85.8
marc,11705,Train408,2026-08-11,12002,PENN STATION MARC nb,NA,NA,2026-08-11T11:44:00Z,2026-08-11T11:38:16Z,2026-08-11T11:35:43Z,85.8
marc,11705,Train410,2026-08-11,11958,UNION STATION MARC Washington,2026-08-11T11:15:00Z,2026-08-11T11:16:24Z,NA,NA,2026-08-11T11:35:43Z,85.8
marc,11705,Train410,2026-08-11,12002,PENN STATION MARC nb,NA,NA,2026-08-11T12:17:00Z,2026-08-11T12:20:55Z,2026-08-11T11:35:43Z,85.8
marc,11705,Train413,2026-08-11,11980,PENN STATION MARC sb,2026-08-11T10:40:00Z,2026-08-11T10:40:00Z,NA,NA,2026-08-11T11:35:43Z,85.8
marc,11705,Train413,2026-08-11,11958,UNION STATION MARC Washington,NA,NA,2026-08-11T11:43:00Z,2026-08-11T11:45:29Z,2026-08-11T11:35:43Z,85.8
marc,11705,Train415,2026-08-11,11980,PENN STATION MARC sb,2026-08-11T11:00:00Z,2026-08-11T11:00:00Z,NA,NA,2026-08-11T11:35:43Z,85.8
marc,11705,Train415,2026-08-11,11958,UNION STATION MARC Washington,NA,NA,2026-08-11T12:02:00Z,2026-08-11T12:08:20Z,2026-08-11T11:35:43Z,85.8
marc,11705,Train502,2026-08-11,11958,UNION STATION MARC Washington,2026-08-11T10:12:00Z,2026-08-11T10:14:11Z,NA,NA,2026-08-11T11:35:43Z,85.8
marc,11705,Train502,2026-08-11,12002,PENN STATION MARC nb,2026-08-11T11:26:00Z,2026-08-11T11:23:11Z,2026-08-11T11:24:00Z,2026-08-11T11:13:11Z,2026-08-11T11:35:43Z,85.8
marc,11705,Train517,2026-08-11,11980,PENN STATION MARC sb,2026-08-11T11:20:00Z,2026-08-11T11:18:03Z,2026-08-11T11:16:05Z,2026-08-11T11:16:54Z,2026-08-11T11:35:43Z,85.8
marc,11705,Train517,2026-08-11,11958,UNION STATION MARC Washington,NA,NA,2026-08-11T12:19:00Z,2026-08-11T12:20:21Z,2026-08-11T11:35:43Z,85.8
amtrak,NER,66,2026-08-11,BAL,Baltimore Penn Station,2026-08-11T02:51:00Z,2026-08-11T07:04:00Z,2026-08-11T02:49:00Z,2026-08-11T07:00:00Z,2026-08-11T11:35:43Z,85.8
amtrak,NER,66,2026-08-11,WAS,Washington Union Station,2026-08-11T02:00:00Z,2026-08-11T06:21:00Z,2026-08-11T01:28:00Z,2026-08-11T05:35:00Z,2026-08-11T11:35:43Z,85.8
amtrak,NER,67,2026-08-11,BAL,Baltimore Penn Station,2026-08-11T10:04:00Z,2026-08-11T10:09:00Z,2026-08-11T10:02:00Z,2026-08-11T10:05:00Z,2026-08-11T11:35:43Z,85.8
amtrak,NER,67,2026-08-11,WAS,Washington Union Station,2026-08-11T11:20:00Z,2026-08-11T11:20:00Z,2026-08-11T10:54:00Z,2026-08-11T10:49:00Z,2026-08-11T11:35:43Z,85.8
amtrak,NER,86,2026-08-11,BAL,Baltimore Penn Station,2026-08-11T13:32:00Z,2026-08-11T13:30:00Z,2026-08-11T13:30:00Z,2026-08-11T13:30:00Z,2026-08-11T11:35:43Z,85.8
amtrak,NER,86,2026-08-11,WAS,Washington Union Station,2026-08-11T12:55:00Z,2026-08-11T12:18:00Z,2026-08-11T12:18:00Z,2026-08-11T12:18:00Z,2026-08-11T11:35:43Z,85.8
amtrak,NER,95,2026-08-11,BAL,Baltimore Penn Station,2026-08-11T17:23:00Z,2026-08-11T17:14:00Z,2026-08-11T17:14:00Z,2026-08-11T17:14:00Z,2026-08-11T11:35:43Z,85.8
amtrak,NER,95,2026-08-11,WAS,Washington Union Station,2026-08-11T18:35:00Z,2026-08-11T18:05:00Z,2026-08-11T18:05:00Z,2026-08-11T18:05:00Z,2026-08-11T11:35:43Z,85.8
amtrak,NER,111,2026-08-11,BAL,Baltimore Penn Station,2026-08-11T11:36:00Z,2026-08-11T11:36:00Z,2026-08-11T11:34:00Z,2026-08-11T11:28:00Z,2026-08-11T11:35:43Z,85.8
amtrak,NER,111,2026-08-11,WAS,Washington Union Station,2026-08-11T12:22:00Z,2026-08-11T12:22:00Z,2026-08-11T12:22:00Z,2026-08-11T12:22:00Z,2026-08-11T11:35:43Z,85.8
amtrak,NER,112,2026-08-11,BAL,Baltimore Penn Station,2026-08-11T12:22:00Z,2026-08-11T12:22:00Z,2026-08-11T12:20:00Z,2026-08-11T12:20:00Z,2026-08-11T11:35:43Z,85.8
amtrak,NER,112,2026-08-11,WAS,Washington Union Station,2026-08-11T11:40:00Z,2026-08-11T11:40:00Z,2026-08-11T11:40:00Z,2026-08-11T11:40:00Z,2026-08-11T11:35:43Z,85.8
amtrak,NER,113,2026-08-11,BAL,Baltimore Penn Station,2026-08-11T13:07:00Z,NA,2026-08-11T13:05:00Z,NA,2026-08-11T11:35:43Z,85.8
amtrak,NER,113,2026-08-11,WAS,Washington Union Station,2026-08-11T13:53:00Z,NA,2026-08-11T13:53:00Z,NA,2026-08-11T11:35:43Z,85.8
amtrak,NER,125,2026-08-11,BAL,Baltimore Penn Station,2026-08-11T18:28:00Z,2026-08-11T18:26:00Z,2026-08-11T18:25:00Z,2026-08-11T18:26:00Z,2026-08-11T11:35:43Z,85.8
amtrak,NER,125,2026-08-11,WAS,Washington Union Station,2026-08-11T19:50:00Z,2026-08-11T19:11:00Z,2026-08-11T19:11:00Z,2026-08-11T19:11:00Z,2026-08-11T11:35:43Z,85.8
amtrak,NER,130,2026-08-11,BAL,Baltimore Penn Station,2026-08-11T11:05:00Z,2026-08-11T11:05:00Z,2026-08-11T11:03:00Z,2026-08-11T10:58:00Z,2026-08-11T11:35:43Z,85.8
amtrak,NER,130,2026-08-11,WAS,Washington Union Station,2026-08-11T10:20:00Z,2026-08-11T10:20:00Z,2026-08-11T10:20:00Z,2026-08-11T10:20:00Z,2026-08-11T11:35:43Z,85.8
amtrak,NER,141,2026-08-11,BAL,Baltimore Penn Station,2026-08-11T15:00:00Z,2026-08-11T14:58:00Z,2026-08-11T14:58:00Z,2026-08-11T14:58:00Z,2026-08-11T11:35:43Z,85.8
amtrak,NER,141,2026-08-11,WAS,Washington Union Station,2026-08-11T15:41:00Z,2026-08-11T15:40:00Z,2026-08-11T15:41:00Z,2026-08-11T15:40:00Z,2026-08-11T11:35:43Z,85.8
amtrak,NER,151,2026-08-11,BAL,Baltimore Penn Station,2026-08-11T10:10:00Z,2026-08-11T10:22:00Z,2026-08-11T10:08:00Z,2026-08-11T10:20:00Z,2026-08-11T11:35:43Z,85.8
amtrak,NER,151,2026-08-11,WAS,Washington Union Station,2026-08-11T11:30:00Z,2026-08-11T11:30:00Z,2026-08-11T10:58:00Z,2026-08-11T10:58:00Z,2026-08-11T11:35:43Z,85.8
amtrak,NER,170,2026-08-11,BAL,Baltimore Penn Station,2026-08-11T09:44:00Z,2026-08-11T09:48:00Z,2026-08-11T09:42:00Z,2026-08-11T09:46:00Z,2026-08-11T11:35:43Z,85.8
amtrak,NER,170,2026-08-11,WAS,Washington Union Station,2026-08-11T09:05:00Z,2026-08-11T09:05:00Z,2026-08-11T09:05:00Z,2026-08-11T09:05:00Z,2026-08-11T11:35:43Z,85.8
amtrak,NER,171,2026-08-11,BAL,Baltimore Penn Station,2026-08-11T19:33:00Z,2026-08-11T19:33:00Z,2026-08-11T19:30:00Z,2026-08-11T19:30:00Z,2026-08-11T11:35:43Z,85.8
amtrak,NER,171,2026-08-11,WAS,Washington Union Station,2026-08-11T21:00:00Z,2026-08-11T21:00:00Z,2026-08-11T20:25:00Z,2026-08-11T20:25:00Z,2026-08-11T11:35:43Z,85.8
amtrak,NER,172,2026-08-11,BAL,Baltimore Penn Station,2026-08-11T11:50:00Z,2026-08-11T11:48:00Z,2026-08-11T11:48:00Z,2026-08-11T11:48:00Z,2026-08-11T11:35:43Z,85.8
amtrak,NER,172,2026-08-11,WAS,Washington Union Station,2026-08-11T11:06:00Z,2026-08-11T11:09:00Z,2026-08-11T11:06:00Z,2026-08-11T11:09:00Z,2026-08-11T11:35:43Z,85.8
amtrak,NER,181,2026-08-11,BAL,Baltimore Penn Station,2026-08-11T12:22:00Z,2026-08-11T12:19:00Z,2026-08-11T12:19:00Z,2026-08-11T12:19:00Z,2026-08-11T11:35:43Z,85.8
amtrak,NER,181,2026-08-11,WAS,Washington Union Station,2026-08-11T13:02:00Z,2026-08-11T12:55:00Z,2026-08-11T13:02:00Z,2026-08-11T12:55:00Z,2026-08-11T11:35:43Z,85.8
amtrak,NER,183,2026-08-11,BAL,Baltimore Penn Station,2026-08-11T14:20:00Z,2026-08-11T14:17:00Z,2026-08-11T14:17:00Z,2026-08-11T14:17:00Z,2026-08-11T11:35:43Z,85.8
amtrak,NER,183,2026-08-11,WAS,Washington Union Station,2026-08-11T15:04:00Z,2026-08-11T15:00:00Z,2026-08-11T15:04:00Z,2026-08-11T15:00:00Z,2026-08-11T11:35:43Z,85.8
marc,11705,Train408,2026-08-11,11958,UNION STATION MARC Washington,2026-08-11T11:00:00Z,2026-08-11T11:01:22Z,NA,NA,2026-08-11T11:38:44Z,85.2
marc,11705,Train408,2026-08-11,12002,PENN STATION MARC nb,NA,NA,2026-08-11T11:44:00Z,2026-08-11T11:38:16Z,2026-08-11T11:38:44Z,85.2
marc,11705,Train410,2026-08-11,11958,UNION STATION MARC Washington,2026-08-11T11:15:00Z,2026-08-11T11:16:24Z,NA,NA,2026-08-11T11:38:44Z,85.2
marc,11705,Train410,2026-08-11,12002,PENN STATION MARC nb,NA,NA,2026-08-11T12:17:00Z,2026-08-11T12:20:22Z,2026-08-11T11:38:44Z,85.2
marc,11705,Train413,2026-08-11,11980,PENN STATION MARC sb,2026-08-11T10:40:00Z,2026-08-11T10:40:00Z,NA,NA,2026-08-11T11:38:44Z,85.2
marc,11705,Train413,2026-08-11,11958,UNION STATION MARC Washington,NA,NA,2026-08-11T11:43:00Z,2026-08-11T11:44:24Z,2026-08-11T11:38:44Z,85.2
marc,11705,Train415,2026-08-11,11980,PENN STATION MARC sb,2026-08-11T11:00:00Z,2026-08-11T11:00:00Z,NA,NA,2026-08-11T11:38:44Z,85.2
marc,11705,Train415,2026-08-11,11958,UNION STATION MARC Washington,NA,NA,2026-08-11T12:02:00Z,2026-08-11T12:07:45Z,2026-08-11T11:38:44Z,85.2
marc,11705,Train502,2026-08-11,11958,UNION STATION MARC Washington,2026-08-11T10:12:00Z,2026-08-11T10:14:11Z,NA,NA,2026-08-11T11:38:44Z,85.2
marc,11705,Train502,2026-08-11,12002,PENN STATION MARC nb,2026-08-11T11:26:00Z,2026-08-11T11:23:11Z,2026-08-11T11:24:00Z,2026-08-11T11:13:11Z,2026-08-11T11:38:44Z,85.2
marc,11705,Train517,2026-08-11,11980,PENN STATION MARC sb,2026-08-11T11:20:00Z,2026-08-11T11:18:03Z,2026-08-11T11:16:05Z,2026-08-11T11:16:54Z,2026-08-11T11:38:44Z,85.2
marc,11705,Train517,2026-08-11,11958,UNION STATION MARC Washington,NA,NA,2026-08-11T12:19:00Z,2026-08-11T12:19:31Z,2026-08-11T11:38:44Z,85.2
amtrak,NER,66,2026-08-11,BAL,Baltimore Penn Station,2026-08-11T02:51:00Z,2026-08-11T07:04:00Z,2026-08-11T02:49:00Z,2026-08-11T07:00:00Z,2026-08-11T11:38:44Z,85.2
amtrak,NER,66,2026-08-11,WAS,Washington Union Station,2026-08-11T02:00:00Z,2026-08-11T06:21:00Z,2026-08-11T01:28:00Z,2026-08-11T05:35:00Z,2026-08-11T11:38:44Z,85.2
amtrak,NER,67,2026-08-11,BAL,Baltimore Penn Station,2026-08-11T10:04:00Z,2026-08-11T10:09:00Z,2026-08-11T10:02:00Z,2026-08-11T10:05:00Z,2026-08-11T11:38:44Z,85.2
amtrak,NER,67,2026-08-11,WAS,Washington Union Station,2026-08-11T11:20:00Z,2026-08-11T11:34:00Z,2026-08-11T10:54:00Z,2026-08-11T10:49:00Z,2026-08-11T11:38:44Z,85.2
amtrak,NER,86,2026-08-11,BAL,Baltimore Penn Station,2026-08-11T13:32:00Z,2026-08-11T13:30:00Z,2026-08-11T13:30:00Z,2026-08-11T13:30:00Z,2026-08-11T11:38:44Z,85.2
amtrak,NER,86,2026-08-11,WAS,Washington Union Station,2026-08-11T12:55:00Z,2026-08-11T12:18:00Z,2026-08-11T12:18:00Z,2026-08-11T12:18:00Z,2026-08-11T11:38:44Z,85.2
amtrak,NER,95,2026-08-11,BAL,Baltimore Penn Station,2026-08-11T17:23:00Z,2026-08-11T17:14:00Z,2026-08-11T17:14:00Z,2026-08-11T17:14:00Z,2026-08-11T11:38:44Z,85.2
amtrak,NER,95,2026-08-11,WAS,Washington Union Station,2026-08-11T18:35:00Z,2026-08-11T18:05:00Z,2026-08-11T18:05:00Z,2026-08-11T18:05:00Z,2026-08-11T11:38:44Z,85.2
amtrak,NER,111,2026-08-11,BAL,Baltimore Penn Station,2026-08-11T11:36:00Z,2026-08-11T11:36:00Z,2026-08-11T11:34:00Z,2026-08-11T11:28:00Z,2026-08-11T11:38:44Z,85.2
amtrak,NER,111,2026-08-11,WAS,Washington Union Station,2026-08-11T12:22:00Z,2026-08-11T12:22:00Z,2026-08-11T12:22:00Z,2026-08-11T12:22:00Z,2026-08-11T11:38:44Z,85.2
amtrak,NER,112,2026-08-11,BAL,Baltimore Penn Station,2026-08-11T12:22:00Z,2026-08-11T12:22:00Z,2026-08-11T12:20:00Z,2026-08-11T12:20:00Z,2026-08-11T11:38:44Z,85.2
amtrak,NER,112,2026-08-11,WAS,Washington Union Station,2026-08-11T11:40:00Z,2026-08-11T11:40:00Z,2026-08-11T11:40:00Z,2026-08-11T11:40:00Z,2026-08-11T11:38:44Z,85.2
amtrak,NER,113,2026-08-11,BAL,Baltimore Penn Station,2026-08-11T13:07:00Z,2026-08-11T13:05:00Z,2026-08-11T13:05:00Z,2026-08-11T13:05:00Z,2026-08-11T11:38:44Z,85.2
amtrak,NER,113,2026-08-11,WAS,Washington Union Station,2026-08-11T13:53:00Z,NA,2026-08-11T13:53:00Z,NA,2026-08-11T11:38:44Z,85.2
amtrak,NER,125,2026-08-11,BAL,Baltimore Penn Station,2026-08-11T18:28:00Z,2026-08-11T18:26:00Z,2026-08-11T18:25:00Z,2026-08-11T18:26:00Z,2026-08-11T11:38:44Z,85.2
amtrak,NER,125,2026-08-11,WAS,Washington Union Station,2026-08-11T19:50:00Z,2026-08-11T19:11:00Z,2026-08-11T19:11:00Z,2026-08-11T19:11:00Z,2026-08-11T11:38:44Z,85.2
amtrak,NER,130,2026-08-11,BAL,Baltimore Penn Station,2026-08-11T11:05:00Z,2026-08-11T11:05:00Z,2026-08-11T11:03:00Z,2026-08-11T10:58:00Z,2026-08-11T11:38:44Z,85.2
amtrak,NER,130,2026-08-11,WAS,Washington Union Station,2026-08-11T10:20:00Z,2026-08-11T10:20:00Z,2026-08-11T10:20:00Z,2026-08-11T10:20:00Z,2026-08-11T11:38:44Z,85.2
amtrak,NER,141,2026-08-11,BAL,Baltimore Penn Station,2026-08-11T15:00:00Z,2026-08-11T14:58:00Z,2026-08-11T14:58:00Z,2026-08-11T14:58:00Z,2026-08-11T11:38:44Z,85.2
amtrak,NER,141,2026-08-11,WAS,Washington Union Station,2026-08-11T15:41:00Z,2026-08-11T15:40:00Z,2026-08-11T15:41:00Z,2026-08-11T15:40:00Z,2026-08-11T11:38:44Z,85.2
amtrak,NER,151,2026-08-11,BAL,Baltimore Penn Station,2026-08-11T10:10:00Z,2026-08-11T10:22:00Z,2026-08-11T10:08:00Z,2026-08-11T10:20:00Z,2026-08-11T11:38:44Z,85.2
amtrak,NER,151,2026-08-11,WAS,Washington Union Station,2026-08-11T11:30:00Z,2026-08-11T11:30:00Z,2026-08-11T10:58:00Z,2026-08-11T10:58:00Z,2026-08-11T11:38:44Z,85.2
amtrak,NER,170,2026-08-11,BAL,Baltimore Penn Station,2026-08-11T09:44:00Z,2026-08-11T09:48:00Z,2026-08-11T09:42:00Z,2026-08-11T09:46:00Z,2026-08-11T11:38:44Z,85.2
amtrak,NER,170,2026-08-11,WAS,Washington Union Station,2026-08-11T09:05:00Z,2026-08-11T09:05:00Z,2026-08-11T09:05:00Z,2026-08-11T09:05:00Z,2026-08-11T11:38:44Z,85.2
amtrak,NER,171,2026-08-11,BAL,Baltimore Penn Station,2026-08-11T19:33:00Z,2026-08-11T19:33:00Z,2026-08-11T19:30:00Z,2026-08-11T19:30:00Z,2026-08-11T11:38:44Z,85.2
amtrak,NER,171,2026-08-11,WAS,Washington Union Station,2026-08-11T21:00:00Z,2026-08-11T21:00:00Z,2026-08-11T20:25:00Z,2026-08-11T20:25:00Z,2026-08-11T11:38:44Z,85.2
amtrak,NER,172,2026-08-11,BAL,Baltimore Penn Station,2026-08-11T11:50:00Z,2026-08-11T11:48:00Z,2026-08-11T11:48:00Z,2026-08-11T11:48:00Z,2026-08-11T11:38:44Z,85.2
amtrak,NER,172,2026-08-11,WAS,Washington Union Station,2026-08-11T11:06:00Z,2026-08-11T11:09:00Z,2026-08-11T11:06:00Z,2026-08-11T11:09:00Z,2026-08-11T11:38:44Z,85.2
amtrak,NER,181,2026-08-11,BAL,Baltimore Penn Station,2026-08-11T12:22:00Z,2026-08-11T12:14:00Z,2026-08-11T12:19:00Z,2026-08-11T12:14:00Z,2026-08-11T11:38:44Z,85.2
amtrak,NER,181,2026-08-11,WAS,Washington Union Station,2026-08-11T13:02:00Z,2026-08-11T13:02:00Z,2026-08-11T13:02:00Z,2026-08-11T13:02:00Z,2026-08-11T11:38:44Z,85.2
amtrak,NER,183,2026-08-11,BAL,Baltimore Penn Station,2026-08-11T14:20:00Z,2026-08-11T14:17:00Z,2026-08-11T14:17:00Z,2026-08-11T14:17:00Z,2026-08-11T11:38:44Z,85.2
amtrak,NER,183,2026-08-11,WAS,Washington Union Station,2026-08-11T15:04:00Z,2026-08-11T15:00:00Z,2026-08-11T15:04:00Z,2026-08-11T15:00:00Z,2026-08-11T11:38:44Z,85.2
marc,11705,Train419,2026-08-11,11980,PENN STATION MARC sb,2026-08-11T11:50:00Z,2026-08-11T11:52:21Z,NA,NA,2026-08-11T12:27:04Z,75
marc,11705,Train419,2026-08-11,11958,UNION STATION MARC Washington,NA,NA,2026-08-11T12:53:00Z,2026-08-11T12:57:46Z,2026-08-11T12:27:04Z,75
marc,11705,Train517,2026-08-11,11980,PENN STATION MARC sb,2026-08-11T11:20:00Z,2026-08-11T11:18:03Z,2026-08-11T11:16:05Z,2026-08-11T11:16:54Z,2026-08-11T12:27:04Z,75
marc,11705,Train517,2026-08-11,11958,UNION STATION MARC Washington,NA,NA,2026-08-11T12:19:00Z,2026-08-11T12:32:37Z,2026-08-11T12:27:04Z,75
marc,11705,Train610,2026-08-11,11958,UNION STATION MARC Washington,2026-08-11T11:50:00Z,2026-08-11T11:51:35Z,NA,NA,2026-08-11T12:27:04Z,75
marc,11705,Train610,2026-08-11,12002,PENN STATION MARC nb,2026-08-11T12:46:00Z,2026-08-11T12:46:00Z,2026-08-11T12:40:15Z,2026-08-11T12:39:14Z,2026-08-11T12:27:04Z,75
marc,11705,Train612,2026-08-11,11958,UNION STATION MARC Washington,2026-08-11T12:20:00Z,2026-08-11T12:22:13Z,NA,NA,2026-08-11T12:27:04Z,75
marc,11705,Train612,2026-08-11,12002,PENN STATION MARC nb,2026-08-11T13:20:00Z,2026-08-11T13:20:11Z,2026-08-11T13:17:00Z,2026-08-11T13:17:11Z,2026-08-11T12:27:04Z,75
amtrak,NER,66,2026-08-11,BAL,Baltimore Penn Station,2026-08-11T02:51:00Z,2026-08-11T07:04:00Z,2026-08-11T02:49:00Z,2026-08-11T07:00:00Z,2026-08-11T12:27:04Z,75
amtrak,NER,66,2026-08-11,WAS,Washington Union Station,2026-08-11T02:00:00Z,2026-08-11T06:21:00Z,2026-08-11T01:28:00Z,2026-08-11T05:35:00Z,2026-08-11T12:27:04Z,75
amtrak,NER,67,2026-08-11,BAL,Baltimore Penn Station,2026-08-11T10:04:00Z,2026-08-11T10:09:00Z,2026-08-11T10:02:00Z,2026-08-11T10:05:00Z,2026-08-11T12:27:04Z,75
amtrak,NER,67,2026-08-11,WAS,Washington Union Station,2026-08-11T11:20:00Z,2026-08-11T11:34:00Z,2026-08-11T10:54:00Z,2026-08-11T10:49:00Z,2026-08-11T12:27:04Z,75
amtrak,NER,86,2026-08-11,BAL,Baltimore Penn Station,2026-08-11T13:32:00Z,2026-08-11T13:30:00Z,2026-08-11T13:30:00Z,2026-08-11T13:30:00Z,2026-08-11T12:27:04Z,75
amtrak,NER,86,2026-08-11,WAS,Washington Union Station,2026-08-11T12:55:00Z,2026-08-11T12:55:00Z,2026-08-11T12:18:00Z,2026-08-11T12:20:00Z,2026-08-11T12:27:04Z,75
amtrak,NER,93,2026-08-11,BAL,Baltimore Penn Station,2026-08-11T20:39:00Z,2026-08-11T20:39:00Z,2026-08-11T20:37:00Z,2026-08-11T20:37:00Z,2026-08-11T12:27:04Z,75
amtrak,NER,93,2026-08-11,WAS,Washington Union Station,2026-08-11T22:05:00Z,2026-08-11T22:05:00Z,2026-08-11T21:25:00Z,2026-08-11T21:25:00Z,2026-08-11T12:27:04Z,75
amtrak,NER,94,2026-08-11,BAL,Baltimore Penn Station,2026-08-11T18:43:00Z,2026-08-11T18:43:00Z,2026-08-11T18:41:00Z,2026-08-11T18:41:00Z,2026-08-11T12:27:04Z,75
amtrak,NER,94,2026-08-11,WAS,Washington Union Station,2026-08-11T18:00:00Z,2026-08-11T18:00:00Z,2026-08-11T17:23:00Z,2026-08-11T17:23:00Z,2026-08-11T12:27:04Z,75
amtrak,NER,95,2026-08-11,BAL,Baltimore Penn Station,2026-08-11T17:23:00Z,2026-08-11T17:14:00Z,2026-08-11T17:14:00Z,2026-08-11T17:14:00Z,2026-08-11T12:27:04Z,75
amtrak,NER,95,2026-08-11,WAS,Washington Union Station,2026-08-11T18:35:00Z,2026-08-11T18:05:00Z,2026-08-11T18:05:00Z,2026-08-11T18:05:00Z,2026-08-11T12:27:04Z,75
amtrak,NER,111,2026-08-11,BAL,Baltimore Penn Station,2026-08-11T11:36:00Z,2026-08-11T11:36:00Z,2026-08-11T11:34:00Z,2026-08-11T11:28:00Z,2026-08-11T12:27:04Z,75
amtrak,NER,111,2026-08-11,WAS,Washington Union Station,2026-08-11T12:22:00Z,2026-08-11T12:17:00Z,2026-08-11T12:22:00Z,2026-08-11T12:17:00Z,2026-08-11T12:27:04Z,75
amtrak,NER,112,2026-08-11,BAL,Baltimore Penn Station,2026-08-11T12:22:00Z,2026-08-11T12:22:00Z,2026-08-11T12:20:00Z,2026-08-11T12:19:00Z,2026-08-11T12:27:04Z,75
amtrak,NER,112,2026-08-11,WAS,Washington Union Station,2026-08-11T11:40:00Z,2026-08-11T11:40:00Z,2026-08-11T11:40:00Z,2026-08-11T11:40:00Z,2026-08-11T12:27:04Z,75
amtrak,NER,113,2026-08-11,BAL,Baltimore Penn Station,2026-08-11T13:07:00Z,2026-08-11T13:08:00Z,2026-08-11T13:05:00Z,2026-08-11T13:08:00Z,2026-08-11T12:27:04Z,75
amtrak,NER,113,2026-08-11,WAS,Washington Union Station,2026-08-11T13:53:00Z,2026-08-11T13:44:00Z,2026-08-11T13:53:00Z,2026-08-11T13:44:00Z,2026-08-11T12:27:04Z,75
amtrak,NER,125,2026-08-11,BAL,Baltimore Penn Station,2026-08-11T18:28:00Z,2026-08-11T18:26:00Z,2026-08-11T18:25:00Z,2026-08-11T18:26:00Z,2026-08-11T12:27:04Z,75
amtrak,NER,125,2026-08-11,WAS,Washington Union Station,2026-08-11T19:50:00Z,2026-08-11T19:11:00Z,2026-08-11T19:11:00Z,2026-08-11T19:11:00Z,2026-08-11T12:27:04Z,75
amtrak,NER,130,2026-08-11,BAL,Baltimore Penn Station,2026-08-11T11:05:00Z,2026-08-11T11:05:00Z,2026-08-11T11:03:00Z,2026-08-11T10:58:00Z,2026-08-11T12:27:04Z,75
amtrak,NER,130,2026-08-11,WAS,Washington Union Station,2026-08-11T10:20:00Z,2026-08-11T10:20:00Z,2026-08-11T10:20:00Z,2026-08-11T10:20:00Z,2026-08-11T12:27:04Z,75
amtrak,NER,141,2026-08-11,BAL,Baltimore Penn Station,2026-08-11T15:00:00Z,2026-08-11T14:58:00Z,2026-08-11T14:58:00Z,2026-08-11T14:58:00Z,2026-08-11T12:27:04Z,75
amtrak,NER,141,2026-08-11,WAS,Washington Union Station,2026-08-11T15:41:00Z,2026-08-11T15:40:00Z,2026-08-11T15:41:00Z,2026-08-11T15:40:00Z,2026-08-11T12:27:04Z,75
amtrak,NER,151,2026-08-11,BAL,Baltimore Penn Station,2026-08-11T10:10:00Z,2026-08-11T10:22:00Z,2026-08-11T10:08:00Z,2026-08-11T10:20:00Z,2026-08-11T12:27:04Z,75
amtrak,NER,151,2026-08-11,WAS,Washington Union Station,2026-08-11T11:30:00Z,2026-08-11T11:30:00Z,2026-08-11T10:58:00Z,2026-08-11T10:58:00Z,2026-08-11T12:27:04Z,75
amtrak,NER,170,2026-08-11,BAL,Baltimore Penn Station,2026-08-11T09:44:00Z,2026-08-11T09:48:00Z,2026-08-11T09:42:00Z,2026-08-11T09:46:00Z,2026-08-11T12:27:04Z,75
amtrak,NER,170,2026-08-11,WAS,Washington Union Station,2026-08-11T09:05:00Z,2026-08-11T09:05:00Z,2026-08-11T09:05:00Z,2026-08-11T09:05:00Z,2026-08-11T12:27:04Z,75
amtrak,NER,171,2026-08-11,BAL,Baltimore Penn Station,2026-08-11T19:33:00Z,2026-08-11T19:30:00Z,2026-08-11T19:30:00Z,2026-08-11T19:30:00Z,2026-08-11T12:27:04Z,75
amtrak,NER,171,2026-08-11,WAS,Washington Union Station,2026-08-11T21:00:00Z,2026-08-11T20:25:00Z,2026-08-11T20:25:00Z,2026-08-11T20:25:00Z,2026-08-11T12:27:04Z,75
amtrak,NER,172,2026-08-11,BAL,Baltimore Penn Station,2026-08-11T11:50:00Z,2026-08-11T11:54:00Z,2026-08-11T11:48:00Z,2026-08-11T11:52:00Z,2026-08-11T12:27:04Z,75
amtrak,NER,172,2026-08-11,WAS,Washington Union Station,2026-08-11T11:06:00Z,2026-08-11T11:09:00Z,2026-08-11T11:06:00Z,2026-08-11T11:09:00Z,2026-08-11T12:27:04Z,75
amtrak,NER,181,2026-08-11,BAL,Baltimore Penn Station,2026-08-11T12:22:00Z,2026-08-11T12:25:00Z,2026-08-11T12:19:00Z,2026-08-11T12:24:00Z,2026-08-11T12:27:04Z,75
amtrak,NER,181,2026-08-11,WAS,Washington Union Station,2026-08-11T13:02:00Z,2026-08-11T12:55:00Z,2026-08-11T13:02:00Z,2026-08-11T12:55:00Z,2026-08-11T12:27:04Z,75
amtrak,NER,183,2026-08-11,BAL,Baltimore Penn Station,2026-08-11T14:20:00Z,2026-08-11T14:17:00Z,2026-08-11T14:17:00Z,2026-08-11T14:17:00Z,2026-08-11T12:27:04Z,75
amtrak,NER,183,2026-08-11,WAS,Washington Union Station,2026-08-11T15:04:00Z,2026-08-11T15:00:00Z,2026-08-11T15:04:00Z,2026-08-11T15:00:00Z,2026-08-11T12:27:04Z,75
amtrak,NER,185,2026-08-11,BAL,Baltimore Penn Station,2026-08-11T16:07:00Z,2026-08-11T16:07:00Z,2026-08-11T16:05:00Z,2026-08-11T16:05:00Z,2026-08-11T12:27:04Z,75
amtrak,NER,185,2026-08-11,WAS,Washington Union Station,2026-08-11T16:52:00Z,2026-08-11T16:52:00Z,2026-08-11T16:52:00Z,2026-08-11T16:47:00Z,2026-08-11T12:27:04Z,75
marc,11705,Train419,2026-08-11,11980,PENN STATION MARC sb,2026-08-11T11:50:00Z,2026-08-11T11:52:21Z,NA,NA,2026-08-11T12:30:05Z,75.9
marc,11705,Train419,2026-08-11,11958,UNION STATION MARC Washington,NA,NA,2026-08-11T12:53:00Z,2026-08-11T12:57:40Z,2026-08-11T12:30:05Z,75.9
marc,11705,Train517,2026-08-11,11980,PENN STATION MARC sb,2026-08-11T11:20:00Z,2026-08-11T11:18:03Z,2026-08-11T11:16:05Z,2026-08-11T11:16:54Z,2026-08-11T12:30:05Z,75.9
marc,11705,Train517,2026-08-11,11958,UNION STATION MARC Washington,NA,NA,2026-08-11T12:19:00Z,2026-08-11T12:32:37Z,2026-08-11T12:30:05Z,75.9
marc,11705,Train610,2026-08-11,11958,UNION STATION MARC Washington,2026-08-11T11:50:00Z,2026-08-11T11:51:35Z,NA,NA,2026-08-11T12:30:05Z,75.9
marc,11705,Train610,2026-08-11,12002,PENN STATION MARC nb,2026-08-11T12:46:00Z,2026-08-11T12:46:00Z,2026-08-11T12:40:15Z,2026-08-11T12:39:22Z,2026-08-11T12:30:05Z,75.9
marc,11705,Train612,2026-08-11,11958,UNION STATION MARC Washington,2026-08-11T12:20:00Z,2026-08-11T12:22:13Z,NA,NA,2026-08-11T12:30:05Z,75.9
marc,11705,Train612,2026-08-11,12002,PENN STATION MARC nb,2026-08-11T13:20:00Z,2026-08-11T13:20:49Z,2026-08-11T13:17:00Z,2026-08-11T13:17:49Z,2026-08-11T12:30:05Z,75.9
amtrak,NER,66,2026-08-11,BAL,Baltimore Penn Station,2026-08-11T02:51:00Z,2026-08-11T07:04:00Z,2026-08-11T02:49:00Z,2026-08-11T07:00:00Z,2026-08-11T12:30:05Z,75.9
amtrak,NER,66,2026-08-11,WAS,Washington Union Station,2026-08-11T02:00:00Z,2026-08-11T06:21:00Z,2026-08-11T01:28:00Z,2026-08-11T05:35:00Z,2026-08-11T12:30:05Z,75.9
amtrak,NER,67,2026-08-11,BAL,Baltimore Penn Station,2026-08-11T10:04:00Z,2026-08-11T10:09:00Z,2026-08-11T10:02:00Z,2026-08-11T10:05:00Z,2026-08-11T12:30:05Z,75.9
amtrak,NER,67,2026-08-11,WAS,Washington Union Station,2026-08-11T11:20:00Z,2026-08-11T11:34:00Z,2026-08-11T10:54:00Z,2026-08-11T10:49:00Z,2026-08-11T12:30:05Z,75.9
amtrak,NER,86,2026-08-11,BAL,Baltimore Penn Station,2026-08-11T13:32:00Z,2026-08-11T13:30:00Z,2026-08-11T13:30:00Z,2026-08-11T13:30:00Z,2026-08-11T12:30:05Z,75.9
amtrak,NER,86,2026-08-11,WAS,Washington Union Station,2026-08-11T12:55:00Z,2026-08-11T12:55:00Z,2026-08-11T12:18:00Z,2026-08-11T12:20:00Z,2026-08-11T12:30:05Z,75.9
amtrak,NER,93,2026-08-11,BAL,Baltimore Penn Station,2026-08-11T20:39:00Z,2026-08-11T20:39:00Z,2026-08-11T20:37:00Z,2026-08-11T20:37:00Z,2026-08-11T12:30:05Z,75.9
amtrak,NER,93,2026-08-11,WAS,Washington Union Station,2026-08-11T22:05:00Z,2026-08-11T22:05:00Z,2026-08-11T21:25:00Z,2026-08-11T21:25:00Z,2026-08-11T12:30:05Z,75.9
amtrak,NER,94,2026-08-11,BAL,Baltimore Penn Station,2026-08-11T18:43:00Z,2026-08-11T18:43:00Z,2026-08-11T18:41:00Z,2026-08-11T18:41:00Z,2026-08-11T12:30:05Z,75.9
amtrak,NER,94,2026-08-11,WAS,Washington Union Station,2026-08-11T18:00:00Z,2026-08-11T18:00:00Z,2026-08-11T17:23:00Z,2026-08-11T17:23:00Z,2026-08-11T12:30:05Z,75.9
amtrak,NER,95,2026-08-11,BAL,Baltimore Penn Station,2026-08-11T17:23:00Z,2026-08-11T17:14:00Z,2026-08-11T17:14:00Z,2026-08-11T17:14:00Z,2026-08-11T12:30:05Z,75.9
amtrak,NER,95,2026-08-11,WAS,Washington Union Station,2026-08-11T18:35:00Z,2026-08-11T18:05:00Z,2026-08-11T18:05:00Z,2026-08-11T18:05:00Z,2026-08-11T12:30:05Z,75.9
amtrak,NER,111,2026-08-11,BAL,Baltimore Penn Station,2026-08-11T11:36:00Z,2026-08-11T11:36:00Z,2026-08-11T11:34:00Z,2026-08-11T11:28:00Z,2026-08-11T12:30:05Z,75.9
amtrak,NER,111,2026-08-11,WAS,Washington Union Station,2026-08-11T12:22:00Z,2026-08-11T12:17:00Z,2026-08-11T12:22:00Z,2026-08-11T12:17:00Z,2026-08-11T12:30:05Z,75.9
amtrak,NER,112,2026-08-11,BAL,Baltimore Penn Station,2026-08-11T12:22:00Z,2026-08-11T12:22:00Z,2026-08-11T12:20:00Z,2026-08-11T12:19:00Z,2026-08-11T12:30:05Z,75.9
amtrak,NER,112,2026-08-11,WAS,Washington Union Station,2026-08-11T11:40:00Z,2026-08-11T11:40:00Z,2026-08-11T11:40:00Z,2026-08-11T11:40:00Z,2026-08-11T12:30:05Z,75.9
amtrak,NER,113,2026-08-11,BAL,Baltimore Penn Station,2026-08-11T13:07:00Z,2026-08-11T13:08:00Z,2026-08-11T13:05:00Z,2026-08-11T13:08:00Z,2026-08-11T12:30:05Z,75.9
amtrak,NER,113,2026-08-11,WAS,Washington Union Station,2026-08-11T13:53:00Z,2026-08-11T13:47:00Z,2026-08-11T13:53:00Z,2026-08-11T13:47:00Z,2026-08-11T12:30:05Z,75.9
amtrak,NER,125,2026-08-11,BAL,Baltimore Penn Station,2026-08-11T18:28:00Z,2026-08-11T18:26:00Z,2026-08-11T18:25:00Z,2026-08-11T18:26:00Z,2026-08-11T12:30:05Z,75.9
amtrak,NER,125,2026-08-11,WAS,Washington Union Station,2026-08-11T19:50:00Z,2026-08-11T19:11:00Z,2026-08-11T19:11:00Z,2026-08-11T19:11:00Z,2026-08-11T12:30:05Z,75.9
amtrak,NER,130,2026-08-11,BAL,Baltimore Penn Station,2026-08-11T11:05:00Z,2026-08-11T11:05:00Z,2026-08-11T11:03:00Z,2026-08-11T10:58:00Z,2026-08-11T12:30:05Z,75.9
amtrak,NER,130,2026-08-11,WAS,Washington Union Station,2026-08-11T10:20:00Z,2026-08-11T10:20:00Z,2026-08-11T10:20:00Z,2026-08-11T10:20:00Z,2026-08-11T12:30:05Z,75.9
amtrak,NER,141,2026-08-11,BAL,Baltimore Penn Station,2026-08-11T15:00:00Z,2026-08-11T14:58:00Z,2026-08-11T14:58:00Z,2026-08-11T14:58:00Z,2026-08-11T12:30:05Z,75.9
amtrak,NER,141,2026-08-11,WAS,Washington Union Station,2026-08-11T15:41:00Z,2026-08-11T15:40:00Z,2026-08-11T15:41:00Z,2026-08-11T15:40:00Z,2026-08-11T12:30:05Z,75.9
amtrak,NER,151,2026-08-11,BAL,Baltimore Penn Station,2026-08-11T10:10:00Z,2026-08-11T10:22:00Z,2026-08-11T10:08:00Z,2026-08-11T10:20:00Z,2026-08-11T12:30:05Z,75.9
amtrak,NER,151,2026-08-11,WAS,Washington Union Station,2026-08-11T11:30:00Z,2026-08-11T11:30:00Z,2026-08-11T10:58:00Z,2026-08-11T10:58:00Z,2026-08-11T12:30:05Z,75.9
amtrak,NER,170,2026-08-11,BAL,Baltimore Penn Station,2026-08-11T09:44:00Z,2026-08-11T09:48:00Z,2026-08-11T09:42:00Z,2026-08-11T09:46:00Z,2026-08-11T12:30:05Z,75.9
amtrak,NER,170,2026-08-11,WAS,Washington Union Station,2026-08-11T09:05:00Z,2026-08-11T09:05:00Z,2026-08-11T09:05:00Z,2026-08-11T09:05:00Z,2026-08-11T12:30:05Z,75.9
amtrak,NER,171,2026-08-11,BAL,Baltimore Penn Station,2026-08-11T19:33:00Z,2026-08-11T19:30:00Z,2026-08-11T19:30:00Z,2026-08-11T19:30:00Z,2026-08-11T12:30:05Z,75.9
amtrak,NER,171,2026-08-11,WAS,Washington Union Station,2026-08-11T21:00:00Z,2026-08-11T20:25:00Z,2026-08-11T20:25:00Z,2026-08-11T20:25:00Z,2026-08-11T12:30:05Z,75.9
amtrak,NER,172,2026-08-11,BAL,Baltimore Penn Station,2026-08-11T11:50:00Z,2026-08-11T11:54:00Z,2026-08-11T11:48:00Z,2026-08-11T11:52:00Z,2026-08-11T12:30:05Z,75.9
amtrak,NER,172,2026-08-11,WAS,Washington Union Station,2026-08-11T11:06:00Z,2026-08-11T11:09:00Z,2026-08-11T11:06:00Z,2026-08-11T11:09:00Z,2026-08-11T12:30:05Z,75.9
amtrak,NER,181,2026-08-11,BAL,Baltimore Penn Station,2026-08-11T12:22:00Z,2026-08-11T12:26:00Z,2026-08-11T12:19:00Z,2026-08-11T12:24:00Z,2026-08-11T12:30:05Z,75.9
amtrak,NER,181,2026-08-11,WAS,Washington Union Station,2026-08-11T13:02:00Z,2026-08-11T12:55:00Z,2026-08-11T13:02:00Z,2026-08-11T12:55:00Z,2026-08-11T12:30:05Z,75.9
amtrak,NER,182,2026-08-11,BAL,Baltimore Penn Station,2026-08-11T14:13:00Z,2026-08-11T14:13:00Z,2026-08-11T14:11:00Z,2026-08-11T14:11:00Z,2026-08-11T12:30:05Z,75.9
amtrak,NER,182,2026-08-11,WAS,Washington Union Station,2026-08-11T13:29:00Z,2026-08-11T13:29:00Z,2026-08-11T13:29:00Z,2026-08-11T13:29:00Z,2026-08-11T12:30:05Z,75.9
amtrak,NER,183,2026-08-11,BAL,Baltimore Penn Station,2026-08-11T14:20:00Z,2026-08-11T14:17:00Z,2026-08-11T14:17:00Z,2026-08-11T14:17:00Z,2026-08-11T12:30:05Z,75.9
amtrak,NER,183,2026-08-11,WAS,Washington Union Station,2026-08-11T15:04:00Z,2026-08-11T15:00:00Z,2026-08-11T15:04:00Z,2026-08-11T15:00:00Z,2026-08-11T12:30:05Z,75.9
amtrak,NER,185,2026-08-11,BAL,Baltimore Penn Station,2026-08-11T16:07:00Z,2026-08-11T16:07:00Z,2026-08-11T16:05:00Z,2026-08-11T16:05:00Z,2026-08-11T12:30:05Z,75.9
amtrak,NER,185,2026-08-11,WAS,Washington Union Station,2026-08-11T16:52:00Z,2026-08-11T16:52:00Z,2026-08-11T16:52:00Z,2026-08-11T16:47:00Z,2026-08-11T12:30:05Z,75.9
marc,11705,Train421,2026-08-11,11958,UNION STATION MARC Washington,NA,NA,2026-08-11T13:32:00Z,2026-08-11T13:32:00Z,2026-08-11T12:33:06Z,74
marc,11705,Train419,2026-08-11,11980,PENN STATION MARC sb,2026-08-11T11:50:00Z,2026-08-11T11:52:21Z,NA,NA,2026-08-11T12:33:06Z,74
marc,11705,Train419,2026-08-11,11958,UNION STATION MARC Washington,NA,NA,2026-08-11T12:53:00Z,2026-08-11T12:57:46Z,2026-08-11T12:33:06Z,74
marc,11705,Train610,2026-08-11,11958,UNION STATION MARC Washington,2026-08-11T11:50:00Z,2026-08-11T11:51:35Z,NA,NA,2026-08-11T12:33:06Z,74
marc,11705,Train610,2026-08-11,12002,PENN STATION MARC nb,2026-08-11T12:46:00Z,2026-08-11T12:46:00Z,2026-08-11T12:40:15Z,2026-08-11T12:40:10Z,2026-08-11T12:33:06Z,74
marc,11705,Train612,2026-08-11,11958,UNION STATION MARC Washington,2026-08-11T12:20:00Z,2026-08-11T12:22:13Z,NA,NA,2026-08-11T12:33:06Z,74
marc,11705,Train612,2026-08-11,12002,PENN STATION MARC nb,2026-08-11T13:20:00Z,2026-08-11T13:21:23Z,2026-08-11T13:17:00Z,2026-08-11T13:18:23Z,2026-08-11T12:33:06Z,74
amtrak,NER,66,2026-08-11,BAL,Baltimore Penn Station,2026-08-11T02:51:00Z,2026-08-11T07:04:00Z,2026-08-11T02:49:00Z,2026-08-11T07:00:00Z,2026-08-11T12:33:06Z,74
amtrak,NER,66,2026-08-11,WAS,Washington Union Station,2026-08-11T02:00:00Z,2026-08-11T06:21:00Z,2026-08-11T01:28:00Z,2026-08-11T05:35:00Z,2026-08-11T12:33:06Z,74
amtrak,NER,67,2026-08-11,BAL,Baltimore Penn Station,2026-08-11T10:04:00Z,2026-08-11T10:09:00Z,2026-08-11T10:02:00Z,2026-08-11T10:05:00Z,2026-08-11T12:33:06Z,74
amtrak,NER,67,2026-08-11,WAS,Washington Union Station,2026-08-11T11:20:00Z,2026-08-11T11:34:00Z,2026-08-11T10:54:00Z,2026-08-11T10:49:00Z,2026-08-11T12:33:06Z,74
amtrak,NER,86,2026-08-11,BAL,Baltimore Penn Station,2026-08-11T13:32:00Z,2026-08-11T13:30:00Z,2026-08-11T13:30:00Z,2026-08-11T13:30:00Z,2026-08-11T12:33:06Z,74
amtrak,NER,86,2026-08-11,WAS,Washington Union Station,2026-08-11T12:55:00Z,2026-08-11T12:55:00Z,2026-08-11T12:18:00Z,2026-08-11T12:20:00Z,2026-08-11T12:33:06Z,74
amtrak,NER,93,2026-08-11,BAL,Baltimore Penn Station,2026-08-11T20:39:00Z,2026-08-11T20:39:00Z,2026-08-11T20:37:00Z,2026-08-11T20:37:00Z,2026-08-11T12:33:06Z,74
amtrak,NER,93,2026-08-11,WAS,Washington Union Station,2026-08-11T22:05:00Z,2026-08-11T22:05:00Z,2026-08-11T21:25:00Z,2026-08-11T21:25:00Z,2026-08-11T12:33:06Z,74
amtrak,NER,94,2026-08-11,BAL,Baltimore Penn Station,2026-08-11T18:43:00Z,2026-08-11T18:43:00Z,2026-08-11T18:41:00Z,2026-08-11T18:41:00Z,2026-08-11T12:33:06Z,74
amtrak,NER,94,2026-08-11,WAS,Washington Union Station,2026-08-11T18:00:00Z,2026-08-11T18:00:00Z,2026-08-11T17:23:00Z,2026-08-11T17:23:00Z,2026-08-11T12:33:06Z,74
amtrak,NER,95,2026-08-11,BAL,Baltimore Penn Station,2026-08-11T17:23:00Z,2026-08-11T17:14:00Z,2026-08-11T17:14:00Z,2026-08-11T17:14:00Z,2026-08-11T12:33:06Z,74
amtrak,NER,95,2026-08-11,WAS,Washington Union Station,2026-08-11T18:35:00Z,2026-08-11T18:05:00Z,2026-08-11T18:05:00Z,2026-08-11T18:05:00Z,2026-08-11T12:33:06Z,74
amtrak,NER,111,2026-08-11,BAL,Baltimore Penn Station,2026-08-11T11:36:00Z,2026-08-11T11:36:00Z,2026-08-11T11:34:00Z,2026-08-11T11:28:00Z,2026-08-11T12:33:06Z,74
amtrak,NER,111,2026-08-11,WAS,Washington Union Station,2026-08-11T12:22:00Z,2026-08-11T12:17:00Z,2026-08-11T12:22:00Z,2026-08-11T12:17:00Z,2026-08-11T12:33:06Z,74
amtrak,NER,112,2026-08-11,BAL,Baltimore Penn Station,2026-08-11T12:22:00Z,2026-08-11T12:22:00Z,2026-08-11T12:20:00Z,2026-08-11T12:19:00Z,2026-08-11T12:33:06Z,74
amtrak,NER,112,2026-08-11,WAS,Washington Union Station,2026-08-11T11:40:00Z,2026-08-11T11:40:00Z,2026-08-11T11:40:00Z,2026-08-11T11:40:00Z,2026-08-11T12:33:06Z,74
amtrak,NER,113,2026-08-11,BAL,Baltimore Penn Station,2026-08-11T13:07:00Z,2026-08-11T13:08:00Z,2026-08-11T13:05:00Z,2026-08-11T13:08:00Z,2026-08-11T12:33:06Z,74
amtrak,NER,113,2026-08-11,WAS,Washington Union Station,2026-08-11T13:53:00Z,2026-08-11T13:47:00Z,2026-08-11T13:53:00Z,2026-08-11T13:47:00Z,2026-08-11T12:33:06Z,74
amtrak,NER,125,2026-08-11,BAL,Baltimore Penn Station,2026-08-11T18:28:00Z,2026-08-11T18:26:00Z,2026-08-11T18:25:00Z,2026-08-11T18:26:00Z,2026-08-11T12:33:06Z,74
amtrak,NER,125,2026-08-11,WAS,Washington Union Station,2026-08-11T19:50:00Z,2026-08-11T19:11:00Z,2026-08-11T19:11:00Z,2026-08-11T19:11:00Z,2026-08-11T12:33:06Z,74
amtrak,NER,130,2026-08-11,BAL,Baltimore Penn Station,2026-08-11T11:05:00Z,2026-08-11T11:05:00Z,2026-08-11T11:03:00Z,2026-08-11T10:58:00Z,2026-08-11T12:33:06Z,74
amtrak,NER,130,2026-08-11,WAS,Washington Union Station,2026-08-11T10:20:00Z,2026-08-11T10:20:00Z,2026-08-11T10:20:00Z,2026-08-11T10:20:00Z,2026-08-11T12:33:06Z,74
amtrak,NER,141,2026-08-11,BAL,Baltimore Penn Station,2026-08-11T15:00:00Z,2026-08-11T14:58:00Z,2026-08-11T14:58:00Z,2026-08-11T14:58:00Z,2026-08-11T12:33:06Z,74
amtrak,NER,141,2026-08-11,WAS,Washington Union Station,2026-08-11T15:41:00Z,2026-08-11T15:40:00Z,2026-08-11T15:41:00Z,2026-08-11T15:40:00Z,2026-08-11T12:33:06Z,74
amtrak,NER,151,2026-08-11,BAL,Baltimore Penn Station,2026-08-11T10:10:00Z,2026-08-11T10:22:00Z,2026-08-11T10:08:00Z,2026-08-11T10:20:00Z,2026-08-11T12:33:06Z,74
amtrak,NER,151,2026-08-11,WAS,Washington Union Station,2026-08-11T11:30:00Z,2026-08-11T11:30:00Z,2026-08-11T10:58:00Z,2026-08-11T10:58:00Z,2026-08-11T12:33:06Z,74
amtrak,NER,170,2026-08-11,BAL,Baltimore Penn Station,2026-08-11T09:44:00Z,2026-08-11T09:48:00Z,2026-08-11T09:42:00Z,2026-08-11T09:46:00Z,2026-08-11T12:33:06Z,74
amtrak,NER,170,2026-08-11,WAS,Washington Union Station,2026-08-11T09:05:00Z,2026-08-11T09:05:00Z,2026-08-11T09:05:00Z,2026-08-11T09:05:00Z,2026-08-11T12:33:06Z,74
amtrak,NER,171,2026-08-11,BAL,Baltimore Penn Station,2026-08-11T19:33:00Z,2026-08-11T19:30:00Z,2026-08-11T19:30:00Z,2026-08-11T19:30:00Z,2026-08-11T12:33:06Z,74
amtrak,NER,171,2026-08-11,WAS,Washington Union Station,2026-08-11T21:00:00Z,2026-08-11T20:25:00Z,2026-08-11T20:25:00Z,2026-08-11T20:25:00Z,2026-08-11T12:33:06Z,74
amtrak,NER,172,2026-08-11,BAL,Baltimore Penn Station,2026-08-11T11:50:00Z,2026-08-11T11:54:00Z,2026-08-11T11:48:00Z,2026-08-11T11:52:00Z,2026-08-11T12:33:06Z,74
amtrak,NER,172,2026-08-11,WAS,Washington Union Station,2026-08-11T11:06:00Z,2026-08-11T11:09:00Z,2026-08-11T11:06:00Z,2026-08-11T11:09:00Z,2026-08-11T12:33:06Z,74
amtrak,NER,181,2026-08-11,BAL,Baltimore Penn Station,2026-08-11T12:22:00Z,2026-08-11T12:27:00Z,2026-08-11T12:19:00Z,2026-08-11T12:24:00Z,2026-08-11T12:33:06Z,74
amtrak,NER,181,2026-08-11,WAS,Washington Union Station,2026-08-11T13:02:00Z,2026-08-11T12:58:00Z,2026-08-11T13:02:00Z,2026-08-11T12:58:00Z,2026-08-11T12:33:06Z,74
amtrak,NER,182,2026-08-11,BAL,Baltimore Penn Station,2026-08-11T14:13:00Z,2026-08-11T14:13:00Z,2026-08-11T14:11:00Z,2026-08-11T14:11:00Z,2026-08-11T12:33:06Z,74
amtrak,NER,182,2026-08-11,WAS,Washington Union Station,2026-08-11T13:29:00Z,2026-08-11T13:29:00Z,2026-08-11T13:29:00Z,2026-08-11T13:29:00Z,2026-08-11T12:33:06Z,74
amtrak,NER,183,2026-08-11,BAL,Baltimore Penn Station,2026-08-11T14:20:00Z,2026-08-11T14:17:00Z,2026-08-11T14:17:00Z,2026-08-11T14:17:00Z,2026-08-11T12:33:06Z,74
amtrak,NER,183,2026-08-11,WAS,Washington Union Station,2026-08-11T15:04:00Z,2026-08-11T15:00:00Z,2026-08-11T15:04:00Z,2026-08-11T15:00:00Z,2026-08-11T12:33:06Z,74
amtrak,NER,185,2026-08-11,BAL,Baltimore Penn Station,2026-08-11T16:07:00Z,2026-08-11T16:07:00Z,2026-08-11T16:05:00Z,2026-08-11T16:05:00Z,2026-08-11T12:33:06Z,74
amtrak,NER,185,2026-08-11,WAS,Washington Union Station,2026-08-11T16:52:00Z,2026-08-11T16:52:00Z,2026-08-11T16:52:00Z,2026-08-11T16:47:00Z,2026-08-11T12:33:06Z,74
marc,11705,Train412,2026-08-11,11958,UNION STATION MARC Washington,2026-08-11T13:00:00Z,2026-08-11T13:01:23Z,NA,NA,2026-08-11T13:51:22Z,64
marc,11705,Train412,2026-08-11,12002,PENN STATION MARC nb,NA,NA,2026-08-11T13:56:00Z,2026-08-11T13:55:15Z,2026-08-11T13:51:22Z,64
marc,11705,Train423,2026-08-11,11980,PENN STATION MARC sb,2026-08-11T13:00:00Z,2026-08-11T13:00:00Z,NA,NA,2026-08-11T13:51:22Z,64
marc,11705,Train423,2026-08-11,11958,UNION STATION MARC Washington,NA,NA,2026-08-11T14:03:00Z,2026-08-11T14:06:59Z,2026-08-11T13:51:22Z,64
marc,11705,Train414,2026-08-11,11958,UNION STATION MARC Washington,2026-08-11T13:45:00Z,2026-08-11T13:46:23Z,NA,NA,2026-08-11T13:51:22Z,64
marc,11705,Train414,2026-08-11,12002,PENN STATION MARC nb,NA,NA,2026-08-11T14:42:00Z,2026-08-11T14:43:31Z,2026-08-11T13:51:22Z,64
marc,11705,Train525,2026-08-11,11980,PENN STATION MARC sb,2026-08-11T13:30:00Z,2026-08-11T13:34:14Z,2026-08-11T13:28:00Z,2026-08-11T13:33:05Z,2026-08-11T13:51:22Z,64
marc,11705,Train525,2026-08-11,11958,UNION STATION MARC Washington,NA,NA,2026-08-11T14:28:00Z,2026-08-11T14:34:19Z,2026-08-11T13:51:22Z,64
amtrak,NER,66,2026-08-11,BAL,Baltimore Penn Station,2026-08-11T02:51:00Z,2026-08-11T07:04:00Z,2026-08-11T02:49:00Z,2026-08-11T07:00:00Z,2026-08-11T13:51:22Z,64
amtrak,NER,66,2026-08-11,WAS,Washington Union Station,2026-08-11T02:00:00Z,2026-08-11T06:21:00Z,2026-08-11T01:28:00Z,2026-08-11T05:35:00Z,2026-08-11T13:51:22Z,64
amtrak,NER,67,2026-08-11,BAL,Baltimore Penn Station,2026-08-11T10:04:00Z,2026-08-11T10:09:00Z,2026-08-11T10:02:00Z,2026-08-11T10:05:00Z,2026-08-11T13:51:22Z,64
amtrak,NER,67,2026-08-11,WAS,Washington Union Station,2026-08-11T11:20:00Z,2026-08-11T11:34:00Z,2026-08-11T10:54:00Z,2026-08-11T10:49:00Z,2026-08-11T13:51:22Z,64
amtrak,NER,85,2026-08-11,BAL,Baltimore Penn Station,2026-08-11T21:50:00Z,2026-08-11T21:50:00Z,2026-08-11T21:47:00Z,2026-08-11T21:47:00Z,2026-08-11T13:51:22Z,64
amtrak,NER,85,2026-08-11,WAS,Washington Union Station,2026-08-11T22:39:00Z,2026-08-11T22:39:00Z,2026-08-11T22:39:00Z,2026-08-11T22:28:00Z,2026-08-11T13:51:22Z,64
amtrak,NER,86,2026-08-11,BAL,Baltimore Penn Station,2026-08-11T13:32:00Z,2026-08-11T13:33:00Z,2026-08-11T13:30:00Z,2026-08-11T13:30:00Z,2026-08-11T13:51:22Z,64
amtrak,NER,86,2026-08-11,WAS,Washington Union Station,2026-08-11T12:55:00Z,2026-08-11T12:55:00Z,2026-08-11T12:18:00Z,2026-08-11T12:21:00Z,2026-08-11T13:51:22Z,64
amtrak,NER,93,2026-08-11,BAL,Baltimore Penn Station,2026-08-11T20:39:00Z,2026-08-11T20:37:00Z,2026-08-11T20:37:00Z,2026-08-11T20:37:00Z,2026-08-11T13:51:22Z,64
amtrak,NER,93,2026-08-11,WAS,Washington Union Station,2026-08-11T22:05:00Z,2026-08-11T21:25:00Z,2026-08-11T21:25:00Z,2026-08-11T21:25:00Z,2026-08-11T13:51:22Z,64
amtrak,NER,94,2026-08-11,BAL,Baltimore Penn Station,2026-08-11T18:43:00Z,2026-08-11T18:41:00Z,2026-08-11T18:41:00Z,2026-08-11T18:41:00Z,2026-08-11T13:51:22Z,64
amtrak,NER,94,2026-08-11,WAS,Washington Union Station,2026-08-11T18:00:00Z,2026-08-11T17:23:00Z,2026-08-11T17:23:00Z,2026-08-11T17:23:00Z,2026-08-11T13:51:22Z,64
amtrak,NER,95,2026-08-11,BAL,Baltimore Penn Station,2026-08-11T17:23:00Z,2026-08-11T17:14:00Z,2026-08-11T17:14:00Z,2026-08-11T17:14:00Z,2026-08-11T13:51:22Z,64
amtrak,NER,95,2026-08-11,WAS,Washington Union Station,2026-08-11T18:35:00Z,2026-08-11T18:05:00Z,2026-08-11T18:05:00Z,2026-08-11T18:05:00Z,2026-08-11T13:51:22Z,64
amtrak,NER,112,2026-08-11,BAL,Baltimore Penn Station,2026-08-11T12:22:00Z,2026-08-11T12:22:00Z,2026-08-11T12:20:00Z,2026-08-11T12:19:00Z,2026-08-11T13:51:22Z,64
amtrak,NER,112,2026-08-11,WAS,Washington Union Station,2026-08-11T11:40:00Z,2026-08-11T11:40:00Z,2026-08-11T11:40:00Z,2026-08-11T11:40:00Z,2026-08-11T13:51:22Z,64
amtrak,NER,113,2026-08-11,BAL,Baltimore Penn Station,2026-08-11T13:07:00Z,2026-08-11T13:10:00Z,2026-08-11T13:05:00Z,2026-08-11T13:08:00Z,2026-08-11T13:51:22Z,64
amtrak,NER,113,2026-08-11,WAS,Washington Union Station,2026-08-11T13:53:00Z,2026-08-11T13:53:00Z,2026-08-11T13:53:00Z,2026-08-11T13:53:00Z,2026-08-11T13:51:22Z,64
amtrak,NER,125,2026-08-11,BAL,Baltimore Penn Station,2026-08-11T18:28:00Z,2026-08-11T18:26:00Z,2026-08-11T18:25:00Z,2026-08-11T18:26:00Z,2026-08-11T13:51:22Z,64
amtrak,NER,125,2026-08-11,WAS,Washington Union Station,2026-08-11T19:50:00Z,2026-08-11T19:11:00Z,2026-08-11T19:11:00Z,2026-08-11T19:11:00Z,2026-08-11T13:51:22Z,64
amtrak,NER,130,2026-08-11,BAL,Baltimore Penn Station,2026-08-11T11:05:00Z,2026-08-11T11:05:00Z,2026-08-11T11:03:00Z,2026-08-11T10:58:00Z,2026-08-11T13:51:22Z,64
amtrak,NER,130,2026-08-11,WAS,Washington Union Station,2026-08-11T10:20:00Z,2026-08-11T10:20:00Z,2026-08-11T10:20:00Z,2026-08-11T10:20:00Z,2026-08-11T13:51:22Z,64
amtrak,NER,141,2026-08-11,BAL,Baltimore Penn Station,2026-08-11T15:00:00Z,2026-08-11T14:58:00Z,2026-08-11T14:58:00Z,2026-08-11T14:58:00Z,2026-08-11T13:51:22Z,64
amtrak,NER,141,2026-08-11,WAS,Washington Union Station,2026-08-11T15:41:00Z,2026-08-11T15:40:00Z,2026-08-11T15:41:00Z,2026-08-11T15:40:00Z,2026-08-11T13:51:22Z,64
amtrak,NER,151,2026-08-11,BAL,Baltimore Penn Station,2026-08-11T10:10:00Z,2026-08-11T10:22:00Z,2026-08-11T10:08:00Z,2026-08-11T10:20:00Z,2026-08-11T13:51:22Z,64
amtrak,NER,151,2026-08-11,WAS,Washington Union Station,2026-08-11T11:30:00Z,2026-08-11T11:30:00Z,2026-08-11T10:58:00Z,2026-08-11T10:58:00Z,2026-08-11T13:51:22Z,64
amtrak,NER,170,2026-08-11,BAL,Baltimore Penn Station,2026-08-11T09:44:00Z,2026-08-11T09:48:00Z,2026-08-11T09:42:00Z,2026-08-11T09:46:00Z,2026-08-11T13:51:22Z,64
amtrak,NER,170,2026-08-11,WAS,Washington Union Station,2026-08-11T09:05:00Z,2026-08-11T09:05:00Z,2026-08-11T09:05:00Z,2026-08-11T09:05:00Z,2026-08-11T13:51:22Z,64
amtrak,NER,171,2026-08-11,BAL,Baltimore Penn Station,2026-08-11T19:33:00Z,2026-08-11T19:30:00Z,2026-08-11T19:30:00Z,2026-08-11T19:30:00Z,2026-08-11T13:51:22Z,64
amtrak,NER,171,2026-08-11,WAS,Washington Union Station,2026-08-11T21:00:00Z,2026-08-11T20:25:00Z,2026-08-11T20:25:00Z,2026-08-11T20:25:00Z,2026-08-11T13:51:22Z,64
amtrak,NER,172,2026-08-11,BAL,Baltimore Penn Station,2026-08-11T11:50:00Z,2026-08-11T11:54:00Z,2026-08-11T11:48:00Z,2026-08-11T11:52:00Z,2026-08-11T13:51:22Z,64
amtrak,NER,172,2026-08-11,WAS,Washington Union Station,2026-08-11T11:06:00Z,2026-08-11T11:09:00Z,2026-08-11T11:06:00Z,2026-08-11T11:09:00Z,2026-08-11T13:51:22Z,64
amtrak,NER,174,2026-08-11,BAL,Baltimore Penn Station,2026-08-11T15:18:00Z,2026-08-11T15:18:00Z,2026-08-11T15:16:00Z,2026-08-11T15:16:00Z,2026-08-11T13:51:22Z,64
amtrak,NER,174,2026-08-11,WAS,Washington Union Station,2026-08-11T14:35:00Z,2026-08-11T14:35:00Z,2026-08-11T14:35:00Z,2026-08-11T14:16:00Z,2026-08-11T13:51:22Z,64
amtrak,NER,178,2026-08-11,BAL,Baltimore Penn Station,2026-08-11T20:39:00Z,2026-08-11T20:37:00Z,2026-08-11T20:37:00Z,2026-08-11T20:37:00Z,2026-08-11T13:51:22Z,64
amtrak,NER,178,2026-08-11,WAS,Washington Union Station,2026-08-11T19:56:00Z,2026-08-11T18:55:00Z,2026-08-11T18:55:00Z,2026-08-11T18:55:00Z,2026-08-11T13:51:22Z,64
amtrak,NER,182,2026-08-11,BAL,Baltimore Penn Station,2026-08-11T14:13:00Z,2026-08-11T14:11:00Z,2026-08-11T14:11:00Z,2026-08-11T14:11:00Z,2026-08-11T13:51:22Z,64
amtrak,NER,182,2026-08-11,WAS,Washington Union Station,2026-08-11T13:29:00Z,2026-08-11T13:29:00Z,2026-08-11T13:29:00Z,2026-08-11T13:29:00Z,2026-08-11T13:51:22Z,64
amtrak,NER,183,2026-08-11,BAL,Baltimore Penn Station,2026-08-11T14:20:00Z,2026-08-11T14:25:00Z,2026-08-11T14:17:00Z,2026-08-11T14:25:00Z,2026-08-11T13:51:22Z,64
amtrak,NER,183,2026-08-11,WAS,Washington Union Station,2026-08-11T15:04:00Z,2026-08-11T15:07:00Z,2026-08-11T15:04:00Z,2026-08-11T15:07:00Z,2026-08-11T13:51:22Z,64
amtrak,NER,185,2026-08-11,BAL,Baltimore Penn Station,2026-08-11T16:07:00Z,2026-08-11T16:07:00Z,2026-08-11T16:05:00Z,2026-08-11T16:07:00Z,2026-08-11T13:51:22Z,64
amtrak,NER,185,2026-08-11,WAS,Washington Union Station,2026-08-11T16:52:00Z,2026-08-11T16:48:00Z,2026-08-11T16:52:00Z,2026-08-11T16:48:00Z,2026-08-11T13:51:22Z,64
marc,11705,Train412,2026-08-11,11958,UNION STATION MARC Washington,2026-08-11T13:00:00Z,2026-08-11T13:01:23Z,NA,NA,2026-08-11T13:54:24Z,63.9
marc,11705,Train412,2026-08-11,12002,PENN STATION MARC nb,NA,NA,2026-08-11T13:56:00Z,2026-08-11T13:55:15Z,2026-08-11T13:54:24Z,63.9
marc,11705,Train423,2026-08-11,11980,PENN STATION MARC sb,2026-08-11T13:00:00Z,2026-08-11T13:00:00Z,NA,NA,2026-08-11T13:54:24Z,63.9
marc,11705,Train423,2026-08-11,11958,UNION STATION MARC Washington,NA,NA,2026-08-11T14:03:00Z,2026-08-11T14:06:24Z,2026-08-11T13:54:24Z,63.9
marc,11705,Train414,2026-08-11,11958,UNION STATION MARC Washington,2026-08-11T13:45:00Z,2026-08-11T13:46:23Z,NA,NA,2026-08-11T13:54:24Z,63.9
marc,11705,Train414,2026-08-11,12002,PENN STATION MARC nb,NA,NA,2026-08-11T14:42:00Z,2026-08-11T14:43:39Z,2026-08-11T13:54:24Z,63.9
marc,11705,Train525,2026-08-11,11980,PENN STATION MARC sb,2026-08-11T13:30:00Z,2026-08-11T13:34:14Z,2026-08-11T13:28:00Z,2026-08-11T13:33:05Z,2026-08-11T13:54:24Z,63.9
marc,11705,Train525,2026-08-11,11958,UNION STATION MARC Washington,NA,NA,2026-08-11T14:28:00Z,2026-08-11T14:33:42Z,2026-08-11T13:54:24Z,63.9
amtrak,NER,66,2026-08-11,BAL,Baltimore Penn Station,2026-08-11T02:51:00Z,2026-08-11T07:04:00Z,2026-08-11T02:49:00Z,2026-08-11T07:00:00Z,2026-08-11T13:54:24Z,63.9
amtrak,NER,66,2026-08-11,WAS,Washington Union Station,2026-08-11T02:00:00Z,2026-08-11T06:21:00Z,2026-08-11T01:28:00Z,2026-08-11T05:35:00Z,2026-08-11T13:54:24Z,63.9
amtrak,NER,67,2026-08-11,BAL,Baltimore Penn Station,2026-08-11T10:04:00Z,2026-08-11T10:09:00Z,2026-08-11T10:02:00Z,2026-08-11T10:05:00Z,2026-08-11T13:54:24Z,63.9
amtrak,NER,67,2026-08-11,WAS,Washington Union Station,2026-08-11T11:20:00Z,2026-08-11T11:34:00Z,2026-08-11T10:54:00Z,2026-08-11T10:49:00Z,2026-08-11T13:54:24Z,63.9
amtrak,NER,85,2026-08-11,BAL,Baltimore Penn Station,2026-08-11T21:50:00Z,2026-08-11T21:50:00Z,2026-08-11T21:47:00Z,2026-08-11T21:47:00Z,2026-08-11T13:54:24Z,63.9
amtrak,NER,85,2026-08-11,WAS,Washington Union Station,2026-08-11T22:39:00Z,2026-08-11T22:39:00Z,2026-08-11T22:39:00Z,2026-08-11T22:28:00Z,2026-08-11T13:54:24Z,63.9
amtrak,NER,86,2026-08-11,BAL,Baltimore Penn Station,2026-08-11T13:32:00Z,2026-08-11T13:33:00Z,2026-08-11T13:30:00Z,2026-08-11T13:30:00Z,2026-08-11T13:54:24Z,63.9
amtrak,NER,86,2026-08-11,WAS,Washington Union Station,2026-08-11T12:55:00Z,2026-08-11T12:55:00Z,2026-08-11T12:18:00Z,2026-08-11T12:21:00Z,2026-08-11T13:54:24Z,63.9
amtrak,NER,93,2026-08-11,BAL,Baltimore Penn Station,2026-08-11T20:39:00Z,2026-08-11T20:37:00Z,2026-08-11T20:37:00Z,2026-08-11T20:37:00Z,2026-08-11T13:54:24Z,63.9
amtrak,NER,93,2026-08-11,WAS,Washington Union Station,2026-08-11T22:05:00Z,2026-08-11T21:25:00Z,2026-08-11T21:25:00Z,2026-08-11T21:25:00Z,2026-08-11T13:54:24Z,63.9
amtrak,NER,94,2026-08-11,BAL,Baltimore Penn Station,2026-08-11T18:43:00Z,2026-08-11T18:41:00Z,2026-08-11T18:41:00Z,2026-08-11T18:41:00Z,2026-08-11T13:54:24Z,63.9
amtrak,NER,94,2026-08-11,WAS,Washington Union Station,2026-08-11T18:00:00Z,2026-08-11T17:23:00Z,2026-08-11T17:23:00Z,2026-08-11T17:23:00Z,2026-08-11T13:54:24Z,63.9
amtrak,NER,95,2026-08-11,BAL,Baltimore Penn Station,2026-08-11T17:23:00Z,2026-08-11T17:14:00Z,2026-08-11T17:14:00Z,2026-08-11T17:14:00Z,2026-08-11T13:54:24Z,63.9
amtrak,NER,95,2026-08-11,WAS,Washington Union Station,2026-08-11T18:35:00Z,2026-08-11T18:05:00Z,2026-08-11T18:05:00Z,2026-08-11T18:05:00Z,2026-08-11T13:54:24Z,63.9
amtrak,NER,112,2026-08-11,BAL,Baltimore Penn Station,2026-08-11T12:22:00Z,2026-08-11T12:22:00Z,2026-08-11T12:20:00Z,2026-08-11T12:19:00Z,2026-08-11T13:54:24Z,63.9
amtrak,NER,112,2026-08-11,WAS,Washington Union Station,2026-08-11T11:40:00Z,2026-08-11T11:40:00Z,2026-08-11T11:40:00Z,2026-08-11T11:40:00Z,2026-08-11T13:54:24Z,63.9
amtrak,NER,113,2026-08-11,BAL,Baltimore Penn Station,2026-08-11T13:07:00Z,2026-08-11T13:10:00Z,2026-08-11T13:05:00Z,2026-08-11T13:08:00Z,2026-08-11T13:54:24Z,63.9
amtrak,NER,113,2026-08-11,WAS,Washington Union Station,2026-08-11T13:53:00Z,2026-08-11T13:51:00Z,2026-08-11T13:53:00Z,2026-08-11T13:51:00Z,2026-08-11T13:54:24Z,63.9
amtrak,NER,125,2026-08-11,BAL,Baltimore Penn Station,2026-08-11T18:28:00Z,2026-08-11T18:26:00Z,2026-08-11T18:25:00Z,2026-08-11T18:26:00Z,2026-08-11T13:54:24Z,63.9
amtrak,NER,125,2026-08-11,WAS,Washington Union Station,2026-08-11T19:50:00Z,2026-08-11T19:11:00Z,2026-08-11T19:11:00Z,2026-08-11T19:11:00Z,2026-08-11T13:54:24Z,63.9
amtrak,NER,130,2026-08-11,BAL,Baltimore Penn Station,2026-08-11T11:05:00Z,2026-08-11T11:05:00Z,2026-08-11T11:03:00Z,2026-08-11T10:58:00Z,2026-08-11T13:54:24Z,63.9
amtrak,NER,130,2026-08-11,WAS,Washington Union Station,2026-08-11T10:20:00Z,2026-08-11T10:20:00Z,2026-08-11T10:20:00Z,2026-08-11T10:20:00Z,2026-08-11T13:54:24Z,63.9
amtrak,NER,141,2026-08-11,BAL,Baltimore Penn Station,2026-08-11T15:00:00Z,2026-08-11T14:58:00Z,2026-08-11T14:58:00Z,2026-08-11T14:58:00Z,2026-08-11T13:54:24Z,63.9
amtrak,NER,141,2026-08-11,WAS,Washington Union Station,2026-08-11T15:41:00Z,2026-08-11T15:40:00Z,2026-08-11T15:41:00Z,2026-08-11T15:40:00Z,2026-08-11T13:54:24Z,63.9
amtrak,NER,151,2026-08-11,BAL,Baltimore Penn Station,2026-08-11T10:10:00Z,2026-08-11T10:22:00Z,2026-08-11T10:08:00Z,2026-08-11T10:20:00Z,2026-08-11T13:54:24Z,63.9
amtrak,NER,151,2026-08-11,WAS,Washington Union Station,2026-08-11T11:30:00Z,2026-08-11T11:30:00Z,2026-08-11T10:58:00Z,2026-08-11T10:58:00Z,2026-08-11T13:54:24Z,63.9
amtrak,NER,170,2026-08-11,BAL,Baltimore Penn Station,2026-08-11T09:44:00Z,2026-08-11T09:48:00Z,2026-08-11T09:42:00Z,2026-08-11T09:46:00Z,2026-08-11T13:54:24Z,63.9
amtrak,NER,170,2026-08-11,WAS,Washington Union Station,2026-08-11T09:05:00Z,2026-08-11T09:05:00Z,2026-08-11T09:05:00Z,2026-08-11T09:05:00Z,2026-08-11T13:54:24Z,63.9
amtrak,NER,171,2026-08-11,BAL,Baltimore Penn Station,2026-08-11T19:33:00Z,2026-08-11T19:30:00Z,2026-08-11T19:30:00Z,2026-08-11T19:30:00Z,2026-08-11T13:54:24Z,63.9
amtrak,NER,171,2026-08-11,WAS,Washington Union Station,2026-08-11T21:00:00Z,2026-08-11T20:25:00Z,2026-08-11T20:25:00Z,2026-08-11T20:25:00Z,2026-08-11T13:54:24Z,63.9
amtrak,NER,172,2026-08-11,BAL,Baltimore Penn Station,2026-08-11T11:50:00Z,2026-08-11T11:54:00Z,2026-08-11T11:48:00Z,2026-08-11T11:52:00Z,2026-08-11T13:54:24Z,63.9
amtrak,NER,172,2026-08-11,WAS,Washington Union Station,2026-08-11T11:06:00Z,2026-08-11T11:09:00Z,2026-08-11T11:06:00Z,2026-08-11T11:09:00Z,2026-08-11T13:54:24Z,63.9
amtrak,NER,174,2026-08-11,BAL,Baltimore Penn Station,2026-08-11T15:18:00Z,2026-08-11T15:18:00Z,2026-08-11T15:16:00Z,2026-08-11T15:16:00Z,2026-08-11T13:54:24Z,63.9
amtrak,NER,174,2026-08-11,WAS,Washington Union Station,2026-08-11T14:35:00Z,2026-08-11T14:35:00Z,2026-08-11T14:35:00Z,2026-08-11T14:16:00Z,2026-08-11T13:54:24Z,63.9
amtrak,NER,178,2026-08-11,BAL,Baltimore Penn Station,2026-08-11T20:39:00Z,2026-08-11T20:37:00Z,2026-08-11T20:37:00Z,2026-08-11T20:37:00Z,2026-08-11T13:54:24Z,63.9
amtrak,NER,178,2026-08-11,WAS,Washington Union Station,2026-08-11T19:56:00Z,2026-08-11T18:55:00Z,2026-08-11T18:55:00Z,2026-08-11T18:55:00Z,2026-08-11T13:54:24Z,63.9
amtrak,NER,182,2026-08-11,BAL,Baltimore Penn Station,2026-08-11T14:13:00Z,2026-08-11T14:11:00Z,2026-08-11T14:11:00Z,2026-08-11T14:11:00Z,2026-08-11T13:54:24Z,63.9
amtrak,NER,182,2026-08-11,WAS,Washington Union Station,2026-08-11T13:29:00Z,2026-08-11T13:29:00Z,2026-08-11T13:29:00Z,2026-08-11T13:29:00Z,2026-08-11T13:54:24Z,63.9
amtrak,NER,183,2026-08-11,BAL,Baltimore Penn Station,2026-08-11T14:20:00Z,2026-08-11T14:25:00Z,2026-08-11T14:17:00Z,2026-08-11T14:25:00Z,2026-08-11T13:54:24Z,63.9
amtrak,NER,183,2026-08-11,WAS,Washington Union Station,2026-08-11T15:04:00Z,2026-08-11T15:07:00Z,2026-08-11T15:04:00Z,2026-08-11T15:07:00Z,2026-08-11T13:54:24Z,63.9
amtrak,NER,185,2026-08-11,BAL,Baltimore Penn Station,2026-08-11T16:07:00Z,2026-08-11T16:08:00Z,2026-08-11T16:05:00Z,2026-08-11T16:08:00Z,2026-08-11T13:54:24Z,63.9
amtrak,NER,185,2026-08-11,WAS,Washington Union Station,2026-08-11T16:52:00Z,2026-08-11T16:49:00Z,2026-08-11T16:52:00Z,2026-08-11T16:49:00Z,2026-08-11T13:54:24Z,63.9
marc,11705,Train423,2026-08-11,11980,PENN STATION MARC sb,2026-08-11T13:00:00Z,2026-08-11T13:00:00Z,NA,NA,2026-08-11T13:57:26Z,61.9
marc,11705,Train423,2026-08-11,11958,UNION STATION MARC Washington,NA,NA,2026-08-11T14:03:00Z,2026-08-11T14:04:30Z,2026-08-11T13:57:26Z,61.9
marc,11705,Train414,2026-08-11,11958,UNION STATION MARC Washington,2026-08-11T13:45:00Z,2026-08-11T13:46:23Z,NA,NA,2026-08-11T13:57:26Z,61.9
marc,11705,Train414,2026-08-11,12002,PENN STATION MARC nb,NA,NA,2026-08-11T14:42:00Z,2026-08-11T14:43:14Z,2026-08-11T13:57:26Z,61.9
marc,11705,Train525,2026-08-11,11980,PENN STATION MARC sb,2026-08-11T13:30:00Z,2026-08-11T13:34:14Z,2026-08-11T13:28:00Z,2026-08-11T13:33:05Z,2026-08-11T13:57:26Z,61.9
marc,11705,Train525,2026-08-11,11958,UNION STATION MARC Washington,NA,NA,2026-08-11T14:28:00Z,2026-08-11T14:33:13Z,2026-08-11T13:57:26Z,61.9
amtrak,NER,66,2026-08-11,BAL,Baltimore Penn Station,2026-08-11T02:51:00Z,2026-08-11T07:04:00Z,2026-08-11T02:49:00Z,2026-08-11T07:00:00Z,2026-08-11T13:57:26Z,61.9
amtrak,NER,66,2026-08-11,WAS,Washington Union Station,2026-08-11T02:00:00Z,2026-08-11T06:21:00Z,2026-08-11T01:28:00Z,2026-08-11T05:35:00Z,2026-08-11T13:57:26Z,61.9
amtrak,NER,67,2026-08-11,BAL,Baltimore Penn Station,2026-08-11T10:04:00Z,2026-08-11T10:09:00Z,2026-08-11T10:02:00Z,2026-08-11T10:05:00Z,2026-08-11T13:57:26Z,61.9
amtrak,NER,67,2026-08-11,WAS,Washington Union Station,2026-08-11T11:20:00Z,2026-08-11T11:34:00Z,2026-08-11T10:54:00Z,2026-08-11T10:49:00Z,2026-08-11T13:57:26Z,61.9
amtrak,NER,85,2026-08-11,BAL,Baltimore Penn Station,2026-08-11T21:50:00Z,2026-08-11T21:50:00Z,2026-08-11T21:47:00Z,2026-08-11T21:47:00Z,2026-08-11T13:57:26Z,61.9
amtrak,NER,85,2026-08-11,WAS,Washington Union Station,2026-08-11T22:39:00Z,2026-08-11T22:39:00Z,2026-08-11T22:39:00Z,2026-08-11T22:28:00Z,2026-08-11T13:57:26Z,61.9
amtrak,NER,86,2026-08-11,BAL,Baltimore Penn Station,2026-08-11T13:32:00Z,2026-08-11T13:33:00Z,2026-08-11T13:30:00Z,2026-08-11T13:30:00Z,2026-08-11T13:57:26Z,61.9
amtrak,NER,86,2026-08-11,WAS,Washington Union Station,2026-08-11T12:55:00Z,2026-08-11T12:55:00Z,2026-08-11T12:18:00Z,2026-08-11T12:21:00Z,2026-08-11T13:57:26Z,61.9
amtrak,NER,93,2026-08-11,BAL,Baltimore Penn Station,2026-08-11T20:39:00Z,2026-08-11T20:37:00Z,2026-08-11T20:37:00Z,2026-08-11T20:37:00Z,2026-08-11T13:57:26Z,61.9
amtrak,NER,93,2026-08-11,WAS,Washington Union Station,2026-08-11T22:05:00Z,2026-08-11T21:25:00Z,2026-08-11T21:25:00Z,2026-08-11T21:25:00Z,2026-08-11T13:57:26Z,61.9
amtrak,NER,94,2026-08-11,BAL,Baltimore Penn Station,2026-08-11T18:43:00Z,2026-08-11T18:41:00Z,2026-08-11T18:41:00Z,2026-08-11T18:41:00Z,2026-08-11T13:57:26Z,61.9
amtrak,NER,94,2026-08-11,WAS,Washington Union Station,2026-08-11T18:00:00Z,2026-08-11T17:23:00Z,2026-08-11T17:23:00Z,2026-08-11T17:23:00Z,2026-08-11T13:57:26Z,61.9
amtrak,NER,95,2026-08-11,BAL,Baltimore Penn Station,2026-08-11T17:23:00Z,2026-08-11T17:14:00Z,2026-08-11T17:14:00Z,2026-08-11T17:14:00Z,2026-08-11T13:57:26Z,61.9
amtrak,NER,95,2026-08-11,WAS,Washington Union Station,2026-08-11T18:35:00Z,2026-08-11T18:05:00Z,2026-08-11T18:05:00Z,2026-08-11T18:05:00Z,2026-08-11T13:57:26Z,61.9
amtrak,NER,112,2026-08-11,BAL,Baltimore Penn Station,2026-08-11T12:22:00Z,2026-08-11T12:22:00Z,2026-08-11T12:20:00Z,2026-08-11T12:19:00Z,2026-08-11T13:57:26Z,61.9
amtrak,NER,112,2026-08-11,WAS,Washington Union Station,2026-08-11T11:40:00Z,2026-08-11T11:40:00Z,2026-08-11T11:40:00Z,2026-08-11T11:40:00Z,2026-08-11T13:57:26Z,61.9
amtrak,NER,113,2026-08-11,BAL,Baltimore Penn Station,2026-08-11T13:07:00Z,2026-08-11T13:10:00Z,2026-08-11T13:05:00Z,2026-08-11T13:08:00Z,2026-08-11T13:57:26Z,61.9
amtrak,NER,113,2026-08-11,WAS,Washington Union Station,2026-08-11T13:53:00Z,2026-08-11T13:51:00Z,2026-08-11T13:53:00Z,2026-08-11T13:51:00Z,2026-08-11T13:57:26Z,61.9
amtrak,NER,125,2026-08-11,BAL,Baltimore Penn Station,2026-08-11T18:28:00Z,2026-08-11T18:26:00Z,2026-08-11T18:25:00Z,2026-08-11T18:26:00Z,2026-08-11T13:57:26Z,61.9
amtrak,NER,125,2026-08-11,WAS,Washington Union Station,2026-08-11T19:50:00Z,2026-08-11T19:11:00Z,2026-08-11T19:11:00Z,2026-08-11T19:11:00Z,2026-08-11T13:57:26Z,61.9
amtrak,NER,130,2026-08-11,BAL,Baltimore Penn Station,2026-08-11T11:05:00Z,2026-08-11T11:05:00Z,2026-08-11T11:03:00Z,2026-08-11T10:58:00Z,2026-08-11T13:57:26Z,61.9
amtrak,NER,130,2026-08-11,WAS,Washington Union Station,2026-08-11T10:20:00Z,2026-08-11T10:20:00Z,2026-08-11T10:20:00Z,2026-08-11T10:20:00Z,2026-08-11T13:57:26Z,61.9
amtrak,NER,141,2026-08-11,BAL,Baltimore Penn Station,2026-08-11T15:00:00Z,2026-08-11T14:58:00Z,2026-08-11T14:58:00Z,2026-08-11T14:58:00Z,2026-08-11T13:57:26Z,61.9
amtrak,NER,141,2026-08-11,WAS,Washington Union Station,2026-08-11T15:41:00Z,2026-08-11T15:40:00Z,2026-08-11T15:41:00Z,2026-08-11T15:40:00Z,2026-08-11T13:57:26Z,61.9
amtrak,NER,151,2026-08-11,BAL,Baltimore Penn Station,2026-08-11T10:10:00Z,2026-08-11T10:22:00Z,2026-08-11T10:08:00Z,2026-08-11T10:20:00Z,2026-08-11T13:57:26Z,61.9
amtrak,NER,151,2026-08-11,WAS,Washington Union Station,2026-08-11T11:30:00Z,2026-08-11T11:30:00Z,2026-08-11T10:58:00Z,2026-08-11T10:58:00Z,2026-08-11T13:57:26Z,61.9
amtrak,NER,170,2026-08-11,BAL,Baltimore Penn Station,2026-08-11T09:44:00Z,2026-08-11T09:48:00Z,2026-08-11T09:42:00Z,2026-08-11T09:46:00Z,2026-08-11T13:57:26Z,61.9
amtrak,NER,170,2026-08-11,WAS,Washington Union Station,2026-08-11T09:05:00Z,2026-08-11T09:05:00Z,2026-08-11T09:05:00Z,2026-08-11T09:05:00Z,2026-08-11T13:57:26Z,61.9
amtrak,NER,171,2026-08-11,BAL,Baltimore Penn Station,2026-08-11T19:33:00Z,2026-08-11T19:30:00Z,2026-08-11T19:30:00Z,2026-08-11T19:30:00Z,2026-08-11T13:57:26Z,61.9
amtrak,NER,171,2026-08-11,WAS,Washington Union Station,2026-08-11T21:00:00Z,2026-08-11T20:25:00Z,2026-08-11T20:25:00Z,2026-08-11T20:25:00Z,2026-08-11T13:57:26Z,61.9
amtrak,NER,172,2026-08-11,BAL,Baltimore Penn Station,2026-08-11T11:50:00Z,2026-08-11T11:54:00Z,2026-08-11T11:48:00Z,2026-08-11T11:52:00Z,2026-08-11T13:57:26Z,61.9
amtrak,NER,172,2026-08-11,WAS,Washington Union Station,2026-08-11T11:06:00Z,2026-08-11T11:09:00Z,2026-08-11T11:06:00Z,2026-08-11T11:09:00Z,2026-08-11T13:57:26Z,61.9
amtrak,NER,174,2026-08-11,BAL,Baltimore Penn Station,2026-08-11T15:18:00Z,2026-08-11T15:18:00Z,2026-08-11T15:16:00Z,2026-08-11T15:16:00Z,2026-08-11T13:57:26Z,61.9
amtrak,NER,174,2026-08-11,WAS,Washington Union Station,2026-08-11T14:35:00Z,2026-08-11T14:35:00Z,2026-08-11T14:35:00Z,2026-08-11T14:16:00Z,2026-08-11T13:57:26Z,61.9
amtrak,NER,178,2026-08-11,BAL,Baltimore Penn Station,2026-08-11T20:39:00Z,2026-08-11T20:37:00Z,2026-08-11T20:37:00Z,2026-08-11T20:37:00Z,2026-08-11T13:57:26Z,61.9
amtrak,NER,178,2026-08-11,WAS,Washington Union Station,2026-08-11T19:56:00Z,2026-08-11T18:55:00Z,2026-08-11T18:55:00Z,2026-08-11T18:55:00Z,2026-08-11T13:57:26Z,61.9
amtrak,NER,182,2026-08-11,BAL,Baltimore Penn Station,2026-08-11T14:13:00Z,2026-08-11T14:11:00Z,2026-08-11T14:11:00Z,2026-08-11T14:11:00Z,2026-08-11T13:57:26Z,61.9
amtrak,NER,182,2026-08-11,WAS,Washington Union Station,2026-08-11T13:29:00Z,2026-08-11T13:29:00Z,2026-08-11T13:29:00Z,2026-08-11T13:29:00Z,2026-08-11T13:57:26Z,61.9
amtrak,NER,183,2026-08-11,BAL,Baltimore Penn Station,2026-08-11T14:20:00Z,2026-08-11T14:25:00Z,2026-08-11T14:17:00Z,2026-08-11T14:25:00Z,2026-08-11T13:57:26Z,61.9
amtrak,NER,183,2026-08-11,WAS,Washington Union Station,2026-08-11T15:04:00Z,2026-08-11T15:07:00Z,2026-08-11T15:04:00Z,2026-08-11T15:07:00Z,2026-08-11T13:57:26Z,61.9
amtrak,NER,185,2026-08-11,BAL,Baltimore Penn Station,2026-08-11T16:07:00Z,2026-08-11T16:09:00Z,2026-08-11T16:05:00Z,2026-08-11T16:09:00Z,2026-08-11T13:57:26Z,61.9
amtrak,NER,185,2026-08-11,WAS,Washington Union Station,2026-08-11T16:52:00Z,2026-08-11T16:50:00Z,2026-08-11T16:52:00Z,2026-08-11T16:50:00Z,2026-08-11T13:57:26Z,61.9
marc,11705,Train426,2026-08-11,11958,UNION STATION MARC Washington,2026-08-11T19:00:00Z,2026-08-11T19:17:02Z,NA,NA,2026-08-11T20:04:50Z,107
marc,11705,Train426,2026-08-11,12002,PENN STATION MARC nb,NA,NA,2026-08-11T20:00:00Z,2026-08-11T20:00:00Z,2026-08-11T20:04:50Z,107
marc,11705,Train428,2026-08-11,11958,UNION STATION MARC Washington,2026-08-11T19:40:00Z,2026-08-11T19:41:05Z,NA,NA,2026-08-11T20:04:50Z,107
marc,11705,Train428,2026-08-11,12002,PENN STATION MARC nb,NA,NA,2026-08-11T20:40:00Z,2026-08-11T20:41:46Z,2026-08-11T20:04:50Z,107
marc,11705,Train439,2026-08-11,11980,PENN STATION MARC sb,2026-08-11T19:45:00Z,2026-08-11T19:45:00Z,NA,NA,2026-08-11T20:04:50Z,107
marc,11705,Train439,2026-08-11,11958,UNION STATION MARC Washington,NA,NA,2026-08-11T20:45:00Z,2026-08-11T20:46:33Z,2026-08-11T20:04:50Z,107
marc,11705,Train537,2026-08-11,11980,PENN STATION MARC sb,2026-08-11T19:28:00Z,2026-08-11T19:23:40Z,2026-08-11T19:18:30Z,2026-08-11T19:23:40Z,2026-08-11T20:04:50Z,107
marc,11705,Train537,2026-08-11,11958,UNION STATION MARC Washington,NA,NA,2026-08-11T20:17:00Z,2026-08-11T20:12:42Z,2026-08-11T20:04:50Z,107
marc,11705,Train641,2026-08-11,11980,PENN STATION MARC sb,2026-08-11T20:08:00Z,2026-08-11T20:08:00Z,2026-08-11T20:07:00Z,2026-08-11T20:00:37Z,2026-08-11T20:04:50Z,107
marc,11705,Train641,2026-08-11,11958,UNION STATION MARC Washington,NA,NA,2026-08-11T21:01:00Z,2026-08-11T21:01:00Z,2026-08-11T20:04:50Z,107
amtrak,NER,66,2026-08-11,BAL,Baltimore Penn Station,2026-08-12T02:51:00Z,2026-08-12T02:51:00Z,2026-08-12T02:49:00Z,2026-08-12T02:49:00Z,2026-08-11T20:04:50Z,107
amtrak,NER,66,2026-08-11,WAS,Washington Union Station,2026-08-12T02:00:00Z,2026-08-12T02:00:00Z,2026-08-12T01:28:00Z,2026-08-12T01:28:00Z,2026-08-11T20:04:50Z,107
amtrak,NER,85,2026-08-11,BAL,Baltimore Penn Station,2026-08-11T21:50:00Z,2026-08-11T21:47:00Z,2026-08-11T21:47:00Z,2026-08-11T21:47:00Z,2026-08-11T20:04:50Z,107
amtrak,NER,85,2026-08-11,WAS,Washington Union Station,2026-08-11T22:39:00Z,2026-08-11T22:28:00Z,2026-08-11T22:39:00Z,2026-08-11T22:28:00Z,2026-08-11T20:04:50Z,107
amtrak,NER,93,2026-08-11,BAL,Baltimore Penn Station,2026-08-11T20:39:00Z,2026-08-11T20:56:00Z,2026-08-11T20:37:00Z,2026-08-11T20:56:00Z,2026-08-11T20:04:50Z,107
amtrak,NER,93,2026-08-11,WAS,Washington Union Station,2026-08-11T22:05:00Z,2026-08-11T21:38:00Z,2026-08-11T21:25:00Z,2026-08-11T21:38:00Z,2026-08-11T20:04:50Z,107
amtrak,NER,94,2026-08-11,BAL,Baltimore Penn Station,2026-08-11T18:43:00Z,2026-08-11T18:48:00Z,2026-08-11T18:41:00Z,2026-08-11T18:46:00Z,2026-08-11T20:04:50Z,107
amtrak,NER,94,2026-08-11,WAS,Washington Union Station,2026-08-11T18:00:00Z,2026-08-11T17:26:00Z,2026-08-11T17:23:00Z,2026-08-11T17:26:00Z,2026-08-11T20:04:50Z,107
amtrak,NER,95,2026-08-11,BAL,Baltimore Penn Station,2026-08-11T17:23:00Z,2026-08-11T17:34:00Z,2026-08-11T17:14:00Z,2026-08-11T17:10:00Z,2026-08-11T20:04:50Z,107
amtrak,NER,95,2026-08-11,WAS,Washington Union Station,2026-08-11T18:35:00Z,2026-08-11T18:59:00Z,2026-08-11T18:05:00Z,2026-08-11T18:20:00Z,2026-08-11T20:04:50Z,107
amtrak,NER,125,2026-08-11,BAL,Baltimore Penn Station,2026-08-11T18:28:00Z,2026-08-11T18:31:00Z,2026-08-11T18:25:00Z,2026-08-11T18:27:00Z,2026-08-11T20:04:50Z,107
amtrak,NER,125,2026-08-11,WAS,Washington Union Station,2026-08-11T19:50:00Z,2026-08-11T19:50:00Z,2026-08-11T19:11:00Z,2026-08-11T19:10:00Z,2026-08-11T20:04:50Z,107
amtrak,NER,129,2026-08-11,BAL,Baltimore Penn Station,2026-08-11T23:18:00Z,2026-08-11T23:18:00Z,2026-08-11T23:12:00Z,2026-08-11T23:12:00Z,2026-08-11T20:04:50Z,107
amtrak,NER,129,2026-08-11,WAS,Washington Union Station,2026-08-12T00:01:00Z,2026-08-12T00:01:00Z,2026-08-12T00:01:00Z,2026-08-11T23:55:00Z,2026-08-11T20:04:50Z,107
amtrak,NER,131,2026-08-11,BAL,Baltimore Penn Station,2026-08-11T19:00:00Z,2026-08-11T19:00:00Z,2026-08-11T18:58:00Z,2026-08-11T18:54:00Z,2026-08-11T20:04:50Z,107
amtrak,NER,131,2026-08-11,WAS,Washington Union Station,2026-08-11T19:48:00Z,2026-08-11T19:48:00Z,2026-08-11T19:48:00Z,2026-08-11T19:48:00Z,2026-08-11T20:04:50Z,107
amtrak,NER,136,2026-08-11,BAL,Baltimore Penn Station,2026-08-11T21:43:00Z,2026-08-11T21:43:00Z,2026-08-11T21:41:00Z,2026-08-11T21:41:00Z,2026-08-11T20:04:50Z,107
amtrak,NER,136,2026-08-11,WAS,Washington Union Station,2026-08-11T21:00:00Z,2026-08-11T21:00:00Z,2026-08-11T21:00:00Z,2026-08-11T21:00:00Z,2026-08-11T20:04:50Z,107
amtrak,NER,137,2026-08-11,BAL,Baltimore Penn Station,2026-08-12T01:07:00Z,2026-08-12T01:05:00Z,2026-08-12T01:05:00Z,2026-08-12T01:05:00Z,2026-08-11T20:04:50Z,107
amtrak,NER,137,2026-08-11,WAS,Washington Union Station,2026-08-12T01:55:00Z,2026-08-12T01:44:00Z,2026-08-12T01:55:00Z,2026-08-12T01:44:00Z,2026-08-11T20:04:50Z,107
amtrak,NER,138,2026-08-11,BAL,Baltimore Penn Station,2026-08-11T23:18:00Z,2026-08-11T23:16:00Z,2026-08-11T23:16:00Z,2026-08-11T23:16:00Z,2026-08-11T20:04:50Z,107
amtrak,NER,138,2026-08-11,WAS,Washington Union Station,2026-08-11T22:35:00Z,2026-08-11T21:42:00Z,2026-08-11T21:42:00Z,2026-08-11T21:42:00Z,2026-08-11T20:04:50Z,107
amtrak,NER,148,2026-08-11,BAL,Baltimore Penn Station,2026-08-11T19:38:00Z,2026-08-11T19:39:00Z,2026-08-11T19:36:00Z,2026-08-11T19:36:00Z,2026-08-11T20:04:50Z,107
amtrak,NER,148,2026-08-11,WAS,Washington Union Station,2026-08-11T18:55:00Z,NA,2026-08-11T18:55:00Z,NA,2026-08-11T20:04:50Z,107
amtrak,NER,171,2026-08-11,BAL,Baltimore Penn Station,2026-08-11T19:33:00Z,2026-08-11T19:35:00Z,2026-08-11T19:30:00Z,2026-08-11T19:32:00Z,2026-08-11T20:04:50Z,107
amtrak,NER,171,2026-08-11,WAS,Washington Union Station,2026-08-11T21:00:00Z,2026-08-11T20:25:00Z,2026-08-11T20:25:00Z,2026-08-11T20:25:00Z,2026-08-11T20:04:50Z,107
amtrak,NER,173,2026-08-11,BAL,Baltimore Penn Station,2026-08-11T22:49:00Z,2026-08-11T22:46:00Z,2026-08-11T22:46:00Z,2026-08-11T22:46:00Z,2026-08-11T20:04:50Z,107
amtrak,NER,173,2026-08-11,WAS,Washington Union Station,2026-08-11T23:38:00Z,2026-08-11T23:25:00Z,2026-08-11T23:38:00Z,2026-08-11T23:25:00Z,2026-08-11T20:04:50Z,107
amtrak,NER,174,2026-08-11,BAL,Baltimore Penn Station,2026-08-11T15:18:00Z,2026-08-11T15:26:00Z,2026-08-11T15:16:00Z,2026-08-11T15:21:00Z,2026-08-11T20:04:50Z,107
amtrak,NER,174,2026-08-11,WAS,Washington Union Station,2026-08-11T14:35:00Z,2026-08-11T14:35:00Z,2026-08-11T14:35:00Z,2026-08-11T14:35:00Z,2026-08-11T20:04:50Z,107
amtrak,NER,175,2026-08-11,BAL,Baltimore Penn Station,2026-08-12T02:38:00Z,2026-08-12T02:35:00Z,2026-08-12T02:35:00Z,2026-08-12T02:35:00Z,2026-08-11T20:04:50Z,107
amtrak,NER,175,2026-08-11,WAS,Washington Union Station,2026-08-12T03:19:00Z,2026-08-12T03:15:00Z,2026-08-12T03:19:00Z,2026-08-12T03:15:00Z,2026-08-11T20:04:50Z,107
amtrak,NER,176,2026-08-11,BAL,Baltimore Penn Station,2026-08-11T20:08:00Z,2026-08-11T20:12:00Z,2026-08-11T20:06:00Z,2026-08-11T20:12:00Z,2026-08-11T20:04:50Z,107
amtrak,NER,176,2026-08-11,WAS,Washington Union Station,2026-08-11T19:30:00Z,2026-08-11T19:36:00Z,2026-08-11T19:30:00Z,2026-08-11T19:36:00Z,2026-08-11T20:04:50Z,107
amtrak,NER,178,2026-08-11,BAL,Baltimore Penn Station,2026-08-11T20:39:00Z,2026-08-11T20:37:00Z,2026-08-11T20:37:00Z,2026-08-11T20:37:00Z,2026-08-11T20:04:50Z,107
amtrak,NER,178,2026-08-11,WAS,Washington Union Station,2026-08-11T19:56:00Z,2026-08-11T19:56:00Z,2026-08-11T18:55:00Z,2026-08-11T18:58:00Z,2026-08-11T20:04:50Z,107
amtrak,NER,182,2026-08-11,BAL,Baltimore Penn Station,2026-08-11T14:13:00Z,2026-08-11T14:16:00Z,2026-08-11T14:11:00Z,2026-08-11T14:10:00Z,2026-08-11T20:04:50Z,107
amtrak,NER,182,2026-08-11,WAS,Washington Union Station,2026-08-11T13:29:00Z,2026-08-11T13:29:00Z,2026-08-11T13:29:00Z,2026-08-11T13:29:00Z,2026-08-11T20:04:50Z,107
amtrak,NER,184,2026-08-11,BAL,Baltimore Penn Station,2026-08-11T17:54:00Z,2026-08-11T17:55:00Z,2026-08-11T17:52:00Z,2026-08-11T17:51:00Z,2026-08-11T20:04:50Z,107
amtrak,NER,184,2026-08-11,WAS,Washington Union Station,2026-08-11T17:20:00Z,2026-08-11T17:20:00Z,2026-08-11T17:20:00Z,2026-08-11T17:20:00Z,2026-08-11T20:04:50Z,107
amtrak,NER,186,2026-08-11,BAL,Baltimore Penn Station,2026-08-12T01:14:00Z,2026-08-12T01:12:00Z,2026-08-12T01:12:00Z,2026-08-12T01:12:00Z,2026-08-11T20:04:50Z,107
amtrak,NER,186,2026-08-11,WAS,Washington Union Station,2026-08-12T00:30:00Z,2026-08-11T23:55:00Z,2026-08-11T23:55:00Z,2026-08-11T23:55:00Z,2026-08-11T20:04:50Z,107
amtrak,NER,845,2026-08-11,BAL,Baltimore Penn Station,2026-08-11T19:10:00Z,2026-08-11T19:39:00Z,2026-08-11T19:08:00Z,2026-08-11T19:22:00Z,2026-08-11T20:04:50Z,107
amtrak,NER,845,2026-08-11,WAS,Washington Union Station,2026-08-11T19:58:00Z,2026-08-11T20:08:00Z,2026-08-11T19:58:00Z,2026-08-11T20:08:00Z,2026-08-11T20:04:50Z,107
marc,11705,Train426,2026-08-11,11958,UNION STATION MARC Washington,2026-08-11T19:00:00Z,2026-08-11T19:17:02Z,NA,NA,2026-08-11T20:07:52Z,105
marc,11705,Train426,2026-08-11,12002,PENN STATION MARC nb,NA,NA,2026-08-11T20:00:00Z,2026-08-11T20:00:00Z,2026-08-11T20:07:52Z,105
marc,11705,Train428,2026-08-11,11958,UNION STATION MARC Washington,2026-08-11T19:40:00Z,2026-08-11T19:41:05Z,NA,NA,2026-08-11T20:07:52Z,105
marc,11705,Train428,2026-08-11,12002,PENN STATION MARC nb,NA,NA,2026-08-11T20:40:00Z,2026-08-11T20:41:44Z,2026-08-11T20:07:52Z,105
marc,11705,Train439,2026-08-11,11980,PENN STATION MARC sb,2026-08-11T19:45:00Z,2026-08-11T19:45:00Z,NA,NA,2026-08-11T20:07:52Z,105
marc,11705,Train439,2026-08-11,11958,UNION STATION MARC Washington,NA,NA,2026-08-11T20:45:00Z,2026-08-11T20:46:09Z,2026-08-11T20:07:52Z,105
marc,11705,Train537,2026-08-11,11980,PENN STATION MARC sb,2026-08-11T19:28:00Z,2026-08-11T19:23:40Z,2026-08-11T19:18:30Z,2026-08-11T19:23:40Z,2026-08-11T20:07:52Z,105
marc,11705,Train537,2026-08-11,11958,UNION STATION MARC Washington,NA,NA,2026-08-11T20:17:00Z,2026-08-11T20:13:32Z,2026-08-11T20:07:52Z,105
marc,11705,Train641,2026-08-11,11980,PENN STATION MARC sb,2026-08-11T20:08:00Z,2026-08-11T20:08:00Z,2026-08-11T20:07:00Z,2026-08-11T20:05:56Z,2026-08-11T20:07:52Z,105
marc,11705,Train641,2026-08-11,11958,UNION STATION MARC Washington,NA,NA,2026-08-11T21:01:00Z,2026-08-11T21:01:00Z,2026-08-11T20:07:52Z,105
amtrak,NER,66,2026-08-11,BAL,Baltimore Penn Station,2026-08-12T02:51:00Z,2026-08-12T02:51:00Z,2026-08-12T02:49:00Z,2026-08-12T02:49:00Z,2026-08-11T20:07:52Z,105
amtrak,NER,66,2026-08-11,WAS,Washington Union Station,2026-08-12T02:00:00Z,2026-08-12T02:00:00Z,2026-08-12T01:28:00Z,2026-08-12T01:28:00Z,2026-08-11T20:07:52Z,105
amtrak,NER,85,2026-08-11,BAL,Baltimore Penn Station,2026-08-11T21:50:00Z,2026-08-11T21:47:00Z,2026-08-11T21:47:00Z,2026-08-11T21:47:00Z,2026-08-11T20:07:52Z,105
amtrak,NER,85,2026-08-11,WAS,Washington Union Station,2026-08-11T22:39:00Z,2026-08-11T22:28:00Z,2026-08-11T22:39:00Z,2026-08-11T22:28:00Z,2026-08-11T20:07:52Z,105
amtrak,NER,93,2026-08-11,BAL,Baltimore Penn Station,2026-08-11T20:39:00Z,2026-08-11T20:56:00Z,2026-08-11T20:37:00Z,2026-08-11T20:56:00Z,2026-08-11T20:07:52Z,105
amtrak,NER,93,2026-08-11,WAS,Washington Union Station,2026-08-11T22:05:00Z,2026-08-11T21:38:00Z,2026-08-11T21:25:00Z,2026-08-11T21:38:00Z,2026-08-11T20:07:52Z,105
amtrak,NER,94,2026-08-11,BAL,Baltimore Penn Station,2026-08-11T18:43:00Z,2026-08-11T18:48:00Z,2026-08-11T18:41:00Z,2026-08-11T18:46:00Z,2026-08-11T20:07:52Z,105
amtrak,NER,94,2026-08-11,WAS,Washington Union Station,2026-08-11T18:00:00Z,2026-08-11T17:26:00Z,2026-08-11T17:23:00Z,2026-08-11T17:26:00Z,2026-08-11T20:07:52Z,105
amtrak,NER,95,2026-08-11,BAL,Baltimore Penn Station,2026-08-11T17:23:00Z,2026-08-11T17:34:00Z,2026-08-11T17:14:00Z,2026-08-11T17:10:00Z,2026-08-11T20:07:52Z,105
amtrak,NER,95,2026-08-11,WAS,Washington Union Station,2026-08-11T18:35:00Z,2026-08-11T18:59:00Z,2026-08-11T18:05:00Z,2026-08-11T18:20:00Z,2026-08-11T20:07:52Z,105
amtrak,NER,125,2026-08-11,BAL,Baltimore Penn Station,2026-08-11T18:28:00Z,2026-08-11T18:31:00Z,2026-08-11T18:25:00Z,2026-08-11T18:27:00Z,2026-08-11T20:07:52Z,105
amtrak,NER,125,2026-08-11,WAS,Washington Union Station,2026-08-11T19:50:00Z,2026-08-11T19:50:00Z,2026-08-11T19:11:00Z,2026-08-11T19:10:00Z,2026-08-11T20:07:52Z,105
amtrak,NER,129,2026-08-11,BAL,Baltimore Penn Station,2026-08-11T23:18:00Z,2026-08-11T23:18:00Z,2026-08-11T23:12:00Z,2026-08-11T23:12:00Z,2026-08-11T20:07:52Z,105
amtrak,NER,129,2026-08-11,WAS,Washington Union Station,2026-08-12T00:01:00Z,2026-08-12T00:01:00Z,2026-08-12T00:01:00Z,2026-08-11T23:55:00Z,2026-08-11T20:07:52Z,105
amtrak,NER,131,2026-08-11,BAL,Baltimore Penn Station,2026-08-11T19:00:00Z,2026-08-11T19:00:00Z,2026-08-11T18:58:00Z,2026-08-11T18:54:00Z,2026-08-11T20:07:52Z,105
amtrak,NER,131,2026-08-11,WAS,Washington Union Station,2026-08-11T19:48:00Z,2026-08-11T19:48:00Z,2026-08-11T19:48:00Z,2026-08-11T19:48:00Z,2026-08-11T20:07:52Z,105
amtrak,NER,136,2026-08-11,BAL,Baltimore Penn Station,2026-08-11T21:43:00Z,2026-08-11T21:43:00Z,2026-08-11T21:41:00Z,2026-08-11T21:41:00Z,2026-08-11T20:07:52Z,105
amtrak,NER,136,2026-08-11,WAS,Washington Union Station,2026-08-11T21:00:00Z,2026-08-11T21:00:00Z,2026-08-11T21:00:00Z,2026-08-11T21:00:00Z,2026-08-11T20:07:52Z,105
amtrak,NER,137,2026-08-11,BAL,Baltimore Penn Station,2026-08-12T01:07:00Z,2026-08-12T01:05:00Z,2026-08-12T01:05:00Z,2026-08-12T01:05:00Z,2026-08-11T20:07:52Z,105
amtrak,NER,137,2026-08-11,WAS,Washington Union Station,2026-08-12T01:55:00Z,2026-08-12T01:44:00Z,2026-08-12T01:55:00Z,2026-08-12T01:44:00Z,2026-08-11T20:07:52Z,105
amtrak,NER,138,2026-08-11,BAL,Baltimore Penn Station,2026-08-11T23:18:00Z,2026-08-11T23:16:00Z,2026-08-11T23:16:00Z,2026-08-11T23:16:00Z,2026-08-11T20:07:52Z,105
amtrak,NER,138,2026-08-11,WAS,Washington Union Station,2026-08-11T22:35:00Z,2026-08-11T21:42:00Z,2026-08-11T21:42:00Z,2026-08-11T21:42:00Z,2026-08-11T20:07:52Z,105
amtrak,NER,148,2026-08-11,BAL,Baltimore Penn Station,2026-08-11T19:38:00Z,2026-08-11T19:39:00Z,2026-08-11T19:36:00Z,2026-08-11T19:36:00Z,2026-08-11T20:07:52Z,105
amtrak,NER,148,2026-08-11,WAS,Washington Union Station,2026-08-11T18:55:00Z,NA,2026-08-11T18:55:00Z,NA,2026-08-11T20:07:52Z,105
amtrak,NER,171,2026-08-11,BAL,Baltimore Penn Station,2026-08-11T19:33:00Z,2026-08-11T19:35:00Z,2026-08-11T19:30:00Z,2026-08-11T19:32:00Z,2026-08-11T20:07:52Z,105
amtrak,NER,171,2026-08-11,WAS,Washington Union Station,2026-08-11T21:00:00Z,2026-08-11T20:25:00Z,2026-08-11T20:25:00Z,2026-08-11T20:25:00Z,2026-08-11T20:07:52Z,105
amtrak,NER,173,2026-08-11,BAL,Baltimore Penn Station,2026-08-11T22:49:00Z,2026-08-11T22:46:00Z,2026-08-11T22:46:00Z,2026-08-11T22:46:00Z,2026-08-11T20:07:52Z,105
amtrak,NER,173,2026-08-11,WAS,Washington Union Station,2026-08-11T23:38:00Z,2026-08-11T23:25:00Z,2026-08-11T23:38:00Z,2026-08-11T23:25:00Z,2026-08-11T20:07:52Z,105
amtrak,NER,174,2026-08-11,BAL,Baltimore Penn Station,2026-08-11T15:18:00Z,2026-08-11T15:26:00Z,2026-08-11T15:16:00Z,2026-08-11T15:21:00Z,2026-08-11T20:07:52Z,105
amtrak,NER,174,2026-08-11,WAS,Washington Union Station,2026-08-11T14:35:00Z,2026-08-11T14:35:00Z,2026-08-11T14:35:00Z,2026-08-11T14:35:00Z,2026-08-11T20:07:52Z,105
amtrak,NER,175,2026-08-11,BAL,Baltimore Penn Station,2026-08-12T02:38:00Z,2026-08-12T02:35:00Z,2026-08-12T02:35:00Z,2026-08-12T02:35:00Z,2026-08-11T20:07:52Z,105
amtrak,NER,175,2026-08-11,WAS,Washington Union Station,2026-08-12T03:19:00Z,2026-08-12T03:15:00Z,2026-08-12T03:19:00Z,2026-08-12T03:15:00Z,2026-08-11T20:07:52Z,105
amtrak,NER,176,2026-08-11,BAL,Baltimore Penn Station,2026-08-11T20:08:00Z,2026-08-11T20:12:00Z,2026-08-11T20:06:00Z,2026-08-11T20:12:00Z,2026-08-11T20:07:52Z,105
amtrak,NER,176,2026-08-11,WAS,Washington Union Station,2026-08-11T19:30:00Z,2026-08-11T19:36:00Z,2026-08-11T19:30:00Z,2026-08-11T19:36:00Z,2026-08-11T20:07:52Z,105
amtrak,NER,178,2026-08-11,BAL,Baltimore Penn Station,2026-08-11T20:39:00Z,2026-08-11T20:37:00Z,2026-08-11T20:37:00Z,2026-08-11T20:37:00Z,2026-08-11T20:07:52Z,105
amtrak,NER,178,2026-08-11,WAS,Washington Union Station,2026-08-11T19:56:00Z,2026-08-11T19:56:00Z,2026-08-11T18:55:00Z,2026-08-11T18:58:00Z,2026-08-11T20:07:52Z,105
amtrak,NER,182,2026-08-11,BAL,Baltimore Penn Station,2026-08-11T14:13:00Z,2026-08-11T14:16:00Z,2026-08-11T14:11:00Z,2026-08-11T14:10:00Z,2026-08-11T20:07:52Z,105
amtrak,NER,182,2026-08-11,WAS,Washington Union Station,2026-08-11T13:29:00Z,2026-08-11T13:29:00Z,2026-08-11T13:29:00Z,2026-08-11T13:29:00Z,2026-08-11T20:07:52Z,105
amtrak,NER,184,2026-08-11,BAL,Baltimore Penn Station,2026-08-11T17:54:00Z,2026-08-11T17:55:00Z,2026-08-11T17:52:00Z,2026-08-11T17:51:00Z,2026-08-11T20:07:52Z,105
amtrak,NER,184,2026-08-11,WAS,Washington Union Station,2026-08-11T17:20:00Z,2026-08-11T17:20:00Z,2026-08-11T17:20:00Z,2026-08-11T17:20:00Z,2026-08-11T20:07:52Z,105
amtrak,NER,186,2026-08-11,BAL,Baltimore Penn Station,2026-08-12T01:14:00Z,2026-08-12T01:12:00Z,2026-08-12T01:12:00Z,2026-08-12T01:12:00Z,2026-08-11T20:07:52Z,105
amtrak,NER,186,2026-08-11,WAS,Washington Union Station,2026-08-12T00:30:00Z,2026-08-11T23:58:00Z,2026-08-11T23:55:00Z,2026-08-11T23:58:00Z,2026-08-11T20:07:52Z,105
amtrak,NER,845,2026-08-11,BAL,Baltimore Penn Station,2026-08-11T19:10:00Z,2026-08-11T19:39:00Z,2026-08-11T19:08:00Z,2026-08-11T19:22:00Z,2026-08-11T20:07:52Z,105
amtrak,NER,845,2026-08-11,WAS,Washington Union Station,2026-08-11T19:58:00Z,2026-08-11T20:08:00Z,2026-08-11T19:58:00Z,2026-08-11T20:08:00Z,2026-08-11T20:07:52Z,105
marc,11705,Train426,2026-08-11,11958,UNION STATION MARC Washington,2026-08-11T19:00:00Z,2026-08-11T19:17:02Z,NA,NA,2026-08-11T20:10:54Z,105.4
marc,11705,Train426,2026-08-11,12002,PENN STATION MARC nb,NA,NA,2026-08-11T20:00:00Z,2026-08-11T20:00:00Z,2026-08-11T20:10:54Z,105.4
marc,11705,Train428,2026-08-11,11958,UNION STATION MARC Washington,2026-08-11T19:40:00Z,2026-08-11T19:41:05Z,NA,NA,2026-08-11T20:10:54Z,105.4
marc,11705,Train428,2026-08-11,12002,PENN STATION MARC nb,NA,NA,2026-08-11T20:40:00Z,2026-08-11T20:41:11Z,2026-08-11T20:10:54Z,105.4
marc,11705,Train439,2026-08-11,11980,PENN STATION MARC sb,2026-08-11T19:45:00Z,2026-08-11T19:45:00Z,NA,NA,2026-08-11T20:10:54Z,105.4
marc,11705,Train439,2026-08-11,11958,UNION STATION MARC Washington,NA,NA,2026-08-11T20:45:00Z,2026-08-11T20:46:40Z,2026-08-11T20:10:54Z,105.4
marc,11705,Train537,2026-08-11,11980,PENN STATION MARC sb,2026-08-11T19:28:00Z,2026-08-11T19:23:40Z,2026-08-11T19:18:30Z,2026-08-11T19:23:40Z,2026-08-11T20:10:54Z,105.4
marc,11705,Train537,2026-08-11,11958,UNION STATION MARC Washington,NA,NA,2026-08-11T20:17:00Z,2026-08-11T20:16:31Z,2026-08-11T20:10:54Z,105.4
marc,11705,Train641,2026-08-11,11980,PENN STATION MARC sb,2026-08-11T20:08:00Z,2026-08-11T20:08:00Z,2026-08-11T20:07:00Z,2026-08-11T20:05:56Z,2026-08-11T20:10:54Z,105.4
marc,11705,Train641,2026-08-11,11958,UNION STATION MARC Washington,NA,NA,2026-08-11T21:01:00Z,2026-08-11T21:01:22Z,2026-08-11T20:10:54Z,105.4
amtrak,NER,66,2026-08-11,BAL,Baltimore Penn Station,2026-08-12T02:51:00Z,2026-08-12T02:51:00Z,2026-08-12T02:49:00Z,2026-08-12T02:49:00Z,2026-08-11T20:10:54Z,105.4
amtrak,NER,66,2026-08-11,WAS,Washington Union Station,2026-08-12T02:00:00Z,2026-08-12T02:00:00Z,2026-08-12T01:28:00Z,2026-08-12T01:28:00Z,2026-08-11T20:10:54Z,105.4
amtrak,NER,85,2026-08-11,BAL,Baltimore Penn Station,2026-08-11T21:50:00Z,2026-08-11T21:47:00Z,2026-08-11T21:47:00Z,2026-08-11T21:47:00Z,2026-08-11T20:10:54Z,105.4
amtrak,NER,85,2026-08-11,WAS,Washington Union Station,2026-08-11T22:39:00Z,2026-08-11T22:28:00Z,2026-08-11T22:39:00Z,2026-08-11T22:28:00Z,2026-08-11T20:10:54Z,105.4
amtrak,NER,93,2026-08-11,BAL,Baltimore Penn Station,2026-08-11T20:39:00Z,2026-08-11T20:56:00Z,2026-08-11T20:37:00Z,2026-08-11T20:56:00Z,2026-08-11T20:10:54Z,105.4
amtrak,NER,93,2026-08-11,WAS,Washington Union Station,2026-08-11T22:05:00Z,2026-08-11T21:38:00Z,2026-08-11T21:25:00Z,2026-08-11T21:38:00Z,2026-08-11T20:10:54Z,105.4
amtrak,NER,94,2026-08-11,BAL,Baltimore Penn Station,2026-08-11T18:43:00Z,2026-08-11T18:48:00Z,2026-08-11T18:41:00Z,2026-08-11T18:46:00Z,2026-08-11T20:10:54Z,105.4
amtrak,NER,94,2026-08-11,WAS,Washington Union Station,2026-08-11T18:00:00Z,2026-08-11T17:26:00Z,2026-08-11T17:23:00Z,2026-08-11T17:26:00Z,2026-08-11T20:10:54Z,105.4
amtrak,NER,95,2026-08-11,BAL,Baltimore Penn Station,2026-08-11T17:23:00Z,2026-08-11T17:34:00Z,2026-08-11T17:14:00Z,2026-08-11T17:10:00Z,2026-08-11T20:10:54Z,105.4
amtrak,NER,95,2026-08-11,WAS,Washington Union Station,2026-08-11T18:35:00Z,2026-08-11T18:59:00Z,2026-08-11T18:05:00Z,2026-08-11T18:20:00Z,2026-08-11T20:10:54Z,105.4
amtrak,NER,125,2026-08-11,BAL,Baltimore Penn Station,2026-08-11T18:28:00Z,2026-08-11T18:31:00Z,2026-08-11T18:25:00Z,2026-08-11T18:27:00Z,2026-08-11T20:10:54Z,105.4
amtrak,NER,125,2026-08-11,WAS,Washington Union Station,2026-08-11T19:50:00Z,2026-08-11T19:50:00Z,2026-08-11T19:11:00Z,2026-08-11T19:10:00Z,2026-08-11T20:10:54Z,105.4
amtrak,NER,129,2026-08-11,BAL,Baltimore Penn Station,2026-08-11T23:18:00Z,2026-08-11T23:18:00Z,2026-08-11T23:12:00Z,2026-08-11T23:12:00Z,2026-08-11T20:10:54Z,105.4
amtrak,NER,129,2026-08-11,WAS,Washington Union Station,2026-08-12T00:01:00Z,2026-08-12T00:01:00Z,2026-08-12T00:01:00Z,2026-08-11T23:55:00Z,2026-08-11T20:10:54Z,105.4
amtrak,NER,136,2026-08-11,BAL,Baltimore Penn Station,2026-08-11T21:43:00Z,2026-08-11T21:43:00Z,2026-08-11T21:41:00Z,2026-08-11T21:41:00Z,2026-08-11T20:10:54Z,105.4
amtrak,NER,136,2026-08-11,WAS,Washington Union Station,2026-08-11T21:00:00Z,2026-08-11T21:00:00Z,2026-08-11T21:00:00Z,2026-08-11T21:00:00Z,2026-08-11T20:10:54Z,105.4
amtrak,NER,137,2026-08-11,BAL,Baltimore Penn Station,2026-08-12T01:07:00Z,2026-08-12T01:05:00Z,2026-08-12T01:05:00Z,2026-08-12T01:05:00Z,2026-08-11T20:10:54Z,105.4
amtrak,NER,137,2026-08-11,WAS,Washington Union Station,2026-08-12T01:55:00Z,2026-08-12T01:44:00Z,2026-08-12T01:55:00Z,2026-08-12T01:44:00Z,2026-08-11T20:10:54Z,105.4
amtrak,NER,138,2026-08-11,BAL,Baltimore Penn Station,2026-08-11T23:18:00Z,2026-08-11T23:16:00Z,2026-08-11T23:16:00Z,2026-08-11T23:16:00Z,2026-08-11T20:10:54Z,105.4
amtrak,NER,138,2026-08-11,WAS,Washington Union Station,2026-08-11T22:35:00Z,2026-08-11T21:42:00Z,2026-08-11T21:42:00Z,2026-08-11T21:42:00Z,2026-08-11T20:10:54Z,105.4
amtrak,NER,148,2026-08-11,BAL,Baltimore Penn Station,2026-08-11T19:38:00Z,2026-08-11T19:39:00Z,2026-08-11T19:36:00Z,2026-08-11T19:36:00Z,2026-08-11T20:10:54Z,105.4
amtrak,NER,148,2026-08-11,WAS,Washington Union Station,2026-08-11T18:55:00Z,NA,2026-08-11T18:55:00Z,NA,2026-08-11T20:10:54Z,105.4
amtrak,NER,171,2026-08-11,BAL,Baltimore Penn Station,2026-08-11T19:33:00Z,2026-08-11T19:35:00Z,2026-08-11T19:30:00Z,2026-08-11T19:32:00Z,2026-08-11T20:10:54Z,105.4
amtrak,NER,171,2026-08-11,WAS,Washington Union Station,2026-08-11T21:00:00Z,2026-08-11T20:16:00Z,2026-08-11T20:25:00Z,2026-08-11T20:16:00Z,2026-08-11T20:10:54Z,105.4
amtrak,NER,173,2026-08-11,BAL,Baltimore Penn Station,2026-08-11T22:49:00Z,2026-08-11T22:46:00Z,2026-08-11T22:46:00Z,2026-08-11T22:46:00Z,2026-08-11T20:10:54Z,105.4
amtrak,NER,173,2026-08-11,WAS,Washington Union Station,2026-08-11T23:38:00Z,2026-08-11T23:25:00Z,2026-08-11T23:38:00Z,2026-08-11T23:25:00Z,2026-08-11T20:10:54Z,105.4
amtrak,NER,174,2026-08-11,BAL,Baltimore Penn Station,2026-08-11T15:18:00Z,2026-08-11T15:26:00Z,2026-08-11T15:16:00Z,2026-08-11T15:21:00Z,2026-08-11T20:10:54Z,105.4
amtrak,NER,174,2026-08-11,WAS,Washington Union Station,2026-08-11T14:35:00Z,2026-08-11T14:35:00Z,2026-08-11T14:35:00Z,2026-08-11T14:35:00Z,2026-08-11T20:10:54Z,105.4
amtrak,NER,175,2026-08-11,BAL,Baltimore Penn Station,2026-08-12T02:38:00Z,2026-08-12T02:35:00Z,2026-08-12T02:35:00Z,2026-08-12T02:35:00Z,2026-08-11T20:10:54Z,105.4
amtrak,NER,175,2026-08-11,WAS,Washington Union Station,2026-08-12T03:19:00Z,2026-08-12T03:15:00Z,2026-08-12T03:19:00Z,2026-08-12T03:15:00Z,2026-08-11T20:10:54Z,105.4
amtrak,NER,176,2026-08-11,BAL,Baltimore Penn Station,2026-08-11T20:08:00Z,2026-08-11T20:17:00Z,2026-08-11T20:06:00Z,2026-08-11T20:17:00Z,2026-08-11T20:10:54Z,105.4
amtrak,NER,176,2026-08-11,WAS,Washington Union Station,2026-08-11T19:30:00Z,2026-08-11T19:36:00Z,2026-08-11T19:30:00Z,2026-08-11T19:36:00Z,2026-08-11T20:10:54Z,105.4
amtrak,NER,178,2026-08-11,BAL,Baltimore Penn Station,2026-08-11T20:39:00Z,2026-08-11T20:37:00Z,2026-08-11T20:37:00Z,2026-08-11T20:37:00Z,2026-08-11T20:10:54Z,105.4
amtrak,NER,178,2026-08-11,WAS,Washington Union Station,2026-08-11T19:56:00Z,2026-08-11T19:56:00Z,2026-08-11T18:55:00Z,2026-08-11T18:58:00Z,2026-08-11T20:10:54Z,105.4
amtrak,NER,182,2026-08-11,BAL,Baltimore Penn Station,2026-08-11T14:13:00Z,2026-08-11T14:16:00Z,2026-08-11T14:11:00Z,2026-08-11T14:10:00Z,2026-08-11T20:10:54Z,105.4
amtrak,NER,182,2026-08-11,WAS,Washington Union Station,2026-08-11T13:29:00Z,2026-08-11T13:29:00Z,2026-08-11T13:29:00Z,2026-08-11T13:29:00Z,2026-08-11T20:10:54Z,105.4
amtrak,NER,184,2026-08-11,BAL,Baltimore Penn Station,2026-08-11T17:54:00Z,2026-08-11T17:55:00Z,2026-08-11T17:52:00Z,2026-08-11T17:51:00Z,2026-08-11T20:10:54Z,105.4
amtrak,NER,184,2026-08-11,WAS,Washington Union Station,2026-08-11T17:20:00Z,2026-08-11T17:20:00Z,2026-08-11T17:20:00Z,2026-08-11T17:20:00Z,2026-08-11T20:10:54Z,105.4
amtrak,NER,186,2026-08-11,BAL,Baltimore Penn Station,2026-08-12T01:14:00Z,2026-08-12T01:12:00Z,2026-08-12T01:12:00Z,2026-08-12T01:12:00Z,2026-08-11T20:10:54Z,105.4
amtrak,NER,186,2026-08-11,WAS,Washington Union Station,2026-08-12T00:30:00Z,2026-08-11T23:59:00Z,2026-08-11T23:55:00Z,2026-08-11T23:59:00Z,2026-08-11T20:10:54Z,105.4
amtrak,NER,845,2026-08-11,BAL,Baltimore Penn Station,2026-08-11T19:10:00Z,2026-08-11T19:39:00Z,2026-08-11T19:08:00Z,2026-08-11T19:22:00Z,2026-08-11T20:10:54Z,105.4
amtrak,NER,845,2026-08-11,WAS,Washington Union Station,2026-08-11T19:58:00Z,2026-08-11T20:08:00Z,2026-08-11T19:58:00Z,2026-08-11T20:08:00Z,2026-08-11T20:10:54Z,105.4
marc,11705,Train439,2026-08-11,11980,PENN STATION MARC sb,2026-08-11T19:45:00Z,2026-08-11T19:45:00Z,NA,NA,2026-08-11T20:50:56Z,100.1
marc,11705,Train439,2026-08-11,11958,UNION STATION MARC Washington,NA,NA,2026-08-11T20:45:00Z,2026-08-11T20:57:31Z,2026-08-11T20:50:56Z,100.1
marc,11705,Train430,2026-08-11,11958,UNION STATION MARC Washington,2026-08-11T20:30:00Z,2026-08-11T20:35:11Z,NA,NA,2026-08-11T20:50:56Z,100.1
marc,11705,Train430,2026-08-11,12002,PENN STATION MARC nb,NA,NA,2026-08-11T21:29:00Z,2026-08-11T21:29:00Z,2026-08-11T20:50:56Z,100.1
marc,11705,Train532,2026-08-11,11958,UNION STATION MARC Washington,2026-08-11T20:10:00Z,2026-08-11T20:11:20Z,NA,NA,2026-08-11T20:50:56Z,100.1
marc,11705,Train532,2026-08-11,12002,PENN STATION MARC nb,2026-08-11T21:01:00Z,2026-08-11T21:01:00Z,2026-08-11T21:00:30Z,2026-08-11T20:54:50Z,2026-08-11T20:50:56Z,100.1
marc,11705,Train634,2026-08-11,11958,UNION STATION MARC Washington,2026-08-11T20:45:00Z,2026-08-11T20:47:45Z,NA,NA,2026-08-11T20:50:56Z,100.1
marc,11705,Train634,2026-08-11,12002,PENN STATION MARC nb,2026-08-11T21:36:00Z,2026-08-11T21:39:09Z,2026-08-11T21:34:50Z,2026-08-11T21:37:59Z,2026-08-11T20:50:56Z,100.1
marc,11705,Train641,2026-08-11,11980,PENN STATION MARC sb,2026-08-11T20:08:00Z,2026-08-11T20:07:44Z,2026-08-11T20:07:00Z,2026-08-11T20:05:56Z,2026-08-11T20:50:56Z,100.1
marc,11705,Train641,2026-08-11,11958,UNION STATION MARC Washington,NA,NA,2026-08-11T21:01:00Z,2026-08-11T21:03:15Z,2026-08-11T20:50:56Z,100.1
amtrak,NER,66,2026-08-11,BAL,Baltimore Penn Station,2026-08-12T02:51:00Z,2026-08-12T02:49:00Z,2026-08-12T02:49:00Z,2026-08-12T02:49:00Z,2026-08-11T20:50:56Z,100.1
amtrak,NER,66,2026-08-11,WAS,Washington Union Station,2026-08-12T02:00:00Z,2026-08-12T01:28:00Z,2026-08-12T01:28:00Z,2026-08-12T01:28:00Z,2026-08-11T20:50:56Z,100.1
amtrak,NER,85,2026-08-11,BAL,Baltimore Penn Station,2026-08-11T21:50:00Z,2026-08-11T21:47:00Z,2026-08-11T21:47:00Z,2026-08-11T21:47:00Z,2026-08-11T20:50:56Z,100.1
amtrak,NER,85,2026-08-11,WAS,Washington Union Station,2026-08-11T22:39:00Z,2026-08-11T22:28:00Z,2026-08-11T22:39:00Z,2026-08-11T22:28:00Z,2026-08-11T20:50:56Z,100.1
amtrak,NER,93,2026-08-11,BAL,Baltimore Penn Station,2026-08-11T20:39:00Z,2026-08-11T20:56:00Z,2026-08-11T20:37:00Z,2026-08-11T20:56:00Z,2026-08-11T20:50:56Z,100.1
amtrak,NER,93,2026-08-11,WAS,Washington Union Station,2026-08-11T22:05:00Z,2026-08-11T21:38:00Z,2026-08-11T21:25:00Z,2026-08-11T21:38:00Z,2026-08-11T20:50:56Z,100.1
amtrak,NER,94,2026-08-11,BAL,Baltimore Penn Station,2026-08-11T18:43:00Z,2026-08-11T18:48:00Z,2026-08-11T18:41:00Z,2026-08-11T18:46:00Z,2026-08-11T20:50:56Z,100.1
amtrak,NER,94,2026-08-11,WAS,Washington Union Station,2026-08-11T18:00:00Z,2026-08-11T17:26:00Z,2026-08-11T17:23:00Z,2026-08-11T17:26:00Z,2026-08-11T20:50:56Z,100.1
amtrak,NER,95,2026-08-11,BAL,Baltimore Penn Station,2026-08-11T17:23:00Z,2026-08-11T17:34:00Z,2026-08-11T17:14:00Z,2026-08-11T17:10:00Z,2026-08-11T20:50:56Z,100.1
amtrak,NER,95,2026-08-11,WAS,Washington Union Station,2026-08-11T18:35:00Z,2026-08-11T18:59:00Z,2026-08-11T18:05:00Z,2026-08-11T18:20:00Z,2026-08-11T20:50:56Z,100.1
amtrak,NER,125,2026-08-11,BAL,Baltimore Penn Station,2026-08-11T18:28:00Z,2026-08-11T18:31:00Z,2026-08-11T18:25:00Z,2026-08-11T18:27:00Z,2026-08-11T20:50:56Z,100.1
amtrak,NER,125,2026-08-11,WAS,Washington Union Station,2026-08-11T19:50:00Z,2026-08-11T20:12:00Z,2026-08-11T19:11:00Z,2026-08-11T19:10:00Z,2026-08-11T20:50:56Z,100.1
amtrak,NER,129,2026-08-11,BAL,Baltimore Penn Station,2026-08-11T23:18:00Z,2026-08-11T23:12:00Z,2026-08-11T23:12:00Z,2026-08-11T23:12:00Z,2026-08-11T20:50:56Z,100.1
amtrak,NER,129,2026-08-11,WAS,Washington Union Station,2026-08-12T00:01:00Z,2026-08-11T23:55:00Z,2026-08-12T00:01:00Z,2026-08-11T23:55:00Z,2026-08-11T20:50:56Z,100.1
amtrak,NER,136,2026-08-11,BAL,Baltimore Penn Station,2026-08-11T21:43:00Z,2026-08-11T21:43:00Z,2026-08-11T21:41:00Z,2026-08-11T21:41:00Z,2026-08-11T20:50:56Z,100.1
amtrak,NER,136,2026-08-11,WAS,Washington Union Station,2026-08-11T21:00:00Z,2026-08-11T21:00:00Z,2026-08-11T21:00:00Z,2026-08-11T21:00:00Z,2026-08-11T20:50:56Z,100.1
amtrak,NER,137,2026-08-11,BAL,Baltimore Penn Station,2026-08-12T01:07:00Z,2026-08-12T01:05:00Z,2026-08-12T01:05:00Z,2026-08-12T01:05:00Z,2026-08-11T20:50:56Z,100.1
amtrak,NER,137,2026-08-11,WAS,Washington Union Station,2026-08-12T01:55:00Z,2026-08-12T01:44:00Z,2026-08-12T01:55:00Z,2026-08-12T01:44:00Z,2026-08-11T20:50:56Z,100.1
amtrak,NER,138,2026-08-11,BAL,Baltimore Penn Station,2026-08-11T23:18:00Z,2026-08-11T23:16:00Z,2026-08-11T23:16:00Z,2026-08-11T23:16:00Z,2026-08-11T20:50:56Z,100.1
amtrak,NER,138,2026-08-11,WAS,Washington Union Station,2026-08-11T22:35:00Z,2026-08-11T21:42:00Z,2026-08-11T21:42:00Z,2026-08-11T21:42:00Z,2026-08-11T20:50:56Z,100.1
amtrak,NER,148,2026-08-11,BAL,Baltimore Penn Station,2026-08-11T19:38:00Z,2026-08-11T19:39:00Z,2026-08-11T19:36:00Z,2026-08-11T19:36:00Z,2026-08-11T20:50:56Z,100.1
amtrak,NER,148,2026-08-11,WAS,Washington Union Station,2026-08-11T18:55:00Z,NA,2026-08-11T18:55:00Z,NA,2026-08-11T20:50:56Z,100.1
amtrak,NER,171,2026-08-11,BAL,Baltimore Penn Station,2026-08-11T19:33:00Z,2026-08-11T19:35:00Z,2026-08-11T19:30:00Z,2026-08-11T19:32:00Z,2026-08-11T20:50:56Z,100.1
amtrak,NER,171,2026-08-11,WAS,Washington Union Station,2026-08-11T21:00:00Z,2026-08-11T21:00:00Z,2026-08-11T20:25:00Z,2026-08-11T20:23:00Z,2026-08-11T20:50:56Z,100.1
amtrak,NER,173,2026-08-11,BAL,Baltimore Penn Station,2026-08-11T22:49:00Z,2026-08-11T22:46:00Z,2026-08-11T22:46:00Z,2026-08-11T22:46:00Z,2026-08-11T20:50:56Z,100.1
amtrak,NER,173,2026-08-11,WAS,Washington Union Station,2026-08-11T23:38:00Z,2026-08-11T23:25:00Z,2026-08-11T23:38:00Z,2026-08-11T23:25:00Z,2026-08-11T20:50:56Z,100.1
amtrak,NER,174,2026-08-11,BAL,Baltimore Penn Station,2026-08-11T15:18:00Z,2026-08-11T15:26:00Z,2026-08-11T15:16:00Z,2026-08-11T15:21:00Z,2026-08-11T20:50:56Z,100.1
amtrak,NER,174,2026-08-11,WAS,Washington Union Station,2026-08-11T14:35:00Z,2026-08-11T14:35:00Z,2026-08-11T14:35:00Z,2026-08-11T14:35:00Z,2026-08-11T20:50:56Z,100.1
amtrak,NER,175,2026-08-11,BAL,Baltimore Penn Station,2026-08-12T02:38:00Z,2026-08-12T02:35:00Z,2026-08-12T02:35:00Z,2026-08-12T02:35:00Z,2026-08-11T20:50:56Z,100.1
amtrak,NER,175,2026-08-11,WAS,Washington Union Station,2026-08-12T03:19:00Z,2026-08-12T03:15:00Z,2026-08-12T03:19:00Z,2026-08-12T03:15:00Z,2026-08-11T20:50:56Z,100.1
amtrak,NER,176,2026-08-11,BAL,Baltimore Penn Station,2026-08-11T20:08:00Z,2026-08-11T20:23:00Z,2026-08-11T20:06:00Z,2026-08-11T20:19:00Z,2026-08-11T20:50:56Z,100.1
amtrak,NER,176,2026-08-11,WAS,Washington Union Station,2026-08-11T19:30:00Z,2026-08-11T19:36:00Z,2026-08-11T19:30:00Z,2026-08-11T19:36:00Z,2026-08-11T20:50:56Z,100.1
amtrak,NER,178,2026-08-11,BAL,Baltimore Penn Station,2026-08-11T20:39:00Z,2026-08-11T20:48:00Z,2026-08-11T20:37:00Z,2026-08-11T20:45:00Z,2026-08-11T20:50:56Z,100.1
amtrak,NER,178,2026-08-11,WAS,Washington Union Station,2026-08-11T19:56:00Z,2026-08-11T19:56:00Z,2026-08-11T18:55:00Z,2026-08-11T18:58:00Z,2026-08-11T20:50:56Z,100.1
amtrak,NER,182,2026-08-11,BAL,Baltimore Penn Station,2026-08-11T14:13:00Z,2026-08-11T14:16:00Z,2026-08-11T14:11:00Z,2026-08-11T14:10:00Z,2026-08-11T20:50:56Z,100.1
amtrak,NER,182,2026-08-11,WAS,Washington Union Station,2026-08-11T13:29:00Z,2026-08-11T13:29:00Z,2026-08-11T13:29:00Z,2026-08-11T13:29:00Z,2026-08-11T20:50:56Z,100.1
amtrak,NER,184,2026-08-11,BAL,Baltimore Penn Station,2026-08-11T17:54:00Z,2026-08-11T17:55:00Z,2026-08-11T17:52:00Z,2026-08-11T17:51:00Z,2026-08-11T20:50:56Z,100.1
amtrak,NER,184,2026-08-11,WAS,Washington Union Station,2026-08-11T17:20:00Z,2026-08-11T17:20:00Z,2026-08-11T17:20:00Z,2026-08-11T17:20:00Z,2026-08-11T20:50:56Z,100.1
amtrak,NER,186,2026-08-11,BAL,Baltimore Penn Station,2026-08-12T01:14:00Z,2026-08-12T01:12:00Z,2026-08-12T01:12:00Z,2026-08-12T01:12:00Z,2026-08-11T20:50:56Z,100.1
amtrak,NER,186,2026-08-11,WAS,Washington Union Station,2026-08-12T00:30:00Z,2026-08-12T00:03:00Z,2026-08-11T23:55:00Z,2026-08-12T00:03:00Z,2026-08-11T20:50:56Z,100.1
marc,11705,Train439,2026-08-11,11980,PENN STATION MARC sb,2026-08-11T19:45:00Z,2026-08-11T19:45:00Z,NA,NA,2026-08-11T20:53:58Z,98.2
marc,11705,Train439,2026-08-11,11958,UNION STATION MARC Washington,NA,NA,2026-08-11T20:45:00Z,2026-08-11T20:58:26Z,2026-08-11T20:53:58Z,98.2
marc,11705,Train443,2026-08-11,11958,UNION STATION MARC Washington,NA,NA,2026-08-11T21:51:00Z,2026-08-11T21:51:00Z,2026-08-11T20:53:58Z,98.2
marc,11705,Train430,2026-08-11,11958,UNION STATION MARC Washington,2026-08-11T20:30:00Z,2026-08-11T20:35:11Z,NA,NA,2026-08-11T20:53:58Z,98.2
marc,11705,Train430,2026-08-11,12002,PENN STATION MARC nb,NA,NA,2026-08-11T21:29:00Z,2026-08-11T21:29:00Z,2026-08-11T20:53:58Z,98.2
marc,11705,Train532,2026-08-11,11958,UNION STATION MARC Washington,2026-08-11T20:10:00Z,2026-08-11T20:11:20Z,NA,NA,2026-08-11T20:53:58Z,98.2
marc,11705,Train532,2026-08-11,12002,PENN STATION MARC nb,2026-08-11T21:01:00Z,2026-08-11T21:01:00Z,2026-08-11T21:00:30Z,2026-08-11T20:54:59Z,2026-08-11T20:53:58Z,98.2
marc,11705,Train634,2026-08-11,11958,UNION STATION MARC Washington,2026-08-11T20:45:00Z,2026-08-11T20:47:45Z,NA,NA,2026-08-11T20:53:58Z,98.2
marc,11705,Train634,2026-08-11,12002,PENN STATION MARC nb,2026-08-11T21:36:00Z,2026-08-11T21:39:00Z,2026-08-11T21:34:50Z,2026-08-11T21:37:50Z,2026-08-11T20:53:58Z,98.2
marc,11705,Train641,2026-08-11,11980,PENN STATION MARC sb,2026-08-11T20:08:00Z,2026-08-11T20:07:44Z,2026-08-11T20:07:00Z,2026-08-11T20:05:56Z,2026-08-11T20:53:58Z,98.2
marc,11705,Train641,2026-08-11,11958,UNION STATION MARC Washington,NA,NA,2026-08-11T21:01:00Z,2026-08-11T21:04:20Z,2026-08-11T20:53:58Z,98.2
amtrak,NER,66,2026-08-11,BAL,Baltimore Penn Station,2026-08-12T02:51:00Z,2026-08-12T02:49:00Z,2026-08-12T02:49:00Z,2026-08-12T02:49:00Z,2026-08-11T20:53:58Z,98.2
amtrak,NER,66,2026-08-11,WAS,Washington Union Station,2026-08-12T02:00:00Z,2026-08-12T01:28:00Z,2026-08-12T01:28:00Z,2026-08-12T01:28:00Z,2026-08-11T20:53:58Z,98.2
amtrak,NER,85,2026-08-11,BAL,Baltimore Penn Station,2026-08-11T21:50:00Z,2026-08-11T21:47:00Z,2026-08-11T21:47:00Z,2026-08-11T21:47:00Z,2026-08-11T20:53:58Z,98.2
amtrak,NER,85,2026-08-11,WAS,Washington Union Station,2026-08-11T22:39:00Z,2026-08-11T22:28:00Z,2026-08-11T22:39:00Z,2026-08-11T22:28:00Z,2026-08-11T20:53:58Z,98.2
amtrak,NER,93,2026-08-11,BAL,Baltimore Penn Station,2026-08-11T20:39:00Z,2026-08-11T20:56:00Z,2026-08-11T20:37:00Z,2026-08-11T20:56:00Z,2026-08-11T20:53:58Z,98.2
amtrak,NER,93,2026-08-11,WAS,Washington Union Station,2026-08-11T22:05:00Z,2026-08-11T21:38:00Z,2026-08-11T21:25:00Z,2026-08-11T21:38:00Z,2026-08-11T20:53:58Z,98.2
amtrak,NER,94,2026-08-11,BAL,Baltimore Penn Station,2026-08-11T18:43:00Z,2026-08-11T18:48:00Z,2026-08-11T18:41:00Z,2026-08-11T18:46:00Z,2026-08-11T20:53:58Z,98.2
amtrak,NER,94,2026-08-11,WAS,Washington Union Station,2026-08-11T18:00:00Z,2026-08-11T17:26:00Z,2026-08-11T17:23:00Z,2026-08-11T17:26:00Z,2026-08-11T20:53:58Z,98.2
amtrak,NER,95,2026-08-11,BAL,Baltimore Penn Station,2026-08-11T17:23:00Z,2026-08-11T17:34:00Z,2026-08-11T17:14:00Z,2026-08-11T17:10:00Z,2026-08-11T20:53:58Z,98.2
amtrak,NER,95,2026-08-11,WAS,Washington Union Station,2026-08-11T18:35:00Z,2026-08-11T18:59:00Z,2026-08-11T18:05:00Z,2026-08-11T18:20:00Z,2026-08-11T20:53:58Z,98.2
amtrak,NER,125,2026-08-11,BAL,Baltimore Penn Station,2026-08-11T18:28:00Z,2026-08-11T18:31:00Z,2026-08-11T18:25:00Z,2026-08-11T18:27:00Z,2026-08-11T20:53:58Z,98.2
amtrak,NER,125,2026-08-11,WAS,Washington Union Station,2026-08-11T19:50:00Z,2026-08-11T20:12:00Z,2026-08-11T19:11:00Z,2026-08-11T19:10:00Z,2026-08-11T20:53:58Z,98.2
amtrak,NER,129,2026-08-11,BAL,Baltimore Penn Station,2026-08-11T23:18:00Z,2026-08-11T23:12:00Z,2026-08-11T23:12:00Z,2026-08-11T23:12:00Z,2026-08-11T20:53:58Z,98.2
amtrak,NER,129,2026-08-11,WAS,Washington Union Station,2026-08-12T00:01:00Z,2026-08-11T23:55:00Z,2026-08-12T00:01:00Z,2026-08-11T23:55:00Z,2026-08-11T20:53:58Z,98.2
amtrak,NER,136,2026-08-11,BAL,Baltimore Penn Station,2026-08-11T21:43:00Z,2026-08-11T21:43:00Z,2026-08-11T21:41:00Z,2026-08-11T21:41:00Z,2026-08-11T20:53:58Z,98.2
amtrak,NER,136,2026-08-11,WAS,Washington Union Station,2026-08-11T21:00:00Z,2026-08-11T21:00:00Z,2026-08-11T21:00:00Z,2026-08-11T21:00:00Z,2026-08-11T20:53:58Z,98.2
amtrak,NER,137,2026-08-11,BAL,Baltimore Penn Station,2026-08-12T01:07:00Z,2026-08-12T01:05:00Z,2026-08-12T01:05:00Z,2026-08-12T01:05:00Z,2026-08-11T20:53:58Z,98.2
amtrak,NER,137,2026-08-11,WAS,Washington Union Station,2026-08-12T01:55:00Z,2026-08-12T01:44:00Z,2026-08-12T01:55:00Z,2026-08-12T01:44:00Z,2026-08-11T20:53:58Z,98.2
amtrak,NER,138,2026-08-11,BAL,Baltimore Penn Station,2026-08-11T23:18:00Z,2026-08-11T23:16:00Z,2026-08-11T23:16:00Z,2026-08-11T23:16:00Z,2026-08-11T20:53:58Z,98.2
amtrak,NER,138,2026-08-11,WAS,Washington Union Station,2026-08-11T22:35:00Z,2026-08-11T21:42:00Z,2026-08-11T21:42:00Z,2026-08-11T21:42:00Z,2026-08-11T20:53:58Z,98.2
amtrak,NER,148,2026-08-11,BAL,Baltimore Penn Station,2026-08-11T19:38:00Z,2026-08-11T19:39:00Z,2026-08-11T19:36:00Z,2026-08-11T19:36:00Z,2026-08-11T20:53:58Z,98.2
amtrak,NER,148,2026-08-11,WAS,Washington Union Station,2026-08-11T18:55:00Z,NA,2026-08-11T18:55:00Z,NA,2026-08-11T20:53:58Z,98.2
amtrak,NER,171,2026-08-11,BAL,Baltimore Penn Station,2026-08-11T19:33:00Z,2026-08-11T19:35:00Z,2026-08-11T19:30:00Z,2026-08-11T19:32:00Z,2026-08-11T20:53:58Z,98.2
amtrak,NER,171,2026-08-11,WAS,Washington Union Station,2026-08-11T21:00:00Z,2026-08-11T21:00:00Z,2026-08-11T20:25:00Z,2026-08-11T20:23:00Z,2026-08-11T20:53:58Z,98.2
amtrak,NER,173,2026-08-11,BAL,Baltimore Penn Station,2026-08-11T22:49:00Z,2026-08-11T22:46:00Z,2026-08-11T22:46:00Z,2026-08-11T22:46:00Z,2026-08-11T20:53:58Z,98.2
amtrak,NER,173,2026-08-11,WAS,Washington Union Station,2026-08-11T23:38:00Z,2026-08-11T23:25:00Z,2026-08-11T23:38:00Z,2026-08-11T23:25:00Z,2026-08-11T20:53:58Z,98.2
amtrak,NER,174,2026-08-11,BAL,Baltimore Penn Station,2026-08-11T15:18:00Z,2026-08-11T15:26:00Z,2026-08-11T15:16:00Z,2026-08-11T15:21:00Z,2026-08-11T20:53:58Z,98.2
amtrak,NER,174,2026-08-11,WAS,Washington Union Station,2026-08-11T14:35:00Z,2026-08-11T14:35:00Z,2026-08-11T14:35:00Z,2026-08-11T14:35:00Z,2026-08-11T20:53:58Z,98.2
amtrak,NER,175,2026-08-11,BAL,Baltimore Penn Station,2026-08-12T02:38:00Z,2026-08-12T02:35:00Z,2026-08-12T02:35:00Z,2026-08-12T02:35:00Z,2026-08-11T20:53:58Z,98.2
amtrak,NER,175,2026-08-11,WAS,Washington Union Station,2026-08-12T03:19:00Z,2026-08-12T03:15:00Z,2026-08-12T03:19:00Z,2026-08-12T03:15:00Z,2026-08-11T20:53:58Z,98.2
amtrak,NER,176,2026-08-11,BAL,Baltimore Penn Station,2026-08-11T20:08:00Z,2026-08-11T20:23:00Z,2026-08-11T20:06:00Z,2026-08-11T20:19:00Z,2026-08-11T20:53:58Z,98.2
amtrak,NER,176,2026-08-11,WAS,Washington Union Station,2026-08-11T19:30:00Z,2026-08-11T19:36:00Z,2026-08-11T19:30:00Z,2026-08-11T19:36:00Z,2026-08-11T20:53:58Z,98.2
amtrak,NER,178,2026-08-11,BAL,Baltimore Penn Station,2026-08-11T20:39:00Z,2026-08-11T20:50:00Z,2026-08-11T20:37:00Z,2026-08-11T20:45:00Z,2026-08-11T20:53:58Z,98.2
amtrak,NER,178,2026-08-11,WAS,Washington Union Station,2026-08-11T19:56:00Z,2026-08-11T19:56:00Z,2026-08-11T18:55:00Z,2026-08-11T18:58:00Z,2026-08-11T20:53:58Z,98.2
amtrak,NER,182,2026-08-11,BAL,Baltimore Penn Station,2026-08-11T14:13:00Z,2026-08-11T14:16:00Z,2026-08-11T14:11:00Z,2026-08-11T14:10:00Z,2026-08-11T20:53:58Z,98.2
amtrak,NER,182,2026-08-11,WAS,Washington Union Station,2026-08-11T13:29:00Z,2026-08-11T13:29:00Z,2026-08-11T13:29:00Z,2026-08-11T13:29:00Z,2026-08-11T20:53:58Z,98.2
amtrak,NER,184,2026-08-11,BAL,Baltimore Penn Station,2026-08-11T17:54:00Z,2026-08-11T17:55:00Z,2026-08-11T17:52:00Z,2026-08-11T17:51:00Z,2026-08-11T20:53:58Z,98.2
amtrak,NER,184,2026-08-11,WAS,Washington Union Station,2026-08-11T17:20:00Z,2026-08-11T17:20:00Z,2026-08-11T17:20:00Z,2026-08-11T17:20:00Z,2026-08-11T20:53:58Z,98.2
amtrak,NER,186,2026-08-11,BAL,Baltimore Penn Station,2026-08-12T01:14:00Z,2026-08-12T01:12:00Z,2026-08-12T01:12:00Z,2026-08-12T01:12:00Z,2026-08-11T20:53:58Z,98.2
amtrak,NER,186,2026-08-11,WAS,Washington Union Station,2026-08-12T00:30:00Z,2026-08-12T00:03:00Z,2026-08-11T23:55:00Z,2026-08-12T00:03:00Z,2026-08-11T20:53:58Z,98.2
marc,11705,Train443,2026-08-11,11958,UNION STATION MARC Washington,NA,NA,2026-08-11T21:51:00Z,2026-08-11T21:51:00Z,2026-08-11T20:56:59Z,97.5
marc,11705,Train430,2026-08-11,11958,UNION STATION MARC Washington,2026-08-11T20:30:00Z,2026-08-11T20:35:11Z,NA,NA,2026-08-11T20:56:59Z,97.5
marc,11705,Train430,2026-08-11,12002,PENN STATION MARC nb,NA,NA,2026-08-11T21:29:00Z,2026-08-11T21:29:00Z,2026-08-11T20:56:59Z,97.5
marc,11705,Train532,2026-08-11,11958,UNION STATION MARC Washington,2026-08-11T20:10:00Z,2026-08-11T20:11:20Z,NA,NA,2026-08-11T20:56:59Z,97.5
marc,11705,Train532,2026-08-11,12002,PENN STATION MARC nb,2026-08-11T21:01:00Z,2026-08-11T21:01:00Z,2026-08-11T21:00:30Z,2026-08-11T20:54:59Z,2026-08-11T20:56:59Z,97.5
marc,11705,Train634,2026-08-11,11958,UNION STATION MARC Washington,2026-08-11T20:45:00Z,2026-08-11T20:47:45Z,NA,NA,2026-08-11T20:56:59Z,97.5
marc,11705,Train634,2026-08-11,12002,PENN STATION MARC nb,2026-08-11T21:36:00Z,2026-08-11T21:38:26Z,2026-08-11T21:34:50Z,2026-08-11T21:37:16Z,2026-08-11T20:56:59Z,97.5
marc,11705,Train641,2026-08-11,11980,PENN STATION MARC sb,2026-08-11T20:08:00Z,2026-08-11T20:07:44Z,2026-08-11T20:07:00Z,2026-08-11T20:05:56Z,2026-08-11T20:56:59Z,97.5
marc,11705,Train641,2026-08-11,11958,UNION STATION MARC Washington,NA,NA,2026-08-11T21:01:00Z,2026-08-11T21:03:34Z,2026-08-11T20:56:59Z,97.5
amtrak,NER,66,2026-08-11,BAL,Baltimore Penn Station,2026-08-12T02:51:00Z,2026-08-12T02:49:00Z,2026-08-12T02:49:00Z,2026-08-12T02:49:00Z,2026-08-11T20:56:59Z,97.5
amtrak,NER,66,2026-08-11,WAS,Washington Union Station,2026-08-12T02:00:00Z,2026-08-12T01:28:00Z,2026-08-12T01:28:00Z,2026-08-12T01:28:00Z,2026-08-11T20:56:59Z,97.5
amtrak,NER,85,2026-08-11,BAL,Baltimore Penn Station,2026-08-11T21:50:00Z,2026-08-11T21:47:00Z,2026-08-11T21:47:00Z,2026-08-11T21:47:00Z,2026-08-11T20:56:59Z,97.5
amtrak,NER,85,2026-08-11,WAS,Washington Union Station,2026-08-11T22:39:00Z,2026-08-11T22:28:00Z,2026-08-11T22:39:00Z,2026-08-11T22:28:00Z,2026-08-11T20:56:59Z,97.5
amtrak,NER,93,2026-08-11,BAL,Baltimore Penn Station,2026-08-11T20:39:00Z,2026-08-11T20:56:00Z,2026-08-11T20:37:00Z,2026-08-11T20:56:00Z,2026-08-11T20:56:59Z,97.5
amtrak,NER,93,2026-08-11,WAS,Washington Union Station,2026-08-11T22:05:00Z,2026-08-11T21:38:00Z,2026-08-11T21:25:00Z,2026-08-11T21:38:00Z,2026-08-11T20:56:59Z,97.5
amtrak,NER,94,2026-08-11,BAL,Baltimore Penn Station,2026-08-11T18:43:00Z,2026-08-11T18:48:00Z,2026-08-11T18:41:00Z,2026-08-11T18:46:00Z,2026-08-11T20:56:59Z,97.5
amtrak,NER,94,2026-08-11,WAS,Washington Union Station,2026-08-11T18:00:00Z,2026-08-11T17:26:00Z,2026-08-11T17:23:00Z,2026-08-11T17:26:00Z,2026-08-11T20:56:59Z,97.5
amtrak,NER,95,2026-08-11,BAL,Baltimore Penn Station,2026-08-11T17:23:00Z,2026-08-11T17:34:00Z,2026-08-11T17:14:00Z,2026-08-11T17:10:00Z,2026-08-11T20:56:59Z,97.5
amtrak,NER,95,2026-08-11,WAS,Washington Union Station,2026-08-11T18:35:00Z,2026-08-11T18:59:00Z,2026-08-11T18:05:00Z,2026-08-11T18:20:00Z,2026-08-11T20:56:59Z,97.5
amtrak,NER,125,2026-08-11,BAL,Baltimore Penn Station,2026-08-11T18:28:00Z,2026-08-11T18:31:00Z,2026-08-11T18:25:00Z,2026-08-11T18:27:00Z,2026-08-11T20:56:59Z,97.5
amtrak,NER,125,2026-08-11,WAS,Washington Union Station,2026-08-11T19:50:00Z,2026-08-11T20:12:00Z,2026-08-11T19:11:00Z,2026-08-11T19:10:00Z,2026-08-11T20:56:59Z,97.5
amtrak,NER,129,2026-08-11,BAL,Baltimore Penn Station,2026-08-11T23:18:00Z,2026-08-11T23:12:00Z,2026-08-11T23:12:00Z,2026-08-11T23:12:00Z,2026-08-11T20:56:59Z,97.5
amtrak,NER,129,2026-08-11,WAS,Washington Union Station,2026-08-12T00:01:00Z,2026-08-11T23:55:00Z,2026-08-12T00:01:00Z,2026-08-11T23:55:00Z,2026-08-11T20:56:59Z,97.5
amtrak,NER,136,2026-08-11,BAL,Baltimore Penn Station,2026-08-11T21:43:00Z,2026-08-11T21:43:00Z,2026-08-11T21:41:00Z,2026-08-11T21:41:00Z,2026-08-11T20:56:59Z,97.5
amtrak,NER,136,2026-08-11,WAS,Washington Union Station,2026-08-11T21:00:00Z,2026-08-11T21:00:00Z,2026-08-11T21:00:00Z,2026-08-11T21:00:00Z,2026-08-11T20:56:59Z,97.5
amtrak,NER,137,2026-08-11,BAL,Baltimore Penn Station,2026-08-12T01:07:00Z,2026-08-12T01:05:00Z,2026-08-12T01:05:00Z,2026-08-12T01:05:00Z,2026-08-11T20:56:59Z,97.5
amtrak,NER,137,2026-08-11,WAS,Washington Union Station,2026-08-12T01:55:00Z,2026-08-12T01:44:00Z,2026-08-12T01:55:00Z,2026-08-12T01:44:00Z,2026-08-11T20:56:59Z,97.5
amtrak,NER,138,2026-08-11,BAL,Baltimore Penn Station,2026-08-11T23:18:00Z,2026-08-11T23:16:00Z,2026-08-11T23:16:00Z,2026-08-11T23:16:00Z,2026-08-11T20:56:59Z,97.5
amtrak,NER,138,2026-08-11,WAS,Washington Union Station,2026-08-11T22:35:00Z,2026-08-11T21:42:00Z,2026-08-11T21:42:00Z,2026-08-11T21:42:00Z,2026-08-11T20:56:59Z,97.5
amtrak,NER,148,2026-08-11,BAL,Baltimore Penn Station,2026-08-11T19:38:00Z,2026-08-11T19:39:00Z,2026-08-11T19:36:00Z,2026-08-11T19:36:00Z,2026-08-11T20:56:59Z,97.5
amtrak,NER,148,2026-08-11,WAS,Washington Union Station,2026-08-11T18:55:00Z,NA,2026-08-11T18:55:00Z,NA,2026-08-11T20:56:59Z,97.5
amtrak,NER,171,2026-08-11,BAL,Baltimore Penn Station,2026-08-11T19:33:00Z,2026-08-11T19:35:00Z,2026-08-11T19:30:00Z,2026-08-11T19:32:00Z,2026-08-11T20:56:59Z,97.5
amtrak,NER,171,2026-08-11,WAS,Washington Union Station,2026-08-11T21:00:00Z,2026-08-11T21:00:00Z,2026-08-11T20:25:00Z,2026-08-11T20:23:00Z,2026-08-11T20:56:59Z,97.5
amtrak,NER,173,2026-08-11,BAL,Baltimore Penn Station,2026-08-11T22:49:00Z,2026-08-11T22:46:00Z,2026-08-11T22:46:00Z,2026-08-11T22:46:00Z,2026-08-11T20:56:59Z,97.5
amtrak,NER,173,2026-08-11,WAS,Washington Union Station,2026-08-11T23:38:00Z,2026-08-11T23:25:00Z,2026-08-11T23:38:00Z,2026-08-11T23:25:00Z,2026-08-11T20:56:59Z,97.5
amtrak,NER,174,2026-08-11,BAL,Baltimore Penn Station,2026-08-11T15:18:00Z,2026-08-11T15:26:00Z,2026-08-11T15:16:00Z,2026-08-11T15:21:00Z,2026-08-11T20:56:59Z,97.5
amtrak,NER,174,2026-08-11,WAS,Washington Union Station,2026-08-11T14:35:00Z,2026-08-11T14:35:00Z,2026-08-11T14:35:00Z,2026-08-11T14:35:00Z,2026-08-11T20:56:59Z,97.5
amtrak,NER,175,2026-08-11,BAL,Baltimore Penn Station,2026-08-12T02:38:00Z,2026-08-12T02:35:00Z,2026-08-12T02:35:00Z,2026-08-12T02:35:00Z,2026-08-11T20:56:59Z,97.5
amtrak,NER,175,2026-08-11,WAS,Washington Union Station,2026-08-12T03:19:00Z,2026-08-12T03:15:00Z,2026-08-12T03:19:00Z,2026-08-12T03:15:00Z,2026-08-11T20:56:59Z,97.5
amtrak,NER,176,2026-08-11,BAL,Baltimore Penn Station,2026-08-11T20:08:00Z,2026-08-11T20:23:00Z,2026-08-11T20:06:00Z,2026-08-11T20:19:00Z,2026-08-11T20:56:59Z,97.5
amtrak,NER,176,2026-08-11,WAS,Washington Union Station,2026-08-11T19:30:00Z,2026-08-11T19:36:00Z,2026-08-11T19:30:00Z,2026-08-11T19:36:00Z,2026-08-11T20:56:59Z,97.5
amtrak,NER,178,2026-08-11,BAL,Baltimore Penn Station,2026-08-11T20:39:00Z,2026-08-11T20:50:00Z,2026-08-11T20:37:00Z,2026-08-11T20:45:00Z,2026-08-11T20:56:59Z,97.5
amtrak,NER,178,2026-08-11,WAS,Washington Union Station,2026-08-11T19:56:00Z,2026-08-11T19:56:00Z,2026-08-11T18:55:00Z,2026-08-11T18:58:00Z,2026-08-11T20:56:59Z,97.5
amtrak,NER,182,2026-08-11,BAL,Baltimore Penn Station,2026-08-11T14:13:00Z,2026-08-11T14:16:00Z,2026-08-11T14:11:00Z,2026-08-11T14:10:00Z,2026-08-11T20:56:59Z,97.5
amtrak,NER,182,2026-08-11,WAS,Washington Union Station,2026-08-11T13:29:00Z,2026-08-11T13:29:00Z,2026-08-11T13:29:00Z,2026-08-11T13:29:00Z,2026-08-11T20:56:59Z,97.5
amtrak,NER,184,2026-08-11,BAL,Baltimore Penn Station,2026-08-11T17:54:00Z,2026-08-11T17:55:00Z,2026-08-11T17:52:00Z,2026-08-11T17:51:00Z,2026-08-11T20:56:59Z,97.5
amtrak,NER,184,2026-08-11,WAS,Washington Union Station,2026-08-11T17:20:00Z,2026-08-11T17:20:00Z,2026-08-11T17:20:00Z,2026-08-11T17:20:00Z,2026-08-11T20:56:59Z,97.5
amtrak,NER,186,2026-08-11,BAL,Baltimore Penn Station,2026-08-12T01:14:00Z,2026-08-12T01:12:00Z,2026-08-12T01:12:00Z,2026-08-12T01:12:00Z,2026-08-11T20:56:59Z,97.5
amtrak,NER,186,2026-08-11,WAS,Washington Union Station,2026-08-12T00:30:00Z,2026-08-12T00:00:00Z,2026-08-11T23:55:00Z,2026-08-12T00:00:00Z,2026-08-11T20:56:59Z,97.5
marc,11705,Train438,2026-08-11,11958,UNION STATION MARC Washington,2026-08-11T21:27:00Z,2026-08-11T21:28:01Z,NA,NA,2026-08-11T21:32:01Z,90.3
marc,11705,Train438,2026-08-11,12002,PENN STATION MARC nb,NA,NA,2026-08-11T22:25:00Z,2026-08-11T22:26:01Z,2026-08-11T21:32:01Z,90.3
marc,11705,Train443,2026-08-11,11980,PENN STATION MARC sb,2026-08-11T20:52:00Z,2026-08-11T20:59:15Z,NA,NA,2026-08-11T21:32:01Z,90.3
marc,11705,Train443,2026-08-11,11958,UNION STATION MARC Washington,NA,NA,2026-08-11T21:51:00Z,2026-08-11T22:10:19Z,2026-08-11T21:32:01Z,90.3
marc,11705,Train445,2026-08-11,11958,UNION STATION MARC Washington,NA,NA,2026-08-11T22:35:00Z,2026-08-11T22:35:00Z,2026-08-11T21:32:01Z,90.3
marc,11705,Train430,2026-08-11,11958,UNION STATION MARC Washington,2026-08-11T20:30:00Z,2026-08-11T20:35:11Z,NA,NA,2026-08-11T21:32:01Z,90.3
marc,11705,Train430,2026-08-11,12002,PENN STATION MARC nb,NA,NA,2026-08-11T21:29:00Z,2026-08-11T21:29:00Z,2026-08-11T21:32:01Z,90.3
marc,11705,Train532,2026-08-11,11958,UNION STATION MARC Washington,2026-08-11T20:10:00Z,2026-08-11T20:11:20Z,NA,NA,2026-08-11T21:32:01Z,90.3
marc,11705,Train532,2026-08-11,12002,PENN STATION MARC nb,2026-08-11T21:01:00Z,2026-08-11T21:00:52Z,2026-08-11T21:00:30Z,2026-08-11T20:59:25Z,2026-08-11T21:32:01Z,90.3
marc,11705,Train634,2026-08-11,11958,UNION STATION MARC Washington,2026-08-11T20:45:00Z,2026-08-11T20:47:45Z,NA,NA,2026-08-11T21:32:01Z,90.3
marc,11705,Train634,2026-08-11,12002,PENN STATION MARC nb,2026-08-11T21:36:00Z,2026-08-11T21:47:57Z,2026-08-11T21:34:50Z,2026-08-11T21:46:47Z,2026-08-11T21:32:01Z,90.3
marc,11705,Train536,2026-08-11,11958,UNION STATION MARC Washington,2026-08-11T21:18:00Z,2026-08-11T21:19:43Z,NA,NA,2026-08-11T21:32:01Z,90.3
marc,11705,Train536,2026-08-11,12002,PENN STATION MARC nb,2026-08-11T22:05:00Z,2026-08-11T22:09:52Z,2026-08-11T22:04:00Z,2026-08-11T22:08:52Z,2026-08-11T21:32:01Z,90.3
amtrak,NER,66,2026-08-11,BAL,Baltimore Penn Station,2026-08-12T02:51:00Z,2026-08-12T02:49:00Z,2026-08-12T02:49:00Z,2026-08-12T02:49:00Z,2026-08-11T21:32:01Z,90.3
amtrak,NER,66,2026-08-11,WAS,Washington Union Station,2026-08-12T02:00:00Z,2026-08-12T01:28:00Z,2026-08-12T01:28:00Z,2026-08-12T01:28:00Z,2026-08-11T21:32:01Z,90.3
amtrak,NER,85,2026-08-11,BAL,Baltimore Penn Station,2026-08-11T21:50:00Z,2026-08-11T21:47:00Z,2026-08-11T21:47:00Z,2026-08-11T21:47:00Z,2026-08-11T21:32:01Z,90.3
amtrak,NER,85,2026-08-11,WAS,Washington Union Station,2026-08-11T22:39:00Z,2026-08-11T22:39:00Z,2026-08-11T22:39:00Z,2026-08-11T22:39:00Z,2026-08-11T21:32:01Z,90.3
amtrak,NER,93,2026-08-11,BAL,Baltimore Penn Station,2026-08-11T20:39:00Z,2026-08-11T21:08:00Z,2026-08-11T20:37:00Z,2026-08-11T21:03:00Z,2026-08-11T21:32:01Z,90.3
amtrak,NER,93,2026-08-11,WAS,Washington Union Station,2026-08-11T22:05:00Z,2026-08-11T21:57:00Z,2026-08-11T21:25:00Z,2026-08-11T21:57:00Z,2026-08-11T21:32:01Z,90.3
amtrak,NER,94,2026-08-11,BAL,Baltimore Penn Station,2026-08-11T18:43:00Z,2026-08-11T18:48:00Z,2026-08-11T18:41:00Z,2026-08-11T18:46:00Z,2026-08-11T21:32:01Z,90.3
amtrak,NER,94,2026-08-11,WAS,Washington Union Station,2026-08-11T18:00:00Z,2026-08-11T17:26:00Z,2026-08-11T17:23:00Z,2026-08-11T17:26:00Z,2026-08-11T21:32:01Z,90.3
amtrak,NER,95,2026-08-11,BAL,Baltimore Penn Station,2026-08-11T17:23:00Z,2026-08-11T17:34:00Z,2026-08-11T17:14:00Z,2026-08-11T17:10:00Z,2026-08-11T21:32:01Z,90.3
amtrak,NER,95,2026-08-11,WAS,Washington Union Station,2026-08-11T18:35:00Z,2026-08-11T18:59:00Z,2026-08-11T18:05:00Z,2026-08-11T18:20:00Z,2026-08-11T21:32:01Z,90.3
amtrak,NER,125,2026-08-11,BAL,Baltimore Penn Station,2026-08-11T18:28:00Z,2026-08-11T18:31:00Z,2026-08-11T18:25:00Z,2026-08-11T18:27:00Z,2026-08-11T21:32:01Z,90.3
amtrak,NER,125,2026-08-11,WAS,Washington Union Station,2026-08-11T19:50:00Z,2026-08-11T20:12:00Z,2026-08-11T19:11:00Z,2026-08-11T19:10:00Z,2026-08-11T21:32:01Z,90.3
amtrak,NER,129,2026-08-11,BAL,Baltimore Penn Station,2026-08-11T23:18:00Z,2026-08-11T23:12:00Z,2026-08-11T23:12:00Z,2026-08-11T23:12:00Z,2026-08-11T21:32:01Z,90.3
amtrak,NER,129,2026-08-11,WAS,Washington Union Station,2026-08-12T00:01:00Z,2026-08-11T23:55:00Z,2026-08-12T00:01:00Z,2026-08-11T23:55:00Z,2026-08-11T21:32:01Z,90.3
amtrak,NER,136,2026-08-11,BAL,Baltimore Penn Station,2026-08-11T21:43:00Z,2026-08-11T21:41:00Z,2026-08-11T21:41:00Z,2026-08-11T21:41:00Z,2026-08-11T21:32:01Z,90.3
amtrak,NER,136,2026-08-11,WAS,Washington Union Station,2026-08-11T21:00:00Z,2026-08-11T21:00:00Z,2026-08-11T21:00:00Z,2026-08-11T21:00:00Z,2026-08-11T21:32:01Z,90.3
amtrak,NER,137,2026-08-11,BAL,Baltimore Penn Station,2026-08-12T01:07:00Z,2026-08-12T01:05:00Z,2026-08-12T01:05:00Z,2026-08-12T01:05:00Z,2026-08-11T21:32:01Z,90.3
amtrak,NER,137,2026-08-11,WAS,Washington Union Station,2026-08-12T01:55:00Z,2026-08-12T01:44:00Z,2026-08-12T01:55:00Z,2026-08-12T01:44:00Z,2026-08-11T21:32:01Z,90.3
amtrak,NER,138,2026-08-11,BAL,Baltimore Penn Station,2026-08-11T23:18:00Z,2026-08-11T23:16:00Z,2026-08-11T23:16:00Z,2026-08-11T23:16:00Z,2026-08-11T21:32:01Z,90.3
amtrak,NER,138,2026-08-11,WAS,Washington Union Station,2026-08-11T22:35:00Z,2026-08-11T22:35:00Z,2026-08-11T21:42:00Z,2026-08-11T21:29:00Z,2026-08-11T21:32:01Z,90.3
amtrak,NER,148,2026-08-11,BAL,Baltimore Penn Station,2026-08-11T19:38:00Z,2026-08-11T19:39:00Z,2026-08-11T19:36:00Z,2026-08-11T19:36:00Z,2026-08-11T21:32:01Z,90.3
amtrak,NER,148,2026-08-11,WAS,Washington Union Station,2026-08-11T18:55:00Z,NA,2026-08-11T18:55:00Z,NA,2026-08-11T21:32:01Z,90.3
amtrak,NER,171,2026-08-11,BAL,Baltimore Penn Station,2026-08-11T19:33:00Z,2026-08-11T19:35:00Z,2026-08-11T19:30:00Z,2026-08-11T19:32:00Z,2026-08-11T21:32:01Z,90.3
amtrak,NER,171,2026-08-11,WAS,Washington Union Station,2026-08-11T21:00:00Z,2026-08-11T21:17:00Z,2026-08-11T20:25:00Z,2026-08-11T20:23:00Z,2026-08-11T21:32:01Z,90.3
amtrak,NER,173,2026-08-11,BAL,Baltimore Penn Station,2026-08-11T22:49:00Z,2026-08-11T22:46:00Z,2026-08-11T22:46:00Z,2026-08-11T22:46:00Z,2026-08-11T21:32:01Z,90.3
amtrak,NER,173,2026-08-11,WAS,Washington Union Station,2026-08-11T23:38:00Z,2026-08-11T23:25:00Z,2026-08-11T23:38:00Z,2026-08-11T23:25:00Z,2026-08-11T21:32:01Z,90.3
amtrak,NER,174,2026-08-11,BAL,Baltimore Penn Station,2026-08-11T15:18:00Z,2026-08-11T15:26:00Z,2026-08-11T15:16:00Z,2026-08-11T15:21:00Z,2026-08-11T21:32:01Z,90.3
amtrak,NER,174,2026-08-11,WAS,Washington Union Station,2026-08-11T14:35:00Z,2026-08-11T14:35:00Z,2026-08-11T14:35:00Z,2026-08-11T14:35:00Z,2026-08-11T21:32:01Z,90.3
amtrak,NER,175,2026-08-11,BAL,Baltimore Penn Station,2026-08-12T02:38:00Z,2026-08-12T02:35:00Z,2026-08-12T02:35:00Z,2026-08-12T02:35:00Z,2026-08-11T21:32:01Z,90.3
amtrak,NER,175,2026-08-11,WAS,Washington Union Station,2026-08-12T03:19:00Z,2026-08-12T03:15:00Z,2026-08-12T03:19:00Z,2026-08-12T03:15:00Z,2026-08-11T21:32:01Z,90.3
amtrak,NER,176,2026-08-11,BAL,Baltimore Penn Station,2026-08-11T20:08:00Z,2026-08-11T20:23:00Z,2026-08-11T20:06:00Z,2026-08-11T20:19:00Z,2026-08-11T21:32:01Z,90.3
amtrak,NER,176,2026-08-11,WAS,Washington Union Station,2026-08-11T19:30:00Z,2026-08-11T19:36:00Z,2026-08-11T19:30:00Z,2026-08-11T19:36:00Z,2026-08-11T21:32:01Z,90.3
amtrak,NER,178,2026-08-11,BAL,Baltimore Penn Station,2026-08-11T20:39:00Z,2026-08-11T20:50:00Z,2026-08-11T20:37:00Z,2026-08-11T20:45:00Z,2026-08-11T21:32:01Z,90.3
amtrak,NER,178,2026-08-11,WAS,Washington Union Station,2026-08-11T19:56:00Z,2026-08-11T19:56:00Z,2026-08-11T18:55:00Z,2026-08-11T18:58:00Z,2026-08-11T21:32:01Z,90.3
amtrak,NER,182,2026-08-11,BAL,Baltimore Penn Station,2026-08-11T14:13:00Z,2026-08-11T14:16:00Z,2026-08-11T14:11:00Z,2026-08-11T14:10:00Z,2026-08-11T21:32:01Z,90.3
amtrak,NER,182,2026-08-11,WAS,Washington Union Station,2026-08-11T13:29:00Z,2026-08-11T13:29:00Z,2026-08-11T13:29:00Z,2026-08-11T13:29:00Z,2026-08-11T21:32:01Z,90.3
amtrak,NER,184,2026-08-11,BAL,Baltimore Penn Station,2026-08-11T17:54:00Z,2026-08-11T17:55:00Z,2026-08-11T17:52:00Z,2026-08-11T17:51:00Z,2026-08-11T21:32:01Z,90.3
amtrak,NER,184,2026-08-11,WAS,Washington Union Station,2026-08-11T17:20:00Z,2026-08-11T17:20:00Z,2026-08-11T17:20:00Z,2026-08-11T17:20:00Z,2026-08-11T21:32:01Z,90.3
amtrak,NER,186,2026-08-11,BAL,Baltimore Penn Station,2026-08-12T01:14:00Z,2026-08-12T01:12:00Z,2026-08-12T01:12:00Z,2026-08-12T01:12:00Z,2026-08-11T21:32:01Z,90.3
amtrak,NER,186,2026-08-11,WAS,Washington Union Station,2026-08-12T00:30:00Z,2026-08-12T00:05:00Z,2026-08-11T23:55:00Z,2026-08-12T00:05:00Z,2026-08-11T21:32:01Z,90.3
amtrak,NER,196,2026-08-11,BAL,Baltimore Penn Station,2026-08-11T22:49:00Z,2026-08-11T22:49:00Z,2026-08-11T22:46:00Z,2026-08-11T22:46:00Z,2026-08-11T21:32:01Z,90.3
amtrak,NER,196,2026-08-11,WAS,Washington Union Station,2026-08-11T22:08:00Z,2026-08-11T22:08:00Z,2026-08-11T22:08:00Z,2026-08-11T22:08:00Z,2026-08-11T21:32:01Z,90.3
amtrak,NER,197,2026-08-11,BAL,Baltimore Penn Station,2026-08-12T00:49:00Z,2026-08-12T00:49:00Z,2026-08-12T00:48:00Z,2026-08-12T00:48:00Z,2026-08-11T21:32:01Z,90.3
amtrak,NER,197,2026-08-11,WAS,Washington Union Station,2026-08-12T01:32:00Z,2026-08-12T01:32:00Z,2026-08-12T01:32:00Z,2026-08-12T01:22:00Z,2026-08-11T21:32:01Z,90.3
marc,11705,Train438,2026-08-11,11958,UNION STATION MARC Washington,2026-08-11T21:27:00Z,2026-08-11T21:28:01Z,NA,NA,2026-08-11T21:35:03Z,90.6
marc,11705,Train438,2026-08-11,12002,PENN STATION MARC nb,NA,NA,2026-08-11T22:25:00Z,2026-08-11T22:25:44Z,2026-08-11T21:35:03Z,90.6
marc,11705,Train443,2026-08-11,11980,PENN STATION MARC sb,2026-08-11T20:52:00Z,2026-08-11T20:59:15Z,NA,NA,2026-08-11T21:35:03Z,90.6
marc,11705,Train443,2026-08-11,11958,UNION STATION MARC Washington,NA,NA,2026-08-11T21:51:00Z,2026-08-11T22:10:19Z,2026-08-11T21:35:03Z,90.6
marc,11705,Train445,2026-08-11,11958,UNION STATION MARC Washington,NA,NA,2026-08-11T22:35:00Z,2026-08-11T22:39:43Z,2026-08-11T21:35:03Z,90.6
marc,11705,Train430,2026-08-11,11958,UNION STATION MARC Washington,2026-08-11T20:30:00Z,2026-08-11T20:35:11Z,NA,NA,2026-08-11T21:35:03Z,90.6
marc,11705,Train430,2026-08-11,12002,PENN STATION MARC nb,NA,NA,2026-08-11T21:29:00Z,2026-08-11T21:29:00Z,2026-08-11T21:35:03Z,90.6
marc,11705,Train532,2026-08-11,11958,UNION STATION MARC Washington,2026-08-11T20:10:00Z,2026-08-11T20:11:20Z,NA,NA,2026-08-11T21:35:03Z,90.6
marc,11705,Train532,2026-08-11,12002,PENN STATION MARC nb,2026-08-11T21:01:00Z,2026-08-11T21:00:52Z,2026-08-11T21:00:30Z,2026-08-11T20:59:25Z,2026-08-11T21:35:03Z,90.6
marc,11705,Train634,2026-08-11,11958,UNION STATION MARC Washington,2026-08-11T20:45:00Z,2026-08-11T20:47:45Z,NA,NA,2026-08-11T21:35:03Z,90.6
marc,11705,Train634,2026-08-11,12002,PENN STATION MARC nb,2026-08-11T21:36:00Z,2026-08-11T21:49:09Z,2026-08-11T21:34:50Z,2026-08-11T21:47:59Z,2026-08-11T21:35:03Z,90.6
marc,11705,Train536,2026-08-11,11958,UNION STATION MARC Washington,2026-08-11T21:18:00Z,2026-08-11T21:19:43Z,NA,NA,2026-08-11T21:35:03Z,90.6
marc,11705,Train536,2026-08-11,12002,PENN STATION MARC nb,2026-08-11T22:05:00Z,2026-08-11T22:10:48Z,2026-08-11T22:04:00Z,2026-08-11T22:09:48Z,2026-08-11T21:35:03Z,90.6
amtrak,NER,66,2026-08-11,BAL,Baltimore Penn Station,2026-08-12T02:51:00Z,2026-08-12T02:49:00Z,2026-08-12T02:49:00Z,2026-08-12T02:49:00Z,2026-08-11T21:35:03Z,90.6
amtrak,NER,66,2026-08-11,WAS,Washington Union Station,2026-08-12T02:00:00Z,2026-08-12T01:28:00Z,2026-08-12T01:28:00Z,2026-08-12T01:28:00Z,2026-08-11T21:35:03Z,90.6
amtrak,NER,85,2026-08-11,BAL,Baltimore Penn Station,2026-08-11T21:50:00Z,2026-08-11T21:47:00Z,2026-08-11T21:47:00Z,2026-08-11T21:47:00Z,2026-08-11T21:35:03Z,90.6
amtrak,NER,85,2026-08-11,WAS,Washington Union Station,2026-08-11T22:39:00Z,2026-08-11T22:39:00Z,2026-08-11T22:39:00Z,2026-08-11T22:39:00Z,2026-08-11T21:35:03Z,90.6
amtrak,NER,93,2026-08-11,BAL,Baltimore Penn Station,2026-08-11T20:39:00Z,2026-08-11T21:08:00Z,2026-08-11T20:37:00Z,2026-08-11T21:03:00Z,2026-08-11T21:35:03Z,90.6
amtrak,NER,93,2026-08-11,WAS,Washington Union Station,2026-08-11T22:05:00Z,2026-08-11T21:57:00Z,2026-08-11T21:25:00Z,2026-08-11T21:57:00Z,2026-08-11T21:35:03Z,90.6
amtrak,NER,94,2026-08-11,BAL,Baltimore Penn Station,2026-08-11T18:43:00Z,2026-08-11T18:48:00Z,2026-08-11T18:41:00Z,2026-08-11T18:46:00Z,2026-08-11T21:35:03Z,90.6
amtrak,NER,94,2026-08-11,WAS,Washington Union Station,2026-08-11T18:00:00Z,2026-08-11T17:26:00Z,2026-08-11T17:23:00Z,2026-08-11T17:26:00Z,2026-08-11T21:35:03Z,90.6
amtrak,NER,95,2026-08-11,BAL,Baltimore Penn Station,2026-08-11T17:23:00Z,2026-08-11T17:34:00Z,2026-08-11T17:14:00Z,2026-08-11T17:10:00Z,2026-08-11T21:35:03Z,90.6
amtrak,NER,95,2026-08-11,WAS,Washington Union Station,2026-08-11T18:35:00Z,2026-08-11T18:59:00Z,2026-08-11T18:05:00Z,2026-08-11T18:20:00Z,2026-08-11T21:35:03Z,90.6
amtrak,NER,125,2026-08-11,BAL,Baltimore Penn Station,2026-08-11T18:28:00Z,2026-08-11T18:31:00Z,2026-08-11T18:25:00Z,2026-08-11T18:27:00Z,2026-08-11T21:35:03Z,90.6
amtrak,NER,125,2026-08-11,WAS,Washington Union Station,2026-08-11T19:50:00Z,2026-08-11T20:12:00Z,2026-08-11T19:11:00Z,2026-08-11T19:10:00Z,2026-08-11T21:35:03Z,90.6
amtrak,NER,129,2026-08-11,BAL,Baltimore Penn Station,2026-08-11T23:18:00Z,2026-08-11T23:12:00Z,2026-08-11T23:12:00Z,2026-08-11T23:12:00Z,2026-08-11T21:35:03Z,90.6
amtrak,NER,129,2026-08-11,WAS,Washington Union Station,2026-08-12T00:01:00Z,2026-08-11T23:55:00Z,2026-08-12T00:01:00Z,2026-08-11T23:55:00Z,2026-08-11T21:35:03Z,90.6
amtrak,NER,136,2026-08-11,BAL,Baltimore Penn Station,2026-08-11T21:43:00Z,2026-08-11T21:41:00Z,2026-08-11T21:41:00Z,2026-08-11T21:41:00Z,2026-08-11T21:35:03Z,90.6
amtrak,NER,136,2026-08-11,WAS,Washington Union Station,2026-08-11T21:00:00Z,2026-08-11T21:00:00Z,2026-08-11T21:00:00Z,2026-08-11T21:00:00Z,2026-08-11T21:35:03Z,90.6
amtrak,NER,137,2026-08-11,BAL,Baltimore Penn Station,2026-08-12T01:07:00Z,2026-08-12T01:05:00Z,2026-08-12T01:05:00Z,2026-08-12T01:05:00Z,2026-08-11T21:35:03Z,90.6
amtrak,NER,137,2026-08-11,WAS,Washington Union Station,2026-08-12T01:55:00Z,2026-08-12T01:44:00Z,2026-08-12T01:55:00Z,2026-08-12T01:44:00Z,2026-08-11T21:35:03Z,90.6
amtrak,NER,138,2026-08-11,BAL,Baltimore Penn Station,2026-08-11T23:18:00Z,2026-08-11T23:16:00Z,2026-08-11T23:16:00Z,2026-08-11T23:16:00Z,2026-08-11T21:35:03Z,90.6
amtrak,NER,138,2026-08-11,WAS,Washington Union Station,2026-08-11T22:35:00Z,2026-08-11T22:35:00Z,2026-08-11T21:42:00Z,2026-08-11T21:29:00Z,2026-08-11T21:35:03Z,90.6
amtrak,NER,148,2026-08-11,BAL,Baltimore Penn Station,2026-08-11T19:38:00Z,2026-08-11T19:39:00Z,2026-08-11T19:36:00Z,2026-08-11T19:36:00Z,2026-08-11T21:35:03Z,90.6
amtrak,NER,148,2026-08-11,WAS,Washington Union Station,2026-08-11T18:55:00Z,NA,2026-08-11T18:55:00Z,NA,2026-08-11T21:35:03Z,90.6
amtrak,NER,171,2026-08-11,BAL,Baltimore Penn Station,2026-08-11T19:33:00Z,2026-08-11T19:35:00Z,2026-08-11T19:30:00Z,2026-08-11T19:32:00Z,2026-08-11T21:35:03Z,90.6
amtrak,NER,171,2026-08-11,WAS,Washington Union Station,2026-08-11T21:00:00Z,2026-08-11T21:17:00Z,2026-08-11T20:25:00Z,2026-08-11T20:23:00Z,2026-08-11T21:35:03Z,90.6
amtrak,NER,173,2026-08-11,BAL,Baltimore Penn Station,2026-08-11T22:49:00Z,2026-08-11T22:46:00Z,2026-08-11T22:46:00Z,2026-08-11T22:46:00Z,2026-08-11T21:35:03Z,90.6
amtrak,NER,173,2026-08-11,WAS,Washington Union Station,2026-08-11T23:38:00Z,2026-08-11T23:25:00Z,2026-08-11T23:38:00Z,2026-08-11T23:25:00Z,2026-08-11T21:35:03Z,90.6
amtrak,NER,174,2026-08-11,BAL,Baltimore Penn Station,2026-08-11T15:18:00Z,2026-08-11T15:26:00Z,2026-08-11T15:16:00Z,2026-08-11T15:21:00Z,2026-08-11T21:35:03Z,90.6
amtrak,NER,174,2026-08-11,WAS,Washington Union Station,2026-08-11T14:35:00Z,2026-08-11T14:35:00Z,2026-08-11T14:35:00Z,2026-08-11T14:35:00Z,2026-08-11T21:35:03Z,90.6
amtrak,NER,175,2026-08-11,BAL,Baltimore Penn Station,2026-08-12T02:38:00Z,2026-08-12T02:35:00Z,2026-08-12T02:35:00Z,2026-08-12T02:35:00Z,2026-08-11T21:35:03Z,90.6
amtrak,NER,175,2026-08-11,WAS,Washington Union Station,2026-08-12T03:19:00Z,2026-08-12T03:15:00Z,2026-08-12T03:19:00Z,2026-08-12T03:15:00Z,2026-08-11T21:35:03Z,90.6
amtrak,NER,176,2026-08-11,BAL,Baltimore Penn Station,2026-08-11T20:08:00Z,2026-08-11T20:23:00Z,2026-08-11T20:06:00Z,2026-08-11T20:19:00Z,2026-08-11T21:35:03Z,90.6
amtrak,NER,176,2026-08-11,WAS,Washington Union Station,2026-08-11T19:30:00Z,2026-08-11T19:36:00Z,2026-08-11T19:30:00Z,2026-08-11T19:36:00Z,2026-08-11T21:35:03Z,90.6
amtrak,NER,178,2026-08-11,BAL,Baltimore Penn Station,2026-08-11T20:39:00Z,2026-08-11T20:50:00Z,2026-08-11T20:37:00Z,2026-08-11T20:45:00Z,2026-08-11T21:35:03Z,90.6
amtrak,NER,178,2026-08-11,WAS,Washington Union Station,2026-08-11T19:56:00Z,2026-08-11T19:56:00Z,2026-08-11T18:55:00Z,2026-08-11T18:58:00Z,2026-08-11T21:35:03Z,90.6
amtrak,NER,182,2026-08-11,BAL,Baltimore Penn Station,2026-08-11T14:13:00Z,2026-08-11T14:16:00Z,2026-08-11T14:11:00Z,2026-08-11T14:10:00Z,2026-08-11T21:35:03Z,90.6
amtrak,NER,182,2026-08-11,WAS,Washington Union Station,2026-08-11T13:29:00Z,2026-08-11T13:29:00Z,2026-08-11T13:29:00Z,2026-08-11T13:29:00Z,2026-08-11T21:35:03Z,90.6
amtrak,NER,184,2026-08-11,BAL,Baltimore Penn Station,2026-08-11T17:54:00Z,2026-08-11T17:55:00Z,2026-08-11T17:52:00Z,2026-08-11T17:51:00Z,2026-08-11T21:35:03Z,90.6
amtrak,NER,184,2026-08-11,WAS,Washington Union Station,2026-08-11T17:20:00Z,2026-08-11T17:20:00Z,2026-08-11T17:20:00Z,2026-08-11T17:20:00Z,2026-08-11T21:35:03Z,90.6
amtrak,NER,186,2026-08-11,BAL,Baltimore Penn Station,2026-08-12T01:14:00Z,2026-08-12T01:12:00Z,2026-08-12T01:12:00Z,2026-08-12T01:12:00Z,2026-08-11T21:35:03Z,90.6
amtrak,NER,186,2026-08-11,WAS,Washington Union Station,2026-08-12T00:30:00Z,2026-08-12T00:05:00Z,2026-08-11T23:55:00Z,2026-08-12T00:05:00Z,2026-08-11T21:35:03Z,90.6
amtrak,NER,196,2026-08-11,BAL,Baltimore Penn Station,2026-08-11T22:49:00Z,2026-08-11T22:49:00Z,2026-08-11T22:46:00Z,2026-08-11T22:46:00Z,2026-08-11T21:35:03Z,90.6
amtrak,NER,196,2026-08-11,WAS,Washington Union Station,2026-08-11T22:08:00Z,2026-08-11T22:08:00Z,2026-08-11T22:08:00Z,2026-08-11T22:08:00Z,2026-08-11T21:35:03Z,90.6
amtrak,NER,197,2026-08-11,BAL,Baltimore Penn Station,2026-08-12T00:49:00Z,2026-08-12T00:49:00Z,2026-08-12T00:48:00Z,2026-08-12T00:48:00Z,2026-08-11T21:35:03Z,90.6
amtrak,NER,197,2026-08-11,WAS,Washington Union Station,2026-08-12T01:32:00Z,2026-08-12T01:32:00Z,2026-08-12T01:32:00Z,2026-08-12T01:22:00Z,2026-08-11T21:35:03Z,90.6
marc,11705,Train438,2026-08-11,11958,UNION STATION MARC Washington,2026-08-11T21:27:00Z,2026-08-11T21:28:01Z,NA,NA,2026-08-11T21:38:05Z,91
marc,11705,Train438,2026-08-11,12002,PENN STATION MARC nb,NA,NA,2026-08-11T22:25:00Z,2026-08-11T22:25:31Z,2026-08-11T21:38:05Z,91
marc,11705,Train443,2026-08-11,11980,PENN STATION MARC sb,2026-08-11T20:52:00Z,2026-08-11T20:59:15Z,NA,NA,2026-08-11T21:38:05Z,91
marc,11705,Train443,2026-08-11,11958,UNION STATION MARC Washington,NA,NA,2026-08-11T21:51:00Z,2026-08-11T22:11:29Z,2026-08-11T21:38:05Z,91
marc,11705,Train445,2026-08-11,11958,UNION STATION MARC Washington,NA,NA,2026-08-11T22:35:00Z,2026-08-11T22:39:25Z,2026-08-11T21:38:05Z,91
marc,11705,Train430,2026-08-11,11958,UNION STATION MARC Washington,2026-08-11T20:30:00Z,2026-08-11T20:35:11Z,NA,NA,2026-08-11T21:38:05Z,91
marc,11705,Train430,2026-08-11,12002,PENN STATION MARC nb,NA,NA,2026-08-11T21:29:00Z,2026-08-11T21:29:00Z,2026-08-11T21:38:05Z,91
marc,11705,Train532,2026-08-11,11958,UNION STATION MARC Washington,2026-08-11T20:10:00Z,2026-08-11T20:11:20Z,NA,NA,2026-08-11T21:38:05Z,91
marc,11705,Train532,2026-08-11,12002,PENN STATION MARC nb,2026-08-11T21:01:00Z,2026-08-11T21:00:52Z,2026-08-11T21:00:30Z,2026-08-11T20:59:25Z,2026-08-11T21:38:05Z,91
marc,11705,Train634,2026-08-11,11958,UNION STATION MARC Washington,2026-08-11T20:45:00Z,2026-08-11T20:47:45Z,NA,NA,2026-08-11T21:38:05Z,91
marc,11705,Train634,2026-08-11,12002,PENN STATION MARC nb,2026-08-11T21:36:00Z,2026-08-11T21:51:13Z,2026-08-11T21:34:50Z,2026-08-11T21:50:03Z,2026-08-11T21:38:05Z,91
marc,11705,Train536,2026-08-11,11958,UNION STATION MARC Washington,2026-08-11T21:18:00Z,2026-08-11T21:19:43Z,NA,NA,2026-08-11T21:38:05Z,91
marc,11705,Train536,2026-08-11,12002,PENN STATION MARC nb,2026-08-11T22:05:00Z,2026-08-11T22:10:39Z,2026-08-11T22:04:00Z,2026-08-11T22:09:39Z,2026-08-11T21:38:05Z,91
amtrak,NER,66,2026-08-11,BAL,Baltimore Penn Station,2026-08-12T02:51:00Z,2026-08-12T02:49:00Z,2026-08-12T02:49:00Z,2026-08-12T02:49:00Z,2026-08-11T21:38:05Z,91
amtrak,NER,66,2026-08-11,WAS,Washington Union Station,2026-08-12T02:00:00Z,2026-08-12T01:28:00Z,2026-08-12T01:28:00Z,2026-08-12T01:28:00Z,2026-08-11T21:38:05Z,91
amtrak,NER,85,2026-08-11,BAL,Baltimore Penn Station,2026-08-11T21:50:00Z,2026-08-11T21:52:00Z,2026-08-11T21:47:00Z,2026-08-11T21:52:00Z,2026-08-11T21:38:05Z,91
amtrak,NER,85,2026-08-11,WAS,Washington Union Station,2026-08-11T22:39:00Z,2026-08-11T22:34:00Z,2026-08-11T22:39:00Z,2026-08-11T22:34:00Z,2026-08-11T21:38:05Z,91
amtrak,NER,93,2026-08-11,BAL,Baltimore Penn Station,2026-08-11T20:39:00Z,2026-08-11T21:08:00Z,2026-08-11T20:37:00Z,2026-08-11T21:03:00Z,2026-08-11T21:38:05Z,91
amtrak,NER,93,2026-08-11,WAS,Washington Union Station,2026-08-11T22:05:00Z,2026-08-11T21:57:00Z,2026-08-11T21:25:00Z,2026-08-11T21:57:00Z,2026-08-11T21:38:05Z,91
amtrak,NER,94,2026-08-11,BAL,Baltimore Penn Station,2026-08-11T18:43:00Z,2026-08-11T18:48:00Z,2026-08-11T18:41:00Z,2026-08-11T18:46:00Z,2026-08-11T21:38:05Z,91
amtrak,NER,94,2026-08-11,WAS,Washington Union Station,2026-08-11T18:00:00Z,2026-08-11T17:26:00Z,2026-08-11T17:23:00Z,2026-08-11T17:26:00Z,2026-08-11T21:38:05Z,91
amtrak,NER,95,2026-08-11,BAL,Baltimore Penn Station,2026-08-11T17:23:00Z,2026-08-11T17:34:00Z,2026-08-11T17:14:00Z,2026-08-11T17:10:00Z,2026-08-11T21:38:05Z,91
amtrak,NER,95,2026-08-11,WAS,Washington Union Station,2026-08-11T18:35:00Z,2026-08-11T18:59:00Z,2026-08-11T18:05:00Z,2026-08-11T18:20:00Z,2026-08-11T21:38:05Z,91
amtrak,NER,125,2026-08-11,BAL,Baltimore Penn Station,2026-08-11T18:28:00Z,2026-08-11T18:31:00Z,2026-08-11T18:25:00Z,2026-08-11T18:27:00Z,2026-08-11T21:38:05Z,91
amtrak,NER,125,2026-08-11,WAS,Washington Union Station,2026-08-11T19:50:00Z,2026-08-11T20:12:00Z,2026-08-11T19:11:00Z,2026-08-11T19:10:00Z,2026-08-11T21:38:05Z,91
amtrak,NER,129,2026-08-11,BAL,Baltimore Penn Station,2026-08-11T23:18:00Z,2026-08-11T23:12:00Z,2026-08-11T23:12:00Z,2026-08-11T23:12:00Z,2026-08-11T21:38:05Z,91
amtrak,NER,129,2026-08-11,WAS,Washington Union Station,2026-08-12T00:01:00Z,2026-08-11T23:55:00Z,2026-08-12T00:01:00Z,2026-08-11T23:55:00Z,2026-08-11T21:38:05Z,91
amtrak,NER,136,2026-08-11,BAL,Baltimore Penn Station,2026-08-11T21:43:00Z,2026-08-11T21:41:00Z,2026-08-11T21:41:00Z,2026-08-11T21:41:00Z,2026-08-11T21:38:05Z,91
amtrak,NER,136,2026-08-11,WAS,Washington Union Station,2026-08-11T21:00:00Z,2026-08-11T21:00:00Z,2026-08-11T21:00:00Z,2026-08-11T21:00:00Z,2026-08-11T21:38:05Z,91
amtrak,NER,137,2026-08-11,BAL,Baltimore Penn Station,2026-08-12T01:07:00Z,2026-08-12T01:05:00Z,2026-08-12T01:05:00Z,2026-08-12T01:05:00Z,2026-08-11T21:38:05Z,91
amtrak,NER,137,2026-08-11,WAS,Washington Union Station,2026-08-12T01:55:00Z,2026-08-12T01:44:00Z,2026-08-12T01:55:00Z,2026-08-12T01:44:00Z,2026-08-11T21:38:05Z,91
amtrak,NER,138,2026-08-11,BAL,Baltimore Penn Station,2026-08-11T23:18:00Z,2026-08-11T23:16:00Z,2026-08-11T23:16:00Z,2026-08-11T23:16:00Z,2026-08-11T21:38:05Z,91
amtrak,NER,138,2026-08-11,WAS,Washington Union Station,2026-08-11T22:35:00Z,2026-08-11T22:35:00Z,2026-08-11T21:42:00Z,2026-08-11T21:29:00Z,2026-08-11T21:38:05Z,91
amtrak,NER,148,2026-08-11,BAL,Baltimore Penn Station,2026-08-11T19:38:00Z,2026-08-11T19:39:00Z,2026-08-11T19:36:00Z,2026-08-11T19:36:00Z,2026-08-11T21:38:05Z,91
amtrak,NER,148,2026-08-11,WAS,Washington Union Station,2026-08-11T18:55:00Z,NA,2026-08-11T18:55:00Z,NA,2026-08-11T21:38:05Z,91
amtrak,NER,171,2026-08-11,BAL,Baltimore Penn Station,2026-08-11T19:33:00Z,2026-08-11T19:35:00Z,2026-08-11T19:30:00Z,2026-08-11T19:32:00Z,2026-08-11T21:38:05Z,91
amtrak,NER,171,2026-08-11,WAS,Washington Union Station,2026-08-11T21:00:00Z,2026-08-11T21:17:00Z,2026-08-11T20:25:00Z,2026-08-11T20:23:00Z,2026-08-11T21:38:05Z,91
amtrak,NER,173,2026-08-11,BAL,Baltimore Penn Station,2026-08-11T22:49:00Z,2026-08-11T22:46:00Z,2026-08-11T22:46:00Z,2026-08-11T22:46:00Z,2026-08-11T21:38:05Z,91
amtrak,NER,173,2026-08-11,WAS,Washington Union Station,2026-08-11T23:38:00Z,2026-08-11T23:25:00Z,2026-08-11T23:38:00Z,2026-08-11T23:25:00Z,2026-08-11T21:38:05Z,91
amtrak,NER,174,2026-08-11,BAL,Baltimore Penn Station,2026-08-11T15:18:00Z,2026-08-11T15:26:00Z,2026-08-11T15:16:00Z,2026-08-11T15:21:00Z,2026-08-11T21:38:05Z,91
amtrak,NER,174,2026-08-11,WAS,Washington Union Station,2026-08-11T14:35:00Z,2026-08-11T14:35:00Z,2026-08-11T14:35:00Z,2026-08-11T14:35:00Z,2026-08-11T21:38:05Z,91
amtrak,NER,175,2026-08-11,BAL,Baltimore Penn Station,2026-08-12T02:38:00Z,2026-08-12T02:35:00Z,2026-08-12T02:35:00Z,2026-08-12T02:35:00Z,2026-08-11T21:38:05Z,91
amtrak,NER,175,2026-08-11,WAS,Washington Union Station,2026-08-12T03:19:00Z,2026-08-12T03:15:00Z,2026-08-12T03:19:00Z,2026-08-12T03:15:00Z,2026-08-11T21:38:05Z,91
amtrak,NER,176,2026-08-11,BAL,Baltimore Penn Station,2026-08-11T20:08:00Z,2026-08-11T20:23:00Z,2026-08-11T20:06:00Z,2026-08-11T20:19:00Z,2026-08-11T21:38:05Z,91
amtrak,NER,176,2026-08-11,WAS,Washington Union Station,2026-08-11T19:30:00Z,2026-08-11T19:36:00Z,2026-08-11T19:30:00Z,2026-08-11T19:36:00Z,2026-08-11T21:38:05Z,91
amtrak,NER,178,2026-08-11,BAL,Baltimore Penn Station,2026-08-11T20:39:00Z,2026-08-11T20:50:00Z,2026-08-11T20:37:00Z,2026-08-11T20:45:00Z,2026-08-11T21:38:05Z,91
amtrak,NER,178,2026-08-11,WAS,Washington Union Station,2026-08-11T19:56:00Z,2026-08-11T19:56:00Z,2026-08-11T18:55:00Z,2026-08-11T18:58:00Z,2026-08-11T21:38:05Z,91
amtrak,NER,182,2026-08-11,BAL,Baltimore Penn Station,2026-08-11T14:13:00Z,2026-08-11T14:16:00Z,2026-08-11T14:11:00Z,2026-08-11T14:10:00Z,2026-08-11T21:38:05Z,91
amtrak,NER,182,2026-08-11,WAS,Washington Union Station,2026-08-11T13:29:00Z,2026-08-11T13:29:00Z,2026-08-11T13:29:00Z,2026-08-11T13:29:00Z,2026-08-11T21:38:05Z,91
amtrak,NER,184,2026-08-11,BAL,Baltimore Penn Station,2026-08-11T17:54:00Z,2026-08-11T17:55:00Z,2026-08-11T17:52:00Z,2026-08-11T17:51:00Z,2026-08-11T21:38:05Z,91
amtrak,NER,184,2026-08-11,WAS,Washington Union Station,2026-08-11T17:20:00Z,2026-08-11T17:20:00Z,2026-08-11T17:20:00Z,2026-08-11T17:20:00Z,2026-08-11T21:38:05Z,91
amtrak,NER,186,2026-08-11,BAL,Baltimore Penn Station,2026-08-12T01:14:00Z,2026-08-12T01:12:00Z,2026-08-12T01:12:00Z,2026-08-12T01:12:00Z,2026-08-11T21:38:05Z,91
amtrak,NER,186,2026-08-11,WAS,Washington Union Station,2026-08-12T00:30:00Z,2026-08-12T00:08:00Z,2026-08-11T23:55:00Z,2026-08-12T00:08:00Z,2026-08-11T21:38:05Z,91
amtrak,NER,196,2026-08-11,BAL,Baltimore Penn Station,2026-08-11T22:49:00Z,2026-08-11T22:49:00Z,2026-08-11T22:46:00Z,2026-08-11T22:46:00Z,2026-08-11T21:38:05Z,91
amtrak,NER,196,2026-08-11,WAS,Washington Union Station,2026-08-11T22:08:00Z,2026-08-11T22:08:00Z,2026-08-11T22:08:00Z,2026-08-11T22:08:00Z,2026-08-11T21:38:05Z,91
amtrak,NER,197,2026-08-11,BAL,Baltimore Penn Station,2026-08-12T00:49:00Z,2026-08-12T00:49:00Z,2026-08-12T00:48:00Z,2026-08-12T00:48:00Z,2026-08-11T21:38:05Z,91
amtrak,NER,197,2026-08-11,WAS,Washington Union Station,2026-08-12T01:32:00Z,2026-08-12T01:32:00Z,2026-08-12T01:32:00Z,2026-08-12T01:22:00Z,2026-08-11T21:38:05Z,91
