service,route_id,trip_id,trip_date,stop_id,stop_name,sched_dep,pred_dep,sched_arr,pred_arr,collected_at,drive_min
marc,11705,Train412,2026-07-06,11958,UNION STATION MARC Washington,2026-07-06T13:00:00Z,2026-07-06T13:01:34Z,NA,NA,2026-07-06T13:38:14Z,60.8
marc,11705,Train412,2026-07-06,12002,PENN STATION MARC nb,NA,NA,2026-07-06T13:56:00Z,2026-07-06T14:03:28Z,2026-07-06T13:38:14Z,60.8
marc,11705,Train423,2026-07-06,11980,PENN STATION MARC sb,2026-07-06T13:00:00Z,2026-07-06T13:00:00Z,NA,NA,2026-07-06T13:38:14Z,60.8
marc,11705,Train423,2026-07-06,11958,UNION STATION MARC Washington,NA,NA,2026-07-06T14:03:00Z,2026-07-06T14:03:57Z,2026-07-06T13:38:14Z,60.8
marc,11705,Train525,2026-07-06,11980,PENN STATION MARC sb,2026-07-06T13:30:00Z,2026-07-06T13:41:17Z,2026-07-06T13:28:00Z,2026-07-06T13:39:17Z,2026-07-06T13:38:14Z,60.8
marc,11705,Train525,2026-07-06,11958,UNION STATION MARC Washington,NA,NA,2026-07-06T14:28:00Z,2026-07-06T14:39:17Z,2026-07-06T13:38:14Z,60.8
marc,11705,Train612,2026-07-06,11958,UNION STATION MARC Washington,2026-07-06T12:20:00Z,2026-07-06T12:21:26Z,NA,NA,2026-07-06T13:38:14Z,60.8
marc,11705,Train612,2026-07-06,12002,PENN STATION MARC nb,2026-07-06T13:20:00Z,2026-07-06T13:24:22Z,2026-07-06T13:17:00Z,2026-07-06T13:23:55Z,2026-07-06T13:38:14Z,60.8
amtrak,NER,66,2026-07-06,BAL,Baltimore Penn Station,2026-07-06T02:51:00Z,2026-07-06T04:56:00Z,2026-07-06T02:49:00Z,2026-07-06T04:50:00Z,2026-07-06T13:38:14Z,60.8
amtrak,NER,66,2026-07-06,WAS,Washington Union Station,2026-07-06T02:00:00Z,2026-07-06T04:06:00Z,2026-07-06T01:28:00Z,2026-07-06T03:25:00Z,2026-07-06T13:38:14Z,60.8
amtrak,NER,67,2026-07-06,BAL,Baltimore Penn Station,2026-07-06T10:04:00Z,NA,2026-07-06T10:02:00Z,NA,2026-07-06T13:38:14Z,60.8
amtrak,NER,67,2026-07-06,WAS,Washington Union Station,2026-07-06T11:20:00Z,2026-07-06T11:34:00Z,2026-07-06T10:54:00Z,2026-07-06T11:34:00Z,2026-07-06T13:38:14Z,60.8
amtrak,NER,85,2026-07-06,BAL,Baltimore Penn Station,2026-07-06T21:50:00Z,2026-07-06T21:50:00Z,2026-07-06T21:47:00Z,2026-07-06T21:47:00Z,2026-07-06T13:38:14Z,60.8
amtrak,NER,85,2026-07-06,WAS,Washington Union Station,2026-07-06T22:39:00Z,2026-07-06T22:39:00Z,2026-07-06T22:39:00Z,2026-07-06T22:28:00Z,2026-07-06T13:38:14Z,60.8
amtrak,NER,86,2026-07-06,BAL,Baltimore Penn Station,2026-07-06T13:32:00Z,2026-07-06T14:35:00Z,2026-07-06T13:30:00Z,2026-07-06T14:35:00Z,2026-07-06T13:38:14Z,60.8
amtrak,NER,86,2026-07-06,WAS,Washington Union Station,2026-07-06T12:50:00Z,2026-07-06T13:38:00Z,2026-07-06T12:18:00Z,2026-07-06T13:38:00Z,2026-07-06T13:38:14Z,60.8
amtrak,NER,93,2026-07-06,BAL,Baltimore Penn Station,2026-07-06T20:39:00Z,2026-07-06T20:37:00Z,2026-07-06T20:37:00Z,2026-07-06T20:37:00Z,2026-07-06T13:38:14Z,60.8
amtrak,NER,93,2026-07-06,WAS,Washington Union Station,2026-07-06T22:05:00Z,2026-07-06T21:25:00Z,2026-07-06T21:25:00Z,2026-07-06T21:25:00Z,2026-07-06T13:38:14Z,60.8
amtrak,NER,94,2026-07-06,BAL,Baltimore Penn Station,2026-07-06T18:43:00Z,2026-07-06T18:41:00Z,2026-07-06T18:41:00Z,2026-07-06T18:41:00Z,2026-07-06T13:38:14Z,60.8
amtrak,NER,94,2026-07-06,WAS,Washington Union Station,2026-07-06T18:00:00Z,2026-07-06T17:23:00Z,2026-07-06T17:23:00Z,2026-07-06T17:23:00Z,2026-07-06T13:38:14Z,60.8
amtrak,NER,95,2026-07-06,BAL,Baltimore Penn Station,2026-07-06T17:23:00Z,2026-07-06T17:51:00Z,2026-07-06T17:14:00Z,2026-07-06T17:51:00Z,2026-07-06T13:38:14Z,60.8
amtrak,NER,95,2026-07-06,WAS,Washington Union Station,2026-07-06T18:35:00Z,2026-07-06T18:31:00Z,2026-07-06T18:05:00Z,2026-07-06T18:31:00Z,2026-07-06T13:38:14Z,60.8
amtrak,NER,112,2026-07-06,BAL,Baltimore Penn Station,2026-07-06T12:22:00Z,2026-07-06T12:31:00Z,2026-07-06T12:20:00Z,2026-07-06T12:27:00Z,2026-07-06T13:38:14Z,60.8
amtrak,NER,112,2026-07-06,WAS,Washington Union Station,2026-07-06T11:40:00Z,2026-07-06T11:40:00Z,2026-07-06T11:40:00Z,2026-07-06T11:40:00Z,2026-07-06T13:38:14Z,60.8
amtrak,NER,113,2026-07-06,BAL,Baltimore Penn Station,2026-07-06T13:07:00Z,2026-07-06T13:16:00Z,2026-07-06T13:05:00Z,2026-07-06T13:12:00Z,2026-07-06T13:38:14Z,60.8
amtrak,NER,113,2026-07-06,WAS,Washington Union Station,2026-07-06T13:53:00Z,2026-07-06T13:51:00Z,2026-07-06T13:53:00Z,2026-07-06T13:51:00Z,2026-07-06T13:38:14Z,60.8
amtrak,NER,125,2026-07-06,BAL,Baltimore Penn Station,2026-07-06T18:28:00Z,2026-07-06T18:26:00Z,2026-07-06T18:25:00Z,2026-07-06T18:26:00Z,2026-07-06T13:38:14Z,60.8
amtrak,NER,125,2026-07-06,WAS,Washington Union Station,2026-07-06T19:50:00Z,2026-07-06T19:11:00Z,2026-07-06T19:11:00Z,2026-07-06T19:11:00Z,2026-07-06T13:38:14Z,60.8
amtrak,NER,130,2026-07-06,BAL,Baltimore Penn Station,2026-07-06T11:05:00Z,2026-07-06T12:10:00Z,2026-07-06T11:03:00Z,2026-07-06T12:06:00Z,2026-07-06T13:38:14Z,60.8
amtrak,NER,130,2026-07-06,WAS,Washington Union Station,2026-07-06T10:20:00Z,2026-07-06T11:05:00Z,2026-07-06T10:20:00Z,2026-07-06T11:05:00Z,2026-07-06T13:38:14Z,60.8
amtrak,NER,141,2026-07-06,BAL,Baltimore Penn Station,2026-07-06T15:00:00Z,2026-07-06T15:05:00Z,2026-07-06T14:58:00Z,2026-07-06T15:05:00Z,2026-07-06T13:38:14Z,60.8
amtrak,NER,141,2026-07-06,WAS,Washington Union Station,2026-07-06T15:41:00Z,2026-07-06T15:47:00Z,2026-07-06T15:41:00Z,2026-07-06T15:47:00Z,2026-07-06T13:38:14Z,60.8
amtrak,NER,151,2026-07-06,BAL,Baltimore Penn Station,2026-07-06T10:10:00Z,2026-07-06T10:10:00Z,2026-07-06T10:08:00Z,2026-07-06T10:08:00Z,2026-07-06T13:38:14Z,60.8
amtrak,NER,151,2026-07-06,WAS,Washington Union Station,2026-07-06T11:30:00Z,2026-07-06T11:30:00Z,2026-07-06T10:58:00Z,2026-07-06T10:56:00Z,2026-07-06T13:38:14Z,60.8
amtrak,NER,170,2026-07-06,BAL,Baltimore Penn Station,2026-07-06T09:44:00Z,2026-07-06T09:51:00Z,2026-07-06T09:42:00Z,2026-07-06T09:48:00Z,2026-07-06T13:38:14Z,60.8
amtrak,NER,170,2026-07-06,WAS,Washington Union Station,2026-07-06T09:05:00Z,2026-07-06T09:05:00Z,2026-07-06T09:05:00Z,2026-07-06T09:05:00Z,2026-07-06T13:38:14Z,60.8
amtrak,NER,171,2026-07-06,BAL,Baltimore Penn Station,2026-07-06T19:33:00Z,2026-07-06T19:30:00Z,2026-07-06T19:30:00Z,2026-07-06T19:30:00Z,2026-07-06T13:38:14Z,60.8
amtrak,NER,171,2026-07-06,WAS,Washington Union Station,2026-07-06T21:00:00Z,2026-07-06T20:25:00Z,2026-07-06T20:25:00Z,2026-07-06T20:25:00Z,2026-07-06T13:38:14Z,60.8
amtrak,NER,172,2026-07-06,BAL,Baltimore Penn Station,2026-07-06T11:50:00Z,2026-07-06T12:02:00Z,2026-07-06T11:48:00Z,2026-07-06T11:58:00Z,2026-07-06T13:38:14Z,60.8
amtrak,NER,172,2026-07-06,WAS,Washington Union Station,2026-07-06T11:06:00Z,2026-07-06T11:06:00Z,2026-07-06T11:06:00Z,2026-07-06T11:06:00Z,2026-07-06T13:38:14Z,60.8
amtrak,NER,174,2026-07-06,BAL,Baltimore Penn Station,2026-07-06T15:18:00Z,2026-07-06T15:18:00Z,2026-07-06T15:16:00Z,2026-07-06T15:16:00Z,2026-07-06T13:38:14Z,60.8
amtrak,NER,174,2026-07-06,WAS,Washington Union Station,2026-07-06T14:35:00Z,2026-07-06T14:35:00Z,2026-07-06T14:35:00Z,2026-07-06T14:16:00Z,2026-07-06T13:38:14Z,60.8
amtrak,NER,178,2026-07-06,BAL,Baltimore Penn Station,2026-07-06T20:39:00Z,2026-07-06T20:39:00Z,2026-07-06T20:37:00Z,2026-07-06T20:37:00Z,2026-07-06T13:38:14Z,60.8
amtrak,NER,178,2026-07-06,WAS,Washington Union Station,2026-07-06T19:56:00Z,2026-07-06T19:56:00Z,2026-07-06T18:55:00Z,2026-07-06T18:55:00Z,2026-07-06T13:38:14Z,60.8
amtrak,NER,181,2026-07-06,BAL,Baltimore Penn Station,2026-07-06T12:22:00Z,2026-07-06T12:53:00Z,2026-07-06T12:19:00Z,2026-07-06T12:51:00Z,2026-07-06T13:38:14Z,60.8
amtrak,NER,181,2026-07-06,WAS,Washington Union Station,2026-07-06T13:02:00Z,2026-07-06T13:39:00Z,2026-07-06T13:02:00Z,2026-07-06T13:39:00Z,2026-07-06T13:38:14Z,60.8
amtrak,NER,182,2026-07-06,BAL,Baltimore Penn Station,2026-07-06T14:13:00Z,2026-07-06T14:11:00Z,2026-07-06T14:11:00Z,2026-07-06T14:11:00Z,2026-07-06T13:38:14Z,60.8
amtrak,NER,182,2026-07-06,WAS,Washington Union Station,2026-07-06T13:29:00Z,2026-07-06T13:30:00Z,2026-07-06T13:29:00Z,2026-07-06T13:30:00Z,2026-07-06T13:38:14Z,60.8
amtrak,NER,183,2026-07-06,BAL,Baltimore Penn Station,2026-07-06T14:20:00Z,2026-07-06T14:55:00Z,2026-07-06T14:17:00Z,2026-07-06T14:55:00Z,2026-07-06T13:38:14Z,60.8
amtrak,NER,183,2026-07-06,WAS,Washington Union Station,2026-07-06T15:04:00Z,2026-07-06T15:37:00Z,2026-07-06T15:04:00Z,2026-07-06T15:37:00Z,2026-07-06T13:38:14Z,60.8
amtrak,NER,185,2026-07-06,BAL,Baltimore Penn Station,2026-07-06T16:07:00Z,2026-07-06T16:05:00Z,2026-07-06T16:05:00Z,2026-07-06T16:05:00Z,2026-07-06T13:38:14Z,60.8
amtrak,NER,185,2026-07-06,WAS,Washington Union Station,2026-07-06T16:52:00Z,2026-07-06T16:47:00Z,2026-07-06T16:52:00Z,2026-07-06T16:47:00Z,2026-07-06T13:38:14Z,60.8
marc,11705,Train412,2026-07-06,11958,UNION STATION MARC Washington,2026-07-06T13:00:00Z,2026-07-06T13:01:34Z,NA,NA,2026-07-06T13:41:16Z,60.7
marc,11705,Train412,2026-07-06,12002,PENN STATION MARC nb,NA,NA,2026-07-06T13:56:00Z,2026-07-06T14:02:34Z,2026-07-06T13:41:16Z,60.7
marc,11705,Train423,2026-07-06,11980,PENN STATION MARC sb,2026-07-06T13:00:00Z,2026-07-06T13:00:00Z,NA,NA,2026-07-06T13:41:16Z,60.7
marc,11705,Train423,2026-07-06,11958,UNION STATION MARC Washington,NA,NA,2026-07-06T14:03:00Z,2026-07-06T14:03:51Z,2026-07-06T13:41:16Z,60.7
marc,11705,Train525,2026-07-06,11980,PENN STATION MARC sb,2026-07-06T13:30:00Z,2026-07-06T13:41:21Z,2026-07-06T13:28:00Z,2026-07-06T13:39:21Z,2026-07-06T13:41:16Z,60.7
marc,11705,Train525,2026-07-06,11958,UNION STATION MARC Washington,NA,NA,2026-07-06T14:28:00Z,2026-07-06T14:39:21Z,2026-07-06T13:41:16Z,60.7
marc,11705,Train612,2026-07-06,11958,UNION STATION MARC Washington,2026-07-06T12:20:00Z,2026-07-06T12:21:26Z,NA,NA,2026-07-06T13:41:16Z,60.7
marc,11705,Train612,2026-07-06,12002,PENN STATION MARC nb,2026-07-06T13:20:00Z,2026-07-06T13:24:22Z,2026-07-06T13:17:00Z,2026-07-06T13:23:55Z,2026-07-06T13:41:16Z,60.7
amtrak,NER,66,2026-07-06,BAL,Baltimore Penn Station,2026-07-06T02:51:00Z,2026-07-06T04:56:00Z,2026-07-06T02:49:00Z,2026-07-06T04:50:00Z,2026-07-06T13:41:16Z,60.7
amtrak,NER,66,2026-07-06,WAS,Washington Union Station,2026-07-06T02:00:00Z,2026-07-06T04:06:00Z,2026-07-06T01:28:00Z,2026-07-06T03:25:00Z,2026-07-06T13:41:16Z,60.7
amtrak,NER,67,2026-07-06,BAL,Baltimore Penn Station,2026-07-06T10:04:00Z,NA,2026-07-06T10:02:00Z,NA,2026-07-06T13:41:16Z,60.7
amtrak,NER,67,2026-07-06,WAS,Washington Union Station,2026-07-06T11:20:00Z,2026-07-06T11:34:00Z,2026-07-06T10:54:00Z,2026-07-06T11:34:00Z,2026-07-06T13:41:16Z,60.7
amtrak,NER,85,2026-07-06,BAL,Baltimore Penn Station,2026-07-06T21:50:00Z,2026-07-06T21:50:00Z,2026-07-06T21:47:00Z,2026-07-06T21:47:00Z,2026-07-06T13:41:16Z,60.7
amtrak,NER,85,2026-07-06,WAS,Washington Union Station,2026-07-06T22:39:00Z,2026-07-06T22:39:00Z,2026-07-06T22:39:00Z,2026-07-06T22:28:00Z,2026-07-06T13:41:16Z,60.7
amtrak,NER,86,2026-07-06,BAL,Baltimore Penn Station,2026-07-06T13:32:00Z,2026-07-06T14:35:00Z,2026-07-06T13:30:00Z,2026-07-06T14:35:00Z,2026-07-06T13:41:16Z,60.7
amtrak,NER,86,2026-07-06,WAS,Washington Union Station,2026-07-06T12:50:00Z,2026-07-06T13:38:00Z,2026-07-06T12:18:00Z,2026-07-06T13:38:00Z,2026-07-06T13:41:16Z,60.7
amtrak,NER,93,2026-07-06,BAL,Baltimore Penn Station,2026-07-06T20:39:00Z,2026-07-06T20:37:00Z,2026-07-06T20:37:00Z,2026-07-06T20:37:00Z,2026-07-06T13:41:16Z,60.7
amtrak,NER,93,2026-07-06,WAS,Washington Union Station,2026-07-06T22:05:00Z,2026-07-06T21:25:00Z,2026-07-06T21:25:00Z,2026-07-06T21:25:00Z,2026-07-06T13:41:16Z,60.7
amtrak,NER,94,2026-07-06,BAL,Baltimore Penn Station,2026-07-06T18:43:00Z,2026-07-06T18:41:00Z,2026-07-06T18:41:00Z,2026-07-06T18:41:00Z,2026-07-06T13:41:16Z,60.7
amtrak,NER,94,2026-07-06,WAS,Washington Union Station,2026-07-06T18:00:00Z,2026-07-06T17:23:00Z,2026-07-06T17:23:00Z,2026-07-06T17:23:00Z,2026-07-06T13:41:16Z,60.7
amtrak,NER,95,2026-07-06,BAL,Baltimore Penn Station,2026-07-06T17:23:00Z,2026-07-06T17:51:00Z,2026-07-06T17:14:00Z,2026-07-06T17:51:00Z,2026-07-06T13:41:16Z,60.7
amtrak,NER,95,2026-07-06,WAS,Washington Union Station,2026-07-06T18:35:00Z,2026-07-06T18:31:00Z,2026-07-06T18:05:00Z,2026-07-06T18:31:00Z,2026-07-06T13:41:16Z,60.7
amtrak,NER,112,2026-07-06,BAL,Baltimore Penn Station,2026-07-06T12:22:00Z,2026-07-06T12:31:00Z,2026-07-06T12:20:00Z,2026-07-06T12:27:00Z,2026-07-06T13:41:16Z,60.7
amtrak,NER,112,2026-07-06,WAS,Washington Union Station,2026-07-06T11:40:00Z,2026-07-06T11:40:00Z,2026-07-06T11:40:00Z,2026-07-06T11:40:00Z,2026-07-06T13:41:16Z,60.7
amtrak,NER,113,2026-07-06,BAL,Baltimore Penn Station,2026-07-06T13:07:00Z,2026-07-06T13:16:00Z,2026-07-06T13:05:00Z,2026-07-06T13:12:00Z,2026-07-06T13:41:16Z,60.7
amtrak,NER,113,2026-07-06,WAS,Washington Union Station,2026-07-06T13:53:00Z,2026-07-06T13:51:00Z,2026-07-06T13:53:00Z,2026-07-06T13:51:00Z,2026-07-06T13:41:16Z,60.7
amtrak,NER,125,2026-07-06,BAL,Baltimore Penn Station,2026-07-06T18:28:00Z,2026-07-06T18:26:00Z,2026-07-06T18:25:00Z,2026-07-06T18:26:00Z,2026-07-06T13:41:16Z,60.7
amtrak,NER,125,2026-07-06,WAS,Washington Union Station,2026-07-06T19:50:00Z,2026-07-06T19:11:00Z,2026-07-06T19:11:00Z,2026-07-06T19:11:00Z,2026-07-06T13:41:16Z,60.7
amtrak,NER,130,2026-07-06,BAL,Baltimore Penn Station,2026-07-06T11:05:00Z,2026-07-06T12:10:00Z,2026-07-06T11:03:00Z,2026-07-06T12:06:00Z,2026-07-06T13:41:16Z,60.7
amtrak,NER,130,2026-07-06,WAS,Washington Union Station,2026-07-06T10:20:00Z,2026-07-06T11:05:00Z,2026-07-06T10:20:00Z,2026-07-06T11:05:00Z,2026-07-06T13:41:16Z,60.7
amtrak,NER,141,2026-07-06,BAL,Baltimore Penn Station,2026-07-06T15:00:00Z,2026-07-06T15:05:00Z,2026-07-06T14:58:00Z,2026-07-06T15:05:00Z,2026-07-06T13:41:16Z,60.7
amtrak,NER,141,2026-07-06,WAS,Washington Union Station,2026-07-06T15:41:00Z,2026-07-06T15:47:00Z,2026-07-06T15:41:00Z,2026-07-06T15:47:00Z,2026-07-06T13:41:16Z,60.7
amtrak,NER,151,2026-07-06,BAL,Baltimore Penn Station,2026-07-06T10:10:00Z,2026-07-06T10:10:00Z,2026-07-06T10:08:00Z,2026-07-06T10:08:00Z,2026-07-06T13:41:16Z,60.7
amtrak,NER,151,2026-07-06,WAS,Washington Union Station,2026-07-06T11:30:00Z,2026-07-06T11:30:00Z,2026-07-06T10:58:00Z,2026-07-06T10:56:00Z,2026-07-06T13:41:16Z,60.7
amtrak,NER,170,2026-07-06,BAL,Baltimore Penn Station,2026-07-06T09:44:00Z,2026-07-06T09:51:00Z,2026-07-06T09:42:00Z,2026-07-06T09:48:00Z,2026-07-06T13:41:16Z,60.7
amtrak,NER,170,2026-07-06,WAS,Washington Union Station,2026-07-06T09:05:00Z,2026-07-06T09:05:00Z,2026-07-06T09:05:00Z,2026-07-06T09:05:00Z,2026-07-06T13:41:16Z,60.7
amtrak,NER,171,2026-07-06,BAL,Baltimore Penn Station,2026-07-06T19:33:00Z,2026-07-06T19:30:00Z,2026-07-06T19:30:00Z,2026-07-06T19:30:00Z,2026-07-06T13:41:16Z,60.7
amtrak,NER,171,2026-07-06,WAS,Washington Union Station,2026-07-06T21:00:00Z,2026-07-06T20:25:00Z,2026-07-06T20:25:00Z,2026-07-06T20:25:00Z,2026-07-06T13:41:16Z,60.7
amtrak,NER,172,2026-07-06,BAL,Baltimore Penn Station,2026-07-06T11:50:00Z,2026-07-06T12:02:00Z,2026-07-06T11:48:00Z,2026-07-06T11:58:00Z,2026-07-06T13:41:16Z,60.7
amtrak,NER,172,2026-07-06,WAS,Washington Union Station,2026-07-06T11:06:00Z,2026-07-06T11:06:00Z,2026-07-06T11:06:00Z,2026-07-06T11:06:00Z,2026-07-06T13:41:16Z,60.7
amtrak,NER,174,2026-07-06,BAL,Baltimore Penn Station,2026-07-06T15:18:00Z,2026-07-06T15:18:00Z,2026-07-06T15:16:00Z,2026-07-06T15:16:00Z,2026-07-06T13:41:16Z,60.7
amtrak,NER,174,2026-07-06,WAS,Washington Union Station,2026-07-06T14:35:00Z,2026-07-06T14:35:00Z,2026-07-06T14:35:00Z,2026-07-06T14:16:00Z,2026-07-06T13:41:16Z,60.7
amtrak,NER,178,2026-07-06,BAL,Baltimore Penn Station,2026-07-06T20:39:00Z,2026-07-06T20:37:00Z,2026-07-06T20:37:00Z,2026-07-06T20:37:00Z,2026-07-06T13:41:16Z,60.7
amtrak,NER,178,2026-07-06,WAS,Washington Union Station,2026-07-06T19:56:00Z,2026-07-06T18:55:00Z,2026-07-06T18:55:00Z,2026-07-06T18:55:00Z,2026-07-06T13:41:16Z,60.7
amtrak,NER,181,2026-07-06,BAL,Baltimore Penn Station,2026-07-06T12:22:00Z,2026-07-06T12:53:00Z,2026-07-06T12:19:00Z,2026-07-06T12:51:00Z,2026-07-06T13:41:16Z,60.7
amtrak,NER,181,2026-07-06,WAS,Washington Union Station,2026-07-06T13:02:00Z,2026-07-06T13:39:00Z,2026-07-06T13:02:00Z,2026-07-06T13:39:00Z,2026-07-06T13:41:16Z,60.7
amtrak,NER,182,2026-07-06,BAL,Baltimore Penn Station,2026-07-06T14:13:00Z,2026-07-06T14:11:00Z,2026-07-06T14:11:00Z,2026-07-06T14:11:00Z,2026-07-06T13:41:16Z,60.7
amtrak,NER,182,2026-07-06,WAS,Washington Union Station,2026-07-06T13:29:00Z,2026-07-06T13:30:00Z,2026-07-06T13:29:00Z,2026-07-06T13:30:00Z,2026-07-06T13:41:16Z,60.7
amtrak,NER,183,2026-07-06,BAL,Baltimore Penn Station,2026-07-06T14:20:00Z,2026-07-06T14:55:00Z,2026-07-06T14:17:00Z,2026-07-06T14:55:00Z,2026-07-06T13:41:16Z,60.7
amtrak,NER,183,2026-07-06,WAS,Washington Union Station,2026-07-06T15:04:00Z,2026-07-06T15:37:00Z,2026-07-06T15:04:00Z,2026-07-06T15:37:00Z,2026-07-06T13:41:16Z,60.7
amtrak,NER,185,2026-07-06,BAL,Baltimore Penn Station,2026-07-06T16:07:00Z,2026-07-06T16:05:00Z,2026-07-06T16:05:00Z,2026-07-06T16:05:00Z,2026-07-06T13:41:16Z,60.7
amtrak,NER,185,2026-07-06,WAS,Washington Union Station,2026-07-06T16:52:00Z,2026-07-06T16:47:00Z,2026-07-06T16:52:00Z,2026-07-06T16:47:00Z,2026-07-06T13:41:16Z,60.7
marc,11705,Train412,2026-07-06,11958,UNION STATION MARC Washington,2026-07-06T13:00:00Z,2026-07-06T13:01:34Z,NA,NA,2026-07-06T13:44:17Z,60.7
marc,11705,Train412,2026-07-06,12002,PENN STATION MARC nb,NA,NA,2026-07-06T13:56:00Z,2026-07-06T14:03:35Z,2026-07-06T13:44:17Z,60.7
marc,11705,Train423,2026-07-06,11980,PENN STATION MARC sb,2026-07-06T13:00:00Z,2026-07-06T13:00:00Z,NA,NA,2026-07-06T13:44:17Z,60.7
marc,11705,Train423,2026-07-06,11958,UNION STATION MARC Washington,NA,NA,2026-07-06T14:03:00Z,2026-07-06T14:04:40Z,2026-07-06T13:44:17Z,60.7
marc,11705,Train525,2026-07-06,11980,PENN STATION MARC sb,2026-07-06T13:30:00Z,2026-07-06T13:41:21Z,2026-07-06T13:28:00Z,2026-07-06T13:42:25Z,2026-07-06T13:44:17Z,60.7
marc,11705,Train525,2026-07-06,11958,UNION STATION MARC Washington,NA,NA,2026-07-06T14:28:00Z,2026-07-06T14:39:21Z,2026-07-06T13:44:17Z,60.7
marc,11705,Train612,2026-07-06,11958,UNION STATION MARC Washington,2026-07-06T12:20:00Z,2026-07-06T12:21:26Z,NA,NA,2026-07-06T13:44:17Z,60.7
marc,11705,Train612,2026-07-06,12002,PENN STATION MARC nb,2026-07-06T13:20:00Z,2026-07-06T13:24:22Z,2026-07-06T13:17:00Z,2026-07-06T13:23:55Z,2026-07-06T13:44:17Z,60.7
amtrak,NER,66,2026-07-06,BAL,Baltimore Penn Station,2026-07-06T02:51:00Z,2026-07-06T04:56:00Z,2026-07-06T02:49:00Z,2026-07-06T04:50:00Z,2026-07-06T13:44:17Z,60.7
amtrak,NER,66,2026-07-06,WAS,Washington Union Station,2026-07-06T02:00:00Z,2026-07-06T04:06:00Z,2026-07-06T01:28:00Z,2026-07-06T03:25:00Z,2026-07-06T13:44:17Z,60.7
amtrak,NER,67,2026-07-06,BAL,Baltimore Penn Station,2026-07-06T10:04:00Z,NA,2026-07-06T10:02:00Z,NA,2026-07-06T13:44:17Z,60.7
amtrak,NER,67,2026-07-06,WAS,Washington Union Station,2026-07-06T11:20:00Z,2026-07-06T11:34:00Z,2026-07-06T10:54:00Z,2026-07-06T11:34:00Z,2026-07-06T13:44:17Z,60.7
amtrak,NER,85,2026-07-06,BAL,Baltimore Penn Station,2026-07-06T21:50:00Z,2026-07-06T21:50:00Z,2026-07-06T21:47:00Z,2026-07-06T21:47:00Z,2026-07-06T13:44:17Z,60.7
amtrak,NER,85,2026-07-06,WAS,Washington Union Station,2026-07-06T22:39:00Z,2026-07-06T22:39:00Z,2026-07-06T22:39:00Z,2026-07-06T22:28:00Z,2026-07-06T13:44:17Z,60.7
amtrak,NER,86,2026-07-06,BAL,Baltimore Penn Station,2026-07-06T13:32:00Z,2026-07-06T14:35:00Z,2026-07-06T13:30:00Z,2026-07-06T14:35:00Z,2026-07-06T13:44:17Z,60.7
amtrak,NER,86,2026-07-06,WAS,Washington Union Station,2026-07-06T12:50:00Z,2026-07-06T14:00:00Z,2026-07-06T12:18:00Z,2026-07-06T13:40:00Z,2026-07-06T13:44:17Z,60.7
amtrak,NER,93,2026-07-06,BAL,Baltimore Penn Station,2026-07-06T20:39:00Z,2026-07-06T20:37:00Z,2026-07-06T20:37:00Z,2026-07-06T20:37:00Z,2026-07-06T13:44:17Z,60.7
amtrak,NER,93,2026-07-06,WAS,Washington Union Station,2026-07-06T22:05:00Z,2026-07-06T21:25:00Z,2026-07-06T21:25:00Z,2026-07-06T21:25:00Z,2026-07-06T13:44:17Z,60.7
amtrak,NER,94,2026-07-06,BAL,Baltimore Penn Station,2026-07-06T18:43:00Z,2026-07-06T18:41:00Z,2026-07-06T18:41:00Z,2026-07-06T18:41:00Z,2026-07-06T13:44:17Z,60.7
amtrak,NER,94,2026-07-06,WAS,Washington Union Station,2026-07-06T18:00:00Z,2026-07-06T17:23:00Z,2026-07-06T17:23:00Z,2026-07-06T17:23:00Z,2026-07-06T13:44:17Z,60.7
amtrak,NER,95,2026-07-06,BAL,Baltimore Penn Station,2026-07-06T17:23:00Z,2026-07-06T17:51:00Z,2026-07-06T17:14:00Z,2026-07-06T17:51:00Z,2026-07-06T13:44:17Z,60.7
amtrak,NER,95,2026-07-06,WAS,Washington Union Station,2026-07-06T18:35:00Z,2026-07-06T18:31:00Z,2026-07-06T18:05:00Z,2026-07-06T18:31:00Z,2026-07-06T13:44:17Z,60.7
amtrak,NER,112,2026-07-06,BAL,Baltimore Penn Station,2026-07-06T12:22:00Z,2026-07-06T12:31:00Z,2026-07-06T12:20:00Z,2026-07-06T12:27:00Z,2026-07-06T13:44:17Z,60.7
amtrak,NER,112,2026-07-06,WAS,Washington Union Station,2026-07-06T11:40:00Z,2026-07-06T11:40:00Z,2026-07-06T11:40:00Z,2026-07-06T11:40:00Z,2026-07-06T13:44:17Z,60.7
amtrak,NER,113,2026-07-06,BAL,Baltimore Penn Station,2026-07-06T13:07:00Z,2026-07-06T13:16:00Z,2026-07-06T13:05:00Z,2026-07-06T13:12:00Z,2026-07-06T13:44:17Z,60.7
amtrak,NER,113,2026-07-06,WAS,Washington Union Station,2026-07-06T13:53:00Z,2026-07-06T13:51:00Z,2026-07-06T13:53:00Z,2026-07-06T13:51:00Z,2026-07-06T13:44:17Z,60.7
amtrak,NER,125,2026-07-06,BAL,Baltimore Penn Station,2026-07-06T18:28:00Z,2026-07-06T18:26:00Z,2026-07-06T18:25:00Z,2026-07-06T18:26:00Z,2026-07-06T13:44:17Z,60.7
amtrak,NER,125,2026-07-06,WAS,Washington Union Station,2026-07-06T19:50:00Z,2026-07-06T19:11:00Z,2026-07-06T19:11:00Z,2026-07-06T19:11:00Z,2026-07-06T13:44:17Z,60.7
amtrak,NER,130,2026-07-06,BAL,Baltimore Penn Station,2026-07-06T11:05:00Z,2026-07-06T12:10:00Z,2026-07-06T11:03:00Z,2026-07-06T12:06:00Z,2026-07-06T13:44:17Z,60.7
amtrak,NER,130,2026-07-06,WAS,Washington Union Station,2026-07-06T10:20:00Z,2026-07-06T11:05:00Z,2026-07-06T10:20:00Z,2026-07-06T11:05:00Z,2026-07-06T13:44:17Z,60.7
amtrak,NER,141,2026-07-06,BAL,Baltimore Penn Station,2026-07-06T15:00:00Z,2026-07-06T15:05:00Z,2026-07-06T14:58:00Z,2026-07-06T15:05:00Z,2026-07-06T13:44:17Z,60.7
amtrak,NER,141,2026-07-06,WAS,Washington Union Station,2026-07-06T15:41:00Z,2026-07-06T15:47:00Z,2026-07-06T15:41:00Z,2026-07-06T15:47:00Z,2026-07-06T13:44:17Z,60.7
amtrak,NER,151,2026-07-06,BAL,Baltimore Penn Station,2026-07-06T10:10:00Z,2026-07-06T10:10:00Z,2026-07-06T10:08:00Z,2026-07-06T10:08:00Z,2026-07-06T13:44:17Z,60.7
amtrak,NER,151,2026-07-06,WAS,Washington Union Station,2026-07-06T11:30:00Z,2026-07-06T11:30:00Z,2026-07-06T10:58:00Z,2026-07-06T10:56:00Z,2026-07-06T13:44:17Z,60.7
amtrak,NER,170,2026-07-06,BAL,Baltimore Penn Station,2026-07-06T09:44:00Z,2026-07-06T09:51:00Z,2026-07-06T09:42:00Z,2026-07-06T09:48:00Z,2026-07-06T13:44:17Z,60.7
amtrak,NER,170,2026-07-06,WAS,Washington Union Station,2026-07-06T09:05:00Z,2026-07-06T09:05:00Z,2026-07-06T09:05:00Z,2026-07-06T09:05:00Z,2026-07-06T13:44:17Z,60.7
amtrak,NER,171,2026-07-06,BAL,Baltimore Penn Station,2026-07-06T19:33:00Z,2026-07-06T19:30:00Z,2026-07-06T19:30:00Z,2026-07-06T19:30:00Z,2026-07-06T13:44:17Z,60.7
amtrak,NER,171,2026-07-06,WAS,Washington Union Station,2026-07-06T21:00:00Z,2026-07-06T20:25:00Z,2026-07-06T20:25:00Z,2026-07-06T20:25:00Z,2026-07-06T13:44:17Z,60.7
amtrak,NER,172,2026-07-06,BAL,Baltimore Penn Station,2026-07-06T11:50:00Z,2026-07-06T12:02:00Z,2026-07-06T11:48:00Z,2026-07-06T11:58:00Z,2026-07-06T13:44:17Z,60.7
amtrak,NER,172,2026-07-06,WAS,Washington Union Station,2026-07-06T11:06:00Z,2026-07-06T11:06:00Z,2026-07-06T11:06:00Z,2026-07-06T11:06:00Z,2026-07-06T13:44:17Z,60.7
amtrak,NER,174,2026-07-06,BAL,Baltimore Penn Station,2026-07-06T15:18:00Z,2026-07-06T15:18:00Z,2026-07-06T15:16:00Z,2026-07-06T15:16:00Z,2026-07-06T13:44:17Z,60.7
amtrak,NER,174,2026-07-06,WAS,Washington Union Station,2026-07-06T14:35:00Z,2026-07-06T14:35:00Z,2026-07-06T14:35:00Z,2026-07-06T14:16:00Z,2026-07-06T13:44:17Z,60.7
amtrak,NER,178,2026-07-06,BAL,Baltimore Penn Station,2026-07-06T20:39:00Z,2026-07-06T20:37:00Z,2026-07-06T20:37:00Z,2026-07-06T20:37:00Z,2026-07-06T13:44:17Z,60.7
amtrak,NER,178,2026-07-06,WAS,Washington Union Station,2026-07-06T19:56:00Z,2026-07-06T18:55:00Z,2026-07-06T18:55:00Z,2026-07-06T18:55:00Z,2026-07-06T13:44:17Z,60.7
amtrak,NER,181,2026-07-06,BAL,Baltimore Penn Station,2026-07-06T12:22:00Z,2026-07-06T12:53:00Z,2026-07-06T12:19:00Z,2026-07-06T12:51:00Z,2026-07-06T13:44:17Z,60.7
amtrak,NER,181,2026-07-06,WAS,Washington Union Station,2026-07-06T13:02:00Z,2026-07-06T13:39:00Z,2026-07-06T13:02:00Z,2026-07-06T13:39:00Z,2026-07-06T13:44:17Z,60.7
amtrak,NER,182,2026-07-06,BAL,Baltimore Penn Station,2026-07-06T14:13:00Z,2026-07-06T14:11:00Z,2026-07-06T14:11:00Z,2026-07-06T14:11:00Z,2026-07-06T13:44:17Z,60.7
amtrak,NER,182,2026-07-06,WAS,Washington Union Station,2026-07-06T13:29:00Z,2026-07-06T13:30:00Z,2026-07-06T13:29:00Z,2026-07-06T13:30:00Z,2026-07-06T13:44:17Z,60.7
amtrak,NER,183,2026-07-06,BAL,Baltimore Penn Station,2026-07-06T14:20:00Z,2026-07-06T14:55:00Z,2026-07-06T14:17:00Z,2026-07-06T14:55:00Z,2026-07-06T13:44:17Z,60.7
amtrak,NER,183,2026-07-06,WAS,Washington Union Station,2026-07-06T15:04:00Z,2026-07-06T15:37:00Z,2026-07-06T15:04:00Z,2026-07-06T15:37:00Z,2026-07-06T13:44:17Z,60.7
amtrak,NER,185,2026-07-06,BAL,Baltimore Penn Station,2026-07-06T16:07:00Z,2026-07-06T16:05:00Z,2026-07-06T16:05:00Z,2026-07-06T16:05:00Z,2026-07-06T13:44:17Z,60.7
amtrak,NER,185,2026-07-06,WAS,Washington Union Station,2026-07-06T16:52:00Z,2026-07-06T16:47:00Z,2026-07-06T16:52:00Z,2026-07-06T16:47:00Z,2026-07-06T13:44:17Z,60.7
marc,11705,Train430,2026-07-06,11958,UNION STATION MARC Washington,2026-07-06T20:30:00Z,2026-07-06T20:38:38Z,NA,NA,2026-07-06T20:50:43Z,82
marc,11705,Train430,2026-07-06,12002,PENN STATION MARC nb,NA,NA,2026-07-06T21:29:00Z,2026-07-06T21:38:37Z,2026-07-06T20:50:43Z,82
marc,11705,Train439,2026-07-06,11980,PENN STATION MARC sb,2026-07-06T19:45:00Z,2026-07-06T19:45:39Z,NA,NA,2026-07-06T20:50:43Z,82
marc,11705,Train439,2026-07-06,11958,UNION STATION MARC Washington,NA,NA,2026-07-06T20:45:00Z,2026-07-06T20:55:22Z,2026-07-06T20:50:43Z,82
marc,11705,Train532,2026-07-06,11958,UNION STATION MARC Washington,2026-07-06T20:10:00Z,2026-07-06T20:11:53Z,NA,NA,2026-07-06T20:50:43Z,82
marc,11705,Train532,2026-07-06,12002,PENN STATION MARC nb,2026-07-06T21:01:00Z,2026-07-06T21:01:00Z,2026-07-06T21:00:30Z,2026-07-06T20:58:58Z,2026-07-06T20:50:43Z,82
marc,11705,Train634,2026-07-06,12002,PENN STATION MARC nb,2026-07-06T21:36:00Z,2026-07-06T21:41:06Z,2026-07-06T21:34:50Z,2026-07-06T21:39:56Z,2026-07-06T20:50:43Z,82
marc,11705,Train641,2026-07-06,11980,PENN STATION MARC sb,2026-07-06T20:08:00Z,2026-07-06T20:07:39Z,2026-07-06T20:07:00Z,2026-07-06T19:58:24Z,2026-07-06T20:50:43Z,82
marc,11705,Train641,2026-07-06,11958,UNION STATION MARC Washington,NA,NA,2026-07-06T21:01:00Z,2026-07-06T21:04:12Z,2026-07-06T20:50:43Z,82
amtrak,NER,66,2026-07-06,BAL,Baltimore Penn Station,2026-07-07T02:51:00Z,NA,2026-07-07T02:49:00Z,NA,2026-07-06T20:50:43Z,82
amtrak,NER,66,2026-07-06,WAS,Washington Union Station,2026-07-07T02:00:00Z,NA,2026-07-07T01:28:00Z,NA,2026-07-06T20:50:43Z,82
amtrak,NER,85,2026-07-06,BAL,Baltimore Penn Station,2026-07-06T21:50:00Z,2026-07-06T21:47:00Z,2026-07-06T21:47:00Z,2026-07-06T21:47:00Z,2026-07-06T20:50:43Z,82
amtrak,NER,85,2026-07-06,WAS,Washington Union Station,2026-07-06T22:39:00Z,2026-07-06T22:28:00Z,2026-07-06T22:39:00Z,2026-07-06T22:28:00Z,2026-07-06T20:50:43Z,82
amtrak,NER,86,2026-07-06,BAL,Baltimore Penn Station,2026-07-06T13:32:00Z,2026-07-06T15:02:00Z,2026-07-06T13:30:00Z,2026-07-06T14:59:00Z,2026-07-06T20:50:43Z,82
amtrak,NER,86,2026-07-06,WAS,Washington Union Station,2026-07-06T12:50:00Z,2026-07-06T14:13:00Z,2026-07-06T12:18:00Z,2026-07-06T13:41:00Z,2026-07-06T20:50:43Z,82
amtrak,NER,93,2026-07-06,BAL,Baltimore Penn Station,2026-07-06T20:39:00Z,2026-07-06T21:07:00Z,2026-07-06T20:37:00Z,2026-07-06T21:07:00Z,2026-07-06T20:50:43Z,82
amtrak,NER,93,2026-07-06,WAS,Washington Union Station,2026-07-06T22:05:00Z,2026-07-06T21:49:00Z,2026-07-06T21:25:00Z,2026-07-06T21:49:00Z,2026-07-06T20:50:43Z,82
amtrak,NER,94,2026-07-06,BAL,Baltimore Penn Station,2026-07-06T18:43:00Z,2026-07-06T18:50:00Z,2026-07-06T18:41:00Z,2026-07-06T18:47:00Z,2026-07-06T20:50:43Z,82
amtrak,NER,94,2026-07-06,WAS,Washington Union Station,2026-07-06T18:00:00Z,2026-07-06T18:02:00Z,2026-07-06T17:23:00Z,2026-07-06T17:39:00Z,2026-07-06T20:50:43Z,82
amtrak,NER,95,2026-07-06,BAL,Baltimore Penn Station,2026-07-06T17:23:00Z,2026-07-06T19:20:00Z,2026-07-06T17:14:00Z,2026-07-06T19:14:00Z,2026-07-06T20:50:43Z,82
amtrak,NER,95,2026-07-06,WAS,Washington Union Station,2026-07-06T18:35:00Z,2026-07-06T20:43:00Z,2026-07-06T18:05:00Z,2026-07-06T20:09:00Z,2026-07-06T20:50:43Z,82
amtrak,NER,125,2026-07-06,BAL,Baltimore Penn Station,2026-07-06T18:28:00Z,2026-07-06T18:54:00Z,2026-07-06T18:25:00Z,2026-07-06T18:49:00Z,2026-07-06T20:50:43Z,82
amtrak,NER,125,2026-07-06,WAS,Washington Union Station,2026-07-06T19:50:00Z,2026-07-06T19:59:00Z,2026-07-06T19:11:00Z,2026-07-06T19:32:00Z,2026-07-06T20:50:43Z,82
amtrak,NER,129,2026-07-06,BAL,Baltimore Penn Station,2026-07-06T23:18:00Z,2026-07-06T23:12:00Z,2026-07-06T23:12:00Z,2026-07-06T23:12:00Z,2026-07-06T20:50:43Z,82
amtrak,NER,129,2026-07-06,WAS,Washington Union Station,2026-07-07T00:01:00Z,2026-07-06T23:55:00Z,2026-07-07T00:01:00Z,2026-07-06T23:55:00Z,2026-07-06T20:50:43Z,82
amtrak,NER,136,2026-07-06,BAL,Baltimore Penn Station,2026-07-06T21:43:00Z,2026-07-06T21:43:00Z,2026-07-06T21:41:00Z,2026-07-06T21:41:00Z,2026-07-06T20:50:43Z,82
amtrak,NER,136,2026-07-06,WAS,Washington Union Station,2026-07-06T21:00:00Z,2026-07-06T21:00:00Z,2026-07-06T21:00:00Z,2026-07-06T21:00:00Z,2026-07-06T20:50:43Z,82
amtrak,NER,137,2026-07-06,BAL,Baltimore Penn Station,2026-07-07T01:02:00Z,2026-07-07T01:00:00Z,2026-07-07T01:00:00Z,2026-07-07T01:00:00Z,2026-07-06T20:50:43Z,82
amtrak,NER,137,2026-07-06,WAS,Washington Union Station,2026-07-07T01:53:00Z,2026-07-07T01:39:00Z,2026-07-07T01:53:00Z,2026-07-07T01:39:00Z,2026-07-06T20:50:43Z,82
amtrak,NER,138,2026-07-06,BAL,Baltimore Penn Station,2026-07-06T23:18:00Z,2026-07-06T23:16:00Z,2026-07-06T23:16:00Z,2026-07-06T23:16:00Z,2026-07-06T20:50:43Z,82
amtrak,NER,138,2026-07-06,WAS,Washington Union Station,2026-07-06T22:35:00Z,2026-07-06T21:55:00Z,2026-07-06T21:42:00Z,2026-07-06T21:55:00Z,2026-07-06T20:50:43Z,82
amtrak,NER,148,2026-07-06,BAL,Baltimore Penn Station,2026-07-06T19:38:00Z,2026-07-06T19:41:00Z,2026-07-06T19:36:00Z,2026-07-06T19:38:00Z,2026-07-06T20:50:43Z,82
amtrak,NER,148,2026-07-06,WAS,Washington Union Station,2026-07-06T18:55:00Z,2026-07-06T18:55:00Z,2026-07-06T18:55:00Z,2026-07-06T18:55:00Z,2026-07-06T20:50:43Z,82
amtrak,NER,171,2026-07-06,BAL,Baltimore Penn Station,2026-07-06T19:33:00Z,2026-07-06T20:48:00Z,2026-07-06T19:30:00Z,2026-07-06T20:48:00Z,2026-07-06T20:50:43Z,82
amtrak,NER,171,2026-07-06,WAS,Washington Union Station,2026-07-06T21:00:00Z,2026-07-06T21:26:00Z,2026-07-06T20:25:00Z,2026-07-06T21:26:00Z,2026-07-06T20:50:43Z,82
amtrak,NER,173,2026-07-06,BAL,Baltimore Penn Station,2026-07-06T22:49:00Z,2026-07-06T23:11:00Z,2026-07-06T22:46:00Z,2026-07-06T23:11:00Z,2026-07-06T20:50:43Z,82
amtrak,NER,173,2026-07-06,WAS,Washington Union Station,2026-07-06T23:38:00Z,2026-07-06T23:47:00Z,2026-07-06T23:38:00Z,2026-07-06T23:47:00Z,2026-07-06T20:50:43Z,82
amtrak,NER,174,2026-07-06,BAL,Baltimore Penn Station,2026-07-06T15:18:00Z,2026-07-06T15:19:00Z,2026-07-06T15:16:00Z,2026-07-06T15:17:00Z,2026-07-06T20:50:43Z,82
amtrak,NER,174,2026-07-06,WAS,Washington Union Station,2026-07-06T14:35:00Z,2026-07-06T14:35:00Z,2026-07-06T14:35:00Z,2026-07-06T14:35:00Z,2026-07-06T20:50:43Z,82
amtrak,NER,175,2026-07-06,BAL,Baltimore Penn Station,2026-07-07T02:38:00Z,2026-07-07T02:35:00Z,2026-07-07T02:35:00Z,2026-07-07T02:35:00Z,2026-07-06T20:50:43Z,82
amtrak,NER,175,2026-07-06,WAS,Washington Union Station,2026-07-07T03:19:00Z,2026-07-07T03:15:00Z,2026-07-07T03:19:00Z,2026-07-07T03:15:00Z,2026-07-06T20:50:43Z,82
amtrak,NER,176,2026-07-06,BAL,Baltimore Penn Station,2026-07-06T20:08:00Z,2026-07-06T20:47:00Z,2026-07-06T20:06:00Z,2026-07-06T20:42:00Z,2026-07-06T20:50:43Z,82
amtrak,NER,176,2026-07-06,WAS,Washington Union Station,2026-07-06T19:30:00Z,2026-07-06T19:51:00Z,2026-07-06T19:30:00Z,2026-07-06T19:51:00Z,2026-07-06T20:50:43Z,82
amtrak,NER,178,2026-07-06,BAL,Baltimore Penn Station,2026-07-06T20:39:00Z,2026-07-06T20:51:00Z,2026-07-06T20:37:00Z,2026-07-06T20:42:00Z,2026-07-06T20:50:43Z,82
amtrak,NER,178,2026-07-06,WAS,Washington Union Station,2026-07-06T19:56:00Z,2026-07-06T20:21:00Z,2026-07-06T18:55:00Z,2026-07-06T20:00:00Z,2026-07-06T20:50:43Z,82
amtrak,NER,184,2026-07-06,BAL,Baltimore Penn Station,2026-07-06T17:54:00Z,2026-07-06T18:05:00Z,2026-07-06T17:52:00Z,2026-07-06T17:57:00Z,2026-07-06T20:50:43Z,82
amtrak,NER,184,2026-07-06,WAS,Washington Union Station,2026-07-06T17:20:00Z,2026-07-06T17:20:00Z,2026-07-06T17:20:00Z,2026-07-06T17:20:00Z,2026-07-06T20:50:43Z,82
amtrak,NER,186,2026-07-06,BAL,Baltimore Penn Station,2026-07-07T01:14:00Z,2026-07-07T01:12:00Z,2026-07-07T01:12:00Z,2026-07-07T01:12:00Z,2026-07-06T20:50:43Z,82
amtrak,NER,186,2026-07-06,WAS,Washington Union Station,2026-07-07T00:30:00Z,2026-07-06T23:57:00Z,2026-07-06T23:55:00Z,2026-07-06T23:57:00Z,2026-07-06T20:50:43Z,82
marc,11705,Train430,2026-07-06,11958,UNION STATION MARC Washington,2026-07-06T20:30:00Z,2026-07-06T20:38:38Z,NA,NA,2026-07-06T20:53:44Z,77.3
marc,11705,Train430,2026-07-06,12002,PENN STATION MARC nb,NA,NA,2026-07-06T21:29:00Z,2026-07-06T21:38:37Z,2026-07-06T20:53:44Z,77.3
marc,11705,Train439,2026-07-06,11980,PENN STATION MARC sb,2026-07-06T19:45:00Z,2026-07-06T19:45:39Z,NA,NA,2026-07-06T20:53:44Z,77.3
marc,11705,Train439,2026-07-06,11958,UNION STATION MARC Washington,NA,NA,2026-07-06T20:45:00Z,2026-07-06T20:55:22Z,2026-07-06T20:53:44Z,77.3
marc,11705,Train443,2026-07-06,11958,UNION STATION MARC Washington,NA,NA,2026-07-06T21:51:00Z,2026-07-06T21:51:00Z,2026-07-06T20:53:44Z,77.3
marc,11705,Train532,2026-07-06,11958,UNION STATION MARC Washington,2026-07-06T20:10:00Z,2026-07-06T20:11:53Z,NA,NA,2026-07-06T20:53:44Z,77.3
marc,11705,Train532,2026-07-06,12002,PENN STATION MARC nb,2026-07-06T21:01:00Z,2026-07-06T21:01:00Z,2026-07-06T21:00:30Z,2026-07-06T20:59:03Z,2026-07-06T20:53:44Z,77.3
marc,11705,Train634,2026-07-06,12002,PENN STATION MARC nb,2026-07-06T21:36:00Z,2026-07-06T21:44:06Z,2026-07-06T21:34:50Z,2026-07-06T21:42:56Z,2026-07-06T20:53:44Z,77.3
marc,11705,Train641,2026-07-06,11980,PENN STATION MARC sb,2026-07-06T20:08:00Z,2026-07-06T20:07:39Z,2026-07-06T20:07:00Z,2026-07-06T19:58:24Z,2026-07-06T20:53:44Z,77.3
marc,11705,Train641,2026-07-06,11958,UNION STATION MARC Washington,NA,NA,2026-07-06T21:01:00Z,2026-07-06T21:04:34Z,2026-07-06T20:53:44Z,77.3
amtrak,NER,66,2026-07-06,BAL,Baltimore Penn Station,2026-07-07T02:51:00Z,NA,2026-07-07T02:49:00Z,NA,2026-07-06T20:53:44Z,77.3
amtrak,NER,66,2026-07-06,WAS,Washington Union Station,2026-07-07T02:00:00Z,NA,2026-07-07T01:28:00Z,NA,2026-07-06T20:53:44Z,77.3
amtrak,NER,85,2026-07-06,BAL,Baltimore Penn Station,2026-07-06T21:50:00Z,2026-07-06T21:47:00Z,2026-07-06T21:47:00Z,2026-07-06T21:47:00Z,2026-07-06T20:53:44Z,77.3
amtrak,NER,85,2026-07-06,WAS,Washington Union Station,2026-07-06T22:39:00Z,2026-07-06T22:28:00Z,2026-07-06T22:39:00Z,2026-07-06T22:28:00Z,2026-07-06T20:53:44Z,77.3
amtrak,NER,86,2026-07-06,BAL,Baltimore Penn Station,2026-07-06T13:32:00Z,2026-07-06T15:02:00Z,2026-07-06T13:30:00Z,2026-07-06T14:59:00Z,2026-07-06T20:53:44Z,77.3
amtrak,NER,86,2026-07-06,WAS,Washington Union Station,2026-07-06T12:50:00Z,2026-07-06T14:13:00Z,2026-07-06T12:18:00Z,2026-07-06T13:41:00Z,2026-07-06T20:53:44Z,77.3
amtrak,NER,93,2026-07-06,BAL,Baltimore Penn Station,2026-07-06T20:39:00Z,2026-07-06T21:07:00Z,2026-07-06T20:37:00Z,2026-07-06T21:07:00Z,2026-07-06T20:53:44Z,77.3
amtrak,NER,93,2026-07-06,WAS,Washington Union Station,2026-07-06T22:05:00Z,2026-07-06T21:49:00Z,2026-07-06T21:25:00Z,2026-07-06T21:49:00Z,2026-07-06T20:53:44Z,77.3
amtrak,NER,94,2026-07-06,BAL,Baltimore Penn Station,2026-07-06T18:43:00Z,2026-07-06T18:50:00Z,2026-07-06T18:41:00Z,2026-07-06T18:47:00Z,2026-07-06T20:53:44Z,77.3
amtrak,NER,94,2026-07-06,WAS,Washington Union Station,2026-07-06T18:00:00Z,2026-07-06T18:02:00Z,2026-07-06T17:23:00Z,2026-07-06T17:39:00Z,2026-07-06T20:53:44Z,77.3
amtrak,NER,95,2026-07-06,BAL,Baltimore Penn Station,2026-07-06T17:23:00Z,2026-07-06T19:20:00Z,2026-07-06T17:14:00Z,2026-07-06T19:14:00Z,2026-07-06T20:53:44Z,77.3
amtrak,NER,95,2026-07-06,WAS,Washington Union Station,2026-07-06T18:35:00Z,2026-07-06T20:43:00Z,2026-07-06T18:05:00Z,2026-07-06T20:09:00Z,2026-07-06T20:53:44Z,77.3
amtrak,NER,125,2026-07-06,BAL,Baltimore Penn Station,2026-07-06T18:28:00Z,2026-07-06T18:54:00Z,2026-07-06T18:25:00Z,2026-07-06T18:49:00Z,2026-07-06T20:53:44Z,77.3
amtrak,NER,125,2026-07-06,WAS,Washington Union Station,2026-07-06T19:50:00Z,2026-07-06T19:59:00Z,2026-07-06T19:11:00Z,2026-07-06T19:32:00Z,2026-07-06T20:53:44Z,77.3
amtrak,NER,129,2026-07-06,BAL,Baltimore Penn Station,2026-07-06T23:18:00Z,2026-07-06T23:12:00Z,2026-07-06T23:12:00Z,2026-07-06T23:12:00Z,2026-07-06T20:53:44Z,77.3
amtrak,NER,129,2026-07-06,WAS,Washington Union Station,2026-07-07T00:01:00Z,2026-07-06T23:55:00Z,2026-07-07T00:01:00Z,2026-07-06T23:55:00Z,2026-07-06T20:53:44Z,77.3
amtrak,NER,136,2026-07-06,BAL,Baltimore Penn Station,2026-07-06T21:43:00Z,2026-07-06T21:43:00Z,2026-07-06T21:41:00Z,2026-07-06T21:41:00Z,2026-07-06T20:53:44Z,77.3
amtrak,NER,136,2026-07-06,WAS,Washington Union Station,2026-07-06T21:00:00Z,2026-07-06T21:00:00Z,2026-07-06T21:00:00Z,2026-07-06T21:00:00Z,2026-07-06T20:53:44Z,77.3
amtrak,NER,137,2026-07-06,BAL,Baltimore Penn Station,2026-07-07T01:02:00Z,2026-07-07T01:00:00Z,2026-07-07T01:00:00Z,2026-07-07T01:00:00Z,2026-07-06T20:53:44Z,77.3
amtrak,NER,137,2026-07-06,WAS,Washington Union Station,2026-07-07T01:53:00Z,2026-07-07T01:39:00Z,2026-07-07T01:53:00Z,2026-07-07T01:39:00Z,2026-07-06T20:53:44Z,77.3
amtrak,NER,138,2026-07-06,BAL,Baltimore Penn Station,2026-07-06T23:18:00Z,2026-07-06T23:16:00Z,2026-07-06T23:16:00Z,2026-07-06T23:16:00Z,2026-07-06T20:53:44Z,77.3
amtrak,NER,138,2026-07-06,WAS,Washington Union Station,2026-07-06T22:35:00Z,2026-07-06T21:55:00Z,2026-07-06T21:42:00Z,2026-07-06T21:55:00Z,2026-07-06T20:53:44Z,77.3
amtrak,NER,148,2026-07-06,BAL,Baltimore Penn Station,2026-07-06T19:38:00Z,2026-07-06T19:41:00Z,2026-07-06T19:36:00Z,2026-07-06T19:38:00Z,2026-07-06T20:53:44Z,77.3
amtrak,NER,148,2026-07-06,WAS,Washington Union Station,2026-07-06T18:55:00Z,2026-07-06T18:55:00Z,2026-07-06T18:55:00Z,2026-07-06T18:55:00Z,2026-07-06T20:53:44Z,77.3
amtrak,NER,171,2026-07-06,BAL,Baltimore Penn Station,2026-07-06T19:33:00Z,2026-07-06T20:53:00Z,2026-07-06T19:30:00Z,2026-07-06T20:49:00Z,2026-07-06T20:53:44Z,77.3
amtrak,NER,171,2026-07-06,WAS,Washington Union Station,2026-07-06T21:00:00Z,2026-07-06T21:29:00Z,2026-07-06T20:25:00Z,2026-07-06T21:29:00Z,2026-07-06T20:53:44Z,77.3
amtrak,NER,173,2026-07-06,BAL,Baltimore Penn Station,2026-07-06T22:49:00Z,2026-07-06T23:11:00Z,2026-07-06T22:46:00Z,2026-07-06T23:11:00Z,2026-07-06T20:53:44Z,77.3
amtrak,NER,173,2026-07-06,WAS,Washington Union Station,2026-07-06T23:38:00Z,2026-07-06T23:47:00Z,2026-07-06T23:38:00Z,2026-07-06T23:47:00Z,2026-07-06T20:53:44Z,77.3
amtrak,NER,174,2026-07-06,BAL,Baltimore Penn Station,2026-07-06T15:18:00Z,2026-07-06T15:19:00Z,2026-07-06T15:16:00Z,2026-07-06T15:17:00Z,2026-07-06T20:53:44Z,77.3
amtrak,NER,174,2026-07-06,WAS,Washington Union Station,2026-07-06T14:35:00Z,2026-07-06T14:35:00Z,2026-07-06T14:35:00Z,2026-07-06T14:35:00Z,2026-07-06T20:53:44Z,77.3
amtrak,NER,175,2026-07-06,BAL,Baltimore Penn Station,2026-07-07T02:38:00Z,2026-07-07T02:35:00Z,2026-07-07T02:35:00Z,2026-07-07T02:35:00Z,2026-07-06T20:53:44Z,77.3
amtrak,NER,175,2026-07-06,WAS,Washington Union Station,2026-07-07T03:19:00Z,2026-07-07T03:15:00Z,2026-07-07T03:19:00Z,2026-07-07T03:15:00Z,2026-07-06T20:53:44Z,77.3
amtrak,NER,176,2026-07-06,BAL,Baltimore Penn Station,2026-07-06T20:08:00Z,2026-07-06T20:48:00Z,2026-07-06T20:06:00Z,2026-07-06T20:42:00Z,2026-07-06T20:53:44Z,77.3
amtrak,NER,176,2026-07-06,WAS,Washington Union Station,2026-07-06T19:30:00Z,2026-07-06T19:51:00Z,2026-07-06T19:30:00Z,2026-07-06T19:51:00Z,2026-07-06T20:53:44Z,77.3
amtrak,NER,178,2026-07-06,BAL,Baltimore Penn Station,2026-07-06T20:39:00Z,2026-07-06T20:47:00Z,2026-07-06T20:37:00Z,2026-07-06T20:42:00Z,2026-07-06T20:53:44Z,77.3
amtrak,NER,178,2026-07-06,WAS,Washington Union Station,2026-07-06T19:56:00Z,2026-07-06T20:21:00Z,2026-07-06T18:55:00Z,2026-07-06T20:00:00Z,2026-07-06T20:53:44Z,77.3
amtrak,NER,184,2026-07-06,BAL,Baltimore Penn Station,2026-07-06T17:54:00Z,2026-07-06T18:05:00Z,2026-07-06T17:52:00Z,2026-07-06T17:57:00Z,2026-07-06T20:53:44Z,77.3
amtrak,NER,184,2026-07-06,WAS,Washington Union Station,2026-07-06T17:20:00Z,2026-07-06T17:20:00Z,2026-07-06T17:20:00Z,2026-07-06T17:20:00Z,2026-07-06T20:53:44Z,77.3
amtrak,NER,186,2026-07-06,BAL,Baltimore Penn Station,2026-07-07T01:14:00Z,2026-07-07T01:12:00Z,2026-07-07T01:12:00Z,2026-07-07T01:12:00Z,2026-07-06T20:53:44Z,77.3
amtrak,NER,186,2026-07-06,WAS,Washington Union Station,2026-07-07T00:30:00Z,2026-07-06T23:57:00Z,2026-07-06T23:55:00Z,2026-07-06T23:57:00Z,2026-07-06T20:53:44Z,77.3
marc,11705,Train430,2026-07-06,11958,UNION STATION MARC Washington,2026-07-06T20:30:00Z,2026-07-06T20:38:38Z,NA,NA,2026-07-06T20:56:46Z,78.9
marc,11705,Train430,2026-07-06,12002,PENN STATION MARC nb,NA,NA,2026-07-06T21:29:00Z,2026-07-06T21:40:45Z,2026-07-06T20:56:46Z,78.9
marc,11705,Train443,2026-07-06,11958,UNION STATION MARC Washington,NA,NA,2026-07-06T21:51:00Z,2026-07-06T21:55:26Z,2026-07-06T20:56:46Z,78.9
marc,11705,Train532,2026-07-06,11958,UNION STATION MARC Washington,2026-07-06T20:10:00Z,2026-07-06T20:11:53Z,NA,NA,2026-07-06T20:56:46Z,78.9
marc,11705,Train532,2026-07-06,12002,PENN STATION MARC nb,2026-07-06T21:01:00Z,2026-07-06T21:01:00Z,2026-07-06T21:00:30Z,2026-07-06T20:59:10Z,2026-07-06T20:56:46Z,78.9
marc,11705,Train634,2026-07-06,12002,PENN STATION MARC nb,2026-07-06T21:36:00Z,2026-07-06T21:47:24Z,2026-07-06T21:34:50Z,2026-07-06T21:46:14Z,2026-07-06T20:56:46Z,78.9
marc,11705,Train641,2026-07-06,11980,PENN STATION MARC sb,2026-07-06T20:08:00Z,2026-07-06T20:07:39Z,2026-07-06T20:07:00Z,2026-07-06T19:58:24Z,2026-07-06T20:56:46Z,78.9
marc,11705,Train641,2026-07-06,11958,UNION STATION MARC Washington,NA,NA,2026-07-06T21:01:00Z,2026-07-06T21:01:18Z,2026-07-06T20:56:46Z,78.9
amtrak,NER,66,2026-07-06,BAL,Baltimore Penn Station,2026-07-07T02:51:00Z,NA,2026-07-07T02:49:00Z,NA,2026-07-06T20:56:46Z,78.9
amtrak,NER,66,2026-07-06,WAS,Washington Union Station,2026-07-07T02:00:00Z,NA,2026-07-07T01:28:00Z,NA,2026-07-06T20:56:46Z,78.9
amtrak,NER,85,2026-07-06,BAL,Baltimore Penn Station,2026-07-06T21:50:00Z,2026-07-06T21:47:00Z,2026-07-06T21:47:00Z,2026-07-06T21:47:00Z,2026-07-06T20:56:46Z,78.9
amtrak,NER,85,2026-07-06,WAS,Washington Union Station,2026-07-06T22:39:00Z,2026-07-06T22:28:00Z,2026-07-06T22:39:00Z,2026-07-06T22:28:00Z,2026-07-06T20:56:46Z,78.9
amtrak,NER,86,2026-07-06,BAL,Baltimore Penn Station,2026-07-06T13:32:00Z,2026-07-06T15:02:00Z,2026-07-06T13:30:00Z,2026-07-06T14:59:00Z,2026-07-06T20:56:46Z,78.9
amtrak,NER,86,2026-07-06,WAS,Washington Union Station,2026-07-06T12:50:00Z,2026-07-06T14:13:00Z,2026-07-06T12:18:00Z,2026-07-06T13:41:00Z,2026-07-06T20:56:46Z,78.9
amtrak,NER,93,2026-07-06,BAL,Baltimore Penn Station,2026-07-06T20:39:00Z,2026-07-06T21:07:00Z,2026-07-06T20:37:00Z,2026-07-06T21:07:00Z,2026-07-06T20:56:46Z,78.9
amtrak,NER,93,2026-07-06,WAS,Washington Union Station,2026-07-06T22:05:00Z,2026-07-06T21:49:00Z,2026-07-06T21:25:00Z,2026-07-06T21:49:00Z,2026-07-06T20:56:46Z,78.9
amtrak,NER,94,2026-07-06,BAL,Baltimore Penn Station,2026-07-06T18:43:00Z,2026-07-06T18:50:00Z,2026-07-06T18:41:00Z,2026-07-06T18:47:00Z,2026-07-06T20:56:46Z,78.9
amtrak,NER,94,2026-07-06,WAS,Washington Union Station,2026-07-06T18:00:00Z,2026-07-06T18:02:00Z,2026-07-06T17:23:00Z,2026-07-06T17:39:00Z,2026-07-06T20:56:46Z,78.9
amtrak,NER,95,2026-07-06,BAL,Baltimore Penn Station,2026-07-06T17:23:00Z,2026-07-06T19:20:00Z,2026-07-06T17:14:00Z,2026-07-06T19:14:00Z,2026-07-06T20:56:46Z,78.9
amtrak,NER,95,2026-07-06,WAS,Washington Union Station,2026-07-06T18:35:00Z,2026-07-06T20:43:00Z,2026-07-06T18:05:00Z,2026-07-06T20:09:00Z,2026-07-06T20:56:46Z,78.9
amtrak,NER,125,2026-07-06,BAL,Baltimore Penn Station,2026-07-06T18:28:00Z,2026-07-06T18:54:00Z,2026-07-06T18:25:00Z,2026-07-06T18:49:00Z,2026-07-06T20:56:46Z,78.9
amtrak,NER,125,2026-07-06,WAS,Washington Union Station,2026-07-06T19:50:00Z,2026-07-06T19:59:00Z,2026-07-06T19:11:00Z,2026-07-06T19:32:00Z,2026-07-06T20:56:46Z,78.9
amtrak,NER,129,2026-07-06,BAL,Baltimore Penn Station,2026-07-06T23:18:00Z,2026-07-06T23:12:00Z,2026-07-06T23:12:00Z,2026-07-06T23:12:00Z,2026-07-06T20:56:46Z,78.9
amtrak,NER,129,2026-07-06,WAS,Washington Union Station,2026-07-07T00:01:00Z,2026-07-06T23:55:00Z,2026-07-07T00:01:00Z,2026-07-06T23:55:00Z,2026-07-06T20:56:46Z,78.9
amtrak,NER,136,2026-07-06,BAL,Baltimore Penn Station,2026-07-06T21:43:00Z,2026-07-06T21:43:00Z,2026-07-06T21:41:00Z,2026-07-06T21:41:00Z,2026-07-06T20:56:46Z,78.9
amtrak,NER,136,2026-07-06,WAS,Washington Union Station,2026-07-06T21:00:00Z,2026-07-06T21:00:00Z,2026-07-06T21:00:00Z,2026-07-06T21:00:00Z,2026-07-06T20:56:46Z,78.9
amtrak,NER,137,2026-07-06,BAL,Baltimore Penn Station,2026-07-07T01:02:00Z,2026-07-07T01:00:00Z,2026-07-07T01:00:00Z,2026-07-07T01:00:00Z,2026-07-06T20:56:46Z,78.9
amtrak,NER,137,2026-07-06,WAS,Washington Union Station,2026-07-07T01:53:00Z,2026-07-07T01:39:00Z,2026-07-07T01:53:00Z,2026-07-07T01:39:00Z,2026-07-06T20:56:46Z,78.9
amtrak,NER,138,2026-07-06,BAL,Baltimore Penn Station,2026-07-06T23:18:00Z,2026-07-06T23:16:00Z,2026-07-06T23:16:00Z,2026-07-06T23:16:00Z,2026-07-06T20:56:46Z,78.9
amtrak,NER,138,2026-07-06,WAS,Washington Union Station,2026-07-06T22:35:00Z,2026-07-06T21:58:00Z,2026-07-06T21:42:00Z,2026-07-06T21:58:00Z,2026-07-06T20:56:46Z,78.9
amtrak,NER,148,2026-07-06,BAL,Baltimore Penn Station,2026-07-06T19:38:00Z,2026-07-06T19:41:00Z,2026-07-06T19:36:00Z,2026-07-06T19:38:00Z,2026-07-06T20:56:46Z,78.9
amtrak,NER,148,2026-07-06,WAS,Washington Union Station,2026-07-06T18:55:00Z,2026-07-06T18:55:00Z,2026-07-06T18:55:00Z,2026-07-06T18:55:00Z,2026-07-06T20:56:46Z,78.9
amtrak,NER,171,2026-07-06,BAL,Baltimore Penn Station,2026-07-06T19:33:00Z,2026-07-06T20:53:00Z,2026-07-06T19:30:00Z,2026-07-06T20:49:00Z,2026-07-06T20:56:46Z,78.9
amtrak,NER,171,2026-07-06,WAS,Washington Union Station,2026-07-06T21:00:00Z,2026-07-06T21:29:00Z,2026-07-06T20:25:00Z,2026-07-06T21:29:00Z,2026-07-06T20:56:46Z,78.9
amtrak,NER,173,2026-07-06,BAL,Baltimore Penn Station,2026-07-06T22:49:00Z,2026-07-06T23:11:00Z,2026-07-06T22:46:00Z,2026-07-06T23:11:00Z,2026-07-06T20:56:46Z,78.9
amtrak,NER,173,2026-07-06,WAS,Washington Union Station,2026-07-06T23:38:00Z,2026-07-06T23:47:00Z,2026-07-06T23:38:00Z,2026-07-06T23:47:00Z,2026-07-06T20:56:46Z,78.9
amtrak,NER,174,2026-07-06,BAL,Baltimore Penn Station,2026-07-06T15:18:00Z,2026-07-06T15:19:00Z,2026-07-06T15:16:00Z,2026-07-06T15:17:00Z,2026-07-06T20:56:46Z,78.9
amtrak,NER,174,2026-07-06,WAS,Washington Union Station,2026-07-06T14:35:00Z,2026-07-06T14:35:00Z,2026-07-06T14:35:00Z,2026-07-06T14:35:00Z,2026-07-06T20:56:46Z,78.9
amtrak,NER,175,2026-07-06,BAL,Baltimore Penn Station,2026-07-07T02:38:00Z,2026-07-07T02:35:00Z,2026-07-07T02:35:00Z,2026-07-07T02:35:00Z,2026-07-06T20:56:46Z,78.9
amtrak,NER,175,2026-07-06,WAS,Washington Union Station,2026-07-07T03:19:00Z,2026-07-07T03:15:00Z,2026-07-07T03:19:00Z,2026-07-07T03:15:00Z,2026-07-06T20:56:46Z,78.9
amtrak,NER,176,2026-07-06,BAL,Baltimore Penn Station,2026-07-06T20:08:00Z,2026-07-06T20:48:00Z,2026-07-06T20:06:00Z,2026-07-06T20:42:00Z,2026-07-06T20:56:46Z,78.9
amtrak,NER,176,2026-07-06,WAS,Washington Union Station,2026-07-06T19:30:00Z,2026-07-06T19:51:00Z,2026-07-06T19:30:00Z,2026-07-06T19:51:00Z,2026-07-06T20:56:46Z,78.9
amtrak,NER,178,2026-07-06,BAL,Baltimore Penn Station,2026-07-06T20:39:00Z,2026-07-06T20:47:00Z,2026-07-06T20:37:00Z,2026-07-06T20:42:00Z,2026-07-06T20:56:46Z,78.9
amtrak,NER,178,2026-07-06,WAS,Washington Union Station,2026-07-06T19:56:00Z,2026-07-06T20:21:00Z,2026-07-06T18:55:00Z,2026-07-06T20:00:00Z,2026-07-06T20:56:46Z,78.9
amtrak,NER,184,2026-07-06,BAL,Baltimore Penn Station,2026-07-06T17:54:00Z,2026-07-06T18:05:00Z,2026-07-06T17:52:00Z,2026-07-06T17:57:00Z,2026-07-06T20:56:46Z,78.9
amtrak,NER,184,2026-07-06,WAS,Washington Union Station,2026-07-06T17:20:00Z,2026-07-06T17:20:00Z,2026-07-06T17:20:00Z,2026-07-06T17:20:00Z,2026-07-06T20:56:46Z,78.9
amtrak,NER,186,2026-07-06,BAL,Baltimore Penn Station,2026-07-07T01:14:00Z,2026-07-07T01:12:00Z,2026-07-07T01:12:00Z,2026-07-07T01:12:00Z,2026-07-06T20:56:46Z,78.9
amtrak,NER,186,2026-07-06,WAS,Washington Union Station,2026-07-07T00:30:00Z,2026-07-06T23:57:00Z,2026-07-06T23:55:00Z,2026-07-06T23:57:00Z,2026-07-06T20:56:46Z,78.9
marc,11705,Train438,2026-07-06,11958,UNION STATION MARC Washington,2026-07-06T21:27:00Z,2026-07-06T21:27:00Z,NA,NA,2026-07-06T22:05:01Z,74.6
marc,11705,Train438,2026-07-06,12002,PENN STATION MARC nb,NA,NA,2026-07-06T22:25:00Z,2026-07-06T22:25:00Z,2026-07-06T22:05:01Z,74.6
marc,11705,Train443,2026-07-06,11980,PENN STATION MARC sb,2026-07-06T20:52:00Z,2026-07-06T21:07:32Z,NA,NA,2026-07-06T22:05:01Z,74.6
marc,11705,Train443,2026-07-06,11958,UNION STATION MARC Washington,NA,NA,2026-07-06T21:51:00Z,2026-07-06T22:14:54Z,2026-07-06T22:05:01Z,74.6
marc,11705,Train445,2026-07-06,11980,PENN STATION MARC sb,2026-07-06T21:30:00Z,2026-07-06T21:32:37Z,NA,NA,2026-07-06T22:05:01Z,74.6
marc,11705,Train445,2026-07-06,11958,UNION STATION MARC Washington,NA,NA,2026-07-06T22:35:00Z,2026-07-06T22:42:25Z,2026-07-06T22:05:01Z,74.6
marc,11705,Train447,2026-07-06,11958,UNION STATION MARC Washington,NA,NA,2026-07-06T22:50:00Z,2026-07-06T22:54:27Z,2026-07-06T22:05:01Z,74.6
marc,11705,Train440,2026-07-06,11958,UNION STATION MARC Washington,2026-07-06T21:35:00Z,2026-07-06T21:49:19Z,NA,NA,2026-07-06T22:05:01Z,74.6
marc,11705,Train440,2026-07-06,12002,PENN STATION MARC nb,NA,NA,2026-07-06T22:42:00Z,2026-07-06T22:58:33Z,2026-07-06T22:05:01Z,74.6
marc,11705,Train536,2026-07-06,11958,UNION STATION MARC Washington,2026-07-06T21:18:00Z,2026-07-06T21:20:46Z,NA,NA,2026-07-06T22:05:01Z,74.6
marc,11705,Train536,2026-07-06,12002,PENN STATION MARC nb,2026-07-06T22:05:00Z,2026-07-06T22:20:20Z,2026-07-06T22:04:00Z,2026-07-06T22:19:20Z,2026-07-06T22:05:01Z,74.6
marc,11705,Train634,2026-07-06,11958,UNION STATION MARC Washington,2026-07-06T20:45:00Z,2026-07-06T21:17:52Z,NA,NA,2026-07-06T22:05:01Z,74.6
marc,11705,Train634,2026-07-06,12002,PENN STATION MARC nb,2026-07-06T21:36:00Z,2026-07-06T22:13:05Z,2026-07-06T21:34:50Z,2026-07-06T22:11:55Z,2026-07-06T22:05:01Z,74.6
marc,11705,Train642,2026-07-06,12002,PENN STATION MARC nb,2026-07-06T23:09:00Z,2026-07-06T23:13:34Z,2026-07-06T23:04:00Z,2026-07-06T23:08:34Z,2026-07-06T22:05:01Z,74.6
amtrak,NER,66,2026-07-06,BAL,Baltimore Penn Station,2026-07-07T02:51:00Z,NA,2026-07-07T02:49:00Z,NA,2026-07-06T22:05:01Z,74.6
amtrak,NER,66,2026-07-06,WAS,Washington Union Station,2026-07-07T02:00:00Z,NA,2026-07-07T01:28:00Z,NA,2026-07-06T22:05:01Z,74.6
amtrak,NER,67,2026-07-06,BAL,Baltimore Penn Station,2026-07-07T10:04:00Z,2026-07-07T10:04:00Z,2026-07-07T10:02:00Z,2026-07-07T10:02:00Z,2026-07-06T22:05:01Z,74.6
amtrak,NER,67,2026-07-06,WAS,Washington Union Station,2026-07-07T11:20:00Z,2026-07-07T11:20:00Z,2026-07-07T10:54:00Z,2026-07-07T10:54:00Z,2026-07-06T22:05:01Z,74.6
amtrak,NER,85,2026-07-06,BAL,Baltimore Penn Station,2026-07-06T21:50:00Z,2026-07-06T21:50:00Z,2026-07-06T21:47:00Z,2026-07-06T21:44:00Z,2026-07-06T22:05:01Z,74.6
amtrak,NER,85,2026-07-06,WAS,Washington Union Station,2026-07-06T22:39:00Z,2026-07-06T22:39:00Z,2026-07-06T22:39:00Z,2026-07-06T22:39:00Z,2026-07-06T22:05:01Z,74.6
amtrak,NER,86,2026-07-06,BAL,Baltimore Penn Station,2026-07-06T13:32:00Z,2026-07-06T15:02:00Z,2026-07-06T13:30:00Z,2026-07-06T14:59:00Z,2026-07-06T22:05:01Z,74.6
amtrak,NER,86,2026-07-06,WAS,Washington Union Station,2026-07-06T12:50:00Z,2026-07-06T14:13:00Z,2026-07-06T12:18:00Z,2026-07-06T13:41:00Z,2026-07-06T22:05:01Z,74.6
amtrak,NER,93,2026-07-06,BAL,Baltimore Penn Station,2026-07-06T20:39:00Z,2026-07-06T21:17:00Z,2026-07-06T20:37:00Z,2026-07-06T21:15:00Z,2026-07-06T22:05:01Z,74.6
amtrak,NER,93,2026-07-06,WAS,Washington Union Station,2026-07-06T22:05:00Z,2026-07-06T22:15:00Z,2026-07-06T21:25:00Z,2026-07-06T22:15:00Z,2026-07-06T22:05:01Z,74.6
amtrak,NER,94,2026-07-06,BAL,Baltimore Penn Station,2026-07-06T18:43:00Z,2026-07-06T18:50:00Z,2026-07-06T18:41:00Z,2026-07-06T18:47:00Z,2026-07-06T22:05:01Z,74.6
amtrak,NER,94,2026-07-06,WAS,Washington Union Station,2026-07-06T18:00:00Z,2026-07-06T18:02:00Z,2026-07-06T17:23:00Z,2026-07-06T17:39:00Z,2026-07-06T22:05:01Z,74.6
amtrak,NER,95,2026-07-06,BAL,Baltimore Penn Station,2026-07-06T17:23:00Z,2026-07-06T19:20:00Z,2026-07-06T17:14:00Z,2026-07-06T19:14:00Z,2026-07-06T22:05:01Z,74.6
amtrak,NER,95,2026-07-06,WAS,Washington Union Station,2026-07-06T18:35:00Z,2026-07-06T20:43:00Z,2026-07-06T18:05:00Z,2026-07-06T20:09:00Z,2026-07-06T22:05:01Z,74.6
amtrak,NER,125,2026-07-06,BAL,Baltimore Penn Station,2026-07-06T18:28:00Z,2026-07-06T18:54:00Z,2026-07-06T18:25:00Z,2026-07-06T18:49:00Z,2026-07-06T22:05:01Z,74.6
amtrak,NER,125,2026-07-06,WAS,Washington Union Station,2026-07-06T19:50:00Z,2026-07-06T19:59:00Z,2026-07-06T19:11:00Z,2026-07-06T19:32:00Z,2026-07-06T22:05:01Z,74.6
amtrak,NER,129,2026-07-06,BAL,Baltimore Penn Station,2026-07-06T23:18:00Z,2026-07-06T23:12:00Z,2026-07-06T23:12:00Z,2026-07-06T23:12:00Z,2026-07-06T22:05:01Z,74.6
amtrak,NER,129,2026-07-06,WAS,Washington Union Station,2026-07-07T00:01:00Z,2026-07-06T23:55:00Z,2026-07-07T00:01:00Z,2026-07-06T23:55:00Z,2026-07-06T22:05:01Z,74.6
amtrak,NER,136,2026-07-06,BAL,Baltimore Penn Station,2026-07-06T21:43:00Z,2026-07-06T21:59:00Z,2026-07-06T21:41:00Z,2026-07-06T21:57:00Z,2026-07-06T22:05:01Z,74.6
amtrak,NER,136,2026-07-06,WAS,Washington Union Station,2026-07-06T21:00:00Z,2026-07-06T21:13:00Z,2026-07-06T21:00:00Z,2026-07-06T21:13:00Z,2026-07-06T22:05:01Z,74.6
amtrak,NER,137,2026-07-06,BAL,Baltimore Penn Station,2026-07-07T01:02:00Z,2026-07-07T01:00:00Z,2026-07-07T01:00:00Z,2026-07-07T01:00:00Z,2026-07-06T22:05:01Z,74.6
amtrak,NER,137,2026-07-06,WAS,Washington Union Station,2026-07-07T01:53:00Z,2026-07-07T01:39:00Z,2026-07-07T01:53:00Z,2026-07-07T01:39:00Z,2026-07-06T22:05:01Z,74.6
amtrak,NER,138,2026-07-06,BAL,Baltimore Penn Station,2026-07-06T23:18:00Z,2026-07-06T23:16:00Z,2026-07-06T23:16:00Z,2026-07-06T23:16:00Z,2026-07-06T22:05:01Z,74.6
amtrak,NER,138,2026-07-06,WAS,Washington Union Station,2026-07-06T22:35:00Z,2026-07-06T22:15:00Z,2026-07-06T21:42:00Z,2026-07-06T22:15:00Z,2026-07-06T22:05:01Z,74.6
amtrak,NER,148,2026-07-06,BAL,Baltimore Penn Station,2026-07-06T19:38:00Z,2026-07-06T19:41:00Z,2026-07-06T19:36:00Z,2026-07-06T19:38:00Z,2026-07-06T22:05:01Z,74.6
amtrak,NER,148,2026-07-06,WAS,Washington Union Station,2026-07-06T18:55:00Z,2026-07-06T18:55:00Z,2026-07-06T18:55:00Z,2026-07-06T18:55:00Z,2026-07-06T22:05:01Z,74.6
amtrak,NER,171,2026-07-06,BAL,Baltimore Penn Station,2026-07-06T19:33:00Z,2026-07-06T21:03:00Z,2026-07-06T19:30:00Z,2026-07-06T20:59:00Z,2026-07-06T22:05:01Z,74.6
amtrak,NER,171,2026-07-06,WAS,Washington Union Station,2026-07-06T21:00:00Z,2026-07-06T21:42:00Z,2026-07-06T20:25:00Z,2026-07-06T21:42:00Z,2026-07-06T22:05:01Z,74.6
amtrak,NER,173,2026-07-06,BAL,Baltimore Penn Station,2026-07-06T22:49:00Z,2026-07-06T23:23:00Z,2026-07-06T22:46:00Z,2026-07-06T23:23:00Z,2026-07-06T22:05:01Z,74.6
amtrak,NER,173,2026-07-06,WAS,Washington Union Station,2026-07-06T23:38:00Z,2026-07-07T00:03:00Z,2026-07-06T23:38:00Z,2026-07-07T00:03:00Z,2026-07-06T22:05:01Z,74.6
amtrak,NER,174,2026-07-06,BAL,Baltimore Penn Station,2026-07-06T15:18:00Z,2026-07-06T15:19:00Z,2026-07-06T15:16:00Z,2026-07-06T15:17:00Z,2026-07-06T22:05:01Z,74.6
amtrak,NER,174,2026-07-06,WAS,Washington Union Station,2026-07-06T14:35:00Z,2026-07-06T14:35:00Z,2026-07-06T14:35:00Z,2026-07-06T14:35:00Z,2026-07-06T22:05:01Z,74.6
amtrak,NER,175,2026-07-06,BAL,Baltimore Penn Station,2026-07-07T02:38:00Z,2026-07-07T02:35:00Z,2026-07-07T02:35:00Z,2026-07-07T02:35:00Z,2026-07-06T22:05:01Z,74.6
amtrak,NER,175,2026-07-06,WAS,Washington Union Station,2026-07-07T03:19:00Z,2026-07-07T03:15:00Z,2026-07-07T03:19:00Z,2026-07-07T03:15:00Z,2026-07-06T22:05:01Z,74.6
amtrak,NER,176,2026-07-06,BAL,Baltimore Penn Station,2026-07-06T20:08:00Z,2026-07-06T20:48:00Z,2026-07-06T20:06:00Z,2026-07-06T20:42:00Z,2026-07-06T22:05:01Z,74.6
amtrak,NER,176,2026-07-06,WAS,Washington Union Station,2026-07-06T19:30:00Z,2026-07-06T19:51:00Z,2026-07-06T19:30:00Z,2026-07-06T19:51:00Z,2026-07-06T22:05:01Z,74.6
amtrak,NER,178,2026-07-06,BAL,Baltimore Penn Station,2026-07-06T20:39:00Z,2026-07-06T21:16:00Z,2026-07-06T20:37:00Z,2026-07-06T21:13:00Z,2026-07-06T22:05:01Z,74.6
amtrak,NER,178,2026-07-06,WAS,Washington Union Station,2026-07-06T19:56:00Z,2026-07-06T20:21:00Z,2026-07-06T18:55:00Z,2026-07-06T20:00:00Z,2026-07-06T22:05:01Z,74.6
amtrak,NER,184,2026-07-06,BAL,Baltimore Penn Station,2026-07-06T17:54:00Z,2026-07-06T18:05:00Z,2026-07-06T17:52:00Z,2026-07-06T17:57:00Z,2026-07-06T22:05:01Z,74.6
amtrak,NER,184,2026-07-06,WAS,Washington Union Station,2026-07-06T17:20:00Z,2026-07-06T17:20:00Z,2026-07-06T17:20:00Z,2026-07-06T17:20:00Z,2026-07-06T22:05:01Z,74.6
amtrak,NER,186,2026-07-06,BAL,Baltimore Penn Station,2026-07-07T01:14:00Z,2026-07-07T01:41:00Z,2026-07-07T01:12:00Z,2026-07-07T01:41:00Z,2026-07-06T22:05:01Z,74.6
amtrak,NER,186,2026-07-06,WAS,Washington Union Station,2026-07-07T00:30:00Z,2026-07-07T00:40:00Z,2026-07-06T23:55:00Z,2026-07-07T00:40:00Z,2026-07-06T22:05:01Z,74.6
amtrak,NER,196,2026-07-06,BAL,Baltimore Penn Station,2026-07-06T22:49:00Z,2026-07-06T22:49:00Z,2026-07-06T22:46:00Z,2026-07-06T22:46:00Z,2026-07-06T22:05:01Z,74.6
amtrak,NER,196,2026-07-06,WAS,Washington Union Station,2026-07-06T22:08:00Z,2026-07-06T22:08:00Z,2026-07-06T22:08:00Z,2026-07-06T22:08:00Z,2026-07-06T22:05:01Z,74.6
amtrak,NER,197,2026-07-06,BAL,Baltimore Penn Station,2026-07-07T00:43:00Z,2026-07-07T00:43:00Z,2026-07-07T00:41:00Z,2026-07-07T00:41:00Z,2026-07-06T22:05:01Z,74.6
amtrak,NER,197,2026-07-06,WAS,Washington Union Station,2026-07-07T01:27:00Z,2026-07-07T01:27:00Z,2026-07-07T01:27:00Z,2026-07-07T01:17:00Z,2026-07-06T22:05:01Z,74.6
marc,11705,Train438,2026-07-06,11958,UNION STATION MARC Washington,2026-07-06T21:27:00Z,2026-07-06T21:27:00Z,NA,NA,2026-07-06T22:08:03Z,73.5
marc,11705,Train438,2026-07-06,12002,PENN STATION MARC nb,NA,NA,2026-07-06T22:25:00Z,2026-07-06T22:25:00Z,2026-07-06T22:08:03Z,73.5
marc,11705,Train443,2026-07-06,11980,PENN STATION MARC sb,2026-07-06T20:52:00Z,2026-07-06T21:07:32Z,NA,NA,2026-07-06T22:08:03Z,73.5
marc,11705,Train443,2026-07-06,11958,UNION STATION MARC Washington,NA,NA,2026-07-06T21:51:00Z,2026-07-06T22:14:54Z,2026-07-06T22:08:03Z,73.5
marc,11705,Train445,2026-07-06,11980,PENN STATION MARC sb,2026-07-06T21:30:00Z,2026-07-06T21:32:37Z,NA,NA,2026-07-06T22:08:03Z,73.5
marc,11705,Train445,2026-07-06,11958,UNION STATION MARC Washington,NA,NA,2026-07-06T22:35:00Z,2026-07-06T22:42:18Z,2026-07-06T22:08:03Z,73.5
marc,11705,Train447,2026-07-06,11980,PENN STATION MARC sb,2026-07-06T22:00:00Z,2026-07-06T22:00:00Z,NA,NA,2026-07-06T22:08:03Z,73.5
marc,11705,Train447,2026-07-06,11958,UNION STATION MARC Washington,NA,NA,2026-07-06T22:50:00Z,2026-07-06T22:53:08Z,2026-07-06T22:08:03Z,73.5
marc,11705,Train440,2026-07-06,11958,UNION STATION MARC Washington,2026-07-06T21:35:00Z,2026-07-06T21:49:19Z,NA,NA,2026-07-06T22:08:03Z,73.5
marc,11705,Train440,2026-07-06,12002,PENN STATION MARC nb,NA,NA,2026-07-06T22:42:00Z,2026-07-06T23:00:39Z,2026-07-06T22:08:03Z,73.5
marc,11705,Train536,2026-07-06,11958,UNION STATION MARC Washington,2026-07-06T21:18:00Z,2026-07-06T21:20:46Z,NA,NA,2026-07-06T22:08:03Z,73.5
marc,11705,Train536,2026-07-06,12002,PENN STATION MARC nb,2026-07-06T22:05:00Z,2026-07-06T22:21:14Z,2026-07-06T22:04:00Z,2026-07-06T22:20:14Z,2026-07-06T22:08:03Z,73.5
marc,11705,Train634,2026-07-06,11958,UNION STATION MARC Washington,2026-07-06T20:45:00Z,2026-07-06T21:17:52Z,NA,NA,2026-07-06T22:08:03Z,73.5
marc,11705,Train634,2026-07-06,12002,PENN STATION MARC nb,2026-07-06T21:36:00Z,2026-07-06T22:17:24Z,2026-07-06T21:34:50Z,2026-07-06T22:16:14Z,2026-07-06T22:08:03Z,73.5
marc,11705,Train642,2026-07-06,12002,PENN STATION MARC nb,2026-07-06T23:09:00Z,2026-07-06T23:16:25Z,2026-07-06T23:04:00Z,2026-07-06T23:11:25Z,2026-07-06T22:08:03Z,73.5
amtrak,NER,66,2026-07-06,BAL,Baltimore Penn Station,2026-07-07T02:51:00Z,NA,2026-07-07T02:49:00Z,NA,2026-07-06T22:08:03Z,73.5
amtrak,NER,66,2026-07-06,WAS,Washington Union Station,2026-07-07T02:00:00Z,NA,2026-07-07T01:28:00Z,NA,2026-07-06T22:08:03Z,73.5
amtrak,NER,67,2026-07-06,BAL,Baltimore Penn Station,2026-07-07T10:04:00Z,2026-07-07T10:04:00Z,2026-07-07T10:02:00Z,2026-07-07T10:02:00Z,2026-07-06T22:08:03Z,73.5
amtrak,NER,67,2026-07-06,WAS,Washington Union Station,2026-07-07T11:20:00Z,2026-07-07T11:20:00Z,2026-07-07T10:54:00Z,2026-07-07T10:54:00Z,2026-07-06T22:08:03Z,73.5
amtrak,NER,85,2026-07-06,BAL,Baltimore Penn Station,2026-07-06T21:50:00Z,2026-07-06T21:50:00Z,2026-07-06T21:47:00Z,2026-07-06T21:44:00Z,2026-07-06T22:08:03Z,73.5
amtrak,NER,85,2026-07-06,WAS,Washington Union Station,2026-07-06T22:39:00Z,2026-07-06T22:39:00Z,2026-07-06T22:39:00Z,2026-07-06T22:39:00Z,2026-07-06T22:08:03Z,73.5
amtrak,NER,86,2026-07-06,BAL,Baltimore Penn Station,2026-07-06T13:32:00Z,2026-07-06T15:02:00Z,2026-07-06T13:30:00Z,2026-07-06T14:59:00Z,2026-07-06T22:08:03Z,73.5
amtrak,NER,86,2026-07-06,WAS,Washington Union Station,2026-07-06T12:50:00Z,2026-07-06T14:13:00Z,2026-07-06T12:18:00Z,2026-07-06T13:41:00Z,2026-07-06T22:08:03Z,73.5
amtrak,NER,93,2026-07-06,BAL,Baltimore Penn Station,2026-07-06T20:39:00Z,2026-07-06T21:17:00Z,2026-07-06T20:37:00Z,2026-07-06T21:15:00Z,2026-07-06T22:08:03Z,73.5
amtrak,NER,93,2026-07-06,WAS,Washington Union Station,2026-07-06T22:05:00Z,2026-07-06T22:15:00Z,2026-07-06T21:25:00Z,2026-07-06T22:15:00Z,2026-07-06T22:08:03Z,73.5
amtrak,NER,94,2026-07-06,BAL,Baltimore Penn Station,2026-07-06T18:43:00Z,2026-07-06T18:50:00Z,2026-07-06T18:41:00Z,2026-07-06T18:47:00Z,2026-07-06T22:08:03Z,73.5
amtrak,NER,94,2026-07-06,WAS,Washington Union Station,2026-07-06T18:00:00Z,2026-07-06T18:02:00Z,2026-07-06T17:23:00Z,2026-07-06T17:39:00Z,2026-07-06T22:08:03Z,73.5
amtrak,NER,95,2026-07-06,BAL,Baltimore Penn Station,2026-07-06T17:23:00Z,2026-07-06T19:20:00Z,2026-07-06T17:14:00Z,2026-07-06T19:14:00Z,2026-07-06T22:08:03Z,73.5
amtrak,NER,95,2026-07-06,WAS,Washington Union Station,2026-07-06T18:35:00Z,2026-07-06T20:43:00Z,2026-07-06T18:05:00Z,2026-07-06T20:09:00Z,2026-07-06T22:08:03Z,73.5
amtrak,NER,125,2026-07-06,BAL,Baltimore Penn Station,2026-07-06T18:28:00Z,2026-07-06T18:54:00Z,2026-07-06T18:25:00Z,2026-07-06T18:49:00Z,2026-07-06T22:08:03Z,73.5
amtrak,NER,125,2026-07-06,WAS,Washington Union Station,2026-07-06T19:50:00Z,2026-07-06T19:59:00Z,2026-07-06T19:11:00Z,2026-07-06T19:32:00Z,2026-07-06T22:08:03Z,73.5
amtrak,NER,129,2026-07-06,BAL,Baltimore Penn Station,2026-07-06T23:18:00Z,2026-07-06T23:12:00Z,2026-07-06T23:12:00Z,2026-07-06T23:12:00Z,2026-07-06T22:08:03Z,73.5
amtrak,NER,129,2026-07-06,WAS,Washington Union Station,2026-07-07T00:01:00Z,2026-07-06T23:55:00Z,2026-07-07T00:01:00Z,2026-07-06T23:55:00Z,2026-07-06T22:08:03Z,73.5
amtrak,NER,136,2026-07-06,BAL,Baltimore Penn Station,2026-07-06T21:43:00Z,2026-07-06T21:59:00Z,2026-07-06T21:41:00Z,2026-07-06T21:57:00Z,2026-07-06T22:08:03Z,73.5
amtrak,NER,136,2026-07-06,WAS,Washington Union Station,2026-07-06T21:00:00Z,2026-07-06T21:13:00Z,2026-07-06T21:00:00Z,2026-07-06T21:13:00Z,2026-07-06T22:08:03Z,73.5
amtrak,NER,137,2026-07-06,BAL,Baltimore Penn Station,2026-07-07T01:02:00Z,2026-07-07T01:00:00Z,2026-07-07T01:00:00Z,2026-07-07T01:00:00Z,2026-07-06T22:08:03Z,73.5
amtrak,NER,137,2026-07-06,WAS,Washington Union Station,2026-07-07T01:53:00Z,2026-07-07T01:39:00Z,2026-07-07T01:53:00Z,2026-07-07T01:39:00Z,2026-07-06T22:08:03Z,73.5
amtrak,NER,138,2026-07-06,BAL,Baltimore Penn Station,2026-07-06T23:18:00Z,2026-07-06T23:16:00Z,2026-07-06T23:16:00Z,2026-07-06T23:16:00Z,2026-07-06T22:08:03Z,73.5
amtrak,NER,138,2026-07-06,WAS,Washington Union Station,2026-07-06T22:35:00Z,2026-07-06T22:15:00Z,2026-07-06T21:42:00Z,2026-07-06T22:15:00Z,2026-07-06T22:08:03Z,73.5
amtrak,NER,148,2026-07-06,BAL,Baltimore Penn Station,2026-07-06T19:38:00Z,2026-07-06T19:41:00Z,2026-07-06T19:36:00Z,2026-07-06T19:38:00Z,2026-07-06T22:08:03Z,73.5
amtrak,NER,148,2026-07-06,WAS,Washington Union Station,2026-07-06T18:55:00Z,2026-07-06T18:55:00Z,2026-07-06T18:55:00Z,2026-07-06T18:55:00Z,2026-07-06T22:08:03Z,73.5
amtrak,NER,171,2026-07-06,BAL,Baltimore Penn Station,2026-07-06T19:33:00Z,2026-07-06T21:03:00Z,2026-07-06T19:30:00Z,2026-07-06T20:59:00Z,2026-07-06T22:08:03Z,73.5
amtrak,NER,171,2026-07-06,WAS,Washington Union Station,2026-07-06T21:00:00Z,2026-07-06T21:42:00Z,2026-07-06T20:25:00Z,2026-07-06T21:42:00Z,2026-07-06T22:08:03Z,73.5
amtrak,NER,173,2026-07-06,BAL,Baltimore Penn Station,2026-07-06T22:49:00Z,2026-07-06T23:23:00Z,2026-07-06T22:46:00Z,2026-07-06T23:23:00Z,2026-07-06T22:08:03Z,73.5
amtrak,NER,173,2026-07-06,WAS,Washington Union Station,2026-07-06T23:38:00Z,2026-07-07T00:03:00Z,2026-07-06T23:38:00Z,2026-07-07T00:03:00Z,2026-07-06T22:08:03Z,73.5
amtrak,NER,174,2026-07-06,BAL,Baltimore Penn Station,2026-07-06T15:18:00Z,2026-07-06T15:19:00Z,2026-07-06T15:16:00Z,2026-07-06T15:17:00Z,2026-07-06T22:08:03Z,73.5
amtrak,NER,174,2026-07-06,WAS,Washington Union Station,2026-07-06T14:35:00Z,2026-07-06T14:35:00Z,2026-07-06T14:35:00Z,2026-07-06T14:35:00Z,2026-07-06T22:08:03Z,73.5
amtrak,NER,175,2026-07-06,BAL,Baltimore Penn Station,2026-07-07T02:38:00Z,2026-07-07T02:35:00Z,2026-07-07T02:35:00Z,2026-07-07T02:35:00Z,2026-07-06T22:08:03Z,73.5
amtrak,NER,175,2026-07-06,WAS,Washington Union Station,2026-07-07T03:19:00Z,2026-07-07T03:15:00Z,2026-07-07T03:19:00Z,2026-07-07T03:15:00Z,2026-07-06T22:08:03Z,73.5
amtrak,NER,176,2026-07-06,BAL,Baltimore Penn Station,2026-07-06T20:08:00Z,2026-07-06T20:48:00Z,2026-07-06T20:06:00Z,2026-07-06T20:42:00Z,2026-07-06T22:08:03Z,73.5
amtrak,NER,176,2026-07-06,WAS,Washington Union Station,2026-07-06T19:30:00Z,2026-07-06T19:51:00Z,2026-07-06T19:30:00Z,2026-07-06T19:51:00Z,2026-07-06T22:08:03Z,73.5
amtrak,NER,178,2026-07-06,BAL,Baltimore Penn Station,2026-07-06T20:39:00Z,2026-07-06T21:16:00Z,2026-07-06T20:37:00Z,2026-07-06T21:13:00Z,2026-07-06T22:08:03Z,73.5
amtrak,NER,178,2026-07-06,WAS,Washington Union Station,2026-07-06T19:56:00Z,2026-07-06T20:21:00Z,2026-07-06T18:55:00Z,2026-07-06T20:00:00Z,2026-07-06T22:08:03Z,73.5
amtrak,NER,184,2026-07-06,BAL,Baltimore Penn Station,2026-07-06T17:54:00Z,2026-07-06T18:05:00Z,2026-07-06T17:52:00Z,2026-07-06T17:57:00Z,2026-07-06T22:08:03Z,73.5
amtrak,NER,184,2026-07-06,WAS,Washington Union Station,2026-07-06T17:20:00Z,2026-07-06T17:20:00Z,2026-07-06T17:20:00Z,2026-07-06T17:20:00Z,2026-07-06T22:08:03Z,73.5
amtrak,NER,186,2026-07-06,BAL,Baltimore Penn Station,2026-07-07T01:14:00Z,2026-07-07T01:45:00Z,2026-07-07T01:12:00Z,2026-07-07T01:45:00Z,2026-07-06T22:08:03Z,73.5
amtrak,NER,186,2026-07-06,WAS,Washington Union Station,2026-07-07T00:30:00Z,2026-07-07T00:44:00Z,2026-07-06T23:55:00Z,2026-07-07T00:44:00Z,2026-07-06T22:08:03Z,73.5
amtrak,NER,196,2026-07-06,BAL,Baltimore Penn Station,2026-07-06T22:49:00Z,2026-07-06T22:49:00Z,2026-07-06T22:46:00Z,2026-07-06T22:46:00Z,2026-07-06T22:08:03Z,73.5
amtrak,NER,196,2026-07-06,WAS,Washington Union Station,2026-07-06T22:08:00Z,2026-07-06T22:08:00Z,2026-07-06T22:08:00Z,2026-07-06T22:08:00Z,2026-07-06T22:08:03Z,73.5
amtrak,NER,197,2026-07-06,BAL,Baltimore Penn Station,2026-07-07T00:43:00Z,2026-07-07T00:43:00Z,2026-07-07T00:41:00Z,2026-07-07T00:41:00Z,2026-07-06T22:08:03Z,73.5
amtrak,NER,197,2026-07-06,WAS,Washington Union Station,2026-07-07T01:27:00Z,2026-07-07T01:27:00Z,2026-07-07T01:27:00Z,2026-07-07T01:17:00Z,2026-07-06T22:08:03Z,73.5
marc,11705,Train438,2026-07-06,11958,UNION STATION MARC Washington,2026-07-06T21:27:00Z,2026-07-06T21:27:00Z,NA,NA,2026-07-06T22:11:04Z,73.5
marc,11705,Train438,2026-07-06,12002,PENN STATION MARC nb,NA,NA,2026-07-06T22:25:00Z,2026-07-06T22:25:00Z,2026-07-06T22:11:04Z,73.5
marc,11705,Train443,2026-07-06,11980,PENN STATION MARC sb,2026-07-06T20:52:00Z,2026-07-06T21:07:32Z,NA,NA,2026-07-06T22:11:04Z,73.5
marc,11705,Train443,2026-07-06,11958,UNION STATION MARC Washington,NA,NA,2026-07-06T21:51:00Z,2026-07-06T22:14:54Z,2026-07-06T22:11:04Z,73.5
marc,11705,Train445,2026-07-06,11980,PENN STATION MARC sb,2026-07-06T21:30:00Z,2026-07-06T21:32:37Z,NA,NA,2026-07-06T22:11:04Z,73.5
marc,11705,Train445,2026-07-06,11958,UNION STATION MARC Washington,NA,NA,2026-07-06T22:35:00Z,2026-07-06T22:42:57Z,2026-07-06T22:11:04Z,73.5
marc,11705,Train447,2026-07-06,11980,PENN STATION MARC sb,2026-07-06T22:00:00Z,2026-07-06T22:00:00Z,NA,NA,2026-07-06T22:11:04Z,73.5
marc,11705,Train447,2026-07-06,11958,UNION STATION MARC Washington,NA,NA,2026-07-06T22:50:00Z,2026-07-06T22:53:42Z,2026-07-06T22:11:04Z,73.5
marc,11705,Train440,2026-07-06,11958,UNION STATION MARC Washington,2026-07-06T21:35:00Z,2026-07-06T21:49:19Z,NA,NA,2026-07-06T22:11:04Z,73.5
marc,11705,Train440,2026-07-06,12002,PENN STATION MARC nb,NA,NA,2026-07-06T22:42:00Z,2026-07-06T23:00:33Z,2026-07-06T22:11:04Z,73.5
marc,11705,Train536,2026-07-06,11958,UNION STATION MARC Washington,2026-07-06T21:18:00Z,2026-07-06T21:20:46Z,NA,NA,2026-07-06T22:11:04Z,73.5
marc,11705,Train536,2026-07-06,12002,PENN STATION MARC nb,2026-07-06T22:05:00Z,2026-07-06T22:21:34Z,2026-07-06T22:04:00Z,2026-07-06T22:20:34Z,2026-07-06T22:11:04Z,73.5
marc,11705,Train634,2026-07-06,11958,UNION STATION MARC Washington,2026-07-06T20:45:00Z,2026-07-06T21:17:52Z,NA,NA,2026-07-06T22:11:04Z,73.5
marc,11705,Train634,2026-07-06,12002,PENN STATION MARC nb,2026-07-06T21:36:00Z,2026-07-06T22:15:00Z,2026-07-06T21:34:50Z,2026-07-06T22:13:50Z,2026-07-06T22:11:04Z,73.5
marc,11705,Train642,2026-07-06,12002,PENN STATION MARC nb,2026-07-06T23:09:00Z,2026-07-06T23:19:34Z,2026-07-06T23:04:00Z,2026-07-06T23:14:34Z,2026-07-06T22:11:04Z,73.5
amtrak,NER,66,2026-07-06,BAL,Baltimore Penn Station,2026-07-07T02:51:00Z,NA,2026-07-07T02:49:00Z,NA,2026-07-06T22:11:04Z,73.5
amtrak,NER,66,2026-07-06,WAS,Washington Union Station,2026-07-07T02:00:00Z,NA,2026-07-07T01:28:00Z,NA,2026-07-06T22:11:04Z,73.5
amtrak,NER,67,2026-07-06,BAL,Baltimore Penn Station,2026-07-07T10:04:00Z,2026-07-07T10:04:00Z,2026-07-07T10:02:00Z,2026-07-07T10:02:00Z,2026-07-06T22:11:04Z,73.5
amtrak,NER,67,2026-07-06,WAS,Washington Union Station,2026-07-07T11:20:00Z,2026-07-07T11:20:00Z,2026-07-07T10:54:00Z,2026-07-07T10:54:00Z,2026-07-06T22:11:04Z,73.5
amtrak,NER,85,2026-07-06,BAL,Baltimore Penn Station,2026-07-06T21:50:00Z,2026-07-06T21:50:00Z,2026-07-06T21:47:00Z,2026-07-06T21:44:00Z,2026-07-06T22:11:04Z,73.5
amtrak,NER,85,2026-07-06,WAS,Washington Union Station,2026-07-06T22:39:00Z,2026-07-06T22:39:00Z,2026-07-06T22:39:00Z,2026-07-06T22:39:00Z,2026-07-06T22:11:04Z,73.5
amtrak,NER,86,2026-07-06,BAL,Baltimore Penn Station,2026-07-06T13:32:00Z,2026-07-06T15:02:00Z,2026-07-06T13:30:00Z,2026-07-06T14:59:00Z,2026-07-06T22:11:04Z,73.5
amtrak,NER,86,2026-07-06,WAS,Washington Union Station,2026-07-06T12:50:00Z,2026-07-06T14:13:00Z,2026-07-06T12:18:00Z,2026-07-06T13:41:00Z,2026-07-06T22:11:04Z,73.5
amtrak,NER,93,2026-07-06,BAL,Baltimore Penn Station,2026-07-06T20:39:00Z,2026-07-06T21:17:00Z,2026-07-06T20:37:00Z,2026-07-06T21:15:00Z,2026-07-06T22:11:04Z,73.5
amtrak,NER,93,2026-07-06,WAS,Washington Union Station,2026-07-06T22:05:00Z,2026-07-06T22:15:00Z,2026-07-06T21:25:00Z,2026-07-06T22:15:00Z,2026-07-06T22:11:04Z,73.5
amtrak,NER,94,2026-07-06,BAL,Baltimore Penn Station,2026-07-06T18:43:00Z,2026-07-06T18:50:00Z,2026-07-06T18:41:00Z,2026-07-06T18:47:00Z,2026-07-06T22:11:04Z,73.5
amtrak,NER,94,2026-07-06,WAS,Washington Union Station,2026-07-06T18:00:00Z,2026-07-06T18:02:00Z,2026-07-06T17:23:00Z,2026-07-06T17:39:00Z,2026-07-06T22:11:04Z,73.5
amtrak,NER,95,2026-07-06,BAL,Baltimore Penn Station,2026-07-06T17:23:00Z,2026-07-06T19:20:00Z,2026-07-06T17:14:00Z,2026-07-06T19:14:00Z,2026-07-06T22:11:04Z,73.5
amtrak,NER,95,2026-07-06,WAS,Washington Union Station,2026-07-06T18:35:00Z,2026-07-06T20:43:00Z,2026-07-06T18:05:00Z,2026-07-06T20:09:00Z,2026-07-06T22:11:04Z,73.5
amtrak,NER,125,2026-07-06,BAL,Baltimore Penn Station,2026-07-06T18:28:00Z,2026-07-06T18:54:00Z,2026-07-06T18:25:00Z,2026-07-06T18:49:00Z,2026-07-06T22:11:04Z,73.5
amtrak,NER,125,2026-07-06,WAS,Washington Union Station,2026-07-06T19:50:00Z,2026-07-06T19:59:00Z,2026-07-06T19:11:00Z,2026-07-06T19:32:00Z,2026-07-06T22:11:04Z,73.5
amtrak,NER,129,2026-07-06,BAL,Baltimore Penn Station,2026-07-06T23:18:00Z,2026-07-06T23:12:00Z,2026-07-06T23:12:00Z,2026-07-06T23:12:00Z,2026-07-06T22:11:04Z,73.5
amtrak,NER,129,2026-07-06,WAS,Washington Union Station,2026-07-07T00:01:00Z,2026-07-06T23:55:00Z,2026-07-07T00:01:00Z,2026-07-06T23:55:00Z,2026-07-06T22:11:04Z,73.5
amtrak,NER,136,2026-07-06,BAL,Baltimore Penn Station,2026-07-06T21:43:00Z,2026-07-06T21:59:00Z,2026-07-06T21:41:00Z,2026-07-06T21:57:00Z,2026-07-06T22:11:04Z,73.5
amtrak,NER,136,2026-07-06,WAS,Washington Union Station,2026-07-06T21:00:00Z,2026-07-06T21:13:00Z,2026-07-06T21:00:00Z,2026-07-06T21:13:00Z,2026-07-06T22:11:04Z,73.5
amtrak,NER,137,2026-07-06,BAL,Baltimore Penn Station,2026-07-07T01:02:00Z,2026-07-07T01:00:00Z,2026-07-07T01:00:00Z,2026-07-07T01:00:00Z,2026-07-06T22:11:04Z,73.5
amtrak,NER,137,2026-07-06,WAS,Washington Union Station,2026-07-07T01:53:00Z,2026-07-07T01:39:00Z,2026-07-07T01:53:00Z,2026-07-07T01:39:00Z,2026-07-06T22:11:04Z,73.5
amtrak,NER,138,2026-07-06,BAL,Baltimore Penn Station,2026-07-06T23:18:00Z,2026-07-06T23:16:00Z,2026-07-06T23:16:00Z,2026-07-06T23:16:00Z,2026-07-06T22:11:04Z,73.5
amtrak,NER,138,2026-07-06,WAS,Washington Union Station,2026-07-06T22:35:00Z,2026-07-06T22:15:00Z,2026-07-06T21:42:00Z,2026-07-06T22:15:00Z,2026-07-06T22:11:04Z,73.5
amtrak,NER,148,2026-07-06,BAL,Baltimore Penn Station,2026-07-06T19:38:00Z,2026-07-06T19:41:00Z,2026-07-06T19:36:00Z,2026-07-06T19:38:00Z,2026-07-06T22:11:04Z,73.5
amtrak,NER,148,2026-07-06,WAS,Washington Union Station,2026-07-06T18:55:00Z,2026-07-06T18:55:00Z,2026-07-06T18:55:00Z,2026-07-06T18:55:00Z,2026-07-06T22:11:04Z,73.5
amtrak,NER,171,2026-07-06,BAL,Baltimore Penn Station,2026-07-06T19:33:00Z,2026-07-06T21:03:00Z,2026-07-06T19:30:00Z,2026-07-06T20:59:00Z,2026-07-06T22:11:04Z,73.5
amtrak,NER,171,2026-07-06,WAS,Washington Union Station,2026-07-06T21:00:00Z,2026-07-06T21:42:00Z,2026-07-06T20:25:00Z,2026-07-06T21:42:00Z,2026-07-06T22:11:04Z,73.5
amtrak,NER,173,2026-07-06,BAL,Baltimore Penn Station,2026-07-06T22:49:00Z,2026-07-06T23:23:00Z,2026-07-06T22:46:00Z,2026-07-06T23:23:00Z,2026-07-06T22:11:04Z,73.5
amtrak,NER,173,2026-07-06,WAS,Washington Union Station,2026-07-06T23:38:00Z,2026-07-07T00:03:00Z,2026-07-06T23:38:00Z,2026-07-07T00:03:00Z,2026-07-06T22:11:04Z,73.5
amtrak,NER,174,2026-07-06,BAL,Baltimore Penn Station,2026-07-06T15:18:00Z,2026-07-06T15:19:00Z,2026-07-06T15:16:00Z,2026-07-06T15:17:00Z,2026-07-06T22:11:04Z,73.5
amtrak,NER,174,2026-07-06,WAS,Washington Union Station,2026-07-06T14:35:00Z,2026-07-06T14:35:00Z,2026-07-06T14:35:00Z,2026-07-06T14:35:00Z,2026-07-06T22:11:04Z,73.5
amtrak,NER,175,2026-07-06,BAL,Baltimore Penn Station,2026-07-07T02:38:00Z,2026-07-07T02:35:00Z,2026-07-07T02:35:00Z,2026-07-07T02:35:00Z,2026-07-06T22:11:04Z,73.5
amtrak,NER,175,2026-07-06,WAS,Washington Union Station,2026-07-07T03:19:00Z,2026-07-07T03:15:00Z,2026-07-07T03:19:00Z,2026-07-07T03:15:00Z,2026-07-06T22:11:04Z,73.5
amtrak,NER,176,2026-07-06,BAL,Baltimore Penn Station,2026-07-06T20:08:00Z,2026-07-06T20:48:00Z,2026-07-06T20:06:00Z,2026-07-06T20:42:00Z,2026-07-06T22:11:04Z,73.5
amtrak,NER,176,2026-07-06,WAS,Washington Union Station,2026-07-06T19:30:00Z,2026-07-06T19:51:00Z,2026-07-06T19:30:00Z,2026-07-06T19:51:00Z,2026-07-06T22:11:04Z,73.5
amtrak,NER,178,2026-07-06,BAL,Baltimore Penn Station,2026-07-06T20:39:00Z,2026-07-06T21:16:00Z,2026-07-06T20:37:00Z,2026-07-06T21:13:00Z,2026-07-06T22:11:04Z,73.5
amtrak,NER,178,2026-07-06,WAS,Washington Union Station,2026-07-06T19:56:00Z,2026-07-06T20:21:00Z,2026-07-06T18:55:00Z,2026-07-06T20:00:00Z,2026-07-06T22:11:04Z,73.5
amtrak,NER,184,2026-07-06,BAL,Baltimore Penn Station,2026-07-06T17:54:00Z,2026-07-06T18:05:00Z,2026-07-06T17:52:00Z,2026-07-06T17:57:00Z,2026-07-06T22:11:04Z,73.5
amtrak,NER,184,2026-07-06,WAS,Washington Union Station,2026-07-06T17:20:00Z,2026-07-06T17:20:00Z,2026-07-06T17:20:00Z,2026-07-06T17:20:00Z,2026-07-06T22:11:04Z,73.5
amtrak,NER,186,2026-07-06,BAL,Baltimore Penn Station,2026-07-07T01:14:00Z,2026-07-07T01:45:00Z,2026-07-07T01:12:00Z,2026-07-07T01:45:00Z,2026-07-06T22:11:04Z,73.5
amtrak,NER,186,2026-07-06,WAS,Washington Union Station,2026-07-07T00:30:00Z,2026-07-07T00:44:00Z,2026-07-06T23:55:00Z,2026-07-07T00:44:00Z,2026-07-06T22:11:04Z,73.5
amtrak,NER,196,2026-07-06,BAL,Baltimore Penn Station,2026-07-06T22:49:00Z,2026-07-06T22:49:00Z,2026-07-06T22:46:00Z,2026-07-06T22:46:00Z,2026-07-06T22:11:04Z,73.5
amtrak,NER,196,2026-07-06,WAS,Washington Union Station,2026-07-06T22:08:00Z,2026-07-06T22:08:00Z,2026-07-06T22:08:00Z,2026-07-06T22:08:00Z,2026-07-06T22:11:04Z,73.5
amtrak,NER,197,2026-07-06,BAL,Baltimore Penn Station,2026-07-07T00:43:00Z,2026-07-07T00:43:00Z,2026-07-07T00:41:00Z,2026-07-07T00:41:00Z,2026-07-06T22:11:04Z,73.5
amtrak,NER,197,2026-07-06,WAS,Washington Union Station,2026-07-07T01:27:00Z,2026-07-07T01:27:00Z,2026-07-07T01:27:00Z,2026-07-07T01:17:00Z,2026-07-06T22:11:04Z,73.5
marc,11705,Train446,2026-07-06,11958,UNION STATION MARC Washington,2026-07-06T23:15:00Z,2026-07-06T23:16:26Z,NA,NA,2026-07-06T23:21:23Z,61.8
marc,11705,Train446,2026-07-06,12002,PENN STATION MARC nb,NA,NA,2026-07-07T00:21:00Z,2026-07-07T00:22:10Z,2026-07-06T23:21:23Z,61.8
marc,11705,Train449,2026-07-06,11980,PENN STATION MARC sb,2026-07-06T22:40:00Z,2026-07-06T22:41:14Z,NA,NA,2026-07-06T23:21:23Z,61.8
marc,11705,Train449,2026-07-06,11958,UNION STATION MARC Washington,NA,NA,2026-07-06T23:33:00Z,2026-07-06T23:50:49Z,2026-07-06T23:21:23Z,61.8
marc,11705,Train544,2026-07-06,11958,UNION STATION MARC Washington,2026-07-06T22:27:00Z,2026-07-06T22:33:15Z,NA,NA,2026-07-06T23:21:23Z,61.8
marc,11705,Train544,2026-07-06,12002,PENN STATION MARC nb,2026-07-06T23:31:00Z,2026-07-06T23:39:33Z,2026-07-06T23:29:30Z,2026-07-06T23:38:03Z,2026-07-06T23:21:23Z,61.8
marc,11705,Train642,2026-07-06,11958,UNION STATION MARC Washington,2026-07-06T22:00:00Z,2026-07-06T22:14:58Z,NA,NA,2026-07-06T23:21:23Z,61.8
marc,11705,Train642,2026-07-06,12002,PENN STATION MARC nb,2026-07-06T23:09:00Z,2026-07-06T23:25:38Z,2026-07-06T23:04:00Z,2026-07-06T23:20:38Z,2026-07-06T23:21:23Z,61.8
amtrak,NER,66,2026-07-06,BAL,Baltimore Penn Station,2026-07-07T02:51:00Z,NA,2026-07-07T02:49:00Z,NA,2026-07-06T23:21:23Z,61.8
amtrak,NER,66,2026-07-06,WAS,Washington Union Station,2026-07-07T02:00:00Z,NA,2026-07-07T01:28:00Z,NA,2026-07-06T23:21:23Z,61.8
amtrak,NER,67,2026-07-06,BAL,Baltimore Penn Station,2026-07-07T10:04:00Z,2026-07-07T10:02:00Z,2026-07-07T10:02:00Z,2026-07-07T10:02:00Z,2026-07-06T23:21:23Z,61.8
amtrak,NER,67,2026-07-06,WAS,Washington Union Station,2026-07-07T11:20:00Z,2026-07-07T10:54:00Z,2026-07-07T10:54:00Z,2026-07-07T10:54:00Z,2026-07-06T23:21:23Z,61.8
amtrak,NER,93,2026-07-06,BAL,Baltimore Penn Station,2026-07-06T20:39:00Z,2026-07-06T21:17:00Z,2026-07-06T20:37:00Z,2026-07-06T21:15:00Z,2026-07-06T23:21:23Z,61.8
amtrak,NER,93,2026-07-06,WAS,Washington Union Station,2026-07-06T22:05:00Z,2026-07-06T22:56:00Z,2026-07-06T21:25:00Z,2026-07-06T22:24:00Z,2026-07-06T23:21:23Z,61.8
amtrak,NER,94,2026-07-06,BAL,Baltimore Penn Station,2026-07-06T18:43:00Z,2026-07-06T18:50:00Z,2026-07-06T18:41:00Z,2026-07-06T18:47:00Z,2026-07-06T23:21:23Z,61.8
amtrak,NER,94,2026-07-06,WAS,Washington Union Station,2026-07-06T18:00:00Z,2026-07-06T18:02:00Z,2026-07-06T17:23:00Z,2026-07-06T17:39:00Z,2026-07-06T23:21:23Z,61.8
amtrak,NER,95,2026-07-06,BAL,Baltimore Penn Station,2026-07-06T17:23:00Z,2026-07-06T19:20:00Z,2026-07-06T17:14:00Z,2026-07-06T19:14:00Z,2026-07-06T23:21:23Z,61.8
amtrak,NER,95,2026-07-06,WAS,Washington Union Station,2026-07-06T18:35:00Z,2026-07-06T20:43:00Z,2026-07-06T18:05:00Z,2026-07-06T20:09:00Z,2026-07-06T23:21:23Z,61.8
amtrak,NER,125,2026-07-06,BAL,Baltimore Penn Station,2026-07-06T18:28:00Z,2026-07-06T18:54:00Z,2026-07-06T18:25:00Z,2026-07-06T18:49:00Z,2026-07-06T23:21:23Z,61.8
amtrak,NER,125,2026-07-06,WAS,Washington Union Station,2026-07-06T19:50:00Z,2026-07-06T19:59:00Z,2026-07-06T19:11:00Z,2026-07-06T19:32:00Z,2026-07-06T23:21:23Z,61.8
amtrak,NER,129,2026-07-06,BAL,Baltimore Penn Station,2026-07-06T23:18:00Z,2026-07-06T23:23:00Z,2026-07-06T23:12:00Z,2026-07-06T23:17:00Z,2026-07-06T23:21:23Z,61.8
amtrak,NER,129,2026-07-06,WAS,Washington Union Station,2026-07-07T00:01:00Z,2026-07-07T00:01:00Z,2026-07-07T00:01:00Z,2026-07-07T00:01:00Z,2026-07-06T23:21:23Z,61.8
amtrak,NER,136,2026-07-06,BAL,Baltimore Penn Station,2026-07-06T21:43:00Z,2026-07-06T21:59:00Z,2026-07-06T21:41:00Z,2026-07-06T21:57:00Z,2026-07-06T23:21:23Z,61.8
amtrak,NER,136,2026-07-06,WAS,Washington Union Station,2026-07-06T21:00:00Z,2026-07-06T21:13:00Z,2026-07-06T21:00:00Z,2026-07-06T21:13:00Z,2026-07-06T23:21:23Z,61.8
amtrak,NER,137,2026-07-06,BAL,Baltimore Penn Station,2026-07-07T01:02:00Z,2026-07-07T01:00:00Z,2026-07-07T01:00:00Z,2026-07-07T01:00:00Z,2026-07-06T23:21:23Z,61.8
amtrak,NER,137,2026-07-06,WAS,Washington Union Station,2026-07-07T01:53:00Z,2026-07-07T01:39:00Z,2026-07-07T01:53:00Z,2026-07-07T01:39:00Z,2026-07-06T23:21:23Z,61.8
amtrak,NER,138,2026-07-06,BAL,Baltimore Penn Station,2026-07-06T23:18:00Z,2026-07-06T23:58:00Z,2026-07-06T23:16:00Z,2026-07-06T23:58:00Z,2026-07-06T23:21:23Z,61.8
amtrak,NER,138,2026-07-06,WAS,Washington Union Station,2026-07-06T22:35:00Z,2026-07-06T23:20:00Z,2026-07-06T21:42:00Z,2026-07-06T22:59:00Z,2026-07-06T23:21:23Z,61.8
amtrak,NER,148,2026-07-06,BAL,Baltimore Penn Station,2026-07-06T19:38:00Z,2026-07-06T19:41:00Z,2026-07-06T19:36:00Z,2026-07-06T19:38:00Z,2026-07-06T23:21:23Z,61.8
amtrak,NER,148,2026-07-06,WAS,Washington Union Station,2026-07-06T18:55:00Z,2026-07-06T18:55:00Z,2026-07-06T18:55:00Z,2026-07-06T18:55:00Z,2026-07-06T23:21:23Z,61.8
amtrak,NER,171,2026-07-06,BAL,Baltimore Penn Station,2026-07-06T19:33:00Z,2026-07-06T21:03:00Z,2026-07-06T19:30:00Z,2026-07-06T20:59:00Z,2026-07-06T23:21:23Z,61.8
amtrak,NER,171,2026-07-06,WAS,Washington Union Station,2026-07-06T21:00:00Z,2026-07-06T22:46:00Z,2026-07-06T20:25:00Z,2026-07-06T21:42:00Z,2026-07-06T23:21:23Z,61.8
amtrak,NER,173,2026-07-06,BAL,Baltimore Penn Station,2026-07-06T22:49:00Z,2026-07-06T23:33:00Z,2026-07-06T22:46:00Z,2026-07-06T23:33:00Z,2026-07-06T23:21:23Z,61.8
amtrak,NER,173,2026-07-06,WAS,Washington Union Station,2026-07-06T23:38:00Z,2026-07-07T00:13:00Z,2026-07-06T23:38:00Z,2026-07-07T00:13:00Z,2026-07-06T23:21:23Z,61.8
amtrak,NER,174,2026-07-06,BAL,Baltimore Penn Station,2026-07-06T15:18:00Z,2026-07-06T15:19:00Z,2026-07-06T15:16:00Z,2026-07-06T15:17:00Z,2026-07-06T23:21:23Z,61.8
amtrak,NER,174,2026-07-06,WAS,Washington Union Station,2026-07-06T14:35:00Z,2026-07-06T14:35:00Z,2026-07-06T14:35:00Z,2026-07-06T14:35:00Z,2026-07-06T23:21:23Z,61.8
amtrak,NER,175,2026-07-06,BAL,Baltimore Penn Station,2026-07-07T02:38:00Z,2026-07-07T02:37:00Z,2026-07-07T02:35:00Z,2026-07-07T02:37:00Z,2026-07-06T23:21:23Z,61.8
amtrak,NER,175,2026-07-06,WAS,Washington Union Station,2026-07-07T03:19:00Z,2026-07-07T03:15:00Z,2026-07-07T03:19:00Z,2026-07-07T03:15:00Z,2026-07-06T23:21:23Z,61.8
amtrak,NER,176,2026-07-06,BAL,Baltimore Penn Station,2026-07-06T20:08:00Z,2026-07-06T20:48:00Z,2026-07-06T20:06:00Z,2026-07-06T20:42:00Z,2026-07-06T23:21:23Z,61.8
amtrak,NER,176,2026-07-06,WAS,Washington Union Station,2026-07-06T19:30:00Z,2026-07-06T19:51:00Z,2026-07-06T19:30:00Z,2026-07-06T19:51:00Z,2026-07-06T23:21:23Z,61.8
amtrak,NER,178,2026-07-06,BAL,Baltimore Penn Station,2026-07-06T20:39:00Z,2026-07-06T21:16:00Z,2026-07-06T20:37:00Z,2026-07-06T21:13:00Z,2026-07-06T23:21:23Z,61.8
amtrak,NER,178,2026-07-06,WAS,Washington Union Station,2026-07-06T19:56:00Z,2026-07-06T20:21:00Z,2026-07-06T18:55:00Z,2026-07-06T20:00:00Z,2026-07-06T23:21:23Z,61.8
amtrak,NER,184,2026-07-06,BAL,Baltimore Penn Station,2026-07-06T17:54:00Z,2026-07-06T18:05:00Z,2026-07-06T17:52:00Z,2026-07-06T17:57:00Z,2026-07-06T23:21:23Z,61.8
amtrak,NER,184,2026-07-06,WAS,Washington Union Station,2026-07-06T17:20:00Z,2026-07-06T17:20:00Z,2026-07-06T17:20:00Z,2026-07-06T17:20:00Z,2026-07-06T23:21:23Z,61.8
amtrak,NER,186,2026-07-06,BAL,Baltimore Penn Station,2026-07-07T01:14:00Z,2026-07-07T02:24:00Z,2026-07-07T01:12:00Z,2026-07-07T02:24:00Z,2026-07-06T23:21:23Z,61.8
amtrak,NER,186,2026-07-06,WAS,Washington Union Station,2026-07-07T00:30:00Z,2026-07-07T01:01:00Z,2026-07-06T23:55:00Z,2026-07-07T01:01:00Z,2026-07-06T23:21:23Z,61.8
amtrak,NER,192,2026-07-06,BAL,Baltimore Penn Station,2026-07-06T23:54:00Z,2026-07-06T23:52:00Z,2026-07-06T23:52:00Z,2026-07-06T23:52:00Z,2026-07-06T23:21:23Z,61.8
amtrak,NER,192,2026-07-06,WAS,Washington Union Station,2026-07-06T23:12:00Z,NA,2026-07-06T23:12:00Z,NA,2026-07-06T23:21:23Z,61.8
amtrak,NER,196,2026-07-06,BAL,Baltimore Penn Station,2026-07-06T22:49:00Z,2026-07-06T23:01:00Z,2026-07-06T22:46:00Z,2026-07-06T23:00:00Z,2026-07-06T23:21:23Z,61.8
amtrak,NER,196,2026-07-06,WAS,Washington Union Station,2026-07-06T22:08:00Z,2026-07-06T22:09:00Z,2026-07-06T22:08:00Z,2026-07-06T22:09:00Z,2026-07-06T23:21:23Z,61.8
amtrak,NER,197,2026-07-06,BAL,Baltimore Penn Station,2026-07-07T00:43:00Z,2026-07-07T00:47:00Z,2026-07-07T00:41:00Z,2026-07-07T00:47:00Z,2026-07-06T23:21:23Z,61.8
amtrak,NER,197,2026-07-06,WAS,Washington Union Station,2026-07-07T01:27:00Z,2026-07-07T01:22:00Z,2026-07-07T01:27:00Z,2026-07-07T01:22:00Z,2026-07-06T23:21:23Z,61.8
marc,11705,Train446,2026-07-06,11958,UNION STATION MARC Washington,2026-07-06T23:15:00Z,2026-07-06T23:16:26Z,NA,NA,2026-07-06T23:24:25Z,61.8
marc,11705,Train446,2026-07-06,12002,PENN STATION MARC nb,NA,NA,2026-07-07T00:21:00Z,2026-07-07T00:22:14Z,2026-07-06T23:24:25Z,61.8
marc,11705,Train449,2026-07-06,11980,PENN STATION MARC sb,2026-07-06T22:40:00Z,2026-07-06T22:41:14Z,NA,NA,2026-07-06T23:24:25Z,61.8
marc,11705,Train449,2026-07-06,11958,UNION STATION MARC Washington,NA,NA,2026-07-06T23:33:00Z,2026-07-06T23:52:20Z,2026-07-06T23:24:25Z,61.8
marc,11705,Train544,2026-07-06,11958,UNION STATION MARC Washington,2026-07-06T22:27:00Z,2026-07-06T22:33:15Z,NA,NA,2026-07-06T23:24:25Z,61.8
marc,11705,Train544,2026-07-06,12002,PENN STATION MARC nb,2026-07-06T23:31:00Z,2026-07-06T23:39:56Z,2026-07-06T23:29:30Z,2026-07-06T23:38:26Z,2026-07-06T23:24:25Z,61.8
marc,11705,Train642,2026-07-06,11958,UNION STATION MARC Washington,2026-07-06T22:00:00Z,2026-07-06T22:14:58Z,NA,NA,2026-07-06T23:24:25Z,61.8
marc,11705,Train642,2026-07-06,12002,PENN STATION MARC nb,2026-07-06T23:09:00Z,2026-07-06T23:25:38Z,2026-07-06T23:04:00Z,2026-07-06T23:21:23Z,2026-07-06T23:24:25Z,61.8
amtrak,NER,66,2026-07-06,BAL,Baltimore Penn Station,2026-07-07T02:51:00Z,NA,2026-07-07T02:49:00Z,NA,2026-07-06T23:24:25Z,61.8
amtrak,NER,66,2026-07-06,WAS,Washington Union Station,2026-07-07T02:00:00Z,NA,2026-07-07T01:28:00Z,NA,2026-07-06T23:24:25Z,61.8
amtrak,NER,67,2026-07-06,BAL,Baltimore Penn Station,2026-07-07T10:04:00Z,2026-07-07T10:02:00Z,2026-07-07T10:02:00Z,2026-07-07T10:02:00Z,2026-07-06T23:24:25Z,61.8
amtrak,NER,67,2026-07-06,WAS,Washington Union Station,2026-07-07T11:20:00Z,2026-07-07T10:54:00Z,2026-07-07T10:54:00Z,2026-07-07T10:54:00Z,2026-07-06T23:24:25Z,61.8
amtrak,NER,93,2026-07-06,BAL,Baltimore Penn Station,2026-07-06T20:39:00Z,2026-07-06T21:17:00Z,2026-07-06T20:37:00Z,2026-07-06T21:15:00Z,2026-07-06T23:24:25Z,61.8
amtrak,NER,93,2026-07-06,WAS,Washington Union Station,2026-07-06T22:05:00Z,2026-07-06T22:56:00Z,2026-07-06T21:25:00Z,2026-07-06T22:24:00Z,2026-07-06T23:24:25Z,61.8
amtrak,NER,94,2026-07-06,BAL,Baltimore Penn Station,2026-07-06T18:43:00Z,2026-07-06T18:50:00Z,2026-07-06T18:41:00Z,2026-07-06T18:47:00Z,2026-07-06T23:24:25Z,61.8
amtrak,NER,94,2026-07-06,WAS,Washington Union Station,2026-07-06T18:00:00Z,2026-07-06T18:02:00Z,2026-07-06T17:23:00Z,2026-07-06T17:39:00Z,2026-07-06T23:24:25Z,61.8
amtrak,NER,95,2026-07-06,BAL,Baltimore Penn Station,2026-07-06T17:23:00Z,2026-07-06T19:20:00Z,2026-07-06T17:14:00Z,2026-07-06T19:14:00Z,2026-07-06T23:24:25Z,61.8
amtrak,NER,95,2026-07-06,WAS,Washington Union Station,2026-07-06T18:35:00Z,2026-07-06T20:43:00Z,2026-07-06T18:05:00Z,2026-07-06T20:09:00Z,2026-07-06T23:24:25Z,61.8
amtrak,NER,125,2026-07-06,BAL,Baltimore Penn Station,2026-07-06T18:28:00Z,2026-07-06T18:54:00Z,2026-07-06T18:25:00Z,2026-07-06T18:49:00Z,2026-07-06T23:24:25Z,61.8
amtrak,NER,125,2026-07-06,WAS,Washington Union Station,2026-07-06T19:50:00Z,2026-07-06T19:59:00Z,2026-07-06T19:11:00Z,2026-07-06T19:32:00Z,2026-07-06T23:24:25Z,61.8
amtrak,NER,129,2026-07-06,BAL,Baltimore Penn Station,2026-07-06T23:18:00Z,2026-07-06T23:23:00Z,2026-07-06T23:12:00Z,2026-07-06T23:17:00Z,2026-07-06T23:24:25Z,61.8
amtrak,NER,129,2026-07-06,WAS,Washington Union Station,2026-07-07T00:01:00Z,2026-07-07T00:01:00Z,2026-07-07T00:01:00Z,2026-07-07T00:01:00Z,2026-07-06T23:24:25Z,61.8
amtrak,NER,136,2026-07-06,BAL,Baltimore Penn Station,2026-07-06T21:43:00Z,2026-07-06T21:59:00Z,2026-07-06T21:41:00Z,2026-07-06T21:57:00Z,2026-07-06T23:24:25Z,61.8
amtrak,NER,136,2026-07-06,WAS,Washington Union Station,2026-07-06T21:00:00Z,2026-07-06T21:13:00Z,2026-07-06T21:00:00Z,2026-07-06T21:13:00Z,2026-07-06T23:24:25Z,61.8
amtrak,NER,137,2026-07-06,BAL,Baltimore Penn Station,2026-07-07T01:02:00Z,2026-07-07T01:00:00Z,2026-07-07T01:00:00Z,2026-07-07T01:00:00Z,2026-07-06T23:24:25Z,61.8
amtrak,NER,137,2026-07-06,WAS,Washington Union Station,2026-07-07T01:53:00Z,2026-07-07T01:39:00Z,2026-07-07T01:53:00Z,2026-07-07T01:39:00Z,2026-07-06T23:24:25Z,61.8
amtrak,NER,138,2026-07-06,BAL,Baltimore Penn Station,2026-07-06T23:18:00Z,2026-07-06T23:58:00Z,2026-07-06T23:16:00Z,2026-07-06T23:58:00Z,2026-07-06T23:24:25Z,61.8
amtrak,NER,138,2026-07-06,WAS,Washington Union Station,2026-07-06T22:35:00Z,2026-07-06T23:20:00Z,2026-07-06T21:42:00Z,2026-07-06T22:59:00Z,2026-07-06T23:24:25Z,61.8
amtrak,NER,148,2026-07-06,BAL,Baltimore Penn Station,2026-07-06T19:38:00Z,2026-07-06T19:41:00Z,2026-07-06T19:36:00Z,2026-07-06T19:38:00Z,2026-07-06T23:24:25Z,61.8
amtrak,NER,148,2026-07-06,WAS,Washington Union Station,2026-07-06T18:55:00Z,2026-07-06T18:55:00Z,2026-07-06T18:55:00Z,2026-07-06T18:55:00Z,2026-07-06T23:24:25Z,61.8
amtrak,NER,171,2026-07-06,BAL,Baltimore Penn Station,2026-07-06T19:33:00Z,2026-07-06T21:03:00Z,2026-07-06T19:30:00Z,2026-07-06T20:59:00Z,2026-07-06T23:24:25Z,61.8
amtrak,NER,171,2026-07-06,WAS,Washington Union Station,2026-07-06T21:00:00Z,2026-07-06T22:46:00Z,2026-07-06T20:25:00Z,2026-07-06T21:42:00Z,2026-07-06T23:24:25Z,61.8
amtrak,NER,173,2026-07-06,BAL,Baltimore Penn Station,2026-07-06T22:49:00Z,2026-07-06T23:33:00Z,2026-07-06T22:46:00Z,2026-07-06T23:33:00Z,2026-07-06T23:24:25Z,61.8
amtrak,NER,173,2026-07-06,WAS,Washington Union Station,2026-07-06T23:38:00Z,2026-07-07T00:13:00Z,2026-07-06T23:38:00Z,2026-07-07T00:13:00Z,2026-07-06T23:24:25Z,61.8
amtrak,NER,174,2026-07-06,BAL,Baltimore Penn Station,2026-07-06T15:18:00Z,2026-07-06T15:19:00Z,2026-07-06T15:16:00Z,2026-07-06T15:17:00Z,2026-07-06T23:24:25Z,61.8
amtrak,NER,174,2026-07-06,WAS,Washington Union Station,2026-07-06T14:35:00Z,2026-07-06T14:35:00Z,2026-07-06T14:35:00Z,2026-07-06T14:35:00Z,2026-07-06T23:24:25Z,61.8
amtrak,NER,175,2026-07-06,BAL,Baltimore Penn Station,2026-07-07T02:38:00Z,2026-07-07T02:42:00Z,2026-07-07T02:35:00Z,2026-07-07T02:42:00Z,2026-07-06T23:24:25Z,61.8
amtrak,NER,175,2026-07-06,WAS,Washington Union Station,2026-07-07T03:19:00Z,2026-07-07T03:18:00Z,2026-07-07T03:19:00Z,2026-07-07T03:18:00Z,2026-07-06T23:24:25Z,61.8
amtrak,NER,176,2026-07-06,BAL,Baltimore Penn Station,2026-07-06T20:08:00Z,2026-07-06T20:48:00Z,2026-07-06T20:06:00Z,2026-07-06T20:42:00Z,2026-07-06T23:24:25Z,61.8
amtrak,NER,176,2026-07-06,WAS,Washington Union Station,2026-07-06T19:30:00Z,2026-07-06T19:51:00Z,2026-07-06T19:30:00Z,2026-07-06T19:51:00Z,2026-07-06T23:24:25Z,61.8
amtrak,NER,178,2026-07-06,BAL,Baltimore Penn Station,2026-07-06T20:39:00Z,2026-07-06T21:16:00Z,2026-07-06T20:37:00Z,2026-07-06T21:13:00Z,2026-07-06T23:24:25Z,61.8
amtrak,NER,178,2026-07-06,WAS,Washington Union Station,2026-07-06T19:56:00Z,2026-07-06T20:21:00Z,2026-07-06T18:55:00Z,2026-07-06T20:00:00Z,2026-07-06T23:24:25Z,61.8
amtrak,NER,184,2026-07-06,BAL,Baltimore Penn Station,2026-07-06T17:54:00Z,2026-07-06T18:05:00Z,2026-07-06T17:52:00Z,2026-07-06T17:57:00Z,2026-07-06T23:24:25Z,61.8
amtrak,NER,184,2026-07-06,WAS,Washington Union Station,2026-07-06T17:20:00Z,2026-07-06T17:20:00Z,2026-07-06T17:20:00Z,2026-07-06T17:20:00Z,2026-07-06T23:24:25Z,61.8
amtrak,NER,186,2026-07-06,BAL,Baltimore Penn Station,2026-07-07T01:14:00Z,2026-07-07T02:24:00Z,2026-07-07T01:12:00Z,2026-07-07T02:24:00Z,2026-07-06T23:24:25Z,61.8
amtrak,NER,186,2026-07-06,WAS,Washington Union Station,2026-07-07T00:30:00Z,2026-07-07T01:05:00Z,2026-07-06T23:55:00Z,2026-07-07T01:05:00Z,2026-07-06T23:24:25Z,61.8
amtrak,NER,192,2026-07-06,BAL,Baltimore Penn Station,2026-07-06T23:54:00Z,2026-07-06T23:52:00Z,2026-07-06T23:52:00Z,2026-07-06T23:52:00Z,2026-07-06T23:24:25Z,61.8
amtrak,NER,192,2026-07-06,WAS,Washington Union Station,2026-07-06T23:12:00Z,NA,2026-07-06T23:12:00Z,NA,2026-07-06T23:24:25Z,61.8
amtrak,NER,196,2026-07-06,BAL,Baltimore Penn Station,2026-07-06T22:49:00Z,2026-07-06T23:01:00Z,2026-07-06T22:46:00Z,2026-07-06T23:00:00Z,2026-07-06T23:24:25Z,61.8
amtrak,NER,196,2026-07-06,WAS,Washington Union Station,2026-07-06T22:08:00Z,2026-07-06T22:09:00Z,2026-07-06T22:08:00Z,2026-07-06T22:09:00Z,2026-07-06T23:24:25Z,61.8
amtrak,NER,197,2026-07-06,BAL,Baltimore Penn Station,2026-07-07T00:43:00Z,2026-07-07T00:50:00Z,2026-07-07T00:41:00Z,2026-07-07T00:50:00Z,2026-07-06T23:24:25Z,61.8
amtrak,NER,197,2026-07-06,WAS,Washington Union Station,2026-07-07T01:27:00Z,2026-07-07T01:25:00Z,2026-07-07T01:27:00Z,2026-07-07T01:25:00Z,2026-07-06T23:24:25Z,61.8
marc,11705,Train446,2026-07-06,11958,UNION STATION MARC Washington,2026-07-06T23:15:00Z,2026-07-06T23:16:26Z,NA,NA,2026-07-06T23:27:26Z,61.4
marc,11705,Train446,2026-07-06,12002,PENN STATION MARC nb,NA,NA,2026-07-07T00:21:00Z,2026-07-07T00:22:45Z,2026-07-06T23:27:26Z,61.4
marc,11705,Train449,2026-07-06,11980,PENN STATION MARC sb,2026-07-06T22:40:00Z,2026-07-06T22:41:14Z,NA,NA,2026-07-06T23:27:26Z,61.4
marc,11705,Train449,2026-07-06,11958,UNION STATION MARC Washington,NA,NA,2026-07-06T23:33:00Z,2026-07-06T23:52:14Z,2026-07-06T23:27:26Z,61.4
marc,11705,Train544,2026-07-06,11958,UNION STATION MARC Washington,2026-07-06T22:27:00Z,2026-07-06T22:33:15Z,NA,NA,2026-07-06T23:27:26Z,61.4
marc,11705,Train544,2026-07-06,12002,PENN STATION MARC nb,2026-07-06T23:31:00Z,2026-07-06T23:39:24Z,2026-07-06T23:29:30Z,2026-07-06T23:37:54Z,2026-07-06T23:27:26Z,61.4
marc,11705,Train642,2026-07-06,11958,UNION STATION MARC Washington,2026-07-06T22:00:00Z,2026-07-06T22:14:58Z,NA,NA,2026-07-06T23:27:26Z,61.4
marc,11705,Train642,2026-07-06,12002,PENN STATION MARC nb,2026-07-06T23:09:00Z,2026-07-06T23:21:44Z,2026-07-06T23:04:00Z,2026-07-06T23:21:23Z,2026-07-06T23:27:26Z,61.4
amtrak,NER,66,2026-07-06,BAL,Baltimore Penn Station,2026-07-07T02:51:00Z,NA,2026-07-07T02:49:00Z,NA,2026-07-06T23:27:26Z,61.4
amtrak,NER,66,2026-07-06,WAS,Washington Union Station,2026-07-07T02:00:00Z,NA,2026-07-07T01:28:00Z,NA,2026-07-06T23:27:26Z,61.4
amtrak,NER,67,2026-07-06,BAL,Baltimore Penn Station,2026-07-07T10:04:00Z,2026-07-07T10:02:00Z,2026-07-07T10:02:00Z,2026-07-07T10:02:00Z,2026-07-06T23:27:26Z,61.4
amtrak,NER,67,2026-07-06,WAS,Washington Union Station,2026-07-07T11:20:00Z,2026-07-07T10:54:00Z,2026-07-07T10:54:00Z,2026-07-07T10:54:00Z,2026-07-06T23:27:26Z,61.4
amtrak,NER,93,2026-07-06,BAL,Baltimore Penn Station,2026-07-06T20:39:00Z,2026-07-06T21:17:00Z,2026-07-06T20:37:00Z,2026-07-06T21:15:00Z,2026-07-06T23:27:26Z,61.4
amtrak,NER,93,2026-07-06,WAS,Washington Union Station,2026-07-06T22:05:00Z,2026-07-06T22:56:00Z,2026-07-06T21:25:00Z,2026-07-06T22:24:00Z,2026-07-06T23:27:26Z,61.4
amtrak,NER,94,2026-07-06,BAL,Baltimore Penn Station,2026-07-06T18:43:00Z,2026-07-06T18:50:00Z,2026-07-06T18:41:00Z,2026-07-06T18:47:00Z,2026-07-06T23:27:26Z,61.4
amtrak,NER,94,2026-07-06,WAS,Washington Union Station,2026-07-06T18:00:00Z,2026-07-06T18:02:00Z,2026-07-06T17:23:00Z,2026-07-06T17:39:00Z,2026-07-06T23:27:26Z,61.4
amtrak,NER,95,2026-07-06,BAL,Baltimore Penn Station,2026-07-06T17:23:00Z,2026-07-06T19:20:00Z,2026-07-06T17:14:00Z,2026-07-06T19:14:00Z,2026-07-06T23:27:26Z,61.4
amtrak,NER,95,2026-07-06,WAS,Washington Union Station,2026-07-06T18:35:00Z,2026-07-06T20:43:00Z,2026-07-06T18:05:00Z,2026-07-06T20:09:00Z,2026-07-06T23:27:26Z,61.4
amtrak,NER,125,2026-07-06,BAL,Baltimore Penn Station,2026-07-06T18:28:00Z,2026-07-06T18:54:00Z,2026-07-06T18:25:00Z,2026-07-06T18:49:00Z,2026-07-06T23:27:26Z,61.4
amtrak,NER,125,2026-07-06,WAS,Washington Union Station,2026-07-06T19:50:00Z,2026-07-06T19:59:00Z,2026-07-06T19:11:00Z,2026-07-06T19:32:00Z,2026-07-06T23:27:26Z,61.4
amtrak,NER,129,2026-07-06,BAL,Baltimore Penn Station,2026-07-06T23:18:00Z,2026-07-06T23:21:00Z,2026-07-06T23:12:00Z,2026-07-06T23:17:00Z,2026-07-06T23:27:26Z,61.4
amtrak,NER,129,2026-07-06,WAS,Washington Union Station,2026-07-07T00:01:00Z,2026-07-07T00:01:00Z,2026-07-07T00:01:00Z,2026-07-07T00:01:00Z,2026-07-06T23:27:26Z,61.4
amtrak,NER,136,2026-07-06,BAL,Baltimore Penn Station,2026-07-06T21:43:00Z,2026-07-06T21:59:00Z,2026-07-06T21:41:00Z,2026-07-06T21:57:00Z,2026-07-06T23:27:26Z,61.4
amtrak,NER,136,2026-07-06,WAS,Washington Union Station,2026-07-06T21:00:00Z,2026-07-06T21:13:00Z,2026-07-06T21:00:00Z,2026-07-06T21:13:00Z,2026-07-06T23:27:26Z,61.4
amtrak,NER,137,2026-07-06,BAL,Baltimore Penn Station,2026-07-07T01:02:00Z,2026-07-07T01:00:00Z,2026-07-07T01:00:00Z,2026-07-07T01:00:00Z,2026-07-06T23:27:26Z,61.4
amtrak,NER,137,2026-07-06,WAS,Washington Union Station,2026-07-07T01:53:00Z,2026-07-07T01:39:00Z,2026-07-07T01:53:00Z,2026-07-07T01:39:00Z,2026-07-06T23:27:26Z,61.4
amtrak,NER,138,2026-07-06,BAL,Baltimore Penn Station,2026-07-06T23:18:00Z,2026-07-06T23:58:00Z,2026-07-06T23:16:00Z,2026-07-06T23:58:00Z,2026-07-06T23:27:26Z,61.4
amtrak,NER,138,2026-07-06,WAS,Washington Union Station,2026-07-06T22:35:00Z,2026-07-06T23:20:00Z,2026-07-06T21:42:00Z,2026-07-06T22:59:00Z,2026-07-06T23:27:26Z,61.4
amtrak,NER,148,2026-07-06,BAL,Baltimore Penn Station,2026-07-06T19:38:00Z,2026-07-06T19:41:00Z,2026-07-06T19:36:00Z,2026-07-06T19:38:00Z,2026-07-06T23:27:26Z,61.4
amtrak,NER,148,2026-07-06,WAS,Washington Union Station,2026-07-06T18:55:00Z,2026-07-06T18:55:00Z,2026-07-06T18:55:00Z,2026-07-06T18:55:00Z,2026-07-06T23:27:26Z,61.4
amtrak,NER,171,2026-07-06,BAL,Baltimore Penn Station,2026-07-06T19:33:00Z,2026-07-06T21:03:00Z,2026-07-06T19:30:00Z,2026-07-06T20:59:00Z,2026-07-06T23:27:26Z,61.4
amtrak,NER,171,2026-07-06,WAS,Washington Union Station,2026-07-06T21:00:00Z,2026-07-06T22:46:00Z,2026-07-06T20:25:00Z,2026-07-06T21:42:00Z,2026-07-06T23:27:26Z,61.4
amtrak,NER,173,2026-07-06,BAL,Baltimore Penn Station,2026-07-06T22:49:00Z,2026-07-06T23:33:00Z,2026-07-06T22:46:00Z,2026-07-06T23:33:00Z,2026-07-06T23:27:26Z,61.4
amtrak,NER,173,2026-07-06,WAS,Washington Union Station,2026-07-06T23:38:00Z,2026-07-07T00:13:00Z,2026-07-06T23:38:00Z,2026-07-07T00:13:00Z,2026-07-06T23:27:26Z,61.4
amtrak,NER,174,2026-07-06,BAL,Baltimore Penn Station,2026-07-06T15:18:00Z,2026-07-06T15:19:00Z,2026-07-06T15:16:00Z,2026-07-06T15:17:00Z,2026-07-06T23:27:26Z,61.4
amtrak,NER,174,2026-07-06,WAS,Washington Union Station,2026-07-06T14:35:00Z,2026-07-06T14:35:00Z,2026-07-06T14:35:00Z,2026-07-06T14:35:00Z,2026-07-06T23:27:26Z,61.4
amtrak,NER,175,2026-07-06,BAL,Baltimore Penn Station,2026-07-07T02:38:00Z,2026-07-07T02:42:00Z,2026-07-07T02:35:00Z,2026-07-07T02:42:00Z,2026-07-06T23:27:26Z,61.4
amtrak,NER,175,2026-07-06,WAS,Washington Union Station,2026-07-07T03:19:00Z,2026-07-07T03:18:00Z,2026-07-07T03:19:00Z,2026-07-07T03:18:00Z,2026-07-06T23:27:26Z,61.4
amtrak,NER,176,2026-07-06,BAL,Baltimore Penn Station,2026-07-06T20:08:00Z,2026-07-06T20:48:00Z,2026-07-06T20:06:00Z,2026-07-06T20:42:00Z,2026-07-06T23:27:26Z,61.4
amtrak,NER,176,2026-07-06,WAS,Washington Union Station,2026-07-06T19:30:00Z,2026-07-06T19:51:00Z,2026-07-06T19:30:00Z,2026-07-06T19:51:00Z,2026-07-06T23:27:26Z,61.4
amtrak,NER,178,2026-07-06,BAL,Baltimore Penn Station,2026-07-06T20:39:00Z,2026-07-06T21:16:00Z,2026-07-06T20:37:00Z,2026-07-06T21:13:00Z,2026-07-06T23:27:26Z,61.4
amtrak,NER,178,2026-07-06,WAS,Washington Union Station,2026-07-06T19:56:00Z,2026-07-06T20:21:00Z,2026-07-06T18:55:00Z,2026-07-06T20:00:00Z,2026-07-06T23:27:26Z,61.4
amtrak,NER,184,2026-07-06,BAL,Baltimore Penn Station,2026-07-06T17:54:00Z,2026-07-06T18:05:00Z,2026-07-06T17:52:00Z,2026-07-06T17:57:00Z,2026-07-06T23:27:26Z,61.4
amtrak,NER,184,2026-07-06,WAS,Washington Union Station,2026-07-06T17:20:00Z,2026-07-06T17:20:00Z,2026-07-06T17:20:00Z,2026-07-06T17:20:00Z,2026-07-06T23:27:26Z,61.4
amtrak,NER,186,2026-07-06,BAL,Baltimore Penn Station,2026-07-07T01:14:00Z,2026-07-07T02:24:00Z,2026-07-07T01:12:00Z,2026-07-07T02:24:00Z,2026-07-06T23:27:26Z,61.4
amtrak,NER,186,2026-07-06,WAS,Washington Union Station,2026-07-07T00:30:00Z,2026-07-07T01:05:00Z,2026-07-06T23:55:00Z,2026-07-07T01:05:00Z,2026-07-06T23:27:26Z,61.4
amtrak,NER,192,2026-07-06,BAL,Baltimore Penn Station,2026-07-06T23:54:00Z,2026-07-06T23:52:00Z,2026-07-06T23:52:00Z,2026-07-06T23:52:00Z,2026-07-06T23:27:26Z,61.4
amtrak,NER,192,2026-07-06,WAS,Washington Union Station,2026-07-06T23:12:00Z,NA,2026-07-06T23:12:00Z,NA,2026-07-06T23:27:26Z,61.4
amtrak,NER,196,2026-07-06,BAL,Baltimore Penn Station,2026-07-06T22:49:00Z,2026-07-06T23:01:00Z,2026-07-06T22:46:00Z,2026-07-06T23:00:00Z,2026-07-06T23:27:26Z,61.4
amtrak,NER,196,2026-07-06,WAS,Washington Union Station,2026-07-06T22:08:00Z,2026-07-06T22:09:00Z,2026-07-06T22:08:00Z,2026-07-06T22:09:00Z,2026-07-06T23:27:26Z,61.4
amtrak,NER,197,2026-07-06,BAL,Baltimore Penn Station,2026-07-07T00:43:00Z,2026-07-07T00:50:00Z,2026-07-07T00:41:00Z,2026-07-07T00:50:00Z,2026-07-06T23:27:26Z,61.4
amtrak,NER,197,2026-07-06,WAS,Washington Union Station,2026-07-07T01:27:00Z,2026-07-07T01:28:00Z,2026-07-07T01:27:00Z,2026-07-07T01:28:00Z,2026-07-06T23:27:26Z,61.4
